/* 建立User, Resident, Committee信息 */
INSERT INTO User (account, username, name, sex, age, tel, type, auth_key) VALUES ('133606194112092778', '曹雯泽', '曹雯泽', false, '79', '19195473510', 0, '3WF62p49V1Q4h3N92mn8KR8w0ed3Aq6z');
INSERT INTO Resident (account, building, unit, room) VALUES ('133606194112092778', 58, 4, 304);
INSERT INTO User (account, username, name, sex, age, tel, type, auth_key) VALUES ('111222199002182257', '夏振佳', '夏振佳', false, '30', '13964685401', 0, 'Mc93U0478T1LOsuW2pWl50f2c13mEKx2');
INSERT INTO Resident (account, building, unit, room) VALUES ('111222199002182257', 65, 9, 1902);
INSERT INTO User (account, username, name, sex, age, tel, type, auth_key) VALUES ('540683194603044027', '王杰', '王杰', true, '74', '13193777539', 0, 'tFe42HRsx1X6hA94dm3p08qaE7hdy753');
INSERT INTO Resident (account, building, unit, room) VALUES ('540683194603044027', 6, 6, 1104);
INSERT INTO User (account, username, name, sex, age, tel, type, auth_key) VALUES ('623861198808100482', '邱家', '邱家', false, '32', '18293464136', 0, '7869IlC43W118HWv3ZqbzSpl2iiYv4Q3');
INSERT INTO Resident (account, building, unit, room) VALUES ('623861198808100482', 38, 10, 303);
INSERT INTO User (account, username, name, sex, age, tel, type, auth_key) VALUES ('643147198511188364', '宫飞雅', '宫飞雅', true, '35', '13240981855', 0, 'dFLbY9NiXmzX0E64oJtK66Q3v57dp8Fi');
INSERT INTO Resident (account, building, unit, room) VALUES ('643147198511188364', 16, 10, 705);
INSERT INTO User (account, username, name, sex, age, tel, type, auth_key) VALUES ('814375196811122662', '秦云', '秦云', false, '52', '16607012737', 0, '11NWQql7Yx86OFQ9rF6790TnDbyb9m3x');
INSERT INTO Resident (account, building, unit, room) VALUES ('814375196811122662', 65, 4, 203);
INSERT INTO User (account, username, name, sex, age, tel, type, auth_key) VALUES ('351191199109021597', '康千', '康千', true, '29', '18885626211', 0, '6l5wzw6651Q50jodb6B8HMbvIITOu5v8');
INSERT INTO Resident (account, building, unit, room) VALUES ('351191199109021597', 91, 9, 2202);
INSERT INTO User (account, username, name, sex, age, tel, type, auth_key) VALUES ('812292198202252741', '杨奇子', '杨奇子', false, '38', '14742892348', 0, '5wiTw128d9UIgj4g0oXVBpfOR8KS1X97');
INSERT INTO Resident (account, building, unit, room) VALUES ('812292198202252741', 62, 4, 1706);
INSERT INTO User (account, username, name, sex, age, tel, type, auth_key) VALUES ('152205196510144420', '昌言', '昌言', false, '55', '13609111382', 0, 'dclop2atd8i17WA4LUUPrnG0Jl0Iky00');
INSERT INTO Resident (account, building, unit, room) VALUES ('152205196510144420', 76, 5, 401);
INSERT INTO User (account, username, name, sex, age, tel, type, auth_key) VALUES ('342463194610201057', '季天伟', '季天伟', false, '74', '19362879180', 0, 'AF9d905la0X7IhMCu514vji35k9QO5K4');
INSERT INTO Resident (account, building, unit, room) VALUES ('342463194610201057', 59, 10, 1001);
INSERT INTO User (account, username, name, sex, age, tel, type, auth_key) VALUES ('455045196404306366', '姚萌宇', '姚萌宇', false, '56', '13719735675', 0, '9JW40qi4C3LCspJBswZi2P1OS3CsQ73M');
INSERT INTO Resident (account, building, unit, room) VALUES ('455045196404306366', 66, 5, 1304);
INSERT INTO User (account, username, name, sex, age, tel, type, auth_key) VALUES ('220658196910045886', '沈霄依', '沈霄依', false, '51', '13553103422', 0, '1981yZ6GjdQp608rYLeR14BFcfU6M726');
INSERT INTO Resident (account, building, unit, room) VALUES ('220658196910045886', 5, 2, 2301);
INSERT INTO User (account, username, name, sex, age, tel, type, auth_key) VALUES ('132568199708039272', '秦令萱', '秦令萱', false, '23', '15389290578', 0, 'kg136k9FU7UKjn3OVn4LN8eQ40I1cD2U');
INSERT INTO Resident (account, building, unit, room) VALUES ('132568199708039272', 7, 4, 1201);
INSERT INTO User (account, username, name, sex, age, tel, type, auth_key) VALUES ('513988199807278379', '钟洁依', '钟洁依', true, '22', '13082080361', 0, '4z3NA26bKQTJ8nXE83U8KLA0daS0i27I');
INSERT INTO Resident (account, building, unit, room) VALUES ('513988199807278379', 80, 4, 2304);
INSERT INTO User (account, username, name, sex, age, tel, type, auth_key) VALUES ('713682193101011939', '陆龙炜', '陆龙炜', true, '89', '19841577984', 0, 'upe70Nei68Mh1dGaMsF7Tejzz309tOpr');
INSERT INTO Resident (account, building, unit, room) VALUES ('713682193101011939', 84, 10, 1605);
INSERT INTO User (account, username, name, sex, age, tel, type, auth_key) VALUES ('220159199202178459', '许炎', '许炎', false, '28', '13503669742', 0, '7uxn199VKssiOwq5owMfSmkX61ia9ee4');
INSERT INTO Resident (account, building, unit, room) VALUES ('220159199202178459', 69, 7, 705);
INSERT INTO User (account, username, name, sex, age, tel, type, auth_key) VALUES ('71250920081120025X', '韩兰翔', '韩兰翔', false, '12', '13395390739', 0, '0KR8G91491Wxi5NKg42sD2bdPcQv4s7M');
INSERT INTO Resident (account, building, unit, room) VALUES ('71250920081120025X', 23, 1, 1505);
INSERT INTO User (account, username, name, sex, age, tel, type, auth_key) VALUES ('610751192906192370', '龚力振', '龚力振', false, '91', '14757567411', 0, 'iy6GKHUJF0XV9N8YxOnRbr6D3JMQ9WCy');
INSERT INTO Resident (account, building, unit, room) VALUES ('610751192906192370', 32, 3, 904);
INSERT INTO User (account, username, name, sex, age, tel, type, auth_key) VALUES ('462155199107054399', '岳睿', '岳睿', true, '29', '13860369726', 0, 'A37T10O1l9i0fYpQZq38t7Gu8EaN59La');
INSERT INTO Resident (account, building, unit, room) VALUES ('462155199107054399', 19, 8, 1103);
INSERT INTO User (account, username, name, sex, age, tel, type, auth_key) VALUES ('341330201404169891', '童正腾', '童正腾', true, '6', '13246405915', 0, 'qduI51YHf75caVlBSOJA9b6rW2ReOr66');
INSERT INTO Resident (account, building, unit, room) VALUES ('341330201404169891', 33, 6, 1603);
INSERT INTO User (account, username, name, sex, age, tel, type, auth_key) VALUES ('221861199807265186', '姚昕', '姚昕', true, '22', '15852861732', 0, 'FXUW0V3Q9Z0m0m83b2IQ4vQC5rzJEveP');
INSERT INTO Resident (account, building, unit, room) VALUES ('221861199807265186', 75, 2, 2403);
INSERT INTO User (account, username, name, sex, age, tel, type, auth_key) VALUES ('132662192510315569', '邱炜', '邱炜', true, '95', '18196734135', 0, '8S8Yu2x0cNEphKwelBiic0Rus697jEaV');
INSERT INTO Resident (account, building, unit, room) VALUES ('132662192510315569', 28, 1, 204);
INSERT INTO User (account, username, name, sex, age, tel, type, auth_key) VALUES ('231096197709180382', '高一瀚', '高一瀚', true, '43', '19282558133', 0, 'O5T9Yzp0sGwdi3i37872sHyIT60F4ag5');
INSERT INTO Resident (account, building, unit, room) VALUES ('231096197709180382', 37, 3, 1003);
INSERT INTO User (account, username, name, sex, age, tel, type, auth_key) VALUES ('360747197910146713', '周硕牧', '周硕牧', true, '41', '13788925930', 0, 'fjxdQvS39UCbJE97HaX856S8o6IC62GO');
INSERT INTO Resident (account, building, unit, room) VALUES ('360747197910146713', 82, 10, 402);
INSERT INTO User (account, username, name, sex, age, tel, type, auth_key) VALUES ('412179199212289227', '邱义一', '邱义一', true, '28', '18115602322', 0, '3UdoM8Pc0gpfx43F7A2tnAcqk9eJhtEg');
INSERT INTO Resident (account, building, unit, room) VALUES ('412179199212289227', 41, 4, 1901);
INSERT INTO User (account, username, name, sex, age, tel, type, auth_key) VALUES ('65341819630429154X', '柳令泽', '柳令泽', false, '57', '16672355675', 0, '4a09w57Xp8Euw1ikHY2Y4j5U6HvYbz5B');
INSERT INTO Resident (account, building, unit, room) VALUES ('65341819630429154X', 41, 6, 2403);
INSERT INTO User (account, username, name, sex, age, tel, type, auth_key) VALUES ('352944200411109417', '陈霄', '陈霄', true, '16', '18456067900', 0, 'iucFILkU9UBit1B1r5b89W278L3rDrIZ');
INSERT INTO Resident (account, building, unit, room) VALUES ('352944200411109417', 88, 2, 2001);
INSERT INTO User (account, username, name, sex, age, tel, type, auth_key) VALUES ('544558200506111811', '裴露', '裴露', true, '15', '18616529370', 0, '0V04cR7n8q4h0MQ6i12793UN63n1z8Ip');
INSERT INTO Resident (account, building, unit, room) VALUES ('544558200506111811', 75, 6, 606);
INSERT INTO User (account, username, name, sex, age, tel, type, auth_key) VALUES ('500939194611275173', '部颖可', '部颖可', true, '74', '15144793836', 0, 'S5Kqxwo2O016l15qRH09H4YG2mkGOLv2');
INSERT INTO Resident (account, building, unit, room) VALUES ('500939194611275173', 90, 7, 2305);
INSERT INTO User (account, username, name, sex, age, tel, type, auth_key) VALUES ('511294196105249844', '武雨润', '武雨润', false, '59', '14516779690', 0, 'jD70APP8VqA76LRLSp4Jm6j4y9Q2yf3J');
INSERT INTO Resident (account, building, unit, room) VALUES ('511294196105249844', 87, 2, 305);
INSERT INTO User (account, username, name, sex, age, tel, type, auth_key) VALUES ('142662200708097880', '巩樱伟', '巩樱伟', false, '13', '18201979148', 0, '0pL6YI9ZJ9FCU61ADDZmC0C2Jf5DNArn');
INSERT INTO Resident (account, building, unit, room) VALUES ('142662200708097880', 44, 5, 404);
INSERT INTO User (account, username, name, sex, age, tel, type, auth_key) VALUES ('151404195702234226', '陆菲冠', '陆菲冠', true, '63', '17298824576', 0, 'm48Auci14mLq08RSdlqne3R9UCcRPp2x');
INSERT INTO Resident (account, building, unit, room) VALUES ('151404195702234226', 72, 4, 1003);
INSERT INTO User (account, username, name, sex, age, tel, type, auth_key) VALUES ('154612197506255284', '耿柳炎帆', '耿柳炎帆', true, '45', '18848110146', 0, '09R7k8kgP729Q4T5s1qLR8Fwfh93wo2t');
INSERT INTO Resident (account, building, unit, room) VALUES ('154612197506255284', 77, 7, 905);
INSERT INTO User (account, username, name, sex, age, tel, type, auth_key) VALUES ('643518198102204655', '陈洁雅', '陈洁雅', true, '39', '18740411992', 0, 'a6rCud8U0aOs487VJ7Ju823Zi47pC274');
INSERT INTO Resident (account, building, unit, room) VALUES ('643518198102204655', 12, 9, 802);
INSERT INTO User (account, username, name, sex, age, tel, type, auth_key) VALUES ('143059198012298977', '冯帆颖', '冯帆颖', true, '40', '13577434058', 0, '4UQFOE7Y1Q89g22IYG01b0tlxnVB40L9');
INSERT INTO Resident (account, building, unit, room) VALUES ('143059198012298977', 97, 10, 1604);
INSERT INTO User (account, username, name, sex, age, tel, type, auth_key) VALUES ('413271196906197553', '边民敏', '边民敏', true, '51', '18489392648', 0, '5g9Zah9L0WRJx8tw410x48C27F4106hV');
INSERT INTO Resident (account, building, unit, room) VALUES ('413271196906197553', 65, 3, 1401);
INSERT INTO User (account, username, name, sex, age, tel, type, auth_key) VALUES ('371559197910024893', '麦英', '麦英', true, '41', '18661671745', 0, '3n449Gyd5MB2Xp3ljgh0aJ1WUc72oqBn');
INSERT INTO Resident (account, building, unit, room) VALUES ('371559197910024893', 51, 2, 2104);
INSERT INTO User (account, username, name, sex, age, tel, type, auth_key) VALUES ('501106195310153395', '商豪力', '商豪力', false, '67', '18984314705', 0, 'Tygk1leZim5AcZIN0y79Mnf7SOUV9ndt');
INSERT INTO Resident (account, building, unit, room) VALUES ('501106195310153395', 93, 5, 2602);
INSERT INTO User (account, username, name, sex, age, tel, type, auth_key) VALUES ('364948199406185723', '文淘舒', '文淘舒', false, '26', '14759652137', 0, 'h8zn28LIYAAFz9E4Df0Rx4GlU4qU365m');
INSERT INTO Resident (account, building, unit, room) VALUES ('364948199406185723', 10, 7, 2701);
INSERT INTO User (account, username, name, sex, age, tel, type, auth_key) VALUES ('361526199702148678', '孙亚振', '孙亚振', true, '23', '19384885776', 0, 'm2KAYHC69AY0jhheTiXiBX3q544Z1g8w');
INSERT INTO Resident (account, building, unit, room) VALUES ('361526199702148678', 20, 7, 1803);
INSERT INTO User (account, username, name, sex, age, tel, type, auth_key) VALUES ('232789195201059546', '许义哲', '许义哲', true, '68', '13913039688', 0, 'Ia8wGBve58Te33rD0V86jI1WRrnF1Nh0');
INSERT INTO Resident (account, building, unit, room) VALUES ('232789195201059546', 21, 1, 302);
INSERT INTO User (account, username, name, sex, age, tel, type, auth_key) VALUES ('332071192809063758', '文飞', '文飞', false, '92', '15627424024', 0, 'y035R7ST4IxQ73H08CZAuHEH6F0xpnYX');
INSERT INTO Resident (account, building, unit, room) VALUES ('332071192809063758', 21, 2, 806);
INSERT INTO User (account, username, name, sex, age, tel, type, auth_key) VALUES ('213503192508156462', '隽萱雯', '隽萱雯', true, '95', '15792509051', 0, '413jT3U600OU6MNP5kWO55zk2G0YqFZ3');
INSERT INTO Resident (account, building, unit, room) VALUES ('213503192508156462', 56, 2, 2806);
INSERT INTO User (account, username, name, sex, age, tel, type, auth_key) VALUES ('46327520030425861X', '常菲煜', '常菲煜', false, '17', '19230309184', 0, 'pg7q36VR4CMpezJ1nLIy1bI9A07it1qE');
INSERT INTO Resident (account, building, unit, room) VALUES ('46327520030425861X', 56, 3, 1701);
INSERT INTO User (account, username, name, sex, age, tel, type, auth_key) VALUES ('453636196908114629', '孙翔赛', '孙翔赛', true, '51', '15143540177', 0, '5E1L0Wu0trMm1Rf9V22aIK0E6B584XH4');
INSERT INTO Resident (account, building, unit, room) VALUES ('453636196908114629', 44, 3, 1803);
INSERT INTO User (account, username, name, sex, age, tel, type, auth_key) VALUES ('711961194801203947', '颜霄露', '颜霄露', false, '72', '13427934822', 0, 'mPwqpPGccbA5x9ujnX44Skv9j93xUkSU');
INSERT INTO Resident (account, building, unit, room) VALUES ('711961194801203947', 12, 6, 2002);
INSERT INTO User (account, username, name, sex, age, tel, type, auth_key) VALUES ('524086193809218815', '尚圣', '尚圣', true, '82', '17572688659', 0, 'Omgy8BKgP7a093jA6J31k6zc5natWcq9');
INSERT INTO Resident (account, building, unit, room) VALUES ('524086193809218815', 14, 1, 2602);
INSERT INTO User (account, username, name, sex, age, tel, type, auth_key) VALUES ('412166198901246946', '黄英旭', '黄英旭', true, '31', '19157952068', 0, 'ByMq3FjxXXY84weg85fWe5w1u5782SAJ');
INSERT INTO Resident (account, building, unit, room) VALUES ('412166198901246946', 31, 5, 1502);
INSERT INTO User (account, username, name, sex, age, tel, type, auth_key) VALUES ('37240219700513411X', '盛雅', '盛雅', false, '50', '13844520755', 0, '65A3PPpW04QshSoqXFZbVZjB5R87Q0YH');
INSERT INTO Resident (account, building, unit, room) VALUES ('37240219700513411X', 49, 7, 306);
INSERT INTO User (account, username, name, sex, age, tel, type, auth_key) VALUES ('124290197901067332', '姚千', '姚千', true, '41', '19754713157', 0, '4Rh5t23p1b84mkkbHLUPn15DvJm4wFbc');
INSERT INTO Resident (account, building, unit, room) VALUES ('124290197901067332', 64, 3, 2405);
INSERT INTO User (account, username, name, sex, age, tel, type, auth_key) VALUES ('371166200108033511', '管樱柏', '管樱柏', true, '19', '19594971035', 0, '22PoqedAYbYL53mwFyC93Zg8ej0ndPja');
INSERT INTO Resident (account, building, unit, room) VALUES ('371166200108033511', 75, 8, 806);
INSERT INTO User (account, username, name, sex, age, tel, type, auth_key) VALUES ('432267199609173064', '胡圆云', '胡圆云', false, '24', '13135898634', 0, 'jiu4Rfs0WCFiKT840BL2u1yr64LuVGZ1');
INSERT INTO Resident (account, building, unit, room) VALUES ('432267199609173064', 70, 6, 2702);
INSERT INTO User (account, username, name, sex, age, tel, type, auth_key) VALUES ('625022195305116179', '周翔雅', '周翔雅', true, '67', '19728598134', 0, 'tDFD44S6w4Op4Q65or6Z2l2An0a3mJK2');
INSERT INTO Resident (account, building, unit, room) VALUES ('625022195305116179', 69, 6, 1304);
INSERT INTO User (account, username, name, sex, age, tel, type, auth_key) VALUES ('414243196105112510', '赵静良', '赵静良', false, '59', '14562172064', 0, '4VzNBMV52W9np8JD01z5wX61tY5eZilL');
INSERT INTO Resident (account, building, unit, room) VALUES ('414243196105112510', 67, 6, 2606);
INSERT INTO User (account, username, name, sex, age, tel, type, auth_key) VALUES ('820615193111132551', '曲桐子', '曲桐子', false, '89', '15279056271', 0, 'ngxTRfmDGL9l6lYnu3l9v1O86H81abom');
INSERT INTO Resident (account, building, unit, room) VALUES ('820615193111132551', 7, 1, 2601);
INSERT INTO User (account, username, name, sex, age, tel, type, auth_key) VALUES ('624368199211165432', '季英有', '季英有', true, '28', '19952518601', 0, '83GOKovOYJgNiz79EcAD5YhfT1aBTgSW');
INSERT INTO Resident (account, building, unit, room) VALUES ('624368199211165432', 10, 8, 804);
INSERT INTO User (account, username, name, sex, age, tel, type, auth_key) VALUES ('110827192605274450', '韩言露', '韩言露', false, '94', '13384520450', 0, 'V88HdE60qw9ytXG581k7m743aFWadeJo');
INSERT INTO Resident (account, building, unit, room) VALUES ('110827192605274450', 25, 2, 2803);
INSERT INTO User (account, username, name, sex, age, tel, type, auth_key) VALUES ('121126199707088020', '巩琦', '巩琦', true, '23', '13916999996', 0, '5cA74qV10iv88zkyrK62Er15Z7Cllri1');
INSERT INTO Resident (account, building, unit, room) VALUES ('121126199707088020', 92, 1, 2301);
INSERT INTO User (account, username, name, sex, age, tel, type, auth_key) VALUES ('814793197111252896', '宋源诺', '宋源诺', true, '49', '16674537174', 0, 'ER7BfAc5hj79K32q0J94I85Kdsxf4j33');
INSERT INTO Resident (account, building, unit, room) VALUES ('814793197111252896', 99, 2, 1103);
INSERT INTO User (account, username, name, sex, age, tel, type, auth_key) VALUES ('130942194512034931', '臧迅辰', '臧迅辰', true, '75', '13571432854', 0, 'lY4Fx6vKOfeR6AW4E8hQf18lfU0W8f16');
INSERT INTO Resident (account, building, unit, room) VALUES ('130942194512034931', 51, 2, 2502);
INSERT INTO User (account, username, name, sex, age, tel, type, auth_key) VALUES ('613336194412125075', '任振桐', '任振桐', false, '76', '13297473790', 0, 'Gw8NgMBAmySoI679rJ1Bjm359VeoIQL7');
INSERT INTO Resident (account, building, unit, room) VALUES ('613336194412125075', 90, 10, 1004);
INSERT INTO User (account, username, name, sex, age, tel, type, auth_key) VALUES ('624471196205045875', '宋灯', '宋灯', true, '58', '19131156141', 0, '09aTjo2bm6T7DaA7Ux49N21Zvj2p6E6r');
INSERT INTO Resident (account, building, unit, room) VALUES ('624471196205045875', 70, 4, 2406);
INSERT INTO User (account, username, name, sex, age, tel, type, auth_key) VALUES ('313872198205029655', '韩凌', '韩凌', false, '38', '18627416494', 0, '1k2y49KZ23kxeoMcNE7CnJmqq6M5fFTv');
INSERT INTO Resident (account, building, unit, room) VALUES ('313872198205029655', 34, 5, 1006);
INSERT INTO User (account, username, name, sex, age, tel, type, auth_key) VALUES ('414878200310304397', '冯中柏', '冯中柏', true, '17', '17829984112', 0, 'Z1O2GEeYowNFnQTHq3O970euYwge9H95');
INSERT INTO Resident (account, building, unit, room) VALUES ('414878200310304397', 61, 7, 2606);
INSERT INTO User (account, username, name, sex, age, tel, type, auth_key) VALUES ('31402719481226617X', '毛锐', '毛锐', false, '72', '19069570050', 0, 'PMF61I906byefMqXozdPWlXk4haw6ZA8');
INSERT INTO Resident (account, building, unit, room) VALUES ('31402719481226617X', 32, 9, 1706);
INSERT INTO User (account, username, name, sex, age, tel, type, auth_key) VALUES ('324963198107314403', '安晓', '安晓', false, '39', '18673521014', 0, '029gg90E75t9453KFw68a058a45zZ7A8');
INSERT INTO Resident (account, building, unit, room) VALUES ('324963198107314403', 36, 9, 305);
INSERT INTO User (account, username, name, sex, age, tel, type, auth_key) VALUES ('712820196806233935', '文哲杰', '文哲杰', false, '52', '15327752719', 0, 'L49yO7228rJKm6SwKDyMFH69KHX791sN');
INSERT INTO Resident (account, building, unit, room) VALUES ('712820196806233935', 87, 1, 801);
INSERT INTO User (account, username, name, sex, age, tel, type, auth_key) VALUES ('422777201205104139', '山凡民', '山凡民', false, '8', '19248449748', 0, 'ts8jJSd4GanOQEmM7WS3Zaqro8lJynWp');
INSERT INTO Resident (account, building, unit, room) VALUES ('422777201205104139', 78, 3, 905);
INSERT INTO User (account, username, name, sex, age, tel, type, auth_key) VALUES ('644549194711068309', '麦杰煜', '麦杰煜', false, '73', '19341518482', 0, 'xAig9ODiaG8JSj8s8ycB3G2d3P45Bf4J');
INSERT INTO Resident (account, building, unit, room) VALUES ('644549194711068309', 29, 6, 2006);
INSERT INTO User (account, username, name, sex, age, tel, type, auth_key) VALUES ('111606197206221287', '盛英晓', '盛英晓', true, '48', '19502547961', 0, 'E5834KsEu37E6auf9bSqI2MKxt6dU3w3');
INSERT INTO Resident (account, building, unit, room) VALUES ('111606197206221287', 76, 6, 2605);
INSERT INTO User (account, username, name, sex, age, tel, type, auth_key) VALUES ('410134196301196364', '柳霖霄', '柳霖霄', true, '57', '18555114336', 0, '61Q6NGgZh2s93m45W2u51x744GJHY1cq');
INSERT INTO Resident (account, building, unit, room) VALUES ('410134196301196364', 41, 6, 302);
INSERT INTO User (account, username, name, sex, age, tel, type, auth_key) VALUES ('341398192412296955', '田广', '田广', false, '96', '16658277752', 0, 'lke0jdEqfmcNxU54405T4ElGtQlFkblj');
INSERT INTO Resident (account, building, unit, room) VALUES ('341398192412296955', 62, 2, 601);
INSERT INTO User (account, username, name, sex, age, tel, type, auth_key) VALUES ('813031199603059746', '邱琦灯', '邱琦灯', true, '24', '13282840544', 0, '72Dm0h3ZeM9Q4AmDIM1P7Gd6P0koae2A');
INSERT INTO Resident (account, building, unit, room) VALUES ('813031199603059746', 86, 2, 906);
INSERT INTO User (account, username, name, sex, age, tel, type, auth_key) VALUES ('332934196212147756', '武夫旭', '武夫旭', true, '58', '15238221031', 0, 'niNICQBMKLoDDGtL8xIhGrnf8taWPq21');
INSERT INTO Resident (account, building, unit, room) VALUES ('332934196212147756', 60, 2, 1205);
INSERT INTO User (account, username, name, sex, age, tel, type, auth_key) VALUES ('111561194002281197', '邵敏奇', '邵敏奇', true, '80', '18437586845', 0, '5Dze607BsGm820Ioriru4OQ1Q2V2YKuH');
INSERT INTO Resident (account, building, unit, room) VALUES ('111561194002281197', 27, 5, 1202);
INSERT INTO User (account, username, name, sex, age, tel, type, auth_key) VALUES ('210442196403090035', '楚本凡', '楚本凡', true, '56', '19552143372', 0, 'Q4hTw6WdgE8yBpsjh3o4J20RNBqlkZFx');
INSERT INTO Resident (account, building, unit, room) VALUES ('210442196403090035', 1, 2, 302);
INSERT INTO User (account, username, name, sex, age, tel, type, auth_key) VALUES ('714508197005295121', '麦英', '麦英', false, '50', '15258618639', 0, 'l5qTdcuCmCcui4ers2W627g44Qhil73e');
INSERT INTO Resident (account, building, unit, room) VALUES ('714508197005295121', 83, 3, 403);
INSERT INTO User (account, username, name, sex, age, tel, type, auth_key) VALUES ('152303199901071402', '曹铭', '曹铭', false, '21', '17873009906', 0, '3LOjOeGXjRRvn3cf2mv2D7B8hOj4gVM2');
INSERT INTO Resident (account, building, unit, room) VALUES ('152303199901071402', 25, 9, 1406);
INSERT INTO User (account, username, name, sex, age, tel, type, auth_key) VALUES ('352468199802157904', '路言煜', '路言煜', true, '22', '13263872106', 0, '7uFk172y2rr4tX5486Bnsbboe1DPq7c8');
INSERT INTO Resident (account, building, unit, room) VALUES ('352468199802157904', 80, 7, 1703);
INSERT INTO User (account, username, name, sex, age, tel, type, auth_key) VALUES ('372282195210198851', '胡圣广', '胡圣广', false, '68', '19589273098', 0, 'WER096Vt9vSpc2i1Ftk2kA0DZh45cPK8');
INSERT INTO Resident (account, building, unit, room) VALUES ('372282195210198851', 3, 2, 903);
INSERT INTO User (account, username, name, sex, age, tel, type, auth_key) VALUES ('502271193807291514', '邱炎兮', '邱炎兮', true, '82', '18768930192', 0, 'cs6zJWvm3lINQV4ltD9szLu78M2sX2HX');
INSERT INTO Resident (account, building, unit, room) VALUES ('502271193807291514', 43, 8, 2501);
INSERT INTO User (account, username, name, sex, age, tel, type, auth_key) VALUES ('124819198804050831', '陆敏', '陆敏', false, '32', '15002923949', 0, 'Il3zxzf4751wdnGa903C5Md41Z479O61');
INSERT INTO Resident (account, building, unit, room) VALUES ('124819198804050831', 55, 9, 605);
INSERT INTO User (account, username, name, sex, age, tel, type, auth_key) VALUES ('330639193402263593', '巩桐舒', '巩桐舒', true, '86', '13585545525', 0, 'M29ytdGvdVnLh1rVry1Lzn0mQ8oG4s45');
INSERT INTO Resident (account, building, unit, room) VALUES ('330639193402263593', 29, 10, 601);
INSERT INTO User (account, username, name, sex, age, tel, type, auth_key) VALUES ('714641199003278463', '邵飞', '邵飞', true, '30', '18956159014', 0, 'O0z5OApiMVmD0G6DCW6szD00gC745739');
INSERT INTO Resident (account, building, unit, room) VALUES ('714641199003278463', 17, 9, 2902);
INSERT INTO User (account, username, name, sex, age, tel, type, auth_key) VALUES ('640757194506062665', '常家霖', '常家霖', false, '75', '18374488215', 0, 'dN8X5BF0x8J25avr972s61sTnN08cwI8');
INSERT INTO Resident (account, building, unit, room) VALUES ('640757194506062665', 12, 6, 803);
INSERT INTO User (account, username, name, sex, age, tel, type, auth_key) VALUES ('714983197608178961', '龚凡静', '龚凡静', false, '44', '18988075460', 0, '24rwN41KR82J547RE6i1nEuc33vAQ2Q8');
INSERT INTO Resident (account, building, unit, room) VALUES ('714983197608178961', 35, 8, 2103);
INSERT INTO User (account, username, name, sex, age, tel, type, auth_key) VALUES ('12405719830727287X', '裴炎圆', '裴炎圆', true, '37', '18712712897', 1, 'W6dkCt1KlUSp7dNeLgRz0dpNNx1ab0uC');
INSERT INTO Committee (account, in_date, is_admin) VALUES ('12405719830727287X', '20120417', false);
INSERT INTO User (account, username, name, sex, age, tel, type, auth_key) VALUES ('41103019291224064X', '孟萱', '孟萱', false, '91', '19536024638', 0, 'U3hos304P1VZzPM5a15Pc55d7aY7M3ue');
INSERT INTO Resident (account, building, unit, room) VALUES ('41103019291224064X', 58, 4, 702);
INSERT INTO User (account, username, name, sex, age, tel, type, auth_key) VALUES ('71188619470115128X', '童龙', '童龙', false, '73', '18049106003', 0, '5AHbYqbF7t1O3Yt4mAd53Dw6ScdHt9Y4');
INSERT INTO Resident (account, building, unit, room) VALUES ('71188619470115128X', 5, 4, 503);
INSERT INTO User (account, username, name, sex, age, tel, type, auth_key) VALUES ('344192195202070032', '宫帆静', '宫帆静', true, '68', '13258751446', 0, '7sVSfPsboJk5MbMdne583vJMVp54fRyj');
INSERT INTO Resident (account, building, unit, room) VALUES ('344192195202070032', 36, 7, 2803);
INSERT INTO User (account, username, name, sex, age, tel, type, auth_key) VALUES ('421124194310244331', '曲家', '曲家', false, '77', '19155302574', 0, '02W03PYdkoHa3ag2lsl668kwOP4jWrSH');
INSERT INTO Resident (account, building, unit, room) VALUES ('421124194310244331', 94, 1, 205);
INSERT INTO User (account, username, name, sex, age, tel, type, auth_key) VALUES ('371689193203314666', '黄圆', '黄圆', true, '88', '15502347189', 0, 'gbcmV80yPp3jNFU4QO7Xe8mpZU8US3MD');
INSERT INTO Resident (account, building, unit, room) VALUES ('371689193203314666', 12, 7, 1602);
INSERT INTO User (account, username, name, sex, age, tel, type, auth_key) VALUES ('524969199110303422', '牛一润', '牛一润', false, '29', '13526858507', 0, 'qUvY01iYwulwtC8xU6963jQv892c94eG');
INSERT INTO Resident (account, building, unit, room) VALUES ('524969199110303422', 71, 6, 2404);
INSERT INTO User (account, username, name, sex, age, tel, type, auth_key) VALUES ('112365199010141511', '戚宜炎', '戚宜炎', false, '30', '18851737428', 0, '9ojVTQ9ri1t60Y0m3OPy2QJoR0nfIlvj');
INSERT INTO Resident (account, building, unit, room) VALUES ('112365199010141511', 94, 4, 604);
INSERT INTO User (account, username, name, sex, age, tel, type, auth_key) VALUES ('120661196703105189', '龚睿冠', '龚睿冠', false, '53', '17370936670', 0, '8658u7HBd5n1019X1jMUqv8z14KSyXyk');
INSERT INTO Resident (account, building, unit, room) VALUES ('120661196703105189', 100, 6, 704);
INSERT INTO User (account, username, name, sex, age, tel, type, auth_key) VALUES ('644412195611042531', '杨萌柏', '杨萌柏', true, '64', '19584083905', 0, 'DFuPj065D6J8k2VB6l5oZtdPjMe4BTlg');
INSERT INTO Resident (account, building, unit, room) VALUES ('644412195611042531', 51, 4, 2503);
INSERT INTO User (account, username, name, sex, age, tel, type, auth_key) VALUES ('210218201408245566', '殷飞朋', '殷飞朋', false, '6', '18295491424', 0, 'e8Omfpa44n1121D06MrIrK3AXih7cOze');
INSERT INTO Resident (account, building, unit, room) VALUES ('210218201408245566', 36, 1, 1904);
INSERT INTO User (account, username, name, sex, age, tel, type, auth_key) VALUES ('310719199503244088', '黄有亚', '黄有亚', true, '25', '15096874614', 0, 'o168LX0UG5242j6LY5WyOc1ptwlMJz8h');
INSERT INTO Resident (account, building, unit, room) VALUES ('310719199503244088', 99, 6, 805);
INSERT INTO User (account, username, name, sex, age, tel, type, auth_key) VALUES ('541410194709063564', '陆夫', '陆夫', false, '73', '18162268957', 0, 'YSF365i21gO7bou33pL6HIqeRGj8H88C');
INSERT INTO Resident (account, building, unit, room) VALUES ('541410194709063564', 25, 3, 2605);
INSERT INTO User (account, username, name, sex, age, tel, type, auth_key) VALUES ('613305193911123346', '昌炜凡', '昌炜凡', true, '81', '16672341410', 0, 'xZlK1oPlF91IP1dG9TR55ZIDS9C90479');
INSERT INTO Resident (account, building, unit, room) VALUES ('613305193911123346', 43, 6, 705);
INSERT INTO User (account, username, name, sex, age, tel, type, auth_key) VALUES ('622290193611253734', '文煜', '文煜', true, '84', '18729941449', 0, '5R73z4UVt59WlJ1dZnm049NllLzHBZoC');
INSERT INTO Resident (account, building, unit, room) VALUES ('622290193611253734', 70, 5, 205);
INSERT INTO User (account, username, name, sex, age, tel, type, auth_key) VALUES ('372016193711254362', '侯畅', '侯畅', true, '83', '13147267891', 0, 'mxGvYxX2L0rH2xW5zd5hzAYg6VR8s7Su');
INSERT INTO Resident (account, building, unit, room) VALUES ('372016193711254362', 1, 1, 1203);
INSERT INTO User (account, username, name, sex, age, tel, type, auth_key) VALUES ('714024194603284656', '杨锐力', '杨锐力', true, '74', '19712922560', 0, 'GFw8DA146hROFVyu94Z8akiTXIUT4vFL');
INSERT INTO Resident (account, building, unit, room) VALUES ('714024194603284656', 38, 6, 903);
INSERT INTO User (account, username, name, sex, age, tel, type, auth_key) VALUES ('224095200602234671', '夏令正', '夏令正', false, '14', '15688108851', 0, 'C2HNjuO0e964w3NTw36Ru6QU5A40LhOi');
INSERT INTO Resident (account, building, unit, room) VALUES ('224095200602234671', 24, 7, 2902);
INSERT INTO User (account, username, name, sex, age, tel, type, auth_key) VALUES ('652995194006067731', '付腾', '付腾', true, '80', '18278007183', 0, '5vo7ZjEPfSm36FNV06040V0zq94Uo2Hk');
INSERT INTO Resident (account, building, unit, room) VALUES ('652995194006067731', 31, 1, 405);
INSERT INTO User (account, username, name, sex, age, tel, type, auth_key) VALUES ('533403201304086994', '耿正', '耿正', false, '7', '15671310560', 0, 'iUDX9ST5qxeQoW41zsviXBX36x7WBgB1');
INSERT INTO Resident (account, building, unit, room) VALUES ('533403201304086994', 44, 8, 1702);
INSERT INTO User (account, username, name, sex, age, tel, type, auth_key) VALUES ('431379199906011764', '汪嘉建', '汪嘉建', true, '21', '14900868581', 0, '1J0QJ90qsR5OCKv6jnb123DWRQQ285m5');
INSERT INTO Resident (account, building, unit, room) VALUES ('431379199906011764', 80, 2, 305);
INSERT INTO User (account, username, name, sex, age, tel, type, auth_key) VALUES ('522892200009200413', '尹天有', '尹天有', false, '20', '14742828120', 0, '23mS3R2vTq7bwIbO5APmWfGL4pYo3T9a');
INSERT INTO Resident (account, building, unit, room) VALUES ('522892200009200413', 79, 1, 1201);
INSERT INTO User (account, username, name, sex, age, tel, type, auth_key) VALUES ('320520201009286204', '巩有思', '巩有思', false, '10', '14555600403', 0, 'K630W4jYHn2sj8mbC0w42HN5901C81BW');
INSERT INTO Resident (account, building, unit, room) VALUES ('320520201009286204', 47, 7, 1606);
INSERT INTO User (account, username, name, sex, age, tel, type, auth_key) VALUES ('141126195702200789', '巩雨琦', '巩雨琦', false, '63', '15561497006', 0, '6j18a02xBwt6tD87P0RvN627YrXV0p5f');
INSERT INTO Resident (account, building, unit, room) VALUES ('141126195702200789', 56, 1, 1801);
INSERT INTO User (account, username, name, sex, age, tel, type, auth_key) VALUES ('342780196205285253', '鲁昕煜', '鲁昕煜', true, '58', '13981500068', 0, 'e5YaRK2uo291iSXpjs7Rc958wGVXEjud');
INSERT INTO Resident (account, building, unit, room) VALUES ('342780196205285253', 35, 1, 1802);
INSERT INTO User (account, username, name, sex, age, tel, type, auth_key) VALUES ('124291200810270944', '陈瀚建', '陈瀚建', false, '12', '15143037171', 0, 'h22ZDw0S6OG66b7U8i084X0fw1r9C2Ps');
INSERT INTO Resident (account, building, unit, room) VALUES ('124291200810270944', 72, 5, 602);
INSERT INTO User (account, username, name, sex, age, tel, type, auth_key) VALUES ('351432195510064365', '管有飞', '管有飞', false, '65', '19772344706', 0, 'naEzudXiEZx51TfyGu5L40zN02cCJhW5');
INSERT INTO Resident (account, building, unit, room) VALUES ('351432195510064365', 62, 7, 805);
INSERT INTO User (account, username, name, sex, age, tel, type, auth_key) VALUES ('610129194606230384', '牛腾', '牛腾', true, '74', '14731209539', 0, 'Ue1cGdC19PPsEZ3V2mqzl656jU4vz62h');
INSERT INTO Resident (account, building, unit, room) VALUES ('610129194606230384', 73, 4, 2803);
INSERT INTO User (account, username, name, sex, age, tel, type, auth_key) VALUES ('434079201303011585', '王义英', '王义英', false, '7', '15160501187', 0, 'Ps225APl485Kgt5n4yswz3OcDREEvSkx');
INSERT INTO Resident (account, building, unit, room) VALUES ('434079201303011585', 92, 7, 1005);
INSERT INTO User (account, username, name, sex, age, tel, type, auth_key) VALUES ('504259193103100624', '隽煜昕', '隽煜昕', true, '89', '19888555887', 0, 'gd4C1mbU7LAwZeegwtJzPeK3NQh2utmd');
INSERT INTO Resident (account, building, unit, room) VALUES ('504259193103100624', 69, 2, 1101);
INSERT INTO User (account, username, name, sex, age, tel, type, auth_key) VALUES ('14037720061115302X', '殷敏飞', '殷敏飞', false, '14', '18071910201', 0, 'QXqMpK0030zYHCHV8u6mlZ4XDf0EUa92');
INSERT INTO Resident (account, building, unit, room) VALUES ('14037720061115302X', 20, 4, 1605);
INSERT INTO User (account, username, name, sex, age, tel, type, auth_key) VALUES ('503144194403169538', '鲁倨兮', '鲁倨兮', false, '76', '15674467872', 0, '3Qzs8e7GUvNm2I3ijONHP9gTszc2TeGj');
INSERT INTO Resident (account, building, unit, room) VALUES ('503144194403169538', 70, 5, 1704);
INSERT INTO User (account, username, name, sex, age, tel, type, auth_key) VALUES ('122009200209260506', '孙舒', '孙舒', true, '18', '18818081143', 0, 'FMikh0t12p0Mmof2Wt728ey3V3UB71ax');
INSERT INTO Resident (account, building, unit, room) VALUES ('122009200209260506', 95, 8, 1503);
INSERT INTO User (account, username, name, sex, age, tel, type, auth_key) VALUES ('511473197401190651', '部瀚兰', '部瀚兰', true, '46', '17314301583', 0, '30N4J09BZKQSn7zHmh7g1N827laJO3A8');
INSERT INTO Resident (account, building, unit, room) VALUES ('511473197401190651', 12, 2, 603);
INSERT INTO User (account, username, name, sex, age, tel, type, auth_key) VALUES ('463782196212067626', '杨睿广', '杨睿广', false, '58', '18746927536', 0, 'vHXJQWcWaw4rjL98Dfl4v5w10C9Q99L2');
INSERT INTO Resident (account, building, unit, room) VALUES ('463782196212067626', 88, 7, 2203);
INSERT INTO User (account, username, name, sex, age, tel, type, auth_key) VALUES ('363203197404279781', '安宇霄', '安宇霄', true, '46', '15775629066', 0, 'bxa3Bi4v1Jos3pDt3W8mqg10vrktBBPL');
INSERT INTO Resident (account, building, unit, room) VALUES ('363203197404279781', 35, 9, 2305);
INSERT INTO User (account, username, name, sex, age, tel, type, auth_key) VALUES ('822624196109130575', '陈佳轩', '陈佳轩', true, '59', '18111214289', 0, 'QC0fHN8c884VmoI03HyzHLA8GYiWC27i');
INSERT INTO Resident (account, building, unit, room) VALUES ('822624196109130575', 67, 1, 1501);
INSERT INTO User (account, username, name, sex, age, tel, type, auth_key) VALUES ('233383192606255870', '郑伟奕', '郑伟奕', false, '94', '18655279521', 0, 'McJmb1HIbK9xR0X426YHo9cxip85t17o');
INSERT INTO Resident (account, building, unit, room) VALUES ('233383192606255870', 92, 10, 2601);
INSERT INTO User (account, username, name, sex, age, tel, type, auth_key) VALUES ('613720201111053572', '肖雯依', '肖雯依', false, '9', '17840425835', 0, 'tGi3xT3VLt7J3Y9T3eVt0jkte4MyJR20');
INSERT INTO Resident (account, building, unit, room) VALUES ('613720201111053572', 29, 7, 1605);
INSERT INTO User (account, username, name, sex, age, tel, type, auth_key) VALUES ('231539196910014665', '晁中哲', '晁中哲', false, '51', '17661250149', 0, 'KqQ0HNFn5ob0Zi9B8RKmVo85y1EY0pRy');
INSERT INTO Resident (account, building, unit, room) VALUES ('231539196910014665', 84, 5, 1106);
INSERT INTO User (account, username, name, sex, age, tel, type, auth_key) VALUES ('340555194006206723', '於伟', '於伟', true, '80', '13993701494', 0, 'X7286M1dn2G262hfgieX3y32ihT5QkH2');
INSERT INTO Resident (account, building, unit, room) VALUES ('340555194006206723', 38, 10, 2405);
INSERT INTO User (account, username, name, sex, age, tel, type, auth_key) VALUES ('111105200303241066', '尚薪雅', '尚薪雅', true, '17', '15512302153', 0, 'CsqoiKRQ656TpUqA6Qtku90SfBa7CMOr');
INSERT INTO Resident (account, building, unit, room) VALUES ('111105200303241066', 28, 3, 2501);
INSERT INTO User (account, username, name, sex, age, tel, type, auth_key) VALUES ('440964200604207792', '陈杰帆', '陈杰帆', true, '14', '19025659929', 0, '6Ymv02Yr7E3iW4syw23sIQmAl4G1EvYW');
INSERT INTO Resident (account, building, unit, room) VALUES ('440964200604207792', 18, 5, 903);
INSERT INTO User (account, username, name, sex, age, tel, type, auth_key) VALUES ('821826193901275543', '严音英', '严音英', false, '81', '14519495073', 0, 'VcDH0w5KWOvG0lNCgI54jnk29Z017esi');
INSERT INTO Resident (account, building, unit, room) VALUES ('821826193901275543', 99, 2, 405);
INSERT INTO User (account, username, name, sex, age, tel, type, auth_key) VALUES ('523277197404255278', '杜亚', '杜亚', true, '46', '13321647942', 0, '2yy5PIf4hv3D0C43n2K6AlY0271Tx649');
INSERT INTO Resident (account, building, unit, room) VALUES ('523277197404255278', 60, 8, 1101);
INSERT INTO User (account, username, name, sex, age, tel, type, auth_key) VALUES ('41079820001027680X', '曹凡', '曹凡', true, '20', '17649801623', 0, 'I6sCY226r5OW5Tq78c0YZAOY96rd3K5h');
INSERT INTO Resident (account, building, unit, room) VALUES ('41079820001027680X', 18, 5, 2103);
INSERT INTO User (account, username, name, sex, age, tel, type, auth_key) VALUES ('342928194210080386', '耿樱振', '耿樱振', false, '78', '14501604189', 0, 'JJ5O7dW29Dl4BrHnx8PmC81bG99V6x0u');
INSERT INTO Resident (account, building, unit, room) VALUES ('342928194210080386', 33, 2, 1902);
INSERT INTO User (account, username, name, sex, age, tel, type, auth_key) VALUES ('23190119670604962X', '曲依晓', '曲依晓', true, '53', '19004125764', 0, '9M6uenxXAdg4ams2hr2rUEtj20e196aC');
INSERT INTO Resident (account, building, unit, room) VALUES ('23190119670604962X', 94, 6, 303);
INSERT INTO User (account, username, name, sex, age, tel, type, auth_key) VALUES ('433475201008072246', '夏音', '夏音', false, '10', '15947663797', 0, 'N1P4fub5wAMLzK7c372fazFPbV2s0pdh');
INSERT INTO Resident (account, building, unit, room) VALUES ('433475201008072246', 99, 8, 1101);
INSERT INTO User (account, username, name, sex, age, tel, type, auth_key) VALUES ('374590200903279893', '部馨力', '部馨力', true, '11', '19634023832', 0, 'i1uwNP5vOkA8o7Zbi85i4d14K3p689Hd');
INSERT INTO Resident (account, building, unit, room) VALUES ('374590200903279893', 85, 10, 801);
INSERT INTO User (account, username, name, sex, age, tel, type, auth_key) VALUES ('514922193504054852', '邵薪思', '邵薪思', true, '85', '13265839665', 0, 'qIJg8W30ECW7GP6It4z5tAsj95r3i117');
INSERT INTO Resident (account, building, unit, room) VALUES ('514922193504054852', 56, 10, 2103);
INSERT INTO User (account, username, name, sex, age, tel, type, auth_key) VALUES ('821979193602183374', '范瀚萱', '范瀚萱', true, '84', '13068480256', 0, 'z4lk8n6e2K0fgA75E01OdEfhtTWBtFh5');
INSERT INTO Resident (account, building, unit, room) VALUES ('821979193602183374', 28, 10, 205);
INSERT INTO User (account, username, name, sex, age, tel, type, auth_key) VALUES ('330265196104015805', '殷宜', '殷宜', false, '59', '13416936062', 0, '257Lo6k634504KNCa7u7ELCaJkdFbUYP');
INSERT INTO Resident (account, building, unit, room) VALUES ('330265196104015805', 85, 7, 2304);
INSERT INTO User (account, username, name, sex, age, tel, type, auth_key) VALUES ('461469193407311896', '仲中', '仲中', true, '86', '18817352021', 0, '3528GQmG7b2H087A8eGpM372jjx62tGi');
INSERT INTO Resident (account, building, unit, room) VALUES ('461469193407311896', 45, 4, 1206);
INSERT INTO User (account, username, name, sex, age, tel, type, auth_key) VALUES ('375032196504265845', '童令圣', '童令圣', false, '55', '13953806767', 0, 'Q15SZ0b7b3YfczuEo0R2F32n2DxDrh8F');
INSERT INTO Resident (account, building, unit, room) VALUES ('375032196504265845', 16, 8, 1606);
INSERT INTO User (account, username, name, sex, age, tel, type, auth_key) VALUES ('451293196412031987', '徐本兮', '徐本兮', true, '56', '13585576912', 0, 'V2WjsrX0VosUta94xQ0qI0z82Ex5sM61');
INSERT INTO Resident (account, building, unit, room) VALUES ('451293196412031987', 52, 10, 301);
INSERT INTO User (account, username, name, sex, age, tel, type, auth_key) VALUES ('131026198707105307', '林民萱', '林民萱', false, '33', '15009854165', 0, 'dqDDRj4r229TlT3Mlt3pt6k39y1UjbmB');
INSERT INTO Resident (account, building, unit, room) VALUES ('131026198707105307', 94, 5, 1705);
INSERT INTO User (account, username, name, sex, age, tel, type, auth_key) VALUES ('23147319610312483X', '沈诺敏', '沈诺敏', false, '59', '13863577271', 0, 'ODVoM2BHHNBYN50u8BAOx60TNb03bK4Y');
INSERT INTO Resident (account, building, unit, room) VALUES ('23147319610312483X', 33, 3, 2501);
INSERT INTO User (account, username, name, sex, age, tel, type, auth_key) VALUES ('822129200811097005', '钟洁樱', '钟洁樱', false, '12', '17379977422', 0, '9Um4kpKY1MMzlf45F9yW8vVc47nIGjaH');
INSERT INTO Resident (account, building, unit, room) VALUES ('822129200811097005', 79, 9, 1405);
INSERT INTO User (account, username, name, sex, age, tel, type, auth_key) VALUES ('423723198402085115', '牛毅', '牛毅', false, '36', '15227720000', 0, 'AGmu2DrXa34YZXYlImD33vHa9OjOq0Ke');
INSERT INTO Resident (account, building, unit, room) VALUES ('423723198402085115', 74, 1, 2602);
INSERT INTO User (account, username, name, sex, age, tel, type, auth_key) VALUES ('453829198907130490', '颜阳有', '颜阳有', false, '31', '13002713549', 0, '7135u1J3XW6f3C3520LtUD8a82o48GOC');
INSERT INTO Resident (account, building, unit, room) VALUES ('453829198907130490', 70, 9, 2702);
INSERT INTO User (account, username, name, sex, age, tel, type, auth_key) VALUES ('343173196307095542', '部豪佳', '部豪佳', true, '57', '13726565120', 0, 'y86Ocl4ze66lNOWVqv4b4iUxHg8yZb9b');
INSERT INTO Resident (account, building, unit, room) VALUES ('343173196307095542', 59, 6, 1002);
INSERT INTO User (account, username, name, sex, age, tel, type, auth_key) VALUES ('333163196407173277', '边宇', '边宇', false, '56', '15295104929', 1, '4OCNKm57KXoB3xkT1wfa0BJT22a7dwzD');
INSERT INTO Committee (account, in_date, is_admin) VALUES ('333163196407173277', '19860108', false);
INSERT INTO User (account, username, name, sex, age, tel, type, auth_key) VALUES ('614437198008179945', '权飞', '权飞', false, '40', '18131280681', 0, 'tsKNY44SR9OC69YrLETWP015HM9iQnud');
INSERT INTO Resident (account, building, unit, room) VALUES ('614437198008179945', 55, 9, 2902);
INSERT INTO User (account, username, name, sex, age, tel, type, auth_key) VALUES ('453797195805133623', '於亚', '於亚', true, '62', '19003437792', 0, '1G96F18Wdxq8sjk6186HDJww0Ju3jVIK');
INSERT INTO Resident (account, building, unit, room) VALUES ('453797195805133623', 40, 3, 2105);
INSERT INTO User (account, username, name, sex, age, tel, type, auth_key) VALUES ('450262197312263842', '余萌', '余萌', true, '47', '13241696268', 0, 'r1N30NGA1yM3iOSL0VJ647zS0T0Z68YE');
INSERT INTO Resident (account, building, unit, room) VALUES ('450262197312263842', 13, 2, 1506);
INSERT INTO User (account, username, name, sex, age, tel, type, auth_key) VALUES ('420854200311104308', '边音', '边音', false, '17', '15009603666', 0, 'mI8SyJDrjX706PZMgW6RFHR431bvf14X');
INSERT INTO Resident (account, building, unit, room) VALUES ('420854200311104308', 55, 1, 1305);
INSERT INTO User (account, username, name, sex, age, tel, type, auth_key) VALUES ('334657194412177072', '姚薪', '姚薪', true, '76', '19636016038', 0, '1xS56neccHbNu9QsH8K4507y2Fna59S9');
INSERT INTO Resident (account, building, unit, room) VALUES ('334657194412177072', 71, 8, 504);
INSERT INTO User (account, username, name, sex, age, tel, type, auth_key) VALUES ('711912193304023793', '齐云', '齐云', false, '87', '14954223674', 0, '9mKqK32EzjxeMyB4L4C45qsEfd099Q4b');
INSERT INTO Resident (account, building, unit, room) VALUES ('711912193304023793', 21, 4, 2905);
INSERT INTO User (account, username, name, sex, age, tel, type, auth_key) VALUES ('46323519280905921X', '周言', '周言', true, '92', '15975626225', 0, 't8jxdJcUIlF3AV36e902f7f7EKxh5zJU');
INSERT INTO Resident (account, building, unit, room) VALUES ('46323519280905921X', 83, 4, 1405);
INSERT INTO User (account, username, name, sex, age, tel, type, auth_key) VALUES ('622825201406160328', '裴飞', '裴飞', false, '6', '19964564473', 0, 'BRcY6X1X2AlUj415DQ5Gp0QX73LtrcxT');
INSERT INTO Resident (account, building, unit, room) VALUES ('622825201406160328', 83, 8, 402);
INSERT INTO User (account, username, name, sex, age, tel, type, auth_key) VALUES ('462009194401157085', '柳佳丹', '柳佳丹', false, '76', '15237707194', 0, 'GtTByT4H549NaOn9i9XNlXg12cUM38xN');
INSERT INTO Resident (account, building, unit, room) VALUES ('462009194401157085', 75, 9, 1301);
INSERT INTO User (account, username, name, sex, age, tel, type, auth_key) VALUES ('333043195803108739', '汪赛兮', '汪赛兮', false, '62', '18564855286', 0, 'm9C6U84jc8Q2FBY1R345cBBJ8XAPY58r');
INSERT INTO Resident (account, building, unit, room) VALUES ('333043195803108739', 64, 6, 905);
INSERT INTO User (account, username, name, sex, age, tel, type, auth_key) VALUES ('623767199106106182', '臧广灯', '臧广灯', false, '29', '14533808369', 0, 'd7A76Hp8704n0AcF0yPw5NtkZank216U');
INSERT INTO Resident (account, building, unit, room) VALUES ('623767199106106182', 62, 8, 1604);
INSERT INTO User (account, username, name, sex, age, tel, type, auth_key) VALUES ('231214200310126886', '欧令', '欧令', false, '17', '18247151412', 0, '1wwL8j5t4cOyNHVk9NCzg70py2ys7F43');
INSERT INTO Resident (account, building, unit, room) VALUES ('231214200310126886', 75, 5, 1404);
INSERT INTO User (account, username, name, sex, age, tel, type, auth_key) VALUES ('413944201312047143', '邱龙英', '邱龙英', true, '7', '19390382547', 0, 'sr3c562B99Laa17iK70FQz8R1OZCGCG7');
INSERT INTO Resident (account, building, unit, room) VALUES ('413944201312047143', 91, 9, 405);
INSERT INTO User (account, username, name, sex, age, tel, type, auth_key) VALUES ('654113201310120789', '臧民', '臧民', false, '7', '19255739334', 0, 'D4k08Y1X0q4c7sEa6b7poom3833e5Jo2');
INSERT INTO Resident (account, building, unit, room) VALUES ('654113201310120789', 91, 10, 1601);
INSERT INTO User (account, username, name, sex, age, tel, type, auth_key) VALUES ('71345919601209903X', '管旭', '管旭', true, '60', '19337994899', 0, '2slDZt833GFl4p8UN6NNXo11X55Z5k9F');
INSERT INTO Resident (account, building, unit, room) VALUES ('71345919601209903X', 70, 7, 2101);
INSERT INTO User (account, username, name, sex, age, tel, type, auth_key) VALUES ('524338199612256212', '管杰兰', '管杰兰', true, '24', '19570543729', 0, 'KByoZg9JDMLVy69I110f3IU7M6ghRK6P');
INSERT INTO Resident (account, building, unit, room) VALUES ('524338199612256212', 12, 4, 1601);
INSERT INTO User (account, username, name, sex, age, tel, type, auth_key) VALUES ('144616199004224740', '高嘉立', '高嘉立', false, '30', '19523039430', 0, '544OEmC5oLtKMAzM8oTFTSaCR3ZCT5LK');
INSERT INTO Resident (account, building, unit, room) VALUES ('144616199004224740', 7, 2, 205);
INSERT INTO User (account, username, name, sex, age, tel, type, auth_key) VALUES ('341221197205133406', '郭薪', '郭薪', false, '48', '17283923311', 0, '7Ns809kbx66A6342REW83j8961XzNO1L');
INSERT INTO Resident (account, building, unit, room) VALUES ('341221197205133406', 14, 9, 1404);
INSERT INTO User (account, username, name, sex, age, tel, type, auth_key) VALUES ('523158193401244699', '周静', '周静', true, '86', '14768948784', 0, 'FVvP8c6P163cAh0lMGVhi448PPqo4QtI');
INSERT INTO Resident (account, building, unit, room) VALUES ('523158193401244699', 77, 2, 2606);
INSERT INTO User (account, username, name, sex, age, tel, type, auth_key) VALUES ('712474198102257380', '於朋兰', '於朋兰', true, '39', '16688898649', 0, 'Wr7N0SDq90Q715nfPrFszfaShCs8jF8V');
INSERT INTO Resident (account, building, unit, room) VALUES ('712474198102257380', 86, 10, 1103);
INSERT INTO User (account, username, name, sex, age, tel, type, auth_key) VALUES ('221839200303312682', '龚迅家', '龚迅家', false, '17', '14933903889', 0, 'cb3tVpSxTJ0wjfS17ib3PNfC5plWb2Bb');
INSERT INTO Resident (account, building, unit, room) VALUES ('221839200303312682', 17, 4, 905);
INSERT INTO User (account, username, name, sex, age, tel, type, auth_key) VALUES ('463596196502095292', '耿凌良', '耿凌良', true, '55', '15893147644', 0, 'BO5QsGR0WaZip65fRV8X9gd9B18561c7');
INSERT INTO Resident (account, building, unit, room) VALUES ('463596196502095292', 5, 9, 2203);
INSERT INTO User (account, username, name, sex, age, tel, type, auth_key) VALUES ('652495193512027773', '徐颖', '徐颖', true, '85', '15857485941', 0, 'Urx9yF9477RO3A6mx3vQ7TC9D4a05axr');
INSERT INTO Resident (account, building, unit, room) VALUES ('652495193512027773', 45, 6, 605);
INSERT INTO User (account, username, name, sex, age, tel, type, auth_key) VALUES ('330904199907127344', '戚牧诺', '戚牧诺', true, '21', '19550160927', 0, 'WrMJQ9mXI99qI6F9c0826facIHC5r853');
INSERT INTO Resident (account, building, unit, room) VALUES ('330904199907127344', 50, 9, 603);
INSERT INTO User (account, username, name, sex, age, tel, type, auth_key) VALUES ('532917194412230614', '颜昕', '颜昕', true, '76', '13823076743', 0, '63a4x59xjrYsO4923n8qJudW2stIXBO6');
INSERT INTO Resident (account, building, unit, room) VALUES ('532917194412230614', 98, 10, 904);
INSERT INTO User (account, username, name, sex, age, tel, type, auth_key) VALUES ('611357198206182660', '寻润', '寻润', true, '38', '14904220364', 0, 'yJ0y4V4N3tB12o08762si1x4697Vi79m');
INSERT INTO Resident (account, building, unit, room) VALUES ('611357198206182660', 69, 9, 2304);
INSERT INTO User (account, username, name, sex, age, tel, type, auth_key) VALUES ('323585192301227368', '欧阳炜', '欧阳炜', true, '97', '17393409754', 0, 'qQ1cdH4RFKN9O6zBzOWN30d46e1AhR1a');
INSERT INTO Resident (account, building, unit, room) VALUES ('323585192301227368', 19, 10, 401);
INSERT INTO User (account, username, name, sex, age, tel, type, auth_key) VALUES ('452894200711208027', '麦辰音', '麦辰音', false, '13', '17288128575', 0, '3N85pDimMcu2EcBa67ePy30Y8QNJWwKv');
INSERT INTO Resident (account, building, unit, room) VALUES ('452894200711208027', 33, 1, 2604);
INSERT INTO User (account, username, name, sex, age, tel, type, auth_key) VALUES ('441748192706115886', '吴琦', '吴琦', false, '93', '17324165475', 0, '442bD7TG14318WscR95oU3S8vwK8dax9');
INSERT INTO Resident (account, building, unit, room) VALUES ('441748192706115886', 40, 5, 1405);
INSERT INTO User (account, username, name, sex, age, tel, type, auth_key) VALUES ('541208199312168562', '燕正锐', '燕正锐', true, '27', '18704531799', 0, 'kwjIgGnsNN23H29yfiCkIA0dBqMxwsg1');
INSERT INTO Resident (account, building, unit, room) VALUES ('541208199312168562', 97, 6, 1505);
INSERT INTO User (account, username, name, sex, age, tel, type, auth_key) VALUES ('333561200405104561', '董力敏', '董力敏', false, '16', '19592304374', 0, 'b2u7ryxgoxwh06DJ21igZj7XhdNJa68s');
INSERT INTO Resident (account, building, unit, room) VALUES ('333561200405104561', 21, 6, 1506);
INSERT INTO User (account, username, name, sex, age, tel, type, auth_key) VALUES ('350219199508081227', '肖佳翔', '肖佳翔', true, '25', '15524638750', 0, 'JXIkQ86x2b09d3wH69GWy67P91Xd4AdH');
INSERT INTO Resident (account, building, unit, room) VALUES ('350219199508081227', 59, 2, 2102);
INSERT INTO User (account, username, name, sex, age, tel, type, auth_key) VALUES ('341336197912232565', '毕兮硕', '毕兮硕', false, '41', '18170549777', 0, 'U4MO976bRDCvEJUnYWXx9JO7xlf900P3');
INSERT INTO Resident (account, building, unit, room) VALUES ('341336197912232565', 17, 6, 2403);
INSERT INTO User (account, username, name, sex, age, tel, type, auth_key) VALUES ('321577197611197411', '商嘉舒', '商嘉舒', true, '44', '19993555951', 0, '670uqg2Hh7IlTWTL76QJoo2VYq0WUBJ0');
INSERT INTO Resident (account, building, unit, room) VALUES ('321577197611197411', 29, 1, 901);
INSERT INTO User (account, username, name, sex, age, tel, type, auth_key) VALUES ('440790197206220429', '牛立千', '牛立千', false, '48', '18299338060', 0, 'f129d94J4YyxRVc5RUnD7GpLVD79g469');
INSERT INTO Resident (account, building, unit, room) VALUES ('440790197206220429', 68, 8, 202);
INSERT INTO User (account, username, name, sex, age, tel, type, auth_key) VALUES ('153153192805140124', '昌静诺', '昌静诺', false, '92', '18876757100', 0, '4H5O4OopGokBtr7XZ2RpHr3VM3602446');
INSERT INTO Resident (account, building, unit, room) VALUES ('153153192805140124', 86, 8, 603);
INSERT INTO User (account, username, name, sex, age, tel, type, auth_key) VALUES ('360431199301098330', '於硕可', '於硕可', false, '27', '17859882306', 0, 'zM08bL2vh35waPPjhvs4rQnU2J3cXZ7e');
INSERT INTO Resident (account, building, unit, room) VALUES ('360431199301098330', 86, 2, 2202);
INSERT INTO User (account, username, name, sex, age, tel, type, auth_key) VALUES ('330256197812248067', '靳静柏', '靳静柏', true, '42', '13664359154', 0, 'lbGxl3wKXeH4EaE8yeXzklqjNw9d8Z3j');
INSERT INTO Resident (account, building, unit, room) VALUES ('330256197812248067', 49, 5, 2403);
INSERT INTO User (account, username, name, sex, age, tel, type, auth_key) VALUES ('134844193412125120', '权龙盈', '权龙盈', false, '86', '18340301278', 0, 'k4qZ95zHtL7EJ74Twh4RbdG7Pm37s20e');
INSERT INTO Resident (account, building, unit, room) VALUES ('134844193412125120', 82, 5, 2005);
INSERT INTO User (account, username, name, sex, age, tel, type, auth_key) VALUES ('320662192804033228', '崔赛诺', '崔赛诺', false, '92', '19854933254', 0, 'r6E54B0VXZm9O92J13n15n7K6bc2AiMm');
INSERT INTO Resident (account, building, unit, room) VALUES ('320662192804033228', 53, 2, 2401);
INSERT INTO User (account, username, name, sex, age, tel, type, auth_key) VALUES ('501123193004128728', '燕诺家', '燕诺家', false, '90', '18691015984', 0, 'UC8gy907270TSFg84cvcS33Fzzs26x7m');
INSERT INTO Resident (account, building, unit, room) VALUES ('501123193004128728', 6, 9, 1705);
INSERT INTO User (account, username, name, sex, age, tel, type, auth_key) VALUES ('45481219680210171X', '林冠', '林冠', false, '52', '19279583733', 0, '6qG32E2lB0QLKdX6LABsKkLxLR51PN1D');
INSERT INTO Resident (account, building, unit, room) VALUES ('45481219680210171X', 15, 6, 2602);
INSERT INTO User (account, username, name, sex, age, tel, type, auth_key) VALUES ('434178195306280003', '余炜铭', '余炜铭', true, '67', '19823627809', 0, '6vK711fG61bEpR1253Q53Yls7y7Q85sj');
INSERT INTO Resident (account, building, unit, room) VALUES ('434178195306280003', 51, 1, 2003);
INSERT INTO User (account, username, name, sex, age, tel, type, auth_key) VALUES ('341727198006294659', '崔萱民', '崔萱民', true, '40', '16630274601', 0, '24p1dkSB0PXVjZ601sj1aG2WOCUZumaz');
INSERT INTO Resident (account, building, unit, room) VALUES ('341727198006294659', 42, 2, 2703);
INSERT INTO User (account, username, name, sex, age, tel, type, auth_key) VALUES ('370993197506184009', '尚义', '尚义', false, '45', '17596975981', 0, 'J3z5GM44p84llD1dH38HNUvnrdX7Y29q');
INSERT INTO Resident (account, building, unit, room) VALUES ('370993197506184009', 26, 1, 1005);
INSERT INTO User (account, username, name, sex, age, tel, type, auth_key) VALUES ('631089199804040192', '林露', '林露', false, '22', '13883294488', 0, 'OtT59S0n3TUpe2Ea51ziZ0RQY4tru3E3');
INSERT INTO Resident (account, building, unit, room) VALUES ('631089199804040192', 23, 6, 1306);
INSERT INTO User (account, username, name, sex, age, tel, type, auth_key) VALUES ('653505196001289923', '耿雅淘', '耿雅淘', true, '60', '13847961431', 0, '448PJtp1v541jaRnl7uaF5s3yCV53ue6');
INSERT INTO Resident (account, building, unit, room) VALUES ('653505196001289923', 40, 4, 905);
INSERT INTO User (account, username, name, sex, age, tel, type, auth_key) VALUES ('114555200808134395', '牛立', '牛立', true, '12', '18591645002', 0, 'G0bMPP88410A5d83IYrTrJr9RM2e2B80');
INSERT INTO Resident (account, building, unit, room) VALUES ('114555200808134395', 30, 6, 1306);
INSERT INTO User (account, username, name, sex, age, tel, type, auth_key) VALUES ('311088201409057243', '郑英本', '郑英本', false, '6', '18313759109', 0, '5u46rq86S73CGr81R2so25j0YOiL2n89');
INSERT INTO Resident (account, building, unit, room) VALUES ('311088201409057243', 98, 3, 1006);
INSERT INTO User (account, username, name, sex, age, tel, type, auth_key) VALUES ('342694195102188564', '严炜', '严炜', true, '69', '13772945751', 0, 'cPwXZDXPB1Ma91OU8P6Z7cH66n68d132');
INSERT INTO Resident (account, building, unit, room) VALUES ('342694195102188564', 38, 10, 701);
INSERT INTO User (account, username, name, sex, age, tel, type, auth_key) VALUES ('644710194708026052', '高雅令', '高雅令', true, '73', '13354241882', 0, 'CewNiRbaCOoKh25j38fRJ8IIUdH8EhJJ');
INSERT INTO Resident (account, building, unit, room) VALUES ('644710194708026052', 93, 9, 903);
INSERT INTO User (account, username, name, sex, age, tel, type, auth_key) VALUES ('372521200610062088', '秦民云', '秦民云', true, '14', '13613819868', 0, '93cRsD5u7484DL2c01We7H9r7U9w1Vz7');
INSERT INTO Resident (account, building, unit, room) VALUES ('372521200610062088', 62, 2, 2004);
INSERT INTO User (account, username, name, sex, age, tel, type, auth_key) VALUES ('823597198603257747', '巩琦', '巩琦', true, '34', '13112248164', 0, 'E1Sd6Zg934Q8VSAX3uGP5R4nutBPKh4C');
INSERT INTO Resident (account, building, unit, room) VALUES ('823597198603257747', 42, 9, 403);
INSERT INTO User (account, username, name, sex, age, tel, type, auth_key) VALUES ('221679194407033486', '仲音千', '仲音千', false, '76', '14590305564', 0, 'tSTUwWZVXq2yZ62GqQ56155Z4TYyb1r4');
INSERT INTO Resident (account, building, unit, room) VALUES ('221679194407033486', 35, 1, 2106);
INSERT INTO User (account, username, name, sex, age, tel, type, auth_key) VALUES ('634846193401182688', '安英', '安英', true, '86', '18200100251', 0, 'Rm7bF5e4zfYF5gHcaPlbgup06pqunyR5');
INSERT INTO Resident (account, building, unit, room) VALUES ('634846193401182688', 67, 9, 2704);
INSERT INTO User (account, username, name, sex, age, tel, type, auth_key) VALUES ('37118619650522128X', '晁炜伟', '晁炜伟', false, '55', '13492563049', 0, '5CPjY5cRk7dvXrtxW2Y15k3JB4rmKM20');
INSERT INTO Resident (account, building, unit, room) VALUES ('37118619650522128X', 90, 1, 2801);
INSERT INTO User (account, username, name, sex, age, tel, type, auth_key) VALUES ('424457199105030796', '鲁良', '鲁良', true, '29', '14965821718', 0, '5yL9KS9WJoN57R66mAf2xIbMEXVDp595');
INSERT INTO Resident (account, building, unit, room) VALUES ('424457199105030796', 41, 8, 703);
INSERT INTO User (account, username, name, sex, age, tel, type, auth_key) VALUES ('711713199512152226', '崔冠', '崔冠', true, '25', '17399313539', 0, 'PYViWaBgj34Jf4cL644zf9O2a4633176');
INSERT INTO Resident (account, building, unit, room) VALUES ('711713199512152226', 91, 7, 1904);
INSERT INTO User (account, username, name, sex, age, tel, type, auth_key) VALUES ('425001194904023218', '吴杰', '吴杰', false, '71', '15518666432', 0, '373Jy53E6se7dbJ7B3aeArh04mVlVbE2');
INSERT INTO Resident (account, building, unit, room) VALUES ('425001194904023218', 34, 1, 1102);
INSERT INTO User (account, username, name, sex, age, tel, type, auth_key) VALUES ('374169199811304099', '韩可', '韩可', false, '22', '19113601557', 0, '9V4uqV4lrUL4lRuM4Go08V5hRduiC595');
INSERT INTO Resident (account, building, unit, room) VALUES ('374169199811304099', 49, 9, 401);
INSERT INTO User (account, username, name, sex, age, tel, type, auth_key) VALUES ('633309196612079310', '王雯', '王雯', false, '54', '15911139316', 0, 'PQCH8Ho0g3EVKJ6MYPZ9D46zDP0nAr42');
INSERT INTO Resident (account, building, unit, room) VALUES ('633309196612079310', 1, 9, 2903);
INSERT INTO User (account, username, name, sex, age, tel, type, auth_key) VALUES ('813592198801027678', '沈嘉英', '沈嘉英', false, '32', '13190286891', 0, '0163yq30371U75lvIknl0sSE8TxeBgj9');
INSERT INTO Resident (account, building, unit, room) VALUES ('813592198801027678', 42, 4, 2506);
INSERT INTO User (account, username, name, sex, age, tel, type, auth_key) VALUES ('155065199704268669', '裴辰', '裴辰', false, '23', '15103055026', 0, 'ndVp5N66Oy1VgCFEwNpqd1L5FzxgtOr1');
INSERT INTO Resident (account, building, unit, room) VALUES ('155065199704268669', 66, 6, 2505);
INSERT INTO User (account, username, name, sex, age, tel, type, auth_key) VALUES ('133707194107301615', '殷炎灯', '殷炎灯', true, '79', '15310221125', 0, '96PhVZJQppG19uB47fQedN9ZN8yDg9ro');
INSERT INTO Resident (account, building, unit, room) VALUES ('133707194107301615', 18, 6, 2202);
INSERT INTO User (account, username, name, sex, age, tel, type, auth_key) VALUES ('824802196605289276', '尚轩帆', '尚轩帆', true, '54', '13281387739', 0, '04fFfjohgGH1r019MT8iqe6s3t62NqFu');
INSERT INTO Resident (account, building, unit, room) VALUES ('824802196605289276', 72, 6, 2603);
INSERT INTO User (account, username, name, sex, age, tel, type, auth_key) VALUES ('430773200103254437', '楚家', '楚家', false, '19', '17254233886', 1, '7374O3j8ffRKN77OK81wDlb4297Jkn3v');
INSERT INTO Committee (account, in_date, is_admin) VALUES ('430773200103254437', '20210702', false);
INSERT INTO User (account, username, name, sex, age, tel, type, auth_key) VALUES ('612152192509182341', '胡义', '胡义', true, '95', '19930295359', 0, 'O48p6H0Scy5n209JEaqodq5oHq6w2kz8');
INSERT INTO Resident (account, building, unit, room) VALUES ('612152192509182341', 94, 6, 1806);
INSERT INTO User (account, username, name, sex, age, tel, type, auth_key) VALUES ('113382196405048593', '鲁航柏', '鲁航柏', false, '56', '13381102142', 0, 'qE6com0Prz427NoZd6Sq7NWeWU3018y6');
INSERT INTO Resident (account, building, unit, room) VALUES ('113382196405048593', 37, 1, 2902);
INSERT INTO User (account, username, name, sex, age, tel, type, auth_key) VALUES ('354696193609226639', '钱民敏', '钱民敏', false, '84', '13865494347', 0, '04nXf6x4dRXhIt948flr4rj9e3XA5N4C');
INSERT INTO Resident (account, building, unit, room) VALUES ('354696193609226639', 72, 10, 206);
INSERT INTO User (account, username, name, sex, age, tel, type, auth_key) VALUES ('450115196901167077', '戚迅', '戚迅', false, '51', '15611210932', 0, '300FVnM6u8J7183G88t9n4qhg70Cgw0i');
INSERT INTO Resident (account, building, unit, room) VALUES ('450115196901167077', 99, 3, 1203);
INSERT INTO User (account, username, name, sex, age, tel, type, auth_key) VALUES ('822664196509262263', '审音伟', '审音伟', true, '55', '19323762723', 0, '0H3ZPuNuz1r5T6p567yGGX51uURZS46t');
INSERT INTO Resident (account, building, unit, room) VALUES ('822664196509262263', 66, 10, 2904);
INSERT INTO User (account, username, name, sex, age, tel, type, auth_key) VALUES ('452310199307167825', '吴薪', '吴薪', false, '27', '19843817517', 0, 'L5Xbi8Daq64HXgn1CySi9r384dbVD0Sv');
INSERT INTO Resident (account, building, unit, room) VALUES ('452310199307167825', 12, 9, 1902);
INSERT INTO User (account, username, name, sex, age, tel, type, auth_key) VALUES ('221106194112310055', '姚毅民', '姚毅民', true, '79', '19057432942', 0, '2QdqK0ql3GvT6C3WER7d6zq7D21Q18B0');
INSERT INTO Resident (account, building, unit, room) VALUES ('221106194112310055', 40, 5, 1203);
INSERT INTO User (account, username, name, sex, age, tel, type, auth_key) VALUES ('373534194612197336', '尚千丹', '尚千丹', true, '74', '19365642642', 0, 'vhUUxif6l6VbmX2K90MzYJx5RnenEZRB');
INSERT INTO Resident (account, building, unit, room) VALUES ('373534194612197336', 65, 3, 1406);
INSERT INTO User (account, username, name, sex, age, tel, type, auth_key) VALUES ('53113019450506149X', '高阳建', '高阳建', true, '75', '13500182626', 0, 'IFvy8vr59K4D0y6jVa3Hi791euL4pS36');
INSERT INTO Resident (account, building, unit, room) VALUES ('53113019450506149X', 71, 6, 2506);
INSERT INTO User (account, username, name, sex, age, tel, type, auth_key) VALUES ('533673196304188879', '余本可', '余本可', false, '57', '15194798496', 0, 'u711vttM48y19vCzF9eI0381Rr5GZ5OU');
INSERT INTO Resident (account, building, unit, room) VALUES ('533673196304188879', 39, 9, 601);
INSERT INTO User (account, username, name, sex, age, tel, type, auth_key) VALUES ('612524194706290980', '夏民', '夏民', true, '73', '15796420500', 0, 'vc79c449hKIy8O7532lSn0gB5had6cGK');
INSERT INTO Resident (account, building, unit, room) VALUES ('612524194706290980', 13, 9, 704);
INSERT INTO User (account, username, name, sex, age, tel, type, auth_key) VALUES ('711248200207106101', '胡润', '胡润', false, '18', '17331702783', 0, 'quBOKTCMycs799S0qJ9NL6XBAUB1qc8g');
INSERT INTO Resident (account, building, unit, room) VALUES ('711248200207106101', 3, 8, 305);
INSERT INTO User (account, username, name, sex, age, tel, type, auth_key) VALUES ('43366520130820872X', '臧霄朋', '臧霄朋', false, '7', '18587823291', 0, '245KKRKw7sgM279xW7AolA2W0yoyn8ta');
INSERT INTO Resident (account, building, unit, room) VALUES ('43366520130820872X', 5, 10, 204);
INSERT INTO User (account, username, name, sex, age, tel, type, auth_key) VALUES ('142055199908168003', '付音家', '付音家', false, '21', '14526651384', 0, 'ME9r0fcgi56GA9fe7fk2QXUMLySbk7RP');
INSERT INTO Resident (account, building, unit, room) VALUES ('142055199908168003', 77, 1, 1304);
INSERT INTO User (account, username, name, sex, age, tel, type, auth_key) VALUES ('71258719800304366X', '靳凡诺', '靳凡诺', true, '40', '19868103048', 0, 'i84G7W14iShVU4M727537Y7MQWS1ZeXw');
INSERT INTO Resident (account, building, unit, room) VALUES ('71258719800304366X', 76, 2, 2305);
INSERT INTO User (account, username, name, sex, age, tel, type, auth_key) VALUES ('113137201201109170', '麦诺旭', '麦诺旭', true, '8', '17218683451', 0, 'JTxXq105fFIm39EKe4DpPh8eOctQcg46');
INSERT INTO Resident (account, building, unit, room) VALUES ('113137201201109170', 69, 9, 2502);
INSERT INTO User (account, username, name, sex, age, tel, type, auth_key) VALUES ('315031196610109177', '许雨', '许雨', true, '54', '15857177302', 0, '4dt638b5IP2FXW3ppQxd6I971Cj31cY3');
INSERT INTO Resident (account, building, unit, room) VALUES ('315031196610109177', 6, 9, 1805);
INSERT INTO User (account, username, name, sex, age, tel, type, auth_key) VALUES ('812631197801021098', '楚宇', '楚宇', true, '42', '15220941432', 0, '033VIRoqjqHMU2wqT7CIkFDaXL2P6M37');
INSERT INTO Resident (account, building, unit, room) VALUES ('812631197801021098', 23, 9, 1105);
INSERT INTO User (account, username, name, sex, age, tel, type, auth_key) VALUES ('623647197406255285', '毕霄帆', '毕霄帆', false, '46', '18543939838', 0, 'U73pHRR15ZmN5z5ivl3B0uhgtYfRRs0q');
INSERT INTO Resident (account, building, unit, room) VALUES ('623647197406255285', 40, 7, 806);
INSERT INTO User (account, username, name, sex, age, tel, type, auth_key) VALUES ('464208198605315539', '郑冠', '郑冠', true, '34', '16688351590', 0, 'l74OHmZhAuMk1fsV26SSD1oA35fzbV6u');
INSERT INTO Resident (account, building, unit, room) VALUES ('464208198605315539', 22, 3, 1401);
INSERT INTO User (account, username, name, sex, age, tel, type, auth_key) VALUES ('811461199308013616', '殷兮', '殷兮', false, '27', '17266399305', 0, 'B52nzHADmzlQD4cVXMXzR68tpHof5mbn');
INSERT INTO Resident (account, building, unit, room) VALUES ('811461199308013616', 57, 9, 1103);
INSERT INTO User (account, username, name, sex, age, tel, type, auth_key) VALUES ('43235720090630447X', '欧锐本', '欧锐本', true, '11', '14777756461', 0, 'QJ0By6Ugj03EOq9EYaGI999WkG1LHcN7');
INSERT INTO Resident (account, building, unit, room) VALUES ('43235720090630447X', 22, 4, 1704);
INSERT INTO User (account, username, name, sex, age, tel, type, auth_key) VALUES ('501505195911113510', '齐菲炎', '齐菲炎', true, '61', '13505265187', 0, 'sXlGZ66TKl6sZP4xkGq2RVi41077cF47');
INSERT INTO Resident (account, building, unit, room) VALUES ('501505195911113510', 84, 3, 1705);
INSERT INTO User (account, username, name, sex, age, tel, type, auth_key) VALUES ('143264192612238796', '靳良炎', '靳良炎', true, '94', '19984142688', 0, 'RZe4Tqc0LW0s2cZUjhlZWY1i9rI5Xm8O');
INSERT INTO Resident (account, building, unit, room) VALUES ('143264192612238796', 54, 1, 1303);
INSERT INTO User (account, username, name, sex, age, tel, type, auth_key) VALUES ('214625196701054396', '陆樱煜', '陆樱煜', true, '53', '17237802863', 0, 'liH4Ucl3WUWN79U8P33x0oeVx2sqMJ9h');
INSERT INTO Resident (account, building, unit, room) VALUES ('214625196701054396', 11, 1, 706);
INSERT INTO User (account, username, name, sex, age, tel, type, auth_key) VALUES ('632039194104291150', '审龙', '审龙', true, '79', '17862406773', 0, 'm0R0AQa1gO9k064T8V86CpMIG8qv854p');
INSERT INTO Resident (account, building, unit, room) VALUES ('632039194104291150', 16, 3, 305);
INSERT INTO User (account, username, name, sex, age, tel, type, auth_key) VALUES ('311393193802240264', '寻颖', '寻颖', false, '82', '15287861481', 0, 'H3VfSid71eS10hmDISwubVw1Htk536Wo');
INSERT INTO Resident (account, building, unit, room) VALUES ('311393193802240264', 71, 10, 602);
INSERT INTO User (account, username, name, sex, age, tel, type, auth_key) VALUES ('331330199305152584', '葛依', '葛依', true, '27', '15797535564', 0, 'L04GYa0T2D9j56W0RvRs40l09Ohb4e9Q');
INSERT INTO Resident (account, building, unit, room) VALUES ('331330199305152584', 55, 8, 304);
INSERT INTO User (account, username, name, sex, age, tel, type, auth_key) VALUES ('34239219601020217X', '臧令泽', '臧令泽', true, '60', '17231290940', 0, '4aerhDGHy0W55O6KmCPdh4656CbQz0li');
INSERT INTO Resident (account, building, unit, room) VALUES ('34239219601020217X', 39, 6, 1902);
INSERT INTO User (account, username, name, sex, age, tel, type, auth_key) VALUES ('343725193805257373', '於腾龙', '於腾龙', true, '82', '17647893632', 0, 'ogdEhmZk5Kcm37DXHUn2DChPWf4Rm6n4');
INSERT INTO Resident (account, building, unit, room) VALUES ('343725193805257373', 56, 9, 2502);
INSERT INTO User (account, username, name, sex, age, tel, type, auth_key) VALUES ('324947193108211329', '张轩阳', '张轩阳', true, '89', '18825658709', 0, 'B583184u04Ay1ZYbWMtD0i426gTsqA4b');
INSERT INTO Resident (account, building, unit, room) VALUES ('324947193108211329', 21, 10, 1001);
INSERT INTO User (account, username, name, sex, age, tel, type, auth_key) VALUES ('374898200506284023', '孟航凡', '孟航凡', false, '15', '15253427347', 0, '0rK9ISQlWhRq928IIAos8JVB3o1J02qi');
INSERT INTO Resident (account, building, unit, room) VALUES ('374898200506284023', 58, 9, 1204);
INSERT INTO User (account, username, name, sex, age, tel, type, auth_key) VALUES ('611435196003116259', '史建圆', '史建圆', true, '60', '17296091128', 0, 'JsvXyy0SjB32gy9G9I24u6JhS48nIkOy');
INSERT INTO Resident (account, building, unit, room) VALUES ('611435196003116259', 53, 3, 2202);
INSERT INTO User (account, username, name, sex, age, tel, type, auth_key) VALUES ('443473197202126221', '尚丹瀚', '尚丹瀚', true, '48', '18524795619', 0, 'YZcp18M1WCiy0LkN1JM2a8oiqk59TfZ8');
INSERT INTO Resident (account, building, unit, room) VALUES ('443473197202126221', 21, 8, 302);
INSERT INTO User (account, username, name, sex, age, tel, type, auth_key) VALUES ('641474201306156644', '高桐', '高桐', true, '7', '18517390560', 0, '0eWA1e5B0If4u9233pY79kQK2hMt9M39');
INSERT INTO Resident (account, building, unit, room) VALUES ('641474201306156644', 74, 10, 1702);
INSERT INTO User (account, username, name, sex, age, tel, type, auth_key) VALUES ('312824197403029900', '崔翔', '崔翔', false, '46', '13102062196', 0, '5s4BA0Fr2444kKn0g9f2FOlylDe99p4T');
INSERT INTO Resident (account, building, unit, room) VALUES ('312824197403029900', 4, 9, 506);
INSERT INTO User (account, username, name, sex, age, tel, type, auth_key) VALUES ('222450200506204238', '臧英霄', '臧英霄', true, '15', '17270760692', 0, 'gLwYpFbk9954of6X2f1jJVGImZzx1qb4');
INSERT INTO Resident (account, building, unit, room) VALUES ('222450200506204238', 80, 6, 2504);
INSERT INTO User (account, username, name, sex, age, tel, type, auth_key) VALUES ('532377195511027645', '巩洁兮', '巩洁兮', false, '65', '19973220165', 0, 'J20dHv8423oc9v5g4qKh0yJ9z2RN3v3E');
INSERT INTO Resident (account, building, unit, room) VALUES ('532377195511027645', 27, 10, 2703);
INSERT INTO User (account, username, name, sex, age, tel, type, auth_key) VALUES ('50346219601022092X', '文航', '文航', true, '60', '14546590860', 0, '2XtSbC2n1d18MCO7vLjawCi2z1Prz7Bp');
INSERT INTO Resident (account, building, unit, room) VALUES ('50346219601022092X', 76, 3, 2006);
INSERT INTO User (account, username, name, sex, age, tel, type, auth_key) VALUES ('431660200803276400', '史盈', '史盈', true, '12', '17384342844', 0, 'a6H95lPhvnH6UPeY6L8p9yESSHBW2VdA');
INSERT INTO Resident (account, building, unit, room) VALUES ('431660200803276400', 31, 1, 1703);
INSERT INTO User (account, username, name, sex, age, tel, type, auth_key) VALUES ('231566197410248550', '秦思', '秦思', true, '46', '19504390886', 0, 'IGgX58772gh9hr1lq4rww20acs1H1Nie');
INSERT INTO Resident (account, building, unit, room) VALUES ('231566197410248550', 61, 1, 1501);
INSERT INTO User (account, username, name, sex, age, tel, type, auth_key) VALUES ('133386195607145154', '晁天', '晁天', false, '64', '17394637384', 0, 'Ibf9D6qU5D6d2354bmt1Ww4RIXs0m1P2');
INSERT INTO Resident (account, building, unit, room) VALUES ('133386195607145154', 97, 5, 1203);
INSERT INTO User (account, username, name, sex, age, tel, type, auth_key) VALUES ('543919193710223346', '高帆亚', '高帆亚', true, '83', '18502718360', 0, 'cydV499l1vRcC0zy2etq1V86ZDfAzVXD');
INSERT INTO Resident (account, building, unit, room) VALUES ('543919193710223346', 91, 7, 303);
INSERT INTO User (account, username, name, sex, age, tel, type, auth_key) VALUES ('121151199606165557', '宫敏令', '宫敏令', false, '24', '17261798214', 0, '48oYQW38gB168O3F4KflB7WD9uEaSj0c');
INSERT INTO Resident (account, building, unit, room) VALUES ('121151199606165557', 25, 8, 1102);
INSERT INTO User (account, username, name, sex, age, tel, type, auth_key) VALUES ('810899193408279737', '曹有敏', '曹有敏', false, '86', '19351069318', 0, 'Ihw2h75dB2A3b0A3I1n6fJNC0j97k4SI');
INSERT INTO Resident (account, building, unit, room) VALUES ('810899193408279737', 42, 1, 1503);
INSERT INTO User (account, username, name, sex, age, tel, type, auth_key) VALUES ('15356319420901205X', '黄舒', '黄舒', false, '78', '18375452901', 0, '16h4u22nb6XgW3E96FR9SxSjO83vkP3Y');
INSERT INTO Resident (account, building, unit, room) VALUES ('15356319420901205X', 29, 9, 2702);
INSERT INTO User (account, username, name, sex, age, tel, type, auth_key) VALUES ('444116195010304480', '姚露', '姚露', true, '70', '17240035044', 0, 'G66zC8G31rDT4C4m0UqECQu0JDuJFM0B');
INSERT INTO Resident (account, building, unit, room) VALUES ('444116195010304480', 32, 3, 204);
INSERT INTO User (account, username, name, sex, age, tel, type, auth_key) VALUES ('312591198506140869', '边炜义', '边炜义', true, '35', '17257584319', 0, 'YWeMWb8lctGPbehzD6SEU30ENACpOvxD');
INSERT INTO Resident (account, building, unit, room) VALUES ('312591198506140869', 34, 4, 1802);
INSERT INTO User (account, username, name, sex, age, tel, type, auth_key) VALUES ('631599194501062845', '巩航奇', '巩航奇', false, '75', '18892006269', 0, 'pVQ8g8CwoD92iAt2g44hspohEilNR85e');
INSERT INTO Resident (account, building, unit, room) VALUES ('631599194501062845', 3, 7, 2803);
INSERT INTO User (account, username, name, sex, age, tel, type, auth_key) VALUES ('654818193201041920', '赵音颖', '赵音颖', true, '88', '19092354695', 0, 'NVQD8O1YwTHWvR6ggk29fq610HRVyvg7');
INSERT INTO Resident (account, building, unit, room) VALUES ('654818193201041920', 85, 4, 2804);
INSERT INTO User (account, username, name, sex, age, tel, type, auth_key) VALUES ('820385193105219218', '山旭冠', '山旭冠', false, '89', '17271663312', 0, '0Q2WwZUOpLnh71iHJ7EDc79A71R1b7uV');
INSERT INTO Resident (account, building, unit, room) VALUES ('820385193105219218', 48, 7, 2403);
INSERT INTO User (account, username, name, sex, age, tel, type, auth_key) VALUES ('232462200606100353', '柳洁本', '柳洁本', true, '14', '18649697893', 0, '8mJU99F59aOVj2yF040qd9RK6N8yS47n');
INSERT INTO Resident (account, building, unit, room) VALUES ('232462200606100353', 43, 7, 2904);
INSERT INTO User (account, username, name, sex, age, tel, type, auth_key) VALUES ('633636193312061042', '秦雅', '秦雅', true, '87', '15906903496', 0, 'p7BBQaW0c496C3l7Nqh8w4YU4An8VY1Q');
INSERT INTO Resident (account, building, unit, room) VALUES ('633636193312061042', 27, 7, 1803);
INSERT INTO User (account, username, name, sex, age, tel, type, auth_key) VALUES ('412835199103058040', '欧阳言', '欧阳言', false, '29', '17876124509', 0, 'KwSYRKxv7Orge8JWmof3U5b2ePmgAQBA');
INSERT INTO Resident (account, building, unit, room) VALUES ('412835199103058040', 92, 5, 702);
INSERT INTO User (account, username, name, sex, age, tel, type, auth_key) VALUES ('122853198005094159', '部菲', '部菲', false, '40', '14736053014', 0, 'm83g9k5kRENvB2gjx88P2v1Qh1wq2ggQ');
INSERT INTO Resident (account, building, unit, room) VALUES ('122853198005094159', 73, 8, 1901);
INSERT INTO User (account, username, name, sex, age, tel, type, auth_key) VALUES ('431270199403268644', '张子建', '张子建', true, '26', '13713629296', 0, 'D66C2v35qXsWWdWSy1qpyv1IujUC8X62');
INSERT INTO Resident (account, building, unit, room) VALUES ('431270199403268644', 67, 1, 802);
INSERT INTO User (account, username, name, sex, age, tel, type, auth_key) VALUES ('13409719250723616X', '任民', '任民', false, '95', '13696358663', 0, 'so3orYNnXutKDc2Awrk82L14hs39xuef');
INSERT INTO Resident (account, building, unit, room) VALUES ('13409719250723616X', 30, 6, 2804);
INSERT INTO User (account, username, name, sex, age, tel, type, auth_key) VALUES ('214285200409219179', '杨杰', '杨杰', true, '16', '18389519153', 0, 'd1s251mPR4DJNxBlTGI2waWULq099D5N');
INSERT INTO Resident (account, building, unit, room) VALUES ('214285200409219179', 20, 9, 2702);
INSERT INTO User (account, username, name, sex, age, tel, type, auth_key) VALUES ('523871196406211660', '齐奇露', '齐奇露', true, '56', '19084108774', 0, 'UFAnYNRCFAR0vQx8X86iKQaHp26YXpEw');
INSERT INTO Resident (account, building, unit, room) VALUES ('523871196406211660', 6, 5, 2406);
INSERT INTO User (account, username, name, sex, age, tel, type, auth_key) VALUES ('652221199403259373', '柳兮', '柳兮', false, '26', '14917318573', 0, 'bOx82C31GrQ2j79oyM2VM8rchxzQ07v4');
INSERT INTO Resident (account, building, unit, room) VALUES ('652221199403259373', 85, 1, 2302);
INSERT INTO User (account, username, name, sex, age, tel, type, auth_key) VALUES ('624103200703200575', '安炜露', '安炜露', true, '13', '18777723245', 0, 'qpa6z64N5lYy0P947dGJmlf89Tv37UfT');
INSERT INTO Resident (account, building, unit, room) VALUES ('624103200703200575', 32, 2, 1405);
INSERT INTO User (account, username, name, sex, age, tel, type, auth_key) VALUES ('813998195809052790', '范飞千', '范飞千', false, '62', '16631034019', 0, 'o3MSV0sJof3i3Nu111y3dwU1YpRjHHaF');
INSERT INTO Resident (account, building, unit, room) VALUES ('813998195809052790', 33, 5, 2103);
INSERT INTO User (account, username, name, sex, age, tel, type, auth_key) VALUES ('330612192301184968', '杨亚', '杨亚', true, '97', '18637491743', 0, '43Du03ToN5y2Y3vp9q5ByFlob514Lq08');
INSERT INTO Resident (account, building, unit, room) VALUES ('330612192301184968', 26, 4, 2605);
INSERT INTO User (account, username, name, sex, age, tel, type, auth_key) VALUES ('630423194909216187', '葛阳', '葛阳', true, '71', '15361430518', 0, 'tj49Ty28Rh98rHm30b20Su1pkl51zgWO');
INSERT INTO Resident (account, building, unit, room) VALUES ('630423194909216187', 48, 10, 205);
INSERT INTO User (account, username, name, sex, age, tel, type, auth_key) VALUES ('634831198711011682', '杨桐伟', '杨桐伟', false, '33', '13280218317', 0, 'JnP0BZ9z6jmV3qF0gpv7sGxX7L257yhu');
INSERT INTO Resident (account, building, unit, room) VALUES ('634831198711011682', 65, 6, 2406);
INSERT INTO User (account, username, name, sex, age, tel, type, auth_key) VALUES ('364383197102072592', '杨锐', '杨锐', true, '49', '15724645562', 0, 'ks8tqfR5H5mf4HZMLQeM1STr274d1LVQ');
INSERT INTO Resident (account, building, unit, room) VALUES ('364383197102072592', 27, 10, 2005);
INSERT INTO User (account, username, name, sex, age, tel, type, auth_key) VALUES ('644792199712273760', '周嘉霄', '周嘉霄', true, '23', '13910054164', 0, '293kg8o8QF2W54d4HQ3tVVdNRhv20Z5X');
INSERT INTO Resident (account, building, unit, room) VALUES ('644792199712273760', 23, 5, 2906);
INSERT INTO User (account, username, name, sex, age, tel, type, auth_key) VALUES ('540409193303275223', '刘霖', '刘霖', false, '87', '17229166274', 0, 'UnCbf1S423w7LN7g4Os6Ri21lL5liz8u');
INSERT INTO Resident (account, building, unit, room) VALUES ('540409193303275223', 36, 3, 701);
INSERT INTO User (account, username, name, sex, age, tel, type, auth_key) VALUES ('132071201011016433', '傅凌凡', '傅凌凡', true, '10', '15014143250', 0, '7kdgY155RWt0q9RMA899fj67B3321vs5');
INSERT INTO Resident (account, building, unit, room) VALUES ('132071201011016433', 91, 10, 2502);
INSERT INTO User (account, username, name, sex, age, tel, type, auth_key) VALUES ('821925200707171802', '孟英民', '孟英民', false, '13', '14702750754', 0, '5LLS3u1SeK3y2N51QvTM2tENVl2Vvxz0');
INSERT INTO Resident (account, building, unit, room) VALUES ('821925200707171802', 45, 9, 2805);
INSERT INTO User (account, username, name, sex, age, tel, type, auth_key) VALUES ('610697194103078447', '夏萱菲', '夏萱菲', false, '79', '13171862157', 0, 'f1UOP7BNrd5B8sqM0f8C8bLPAjNk20F5');
INSERT INTO Resident (account, building, unit, room) VALUES ('610697194103078447', 23, 3, 1102);
INSERT INTO User (account, username, name, sex, age, tel, type, auth_key) VALUES ('534033201010227621', '曲思令', '曲思令', true, '10', '14529396860', 0, '9EgLMt1uMBvnHzg69C0QAYkV4df7CVO3');
INSERT INTO Resident (account, building, unit, room) VALUES ('534033201010227621', 96, 2, 2101);
INSERT INTO User (account, username, name, sex, age, tel, type, auth_key) VALUES ('312171194808099506', '寻淘千', '寻淘千', true, '72', '19304605016', 0, 'DD1TgFBNW3C2kU38yy19kTmt6SSS3NjN');
INSERT INTO Resident (account, building, unit, room) VALUES ('312171194808099506', 22, 7, 2006);
INSERT INTO User (account, username, name, sex, age, tel, type, auth_key) VALUES ('452102197307138360', '宫毅', '宫毅', true, '47', '18589236232', 0, 'r339zQB51v2DPOKaeQ4rhfPQAjg7MKoY');
INSERT INTO Resident (account, building, unit, room) VALUES ('452102197307138360', 63, 2, 2706);
INSERT INTO User (account, username, name, sex, age, tel, type, auth_key) VALUES ('621750198007163568', '郭樱', '郭樱', true, '40', '19310539097', 0, 'SVm911sIc4bv6QR7S91PO5dd3JCK3ZQi');
INSERT INTO Resident (account, building, unit, room) VALUES ('621750198007163568', 3, 10, 604);
INSERT INTO User (account, username, name, sex, age, tel, type, auth_key) VALUES ('450331193610098872', '张哲', '张哲', true, '84', '18879282783', 0, '8h3wPX19WQT89La0W3W877Hob40Rycza');
INSERT INTO Resident (account, building, unit, room) VALUES ('450331193610098872', 77, 4, 405);
INSERT INTO User (account, username, name, sex, age, tel, type, auth_key) VALUES ('423781192906084531', '欧淘露', '欧淘露', false, '91', '13303871145', 0, 'hm27Zhfgyyl4ec687z9918tIoBjynNo4');
INSERT INTO Resident (account, building, unit, room) VALUES ('423781192906084531', 57, 1, 2103);
INSERT INTO User (account, username, name, sex, age, tel, type, auth_key) VALUES ('632660195907042112', '楚朋静', '楚朋静', true, '61', '15999706424', 0, '6vxqD39aG8ZkhCJI094q8R42FtCWVfDj');
INSERT INTO Resident (account, building, unit, room) VALUES ('632660195907042112', 98, 2, 1802);
INSERT INTO User (account, username, name, sex, age, tel, type, auth_key) VALUES ('321092201206054846', '仲天令', '仲天令', true, '8', '18267956491', 0, '1d2w46Th36RR5p126I83lSVmK3OLTiK7');
INSERT INTO Resident (account, building, unit, room) VALUES ('321092201206054846', 67, 5, 1502);
INSERT INTO User (account, username, name, sex, age, tel, type, auth_key) VALUES ('212472196712176746', '牛义凡', '牛义凡', false, '53', '19005477389', 0, 'pm0Fv2WJrW9xR73cc68H69K3I8aZ61m6');
INSERT INTO Resident (account, building, unit, room) VALUES ('212472196712176746', 62, 1, 2206);
INSERT INTO User (account, username, name, sex, age, tel, type, auth_key) VALUES ('43409019230915125X', '商雅', '商雅', false, '97', '15736267584', 0, '39Cy4joy8UvcxCGnyy62959ajuDbb0xx');
INSERT INTO Resident (account, building, unit, room) VALUES ('43409019230915125X', 45, 3, 1401);
INSERT INTO User (account, username, name, sex, age, tel, type, auth_key) VALUES ('220839194704300764', '陆奕颖', '陆奕颖', true, '73', '13011593361', 0, 's3yFNWfPc1xk3b7IE9ZiOG972qz9O4XH');
INSERT INTO Resident (account, building, unit, room) VALUES ('220839194704300764', 48, 2, 2402);
INSERT INTO User (account, username, name, sex, age, tel, type, auth_key) VALUES ('463007200710085392', '仲圆炜', '仲圆炜', true, '13', '19526893385', 0, 'cho59nDB0Yx8SI4fvnQuz36zf7bj0JI3');
INSERT INTO Resident (account, building, unit, room) VALUES ('463007200710085392', 79, 10, 2404);
INSERT INTO User (account, username, name, sex, age, tel, type, auth_key) VALUES ('11118019671021702X', '司马煜', '司马煜', true, '53', '13223908193', 0, 'tS4D4YMQ2UYiLu9Iv59S2n3J9tz8aRnm');
INSERT INTO Resident (account, building, unit, room) VALUES ('11118019671021702X', 12, 1, 503);
INSERT INTO User (account, username, name, sex, age, tel, type, auth_key) VALUES ('364025194709151033', '周阳令', '周阳令', true, '73', '13316851052', 0, 'M14Rz4d3z6zZDRTrOE4j0h4b683Vg62A');
INSERT INTO Resident (account, building, unit, room) VALUES ('364025194709151033', 98, 5, 1004);
INSERT INTO User (account, username, name, sex, age, tel, type, auth_key) VALUES ('430439193605227028', '文雅', '文雅', true, '84', '17506377748', 0, 'fBJ29E42563vana8b5AwVnqc1Drr1Xgj');
INSERT INTO Resident (account, building, unit, room) VALUES ('430439193605227028', 92, 3, 403);
INSERT INTO User (account, username, name, sex, age, tel, type, auth_key) VALUES ('114218199510122681', '管迅', '管迅', false, '25', '19340149833', 0, 'XluOFf8s5TbM0xQof7O2qqN1cq6R48uW');
INSERT INTO Resident (account, building, unit, room) VALUES ('114218199510122681', 53, 3, 1904);
INSERT INTO User (account, username, name, sex, age, tel, type, auth_key) VALUES ('234235201101280630', '余千', '余千', true, '9', '19213281853', 0, 'ePU7PQLj1K831mO4569x3sn9oxlFE2R7');
INSERT INTO Resident (account, building, unit, room) VALUES ('234235201101280630', 93, 2, 1605);
INSERT INTO User (account, username, name, sex, age, tel, type, auth_key) VALUES ('53353720081017966X', '金建', '金建', false, '12', '18017484129', 0, '4YL4bAOR5h9W6uC8w17gKi5aUH470mB3');
INSERT INTO Resident (account, building, unit, room) VALUES ('53353720081017966X', 40, 10, 2903);
INSERT INTO User (account, username, name, sex, age, tel, type, auth_key) VALUES ('213846200504309393', '余馨建', '余馨建', false, '15', '17842101034', 0, '904U4X04c46Y6W3ZUfQYrL8TPtJX37r1');
INSERT INTO Resident (account, building, unit, room) VALUES ('213846200504309393', 30, 9, 1001);
INSERT INTO User (account, username, name, sex, age, tel, type, auth_key) VALUES ('321588197712066413', '曹旭', '曹旭', true, '43', '13338230967', 0, 'rgEg5X6TPU55R8G7m4UV46JX6cHNOhBE');
INSERT INTO Resident (account, building, unit, room) VALUES ('321588197712066413', 97, 3, 1802);
INSERT INTO User (account, username, name, sex, age, tel, type, auth_key) VALUES ('521682200711204399', '尹言本', '尹言本', false, '13', '18177129788', 0, 'LPTOzT9N304u20xHoNU6y7Lk97YhPvOs');
INSERT INTO Resident (account, building, unit, room) VALUES ('521682200711204399', 82, 4, 1304);
INSERT INTO User (account, username, name, sex, age, tel, type, auth_key) VALUES ('464025201001318565', '郑奇盈', '郑奇盈', false, '10', '18186930522', 0, '2lE5UVac694Kp6P44GZ71fjUff5Qy255');
INSERT INTO Resident (account, building, unit, room) VALUES ('464025201001318565', 77, 2, 902);
INSERT INTO User (account, username, name, sex, age, tel, type, auth_key) VALUES ('142610196701313122', '裴帆毅', '裴帆毅', true, '53', '13663549894', 0, '6VFP796ob0vDUZXtvf9tkxD8BI07i2fD');
INSERT INTO Resident (account, building, unit, room) VALUES ('142610196701313122', 56, 3, 2603);
INSERT INTO User (account, username, name, sex, age, tel, type, auth_key) VALUES ('220157200707286884', '吴霖', '吴霖', true, '13', '15554804525', 0, 'eUBX5Jt31hyFqzW1bkr1mZUc7S1fy9a5');
INSERT INTO Resident (account, building, unit, room) VALUES ('220157200707286884', 20, 3, 306);
INSERT INTO User (account, username, name, sex, age, tel, type, auth_key) VALUES ('214435194701082906', '陈圣良', '陈圣良', true, '73', '15759718844', 0, 't1KfY00IQ1VKSf71C0Ms16OBF6N6Tv9v');
INSERT INTO Resident (account, building, unit, room) VALUES ('214435194701082906', 70, 5, 2403);
INSERT INTO User (account, username, name, sex, age, tel, type, auth_key) VALUES ('422788200412025668', '戚凡', '戚凡', true, '16', '13952954812', 0, 'bpjX6S87TeLfBEDoM09N17RR18cQo7nj');
INSERT INTO Resident (account, building, unit, room) VALUES ('422788200412025668', 51, 4, 305);
INSERT INTO User (account, username, name, sex, age, tel, type, auth_key) VALUES ('223436200610224894', '司马有', '司马有', false, '14', '19876740368', 0, 'tNT5MM412FNku0uOf4ct1T8D21MuZdUV');
INSERT INTO Resident (account, building, unit, room) VALUES ('223436200610224894', 49, 4, 1602);
INSERT INTO User (account, username, name, sex, age, tel, type, auth_key) VALUES ('142819200201023893', '常毅兰', '常毅兰', false, '18', '13137915422', 0, '6h9kPsG1Sh09v2bw6wQ7i23J3N48909a');
INSERT INTO Resident (account, building, unit, room) VALUES ('142819200201023893', 81, 3, 206);
INSERT INTO User (account, username, name, sex, age, tel, type, auth_key) VALUES ('314436195503126965', '尚炜霄', '尚炜霄', false, '65', '19705379644', 0, 'TZMtvgS8iLmUan97e4H42jT4fyVtQLsZ');
INSERT INTO Resident (account, building, unit, room) VALUES ('314436195503126965', 5, 6, 1401);
INSERT INTO User (account, username, name, sex, age, tel, type, auth_key) VALUES ('650435194509256424', '楚静樱', '楚静樱', false, '75', '13787164680', 0, '4849kN1A9ym2L0P6q50ciLtRnqFDl881');
INSERT INTO Resident (account, building, unit, room) VALUES ('650435194509256424', 69, 5, 2501);
INSERT INTO User (account, username, name, sex, age, tel, type, auth_key) VALUES ('221659196001180090', '余腾良', '余腾良', false, '60', '19909663431', 0, '22r47ucMmTm1W92NZM1cyKiNUl3wnRJz');
INSERT INTO Resident (account, building, unit, room) VALUES ('221659196001180090', 99, 9, 2202);
INSERT INTO User (account, username, name, sex, age, tel, type, auth_key) VALUES ('124958196705256289', '郭航露', '郭航露', true, '53', '17386340022', 0, '8bnETev69n5iwIfG74vOA70eSefo80Vw');
INSERT INTO Resident (account, building, unit, room) VALUES ('124958196705256289', 100, 6, 1802);
INSERT INTO User (account, username, name, sex, age, tel, type, auth_key) VALUES ('414520196701208071', '武舒兰', '武舒兰', false, '53', '15525279634', 0, 'TJB8yx31uQyTSt63UkFP8wS5075o50B5');
INSERT INTO Resident (account, building, unit, room) VALUES ('414520196701208071', 52, 1, 2402);
INSERT INTO User (account, username, name, sex, age, tel, type, auth_key) VALUES ('353051194008229898', '鲁千硕', '鲁千硕', false, '80', '18512572301', 0, 'VrRqmjogI36ET1vYFq4OwqGfXB4oK8Gt');
INSERT INTO Resident (account, building, unit, room) VALUES ('353051194008229898', 94, 1, 2205);
INSERT INTO User (account, username, name, sex, age, tel, type, auth_key) VALUES ('620484196003062715', '吕霖', '吕霖', false, '60', '18086806391', 0, 'QqUa3gLowSgYxMK079UeIRG0bKX7ToDA');
INSERT INTO Resident (account, building, unit, room) VALUES ('620484196003062715', 69, 4, 1703);
INSERT INTO User (account, username, name, sex, age, tel, type, auth_key) VALUES ('440584199606159868', '姚力盈', '姚力盈', true, '24', '17826991819', 0, '4sBQLC517g5bYxoTseqqQRD234wjwU81');
INSERT INTO Resident (account, building, unit, room) VALUES ('440584199606159868', 10, 6, 2906);
INSERT INTO User (account, username, name, sex, age, tel, type, auth_key) VALUES ('220622195912119374', '赵佳家', '赵佳家', true, '61', '15956799734', 0, 'p0pz4575fBZkUO0Y6nl3557xFR1z3lxh');
INSERT INTO Resident (account, building, unit, room) VALUES ('220622195912119374', 28, 10, 1005);
INSERT INTO User (account, username, name, sex, age, tel, type, auth_key) VALUES ('622281194609173613', '仲亚敏', '仲亚敏', false, '74', '15974885294', 0, 'DIwC9Wmk528ZNDz720mq8341H0M7F6GS');
INSERT INTO Resident (account, building, unit, room) VALUES ('622281194609173613', 89, 10, 2906);
INSERT INTO User (account, username, name, sex, age, tel, type, auth_key) VALUES ('634154193305134217', '周泽', '周泽', true, '87', '13479519448', 0, 'TaBZ45A0tcAy803dw02N2IS8prF7r27z');
INSERT INTO Resident (account, building, unit, room) VALUES ('634154193305134217', 48, 2, 901);
INSERT INTO User (account, username, name, sex, age, tel, type, auth_key) VALUES ('814231200605207518', '钱子馨', '钱子馨', false, '14', '13484889709', 0, 'u57yRwxR2p318cdORyJt4hq2tiyWVnzD');
INSERT INTO Resident (account, building, unit, room) VALUES ('814231200605207518', 6, 7, 1403);
INSERT INTO User (account, username, name, sex, age, tel, type, auth_key) VALUES ('340921196812291239', '麦兮', '麦兮', true, '52', '18970635937', 0, 'h0wFH5RcBMjJczv31W86h5dWiJdYh75C');
INSERT INTO Resident (account, building, unit, room) VALUES ('340921196812291239', 60, 1, 1503);
INSERT INTO User (account, username, name, sex, age, tel, type, auth_key) VALUES ('623218192811246848', '冯泽奕', '冯泽奕', false, '92', '15948687015', 0, 'jThP1XiwJzRpzw4QnTY4Qc00J4w1253q');
INSERT INTO Resident (account, building, unit, room) VALUES ('623218192811246848', 98, 2, 1105);
INSERT INTO User (account, username, name, sex, age, tel, type, auth_key) VALUES ('142060198911114416', '冯奇飞', '冯奇飞', true, '31', '13192334660', 0, 'mS8Ywd6sXPUPsUH42d54T0vqvCqqk14A');
INSERT INTO Resident (account, building, unit, room) VALUES ('142060198911114416', 99, 7, 203);
INSERT INTO User (account, username, name, sex, age, tel, type, auth_key) VALUES ('410705200902248860', '米帆洁', '米帆洁', false, '11', '15537624248', 0, 'KQwo6W3Xt44q5rx9fXjO4B009gLXfE2k');
INSERT INTO Resident (account, building, unit, room) VALUES ('410705200902248860', 32, 7, 1602);
INSERT INTO User (account, username, name, sex, age, tel, type, auth_key) VALUES ('232904196704238204', '盛夫倨', '盛夫倨', true, '53', '16694415254', 0, '7bE7V7oPZTOZyWd04gp5v3vQI7EbKAD8');
INSERT INTO Resident (account, building, unit, room) VALUES ('232904196704238204', 65, 2, 603);
INSERT INTO User (account, username, name, sex, age, tel, type, auth_key) VALUES ('421349192511256938', '杜雯宇', '杜雯宇', false, '95', '19275723229', 0, 'nE7n5u81dM9kR6EnK3DapP8J0aXP92ZD');
INSERT INTO Resident (account, building, unit, room) VALUES ('421349192511256938', 85, 8, 2806);
INSERT INTO User (account, username, name, sex, age, tel, type, auth_key) VALUES ('314739196305044445', '崔倨兮', '崔倨兮', true, '57', '18907380522', 0, '9Hua6w6mSP47Z25yGSKZg7KZsE4vptsQ');
INSERT INTO Resident (account, building, unit, room) VALUES ('314739196305044445', 36, 7, 2101);
INSERT INTO User (account, username, name, sex, age, tel, type, auth_key) VALUES ('422269199202206464', '山霄圣', '山霄圣', false, '28', '13118427478', 0, 'b3A8OUy683280wk8rdZkH7NhORFRI8et');
INSERT INTO Resident (account, building, unit, room) VALUES ('422269199202206464', 34, 6, 1005);
INSERT INTO User (account, username, name, sex, age, tel, type, auth_key) VALUES ('154397194002099386', '山夫洁', '山夫洁', false, '80', '15033047783', 0, '5m0Qrw4U17uEV2f3RIgD720jRe02dr4q');
INSERT INTO Resident (account, building, unit, room) VALUES ('154397194002099386', 79, 7, 2005);
INSERT INTO User (account, username, name, sex, age, tel, type, auth_key) VALUES ('451711193412125563', '严正', '严正', true, '86', '17575480821', 0, '84i9BsF2giew201cEixSM41mPkP9iryj');
INSERT INTO Resident (account, building, unit, room) VALUES ('451711193412125563', 9, 8, 406);
INSERT INTO User (account, username, name, sex, age, tel, type, auth_key) VALUES ('372853197407157827', '高阳睿', '高阳睿', false, '46', '17212589725', 0, 'tjtpiXd7f4dXF788bsHLu3KY6Le5KI4b');
INSERT INTO Resident (account, building, unit, room) VALUES ('372853197407157827', 54, 7, 603);
INSERT INTO User (account, username, name, sex, age, tel, type, auth_key) VALUES ('503632200501068754', '郑圣思', '郑圣思', false, '15', '17328291082', 0, 'SI4K3lwK95c34Vx7jxa6dqfcrL6Z5CCN');
INSERT INTO Resident (account, building, unit, room) VALUES ('503632200501068754', 7, 1, 801);
INSERT INTO User (account, username, name, sex, age, tel, type, auth_key) VALUES ('713450200605254977', '肖雯可', '肖雯可', false, '14', '19732682612', 0, '8CJU45sFlS8X1K01V87G6Ig85l38kUZl');
INSERT INTO Resident (account, building, unit, room) VALUES ('713450200605254977', 44, 1, 2901);
INSERT INTO User (account, username, name, sex, age, tel, type, auth_key) VALUES ('462288195903251779', '麦帆颖', '麦帆颖', false, '61', '13752364677', 0, 'H88t4lP6VM481B5KtCC759vWWCKt1kH9');
INSERT INTO Resident (account, building, unit, room) VALUES ('462288195903251779', 14, 3, 2601);
INSERT INTO User (account, username, name, sex, age, tel, type, auth_key) VALUES ('54463219650830124X', '陈建雨', '陈建雨', true, '55', '15695546347', 0, '49kPY49IBKL3NtZR09osT8P15wurqwp2');
INSERT INTO Resident (account, building, unit, room) VALUES ('54463219650830124X', 42, 7, 203);
INSERT INTO User (account, username, name, sex, age, tel, type, auth_key) VALUES ('13475520011210506X', '山泽', '山泽', false, '19', '14546460091', 0, '781pIH8Ud3nmXX46hJr95U9V1R9o5wyM');
INSERT INTO Resident (account, building, unit, room) VALUES ('13475520011210506X', 20, 8, 2403);
INSERT INTO User (account, username, name, sex, age, tel, type, auth_key) VALUES ('643890200708053559', '仲翔炎', '仲翔炎', true, '13', '14772517388', 0, 's44rz36Dw3j5E7kpkML7YS68vI47IO68');
INSERT INTO Resident (account, building, unit, room) VALUES ('643890200708053559', 87, 8, 1305);
INSERT INTO User (account, username, name, sex, age, tel, type, auth_key) VALUES ('544296194005077442', '季硕煜', '季硕煜', true, '80', '19943446565', 0, 'X2Pg7Q4x5U4f0P6G51H8rqM83L6IjNb8');
INSERT INTO Resident (account, building, unit, room) VALUES ('544296194005077442', 74, 3, 602);
INSERT INTO User (account, username, name, sex, age, tel, type, auth_key) VALUES ('521763194209280528', '胡煜', '胡煜', false, '78', '15028082090', 0, '5g5YoMaaErXAPG9Q0Lq8x24zzTN6js1C');
INSERT INTO Resident (account, building, unit, room) VALUES ('521763194209280528', 36, 3, 505);
INSERT INTO User (account, username, name, sex, age, tel, type, auth_key) VALUES ('443246200204115527', '陈泽', '陈泽', false, '18', '18282233349', 0, 'xP4Vk553ATB759wbD729Z6C3Q5i0vt3Q');
INSERT INTO Resident (account, building, unit, room) VALUES ('443246200204115527', 69, 1, 1603);
INSERT INTO User (account, username, name, sex, age, tel, type, auth_key) VALUES ('344179195001247059', '盛翔民', '盛翔民', true, '70', '19740946811', 0, '3ez9mRDfnm21ELA8Q2Uwto5e678QEz64');
INSERT INTO Resident (account, building, unit, room) VALUES ('344179195001247059', 43, 10, 2206);
INSERT INTO User (account, username, name, sex, age, tel, type, auth_key) VALUES ('340978192509216407', '岳琦迅', '岳琦迅', false, '95', '19198696725', 0, '777t2S0l3UIG914e7tAg6wF9eW6RzM9e');
INSERT INTO Resident (account, building, unit, room) VALUES ('340978192509216407', 18, 3, 1505);
INSERT INTO User (account, username, name, sex, age, tel, type, auth_key) VALUES ('824589194903075781', '完颜广赛', '完颜广赛', true, '71', '17305611624', 0, 'L5hZy03929HxD2C9n6QeET5929dMGQ2W');
INSERT INTO Resident (account, building, unit, room) VALUES ('824589194903075781', 8, 9, 1202);
INSERT INTO User (account, username, name, sex, age, tel, type, auth_key) VALUES ('504541200106274483', '麦思腾', '麦思腾', false, '19', '18998760140', 0, 'uo955948hVsr65c6Ig58I75Y6l65RPA1');
INSERT INTO Resident (account, building, unit, room) VALUES ('504541200106274483', 23, 2, 2401);
INSERT INTO User (account, username, name, sex, age, tel, type, auth_key) VALUES ('620945199609298584', '吴霖依', '吴霖依', false, '24', '18662330918', 0, 'O1OKOpGond1MSj4a65ARK5JVPiY09aMk');
INSERT INTO Resident (account, building, unit, room) VALUES ('620945199609298584', 5, 2, 1604);
INSERT INTO User (account, username, name, sex, age, tel, type, auth_key) VALUES ('320745201410268931', '胡宜盈', '胡宜盈', false, '6', '19584912473', 0, 'q88P5WW9H2d084K47wsjTykV1xs5J80q');
INSERT INTO Resident (account, building, unit, room) VALUES ('320745201410268931', 100, 2, 203);
INSERT INTO User (account, username, name, sex, age, tel, type, auth_key) VALUES ('544719197307159829', '尚中广', '尚中广', true, '47', '17255836224', 0, '47j4y452tpF2h66237r9C7Dhd86NlmO2');
INSERT INTO Resident (account, building, unit, room) VALUES ('544719197307159829', 37, 9, 702);
INSERT INTO User (account, username, name, sex, age, tel, type, auth_key) VALUES ('442280193210116902', '昌盈兮', '昌盈兮', true, '88', '18964176446', 0, 'lcHeZSAljrok0E5282pFBDinnX0672Z0');
INSERT INTO Resident (account, building, unit, room) VALUES ('442280193210116902', 57, 7, 2904);
INSERT INTO User (account, username, name, sex, age, tel, type, auth_key) VALUES ('513899197812127040', '隽锐露', '隽锐露', true, '42', '13556579801', 0, '2NYpy6MFrE5UH9sgb62G0S5Zf07o9848');
INSERT INTO Resident (account, building, unit, room) VALUES ('513899197812127040', 51, 10, 1203);
INSERT INTO User (account, username, name, sex, age, tel, type, auth_key) VALUES ('510310200505125867', '龚淘', '龚淘', false, '15', '18890619607', 0, 'WQ5Aea4MY17W68tFced17t887Rn914eG');
INSERT INTO Resident (account, building, unit, room) VALUES ('510310200505125867', 98, 5, 1702);
INSERT INTO User (account, username, name, sex, age, tel, type, auth_key) VALUES ('214089200201133944', '金盈', '金盈', true, '18', '15566200472', 0, 'DXO75xT4O88MTqHBSjnmDN76viJ6dqMI');
INSERT INTO Resident (account, building, unit, room) VALUES ('214089200201133944', 50, 9, 403);
INSERT INTO User (account, username, name, sex, age, tel, type, auth_key) VALUES ('524696197101055254', '沈民洁', '沈民洁', true, '49', '18302600434', 0, 'oF3DGsXZ950KiV1qq1c03wlSUPX1pa6C');
INSERT INTO Resident (account, building, unit, room) VALUES ('524696197101055254', 3, 8, 2802);
INSERT INTO User (account, username, name, sex, age, tel, type, auth_key) VALUES ('154915194401180232', '康千', '康千', true, '76', '19878189044', 0, '5736beDqrTT7Q1cL2x148ma37DNlvw9a');
INSERT INTO Resident (account, building, unit, room) VALUES ('154915194401180232', 72, 7, 1004);
INSERT INTO User (account, username, name, sex, age, tel, type, auth_key) VALUES ('460232200712161931', '燕桐迅', '燕桐迅', true, '13', '14564682230', 0, 'heCh0jr85TJ1IF9J9TbN3To445lTg0Fj');
INSERT INTO Resident (account, building, unit, room) VALUES ('460232200712161931', 56, 1, 1605);
INSERT INTO User (account, username, name, sex, age, tel, type, auth_key) VALUES ('12417719620831571X', '张锐言', '张锐言', false, '58', '15573411879', 0, 'X5D1NZI9XJ64372Ve0nJ8lg16K2BHkmy');
INSERT INTO Resident (account, building, unit, room) VALUES ('12417719620831571X', 74, 3, 2402);
INSERT INTO User (account, username, name, sex, age, tel, type, auth_key) VALUES ('620230194306038387', '童樱', '童樱', false, '77', '18098074927', 0, 'x81F509WvfR9fFc0XlIFM3WWyTUc0n4Z');
INSERT INTO Resident (account, building, unit, room) VALUES ('620230194306038387', 79, 3, 2401);
INSERT INTO User (account, username, name, sex, age, tel, type, auth_key) VALUES ('343164192505050086', '夏倨', '夏倨', false, '95', '14599756540', 0, 'lwL1hAFnDBNMh76rk60q9dT9GlrGdu43');
INSERT INTO Resident (account, building, unit, room) VALUES ('343164192505050086', 41, 6, 204);
INSERT INTO User (account, username, name, sex, age, tel, type, auth_key) VALUES ('350279200407156759', '胡一云', '胡一云', true, '16', '14998325726', 0, '06cVaJKic7j78G6fv4T25JO5JkJ24Lj0');
INSERT INTO Resident (account, building, unit, room) VALUES ('350279200407156759', 48, 4, 801);
INSERT INTO User (account, username, name, sex, age, tel, type, auth_key) VALUES ('823883192512184782', '麦雅桐', '麦雅桐', true, '95', '18741021137', 0, 'P72OU601g5v808nFQF6e6lF113DaL785');
INSERT INTO Resident (account, building, unit, room) VALUES ('823883192512184782', 62, 10, 1505);
INSERT INTO User (account, username, name, sex, age, tel, type, auth_key) VALUES ('505084196906135702', '晁朋霖', '晁朋霖', true, '51', '14503924413', 0, 'x5oE807Cl422aC90F7H6wH622e0OGG0C');
INSERT INTO Resident (account, building, unit, room) VALUES ('505084196906135702', 18, 3, 805);
INSERT INTO User (account, username, name, sex, age, tel, type, auth_key) VALUES ('154866193312038795', '晁佳', '晁佳', false, '87', '15335942503', 0, '4YRuCKOQMyLbXzkFHzO8O1Q6k2r4KHZJ');
INSERT INTO Resident (account, building, unit, room) VALUES ('154866193312038795', 16, 7, 1301);
INSERT INTO User (account, username, name, sex, age, tel, type, auth_key) VALUES ('504039197712307023', '岳轩', '岳轩', false, '43', '19945311384', 0, '0rAEKxg0Q2gdxN6zm2K0d573369IBb03');
INSERT INTO Resident (account, building, unit, room) VALUES ('504039197712307023', 23, 6, 204);
INSERT INTO User (account, username, name, sex, age, tel, type, auth_key) VALUES ('443818199907024963', '燕本中', '燕本中', true, '21', '17589859389', 0, '2By2z28268bdwu6Wk83p7kRVciwD3yQY');
INSERT INTO Resident (account, building, unit, room) VALUES ('443818199907024963', 88, 2, 303);
INSERT INTO User (account, username, name, sex, age, tel, type, auth_key) VALUES ('413618195912159414', '裴静霄', '裴静霄', false, '61', '15591041074', 0, 'VR9R7xKHDRFdEOisBse6MPTrBrgr68R5');
INSERT INTO Resident (account, building, unit, room) VALUES ('413618195912159414', 20, 2, 405);
INSERT INTO User (account, username, name, sex, age, tel, type, auth_key) VALUES ('520648196310234071', '李义霖', '李义霖', true, '57', '13329606779', 0, 'uZURxObLz8h8nAACWfBF6mu9mM78iE70');
INSERT INTO Resident (account, building, unit, room) VALUES ('520648196310234071', 10, 2, 2402);
INSERT INTO User (account, username, name, sex, age, tel, type, auth_key) VALUES ('124248194412123007', '靳源', '靳源', false, '76', '17244030612', 0, 'UON32Lq5is2Gxf4yhV4oC6n8tB44q1AS');
INSERT INTO Resident (account, building, unit, room) VALUES ('124248194412123007', 50, 6, 2102);
INSERT INTO User (account, username, name, sex, age, tel, type, auth_key) VALUES ('412227196506083063', '文兰畅', '文兰畅', true, '55', '19738662084', 0, 'e0Y9290MoOfp24N6u5631Lg5Y0IBdd9W');
INSERT INTO Resident (account, building, unit, room) VALUES ('412227196506083063', 45, 6, 2103);
INSERT INTO User (account, username, name, sex, age, tel, type, auth_key) VALUES ('332566193103151472', '汪龙嘉', '汪龙嘉', true, '89', '18890337911', 0, '9k0tec2lpq5MWJkNftJ676Or1ahJYg7D');
INSERT INTO Resident (account, building, unit, room) VALUES ('332566193103151472', 20, 10, 1506);
INSERT INTO User (account, username, name, sex, age, tel, type, auth_key) VALUES ('652639196812116527', '张昕音', '张昕音', false, '52', '18056890139', 0, 'ub7stcl3R0072zSOenI0r4I2578Jr409');
INSERT INTO Resident (account, building, unit, room) VALUES ('652639196812116527', 26, 3, 2502);
INSERT INTO User (account, username, name, sex, age, tel, type, auth_key) VALUES ('622856195304064884', '燕家雨', '燕家雨', false, '67', '14762044093', 0, 'fyRsqc7W48ncs27kHpt4rwlUF8ygsH1u');
INSERT INTO Resident (account, building, unit, room) VALUES ('622856195304064884', 14, 8, 1205);
INSERT INTO User (account, username, name, sex, age, tel, type, auth_key) VALUES ('524141198410134926', '季良宜', '季良宜', false, '36', '13461485372', 0, '93Tz45HLJ6jqKY3H0rlLX1Tcz4U32JVH');
INSERT INTO Resident (account, building, unit, room) VALUES ('524141198410134926', 20, 6, 1106);
INSERT INTO User (account, username, name, sex, age, tel, type, auth_key) VALUES ('710215195501286712', '黄毅', '黄毅', false, '65', '18479428332', 0, 'g4dznCtQ2405KPuns7tu7HKbqwHF4p91');
INSERT INTO Resident (account, building, unit, room) VALUES ('710215195501286712', 70, 2, 1703);
INSERT INTO User (account, username, name, sex, age, tel, type, auth_key) VALUES ('461775200407140160', '夏夫腾', '夏夫腾', true, '16', '13991591391', 0, 'vFwSN4UX18vw4hG88Xi6QYTU513X11jg');
INSERT INTO Resident (account, building, unit, room) VALUES ('461775200407140160', 33, 9, 1606);
INSERT INTO User (account, username, name, sex, age, tel, type, auth_key) VALUES ('112055199011174840', '史倨舒', '史倨舒', false, '30', '16694082304', 0, 'O330kX7D0C7YUM9SiDTwU22qBUhh4iNG');
INSERT INTO Resident (account, building, unit, room) VALUES ('112055199011174840', 70, 1, 803);
INSERT INTO User (account, username, name, sex, age, tel, type, auth_key) VALUES ('131350193112238854', '文凡', '文凡', true, '89', '13152563990', 0, '8Z02yVkMDr4f04j36NDxALt52EGBaK59');
INSERT INTO Resident (account, building, unit, room) VALUES ('131350193112238854', 39, 6, 2901);
INSERT INTO User (account, username, name, sex, age, tel, type, auth_key) VALUES ('113986194306102570', '齐宇力', '齐宇力', false, '77', '13744253684', 0, 'LkhML0gVq4JcMqM5FHIBa09AmZ2ZSz4Q');
INSERT INTO Resident (account, building, unit, room) VALUES ('113986194306102570', 67, 4, 1103);
INSERT INTO User (account, username, name, sex, age, tel, type, auth_key) VALUES ('461955196105156929', '殷航牧', '殷航牧', false, '59', '15127407542', 0, 'UA66YTMIE4EN2gW87jSa04LZ9m5dx9y2');
INSERT INTO Resident (account, building, unit, room) VALUES ('461955196105156929', 44, 9, 605);
INSERT INTO User (account, username, name, sex, age, tel, type, auth_key) VALUES ('522931198502123080', '曹睿', '曹睿', true, '35', '14749568798', 0, 'E0avoB3fFy1uJ7nF8UqUa6E90OY06X9U');
INSERT INTO Resident (account, building, unit, room) VALUES ('522931198502123080', 91, 3, 2604);
INSERT INTO User (account, username, name, sex, age, tel, type, auth_key) VALUES ('713740193603258923', '臧哲圣', '臧哲圣', true, '84', '15748237699', 0, 'I7Ks0kYZ2R6pCEL5P1Gn9DTLANTOzj7y');
INSERT INTO Resident (account, building, unit, room) VALUES ('713740193603258923', 13, 9, 1305);
INSERT INTO User (account, username, name, sex, age, tel, type, auth_key) VALUES ('432833194102066660', '晁迅', '晁迅', true, '79', '17855076622', 0, '0S842npxnC8708h9oUK2epb6kpo02mN1');
INSERT INTO Resident (account, building, unit, room) VALUES ('432833194102066660', 58, 5, 2504);
INSERT INTO User (account, username, name, sex, age, tel, type, auth_key) VALUES ('121385193201093000', '田菲', '田菲', false, '88', '19757060680', 0, 'h547TDSpxX5T4UX5Pcg2Nd0h1g76Nzcx');
INSERT INTO Resident (account, building, unit, room) VALUES ('121385193201093000', 35, 3, 903);
INSERT INTO User (account, username, name, sex, age, tel, type, auth_key) VALUES ('411394199001213540', '隽思敏', '隽思敏', true, '30', '19684153191', 1, 'diPWd83A9yHcfLcB2332876D217Wqj3J');
INSERT INTO Committee (account, in_date, is_admin) VALUES ('411394199001213540', '20150713', false);
INSERT INTO User (account, username, name, sex, age, tel, type, auth_key) VALUES ('712222201301047594', '权思', '权思', false, '7', '13939789919', 0, 'voYUSLX35o7TbWnUgHP44k6N5jXjkh54');
INSERT INTO Resident (account, building, unit, room) VALUES ('712222201301047594', 68, 4, 2202);
INSERT INTO User (account, username, name, sex, age, tel, type, auth_key) VALUES ('35487419790704614X', '刘硕令', '刘硕令', false, '41', '15595317176', 0, 'F15tki48h22jhIh1Eis86fl74BY45vRj');
INSERT INTO Resident (account, building, unit, room) VALUES ('35487419790704614X', 64, 1, 1204);
INSERT INTO User (account, username, name, sex, age, tel, type, auth_key) VALUES ('81215519390706516X', '宫辰', '宫辰', true, '81', '17677322516', 0, 'GG9790liM1jBk97Rcj2u8AAhz4V7X55q');
INSERT INTO Resident (account, building, unit, room) VALUES ('81215519390706516X', 43, 3, 2605);
INSERT INTO User (account, username, name, sex, age, tel, type, auth_key) VALUES ('452206199905061141', '史迅帆', '史迅帆', false, '21', '17549987091', 0, 'X4dGi70KHvq2ESLMLEA96O5of996TdYM');
INSERT INTO Resident (account, building, unit, room) VALUES ('452206199905061141', 63, 2, 2702);
INSERT INTO User (account, username, name, sex, age, tel, type, auth_key) VALUES ('214476196802241922', '董薪豪', '董薪豪', true, '52', '17645159909', 0, 'Zy8TyzapU67035U0F50dudM622Pq37vJ');
INSERT INTO Resident (account, building, unit, room) VALUES ('214476196802241922', 19, 8, 2503);
INSERT INTO User (account, username, name, sex, age, tel, type, auth_key) VALUES ('134392198810048095', '范诺圆', '范诺圆', false, '32', '15893195681', 0, '5hbP7vCJLowpi3YFr1iR4AB84ho84MJ3');
INSERT INTO Resident (account, building, unit, room) VALUES ('134392198810048095', 100, 6, 2301);
INSERT INTO User (account, username, name, sex, age, tel, type, auth_key) VALUES ('652712199710086375', '文洁', '文洁', false, '23', '15666363320', 0, '0rFnLPeqgF3X1hK1bC2gCTmcREvZ3DEp');
INSERT INTO Resident (account, building, unit, room) VALUES ('652712199710086375', 88, 9, 2206);
INSERT INTO User (account, username, name, sex, age, tel, type, auth_key) VALUES ('462881195007196340', '赵雨', '赵雨', false, '70', '15651250641', 0, 'vzL8y495342253Msy3GHG5t2Bk1Q2b00');
INSERT INTO Resident (account, building, unit, room) VALUES ('462881195007196340', 40, 4, 2103);
INSERT INTO User (account, username, name, sex, age, tel, type, auth_key) VALUES ('212512195809269174', '毕柏桐', '毕柏桐', true, '62', '14707938061', 0, 'ZlB5LMPtJOsioStYg1Z648SD00vKi5hL');
INSERT INTO Resident (account, building, unit, room) VALUES ('212512195809269174', 30, 5, 1705);
INSERT INTO User (account, username, name, sex, age, tel, type, auth_key) VALUES ('502667201304161238', '裴建', '裴建', true, '7', '13575748835', 0, 'r62B3E24EjSG657HoHvSAwDbdTGl4dCu');
INSERT INTO Resident (account, building, unit, room) VALUES ('502667201304161238', 56, 6, 806);
INSERT INTO User (account, username, name, sex, age, tel, type, auth_key) VALUES ('713604199402117307', '裴牧', '裴牧', true, '26', '19974826769', 0, 'kETxpfDdjq7Nf2jb42TMDQcl0A0XeOu6');
INSERT INTO Resident (account, building, unit, room) VALUES ('713604199402117307', 87, 2, 2905);
INSERT INTO User (account, username, name, sex, age, tel, type, auth_key) VALUES ('362641193704104355', '龚建本', '龚建本', false, '83', '13574802433', 0, 'G7Qg8hk64y5G7tNwGlp4q884V3ci02M2');
INSERT INTO Resident (account, building, unit, room) VALUES ('362641193704104355', 71, 4, 201);
INSERT INTO User (account, username, name, sex, age, tel, type, auth_key) VALUES ('340523193101080918', '任新锐', '任新锐', false, '89', '15262210132', 0, 'rDvXuKSJWoX11n7H5kvWPMjFc1ySK8Yj');
INSERT INTO Resident (account, building, unit, room) VALUES ('340523193101080918', 26, 10, 1705);
INSERT INTO User (account, username, name, sex, age, tel, type, auth_key) VALUES ('821708198907205856', '傅雨旭', '傅雨旭', false, '31', '13900935888', 0, 'Es6Kv1GI1EmXf4HADc0yf3e5p99aI5Mk');
INSERT INTO Resident (account, building, unit, room) VALUES ('821708198907205856', 96, 7, 1103);
INSERT INTO User (account, username, name, sex, age, tel, type, auth_key) VALUES ('320235196102086371', '鲁雅', '鲁雅', false, '59', '18143801176', 1, 'd7JfXG7ad7svBU9671Ce8TKjcUT77ooI');
INSERT INTO Committee (account, in_date, is_admin) VALUES ('320235196102086371', '19870129', false);
INSERT INTO User (account, username, name, sex, age, tel, type, auth_key) VALUES ('544665195002072257', '钱奕新', '钱奕新', true, '70', '18835446394', 0, 'Wn4b3zBIB3B9i479o7xQEI8DruRGhBG5');
INSERT INTO Resident (account, building, unit, room) VALUES ('544665195002072257', 46, 9, 2706);
INSERT INTO User (account, username, name, sex, age, tel, type, auth_key) VALUES ('121293192305134401', '范良舒', '范良舒', false, '97', '13738247985', 0, 'E7vGhPj38xC8SXmCHYo42D83owaRNTBU');
INSERT INTO Resident (account, building, unit, room) VALUES ('121293192305134401', 98, 2, 2505);
INSERT INTO User (account, username, name, sex, age, tel, type, auth_key) VALUES ('313812201306090393', '康思畅', '康思畅', false, '7', '19729119664', 0, '0JTdsh94ortyGXBn5q97LovbkApV49sE');
INSERT INTO Resident (account, building, unit, room) VALUES ('313812201306090393', 64, 3, 1101);
INSERT INTO User (account, username, name, sex, age, tel, type, auth_key) VALUES ('654473196406239780', '路兮丹', '路兮丹', true, '56', '13717397065', 0, 'de8y2w2qAZZ0id7aPa5ed4g9LZvrDcoo');
INSERT INTO Resident (account, building, unit, room) VALUES ('654473196406239780', 36, 3, 1002);
INSERT INTO User (account, username, name, sex, age, tel, type, auth_key) VALUES ('531866197806031321', '钱薪圆', '钱薪圆', true, '42', '13584476844', 0, 'hyk0kSUlwH4hlCLoN46gxuioB9elV2yC');
INSERT INTO Resident (account, building, unit, room) VALUES ('531866197806031321', 21, 10, 1301);
INSERT INTO User (account, username, name, sex, age, tel, type, auth_key) VALUES ('124149201306179404', '高龙立', '高龙立', false, '7', '13897271458', 0, '7I25k5rg9S3Cv98EH4Y5zA27M08jS97d');
INSERT INTO Resident (account, building, unit, room) VALUES ('124149201306179404', 10, 8, 1005);
INSERT INTO User (account, username, name, sex, age, tel, type, auth_key) VALUES ('312733200911075887', '杜舒灯', '杜舒灯', false, '11', '15708865495', 0, 'CntV2ViR8RMPybDDyiZHWN10lWuLFZwT');
INSERT INTO Resident (account, building, unit, room) VALUES ('312733200911075887', 59, 8, 2106);
INSERT INTO User (account, username, name, sex, age, tel, type, auth_key) VALUES ('710724194503166357', '陈倨', '陈倨', false, '75', '15553940329', 0, '5scN4ii9DAzU78D6lqtS0ky73Jzc21Ia');
INSERT INTO Resident (account, building, unit, room) VALUES ('710724194503166357', 22, 5, 1202);
INSERT INTO User (account, username, name, sex, age, tel, type, auth_key) VALUES ('123989199101212665', '曲琦', '曲琦', false, '29', '13749788421', 0, 'f4hG6sfmG7aK24uECcK8K0pQImxSsiaU');
INSERT INTO Resident (account, building, unit, room) VALUES ('123989199101212665', 67, 1, 1301);
INSERT INTO User (account, username, name, sex, age, tel, type, auth_key) VALUES ('650371192607076912', '宋薪奇', '宋薪奇', false, '94', '15581778200', 0, 'jX58yLTIVW36aD9vM8L93muH0Rtqk6hE');
INSERT INTO Resident (account, building, unit, room) VALUES ('650371192607076912', 11, 1, 2601);
INSERT INTO User (account, username, name, sex, age, tel, type, auth_key) VALUES ('354275198711271988', '黄迅', '黄迅', false, '33', '15639925668', 0, '2C82t79pe4cb2Vw6dvL51PkZ2CQwxM2I');
INSERT INTO Resident (account, building, unit, room) VALUES ('354275198711271988', 71, 1, 2903);
INSERT INTO User (account, username, name, sex, age, tel, type, auth_key) VALUES ('71079119380322035X', '燕圆飞', '燕圆飞', false, '82', '16657842645', 0, '3YMFr1fyv5fd4zo7Uv5U2734wS662E5B');
INSERT INTO Resident (account, building, unit, room) VALUES ('71079119380322035X', 32, 5, 904);
INSERT INTO User (account, username, name, sex, age, tel, type, auth_key) VALUES ('111209196306231989', '付旭杰', '付旭杰', false, '57', '19936406401', 0, '5Qj61bcBO0vpcx1BvBTjwwx44XKcc4Sv');
INSERT INTO Resident (account, building, unit, room) VALUES ('111209196306231989', 24, 7, 2505);
INSERT INTO User (account, username, name, sex, age, tel, type, auth_key) VALUES ('230532192501185646', '靳振', '靳振', false, '95', '13320217583', 0, 'w0L2te0BuGd27EWTaip4Ub6Js0i7v792');
INSERT INTO Resident (account, building, unit, room) VALUES ('230532192501185646', 28, 9, 2502);
INSERT INTO User (account, username, name, sex, age, tel, type, auth_key) VALUES ('524470194206261008', '部佳', '部佳', true, '78', '15948676463', 0, 'K94Q877A8950R60x72h6O6L9y7WjCy8e');
INSERT INTO Resident (account, building, unit, room) VALUES ('524470194206261008', 4, 1, 902);
INSERT INTO User (account, username, name, sex, age, tel, type, auth_key) VALUES ('153027192312265346', '商家旭', '商家旭', true, '97', '13999205959', 0, 'NbSGGJAa63vp7o3FXNKrt0hh90Vjgsji');
INSERT INTO Resident (account, building, unit, room) VALUES ('153027192312265346', 42, 2, 2703);
INSERT INTO User (account, username, name, sex, age, tel, type, auth_key) VALUES ('36418419430821154X', '傅露', '傅露', false, '77', '19608503390', 0, 'B8JpXR20haDMwGM8482q27d7e0S712Ta');
INSERT INTO Resident (account, building, unit, room) VALUES ('36418419430821154X', 10, 3, 1801);
INSERT INTO User (account, username, name, sex, age, tel, type, auth_key) VALUES ('150414192307069927', '史思毅', '史思毅', false, '97', '13042574603', 0, 'v3vCQy0tosB0WK2gGAd9fxSWK7Z13Fi3');
INSERT INTO Resident (account, building, unit, room) VALUES ('150414192307069927', 36, 3, 2205);
INSERT INTO User (account, username, name, sex, age, tel, type, auth_key) VALUES ('651398197603095552', '许航奕', '许航奕', true, '44', '13478755551', 0, '2cg9YxFMNQ3qi5HKGYM6rmYINSp9cL0w');
INSERT INTO Resident (account, building, unit, room) VALUES ('651398197603095552', 38, 5, 801);
INSERT INTO User (account, username, name, sex, age, tel, type, auth_key) VALUES ('422079199710154760', '江灯阳', '江灯阳', true, '23', '18046849137', 0, 'Mk9ALEuhalQE44d9u1fn7yr6hi84563a');
INSERT INTO Resident (account, building, unit, room) VALUES ('422079199710154760', 39, 2, 2603);
INSERT INTO User (account, username, name, sex, age, tel, type, auth_key) VALUES ('513980199709305923', '康亚敏', '康亚敏', true, '23', '17505649474', 0, '4Q1xRQOwT7XPNIz3BoV8CeY39HJVmUSd');
INSERT INTO Resident (account, building, unit, room) VALUES ('513980199709305923', 47, 2, 1802);
INSERT INTO User (account, username, name, sex, age, tel, type, auth_key) VALUES ('210940194504057457', '耿佳龙', '耿佳龙', true, '75', '13956682453', 0, 'vIeRIsPR3X37b46Uh322jOf7IpdZI7FV');
INSERT INTO Resident (account, building, unit, room) VALUES ('210940194504057457', 95, 5, 2303);
INSERT INTO User (account, username, name, sex, age, tel, type, auth_key) VALUES ('36299419901118596X', '姚夫兰', '姚夫兰', false, '30', '17250523354', 0, 'F7bDHQ7885V5XX19T9F12ti91U89CuQt');
INSERT INTO Resident (account, building, unit, room) VALUES ('36299419901118596X', 67, 7, 1204);
INSERT INTO User (account, username, name, sex, age, tel, type, auth_key) VALUES ('460768195606016045', '牛腾', '牛腾', false, '64', '14731171799', 0, 'DD44Gb4b04aLpMW0z6E994Y9095rMQom');
INSERT INTO Resident (account, building, unit, room) VALUES ('460768195606016045', 59, 4, 1503);
INSERT INTO User (account, username, name, sex, age, tel, type, auth_key) VALUES ('133395193009102009', '韩昕', '韩昕', false, '90', '19175762137', 0, 'ZzG62V5tF2hPNPd0hy49r35F6J80f92p');
INSERT INTO Resident (account, building, unit, room) VALUES ('133395193009102009', 13, 6, 2804);
INSERT INTO User (account, username, name, sex, age, tel, type, auth_key) VALUES ('221689194509097421', '金盈', '金盈', true, '75', '13645362700', 0, '0qSj9z84WvDbLWgDibkqvwL788LiiaDB');
INSERT INTO Resident (account, building, unit, room) VALUES ('221689194509097421', 31, 3, 1204);
INSERT INTO User (account, username, name, sex, age, tel, type, auth_key) VALUES ('451136198608274361', '牛家舒', '牛家舒', true, '34', '16683255484', 0, '2L9veG1q88w0nJ7F9X9REjMV8W5n3723');
INSERT INTO Resident (account, building, unit, room) VALUES ('451136198608274361', 13, 2, 2906);
INSERT INTO User (account, username, name, sex, age, tel, type, auth_key) VALUES ('14341920071004798X', '晁奕', '晁奕', true, '13', '18483953817', 0, 'd3z548s8Ei1V7luqB6qsFz46t24E41JM');
INSERT INTO Resident (account, building, unit, room) VALUES ('14341920071004798X', 3, 6, 402);
INSERT INTO User (account, username, name, sex, age, tel, type, auth_key) VALUES ('542933197911014044', '付淘', '付淘', true, '41', '18873133749', 0, 's931xnB1f0w2gzW2VW3754uiGDgHhqJ2');
INSERT INTO Resident (account, building, unit, room) VALUES ('542933197911014044', 7, 2, 1403);
INSERT INTO User (account, username, name, sex, age, tel, type, auth_key) VALUES ('313315201104173522', '武菲昕', '武菲昕', false, '9', '18717532520', 0, '3h91v4RL29p3RkmCraff36Mi5J5jS3Sg');
INSERT INTO Resident (account, building, unit, room) VALUES ('313315201104173522', 37, 4, 506);
INSERT INTO User (account, username, name, sex, age, tel, type, auth_key) VALUES ('220441195406287847', '武阳敏', '武阳敏', false, '66', '19169596016', 0, 'mefelm9qK0bN01SZdY56C02J3LK8I5p8');
INSERT INTO Resident (account, building, unit, room) VALUES ('220441195406287847', 44, 5, 605);
INSERT INTO User (account, username, name, sex, age, tel, type, auth_key) VALUES ('324660195007317701', '靳丹', '靳丹', true, '70', '13988858233', 0, 'GW19679Hg8c8cf4kQzsrCFwrHGCDNo8M');
INSERT INTO Resident (account, building, unit, room) VALUES ('324660195007317701', 36, 8, 602);
INSERT INTO User (account, username, name, sex, age, tel, type, auth_key) VALUES ('110389194305181913', '李凡圣', '李凡圣', true, '77', '19386687773', 0, 'm8Y0o18Ncw6oNUq2bHNf0T003806L5Mf');
INSERT INTO Resident (account, building, unit, room) VALUES ('110389194305181913', 88, 2, 2504);
INSERT INTO User (account, username, name, sex, age, tel, type, auth_key) VALUES ('713654192406067160', '姚赛', '姚赛', false, '96', '18042851556', 0, 'lvn8XYU28872E9GoF6fk7etTpJUp6Ust');
INSERT INTO Resident (account, building, unit, room) VALUES ('713654192406067160', 45, 2, 1801);
INSERT INTO User (account, username, name, sex, age, tel, type, auth_key) VALUES ('211967195204127473', '武佳琦', '武佳琦', false, '68', '19538785922', 0, '6yNugFJ648c3H4TB73uDeCv364sSnj6U');
INSERT INTO Resident (account, building, unit, room) VALUES ('211967195204127473', 21, 3, 1303);
INSERT INTO User (account, username, name, sex, age, tel, type, auth_key) VALUES ('512008193412171095', '吉正嘉', '吉正嘉', false, '86', '13671215094', 0, 'n5T1b5k1XZITMb9sGZn2476qjKI177X4');
INSERT INTO Resident (account, building, unit, room) VALUES ('512008193412171095', 80, 9, 1704);
INSERT INTO User (account, username, name, sex, age, tel, type, auth_key) VALUES ('150881200504028973', '胡奇新', '胡奇新', false, '15', '18361045318', 0, 'Q1Q3olwG88UNcgq3xy71i2sXm4UPC2xj');
INSERT INTO Resident (account, building, unit, room) VALUES ('150881200504028973', 84, 2, 1103);
INSERT INTO User (account, username, name, sex, age, tel, type, auth_key) VALUES ('11270220110329709X', '肖思', '肖思', true, '9', '19247766200', 0, 'f1fA5Z3JEafytgDSjHDoP4K8700YnkyS');
INSERT INTO Resident (account, building, unit, room) VALUES ('11270220110329709X', 21, 1, 1501);
INSERT INTO User (account, username, name, sex, age, tel, type, auth_key) VALUES ('14151419241029826X', '审正夫', '审正夫', true, '96', '17559756822', 0, 'uO9ET2pH30sGwi5eGrPrA6b1TR6bCdB6');
INSERT INTO Resident (account, building, unit, room) VALUES ('14151419241029826X', 55, 8, 802);
INSERT INTO User (account, username, name, sex, age, tel, type, auth_key) VALUES ('510299200211156207', '文雅倨', '文雅倨', false, '18', '17871504144', 0, 'Q64793rzYoT61S3ridwfcld1weZrvlqX');
INSERT INTO Resident (account, building, unit, room) VALUES ('510299200211156207', 99, 3, 1701);
INSERT INTO User (account, username, name, sex, age, tel, type, auth_key) VALUES ('530285193204152754', '周龙', '周龙', true, '88', '18225925163', 0, 'fF0zEZ1315Js4Y6K7Wg1IIz862q3YS56');
INSERT INTO Resident (account, building, unit, room) VALUES ('530285193204152754', 84, 6, 305);
INSERT INTO User (account, username, name, sex, age, tel, type, auth_key) VALUES ('633494192302085682', '余振依', '余振依', true, '97', '15378769824', 0, 'Ot5Ba9i3t68Z1OIR8V94Dpw6lY5JJxnu');
INSERT INTO Resident (account, building, unit, room) VALUES ('633494192302085682', 32, 3, 1204);
INSERT INTO User (account, username, name, sex, age, tel, type, auth_key) VALUES ('411074201210191213', '昌帆家', '昌帆家', false, '8', '19867935801', 0, '4v3GpLsHr0EUjCt5INK3Ztd4Ai7ln6ND');
INSERT INTO Resident (account, building, unit, room) VALUES ('411074201210191213', 23, 3, 2504);
INSERT INTO User (account, username, name, sex, age, tel, type, auth_key) VALUES ('823749199703164970', '柳菲', '柳菲', false, '23', '15133026307', 0, '000ZD2mY2l9549ox9Cc1Bp5o23Hzq1CO');
INSERT INTO Resident (account, building, unit, room) VALUES ('823749199703164970', 70, 5, 2702);
INSERT INTO User (account, username, name, sex, age, tel, type, auth_key) VALUES ('412219196711166132', '晁千', '晁千', true, '53', '13738087359', 0, 'oAr2qXn95PmTtSL4mlBX7aiL29r7172z');
INSERT INTO Resident (account, building, unit, room) VALUES ('412219196711166132', 40, 9, 1804);
INSERT INTO User (account, username, name, sex, age, tel, type, auth_key) VALUES ('712930199310190139', '许哲依', '许哲依', true, '27', '19168373383', 0, '955wypGvg7Zt41fp1Cr8h1c0bOBhqOCD');
INSERT INTO Resident (account, building, unit, room) VALUES ('712930199310190139', 43, 8, 601);
INSERT INTO User (account, username, name, sex, age, tel, type, auth_key) VALUES ('630462201201173705', '吴思', '吴思', true, '8', '17268083080', 0, '0VbV0CQBHABoyLvH419tUWNxq4Cv7yXS');
INSERT INTO Resident (account, building, unit, room) VALUES ('630462201201173705', 13, 7, 1105);
INSERT INTO User (account, username, name, sex, age, tel, type, auth_key) VALUES ('31438319770804817X', '隽有雅', '隽有雅', true, '43', '18859835586', 0, 'iEEVl7A4KLJkI47635kPcO78986CI3AE');
INSERT INTO Resident (account, building, unit, room) VALUES ('31438319770804817X', 56, 2, 301);
INSERT INTO User (account, username, name, sex, age, tel, type, auth_key) VALUES ('321957192502044128', '秦建菲', '秦建菲', true, '95', '18304262299', 0, '4ZoK2hp4HnWogRtQ74hvXEqIXji3VjL7');
INSERT INTO Resident (account, building, unit, room) VALUES ('321957192502044128', 10, 3, 1501);
INSERT INTO User (account, username, name, sex, age, tel, type, auth_key) VALUES ('34164219720702632X', '寻帆炎', '寻帆炎', true, '48', '15299603458', 0, 'S3s4TVFk3K9QaFT28jY5GQd4c6AWC4t3');
INSERT INTO Resident (account, building, unit, room) VALUES ('34164219720702632X', 85, 10, 201);
INSERT INTO User (account, username, name, sex, age, tel, type, auth_key) VALUES ('132160200111247183', '郑天', '郑天', false, '19', '19577602343', 0, 'l9BfL1PbkklW6s65NXZyeS9x8xA01c3J');
INSERT INTO Resident (account, building, unit, room) VALUES ('132160200111247183', 26, 3, 2705);
INSERT INTO User (account, username, name, sex, age, tel, type, auth_key) VALUES ('322711193303154752', '常广', '常广', true, '87', '13748216478', 0, '442K63LtH45960741n5lXQZ6b5DP6jT4');
INSERT INTO Resident (account, building, unit, room) VALUES ('322711193303154752', 75, 1, 1702);
INSERT INTO User (account, username, name, sex, age, tel, type, auth_key) VALUES ('811344195207205897', '董立建', '董立建', false, '68', '17527965418', 0, 'XqvnBiYKKnO28ry1fv4mX7QIvYaeX9UQ');
INSERT INTO Resident (account, building, unit, room) VALUES ('811344195207205897', 27, 1, 1303);
INSERT INTO User (account, username, name, sex, age, tel, type, auth_key) VALUES ('820510200601299642', '李樱', '李樱', true, '14', '18599965217', 0, '6hvT60VByymFYY7HhDC8RBVadia2VF5O');
INSERT INTO Resident (account, building, unit, room) VALUES ('820510200601299642', 51, 1, 2405);
INSERT INTO User (account, username, name, sex, age, tel, type, auth_key) VALUES ('651556198202196092', '杨敏润', '杨敏润', true, '38', '15333583559', 0, 'Wq1aAIxuALuXuSuV7zddDL0p21lKP0i5');
INSERT INTO Resident (account, building, unit, room) VALUES ('651556198202196092', 74, 5, 2903);
INSERT INTO User (account, username, name, sex, age, tel, type, auth_key) VALUES ('621205195405315027', '边诺颖', '边诺颖', true, '66', '15100568042', 0, '2ZEXEmr6b0tC305uUBbk3exQuFk7vL48');
INSERT INTO Resident (account, building, unit, room) VALUES ('621205195405315027', 54, 5, 204);
INSERT INTO User (account, username, name, sex, age, tel, type, auth_key) VALUES ('620109199005057983', '仲冠一', '仲冠一', true, '30', '15972664832', 0, '5XJUURAE8x7kFOkB7dfb290GCxN2Nyf8');
INSERT INTO Resident (account, building, unit, room) VALUES ('620109199005057983', 36, 1, 2701);
INSERT INTO User (account, username, name, sex, age, tel, type, auth_key) VALUES ('331025194002216906', '殷菲', '殷菲', true, '80', '19967944669', 0, 'egB1393qzEdq1n9D8H1rIo6dtNwrNnE5');
INSERT INTO Resident (account, building, unit, room) VALUES ('331025194002216906', 89, 1, 703);
INSERT INTO User (account, username, name, sex, age, tel, type, auth_key) VALUES ('311392194509187407', '尹晓', '尹晓', true, '75', '14903194914', 0, 'X6hEf6ajF12YM5hvM92BImV9ck63V1L8');
INSERT INTO Resident (account, building, unit, room) VALUES ('311392194509187407', 74, 6, 304);
INSERT INTO User (account, username, name, sex, age, tel, type, auth_key) VALUES ('61414219250411942X', '童煜凡', '童煜凡', false, '95', '17398249709', 0, 'ZlTZx6JBw64O429QzdjIVpAv2ll0H0AA');
INSERT INTO Resident (account, building, unit, room) VALUES ('61414219250411942X', 34, 7, 2003);
INSERT INTO User (account, username, name, sex, age, tel, type, auth_key) VALUES ('110290194409031596', '管雅晓', '管雅晓', false, '76', '15675411624', 0, '275UiE9ukV1egt79bH2h1w4Y0YPeqqr7');
INSERT INTO Resident (account, building, unit, room) VALUES ('110290194409031596', 90, 7, 1002);
INSERT INTO User (account, username, name, sex, age, tel, type, auth_key) VALUES ('820856200901015243', '张牧', '张牧', true, '11', '19718194524', 0, '5xtfKXEBOo3VTk686Zn3NC8UoqGT45y4');
INSERT INTO Resident (account, building, unit, room) VALUES ('820856200901015243', 95, 3, 2903);
INSERT INTO User (account, username, name, sex, age, tel, type, auth_key) VALUES ('360397196104121623', '昌圆航', '昌圆航', true, '59', '18144367755', 0, 'QwY11S720gu4EN2u2C2yU48GbC973V0W');
INSERT INTO Resident (account, building, unit, room) VALUES ('360397196104121623', 100, 3, 1301);
INSERT INTO User (account, username, name, sex, age, tel, type, auth_key) VALUES ('214489200005175495', '陈诺子', '陈诺子', true, '20', '13506555617', 0, '39c71fMV2lfSoz0JxLDDTQIUw080cXBf');
INSERT INTO Resident (account, building, unit, room) VALUES ('214489200005175495', 39, 4, 604);
INSERT INTO User (account, username, name, sex, age, tel, type, auth_key) VALUES ('813673199905137185', '黄晓雨', '黄晓雨', false, '21', '13399556907', 0, 'U3EitK2bLL0E8D5jOo3TGTy68n71QMG1');
INSERT INTO Resident (account, building, unit, room) VALUES ('813673199905137185', 60, 6, 906);
INSERT INTO User (account, username, name, sex, age, tel, type, auth_key) VALUES ('514484196902028840', '戚嘉', '戚嘉', false, '51', '18223333788', 0, '3nnHEDKd7nknCZF0msZ6qiMU4Kt98MGB');
INSERT INTO Resident (account, building, unit, room) VALUES ('514484196902028840', 3, 3, 1903);
INSERT INTO User (account, username, name, sex, age, tel, type, auth_key) VALUES ('431831198405093321', '侯亚炎', '侯亚炎', false, '36', '15560607112', 0, 'AB5j8Sze01sXm15K0q3ZQafUfl940jq2');
INSERT INTO Resident (account, building, unit, room) VALUES ('431831198405093321', 7, 10, 1901);
INSERT INTO User (account, username, name, sex, age, tel, type, auth_key) VALUES ('813924192905226512', '裴言亚', '裴言亚', false, '91', '15329595522', 0, 'qYvrKQ7tzDEt23LM1gh88LOqPFxD4Y0k');
INSERT INTO Resident (account, building, unit, room) VALUES ('813924192905226512', 32, 2, 2101);
INSERT INTO User (account, username, name, sex, age, tel, type, auth_key) VALUES ('612813201106252969', '孟义朋', '孟义朋', true, '9', '13888965805', 0, '8FwM37MnlUo64byLbz8Fmh9ZK9SabCAf');
INSERT INTO Resident (account, building, unit, room) VALUES ('612813201106252969', 9, 8, 2602);
INSERT INTO User (account, username, name, sex, age, tel, type, auth_key) VALUES ('530247200202079572', '林奕泽', '林奕泽', true, '18', '15071138128', 0, 'Mo2L8O9UFQ7w1VbT3y99Zf6NJj0KfPf5');
INSERT INTO Resident (account, building, unit, room) VALUES ('530247200202079572', 82, 8, 1904);
INSERT INTO User (account, username, name, sex, age, tel, type, auth_key) VALUES ('461628194002217594', '巩旭', '巩旭', false, '80', '19261969914', 0, 'VXAgV5F2Hu0GWBrCLk2lAal40Oq7986o');
INSERT INTO Resident (account, building, unit, room) VALUES ('461628194002217594', 83, 5, 501);
INSERT INTO User (account, username, name, sex, age, tel, type, auth_key) VALUES ('230650198002025778', '康舒振', '康舒振', true, '40', '19013114785', 0, 'UrWycB0nG4bU0V95p9RGM4847zBpIe4V');
INSERT INTO Resident (account, building, unit, room) VALUES ('230650198002025778', 72, 10, 2201);
INSERT INTO User (account, username, name, sex, age, tel, type, auth_key) VALUES ('650315195002036643', '边诺霖', '边诺霖', false, '70', '19210670507', 0, 'hlW78iDMV40bvgt269JQU0Vc2BD3SQNS');
INSERT INTO Resident (account, building, unit, room) VALUES ('650315195002036643', 9, 1, 906);
INSERT INTO User (account, username, name, sex, age, tel, type, auth_key) VALUES ('110971195412043197', '陆哲兰', '陆哲兰', false, '66', '15590786735', 0, '680EH5g9rQKQssW4K2YcADnZHrYMXRAv');
INSERT INTO Resident (account, building, unit, room) VALUES ('110971195412043197', 7, 5, 1304);
INSERT INTO User (account, username, name, sex, age, tel, type, auth_key) VALUES ('341475195305014320', '晁兮有', '晁兮有', false, '67', '15275136814', 0, 'AY6nx4R3834lT1KaPS4424a9nd00I303');
INSERT INTO Resident (account, building, unit, room) VALUES ('341475195305014320', 100, 3, 802);
INSERT INTO User (account, username, name, sex, age, tel, type, auth_key) VALUES ('361587196102236942', '冯豪', '冯豪', true, '59', '18866142416', 0, 'T2AB3H954osyQtjMRkI7OfHBPg9aY38X');
INSERT INTO Resident (account, building, unit, room) VALUES ('361587196102236942', 48, 4, 1101);
INSERT INTO User (account, username, name, sex, age, tel, type, auth_key) VALUES ('311688198507246536', '吉盈', '吉盈', true, '35', '18957460114', 0, 'iHy1GAjTa56gm9XG2xHfZ1Bga75NRqQt');
INSERT INTO Resident (account, building, unit, room) VALUES ('311688198507246536', 8, 5, 2302);
INSERT INTO User (account, username, name, sex, age, tel, type, auth_key) VALUES ('320379196109291669', '杨兰', '杨兰', false, '59', '18084735681', 0, 'log4K3LNYN887sU43yDQF5W6w4asTroW');
INSERT INTO Resident (account, building, unit, room) VALUES ('320379196109291669', 92, 4, 1705);
INSERT INTO User (account, username, name, sex, age, tel, type, auth_key) VALUES ('61338819700101548X', '常云依', '常云依', false, '50', '18809670697', 0, 'A7kQGx1v0ZNUo8cck6FL9zHu4507iq04');
INSERT INTO Resident (account, building, unit, room) VALUES ('61338819700101548X', 34, 5, 701);
INSERT INTO User (account, username, name, sex, age, tel, type, auth_key) VALUES ('14419119690729814X', '刘煜', '刘煜', true, '51', '13236692173', 0, '57D1Ttj16yAOWOI6nO3U6HlmHeg5a57o');
INSERT INTO Resident (account, building, unit, room) VALUES ('14419119690729814X', 10, 9, 2102);
INSERT INTO User (account, username, name, sex, age, tel, type, auth_key) VALUES ('545085196408293630', '吉炎广', '吉炎广', false, '56', '18550675270', 0, 'Vhb69ua4Q0PdG4g7mH17p87XFYF9C9P5');
INSERT INTO Resident (account, building, unit, room) VALUES ('545085196408293630', 72, 10, 1301);
INSERT INTO User (account, username, name, sex, age, tel, type, auth_key) VALUES ('713695196004146740', '范霖舒', '范霖舒', false, '60', '14754810030', 0, '3Z2wFl8255yd1sNwLkkX843q7Kt5npez');
INSERT INTO Resident (account, building, unit, room) VALUES ('713695196004146740', 2, 8, 906);
INSERT INTO User (account, username, name, sex, age, tel, type, auth_key) VALUES ('530632200711187129', '汪洁可', '汪洁可', false, '13', '13485418323', 0, '4U1PuMTC733Ln00tb557jMKID1g83oz5');
INSERT INTO Resident (account, building, unit, room) VALUES ('530632200711187129', 17, 10, 1702);
INSERT INTO User (account, username, name, sex, age, tel, type, auth_key) VALUES ('641374198808214832', '汪露立', '汪露立', true, '32', '18758346465', 0, 'Ze9iM2ThCqn30LxQcfoELE26YC0N18Y6');
INSERT INTO Resident (account, building, unit, room) VALUES ('641374198808214832', 93, 9, 1004);
INSERT INTO User (account, username, name, sex, age, tel, type, auth_key) VALUES ('500183195304290825', '百里倨', '百里倨', true, '67', '19719650704', 0, 'ou4eC1UQ987sFQ2m9maMDOcu48ULBr27');
INSERT INTO Resident (account, building, unit, room) VALUES ('500183195304290825', 36, 9, 2006);
INSERT INTO User (account, username, name, sex, age, tel, type, auth_key) VALUES ('530216199902209232', '文霄可', '文霄可', false, '21', '17301632478', 0, 'dwtdGAlyW5vE275UvMd356v4ad9z0ijv');
INSERT INTO Resident (account, building, unit, room) VALUES ('530216199902209232', 8, 6, 1001);
INSERT INTO User (account, username, name, sex, age, tel, type, auth_key) VALUES ('440935198601264565', '钟千轩', '钟千轩', false, '34', '13167132652', 0, 'K5NtLj870O9I54ZlSnXj4tzn3xZ380Wa');
INSERT INTO Resident (account, building, unit, room) VALUES ('440935198601264565', 53, 5, 802);
INSERT INTO User (account, username, name, sex, age, tel, type, auth_key) VALUES ('450584195405049161', '鲁睿', '鲁睿', true, '66', '19185216617', 0, '25vAR9nHOyTRc9H8E3q81ZIhj1QVGpQ1');
INSERT INTO Resident (account, building, unit, room) VALUES ('450584195405049161', 25, 3, 1003);
INSERT INTO User (account, username, name, sex, age, tel, type, auth_key) VALUES ('374049197708198094', '靳有', '靳有', true, '43', '13971518672', 0, 'y5Z1s9eQP5eV0V389l4ei5CXmCfkECeu');
INSERT INTO Resident (account, building, unit, room) VALUES ('374049197708198094', 25, 9, 1506);
INSERT INTO User (account, username, name, sex, age, tel, type, auth_key) VALUES ('344473193906161280', '安奇灯', '安奇灯', false, '81', '19201639370', 0, 'hf8D1zlfpC4AC99j9ON3j2yH1WnVptWw');
INSERT INTO Resident (account, building, unit, room) VALUES ('344473193906161280', 8, 7, 2902);
INSERT INTO User (account, username, name, sex, age, tel, type, auth_key) VALUES ('414453192311112059', '赵畅伟', '赵畅伟', false, '97', '18665025030', 0, '4baEppcK91bw3m6891K4e3DPirks8Z4Z');
INSERT INTO Resident (account, building, unit, room) VALUES ('414453192311112059', 5, 2, 2301);
INSERT INTO User (account, username, name, sex, age, tel, type, auth_key) VALUES ('223815195901125289', '李翔本', '李翔本', false, '61', '18766532761', 0, 'O5B2Qg8sg1AKGe9ORCvt5cE8tj3mzt4v');
INSERT INTO Resident (account, building, unit, room) VALUES ('223815195901125289', 33, 4, 2506);
INSERT INTO User (account, username, name, sex, age, tel, type, auth_key) VALUES ('224596200306117349', '许英洁', '许英洁', true, '17', '18998833139', 0, '603UX16s3sNGP2B1U8ZHR4J4YEoq758L');
INSERT INTO Resident (account, building, unit, room) VALUES ('224596200306117349', 53, 1, 2704);
INSERT INTO User (account, username, name, sex, age, tel, type, auth_key) VALUES ('812617197805218886', '韩音', '韩音', true, '42', '18041451584', 0, 'oYT6hqfc51Y88H87YgB176NSi088zs1G');
INSERT INTO Resident (account, building, unit, room) VALUES ('812617197805218886', 7, 2, 1101);
INSERT INTO User (account, username, name, sex, age, tel, type, auth_key) VALUES ('371957201107178563', '燕霄', '燕霄', true, '9', '15074609238', 0, 'v4H1NetB9Y366oR5JJ9XzPg2RlLO6T9s');
INSERT INTO Resident (account, building, unit, room) VALUES ('371957201107178563', 78, 7, 2405);
INSERT INTO User (account, username, name, sex, age, tel, type, auth_key) VALUES ('372007198001156782', '沈静薪', '沈静薪', true, '40', '18907575760', 0, '1I5nZ8S2JX5c8yPIlsyq2ZAEQ4B9e1zQ');
INSERT INTO Resident (account, building, unit, room) VALUES ('372007198001156782', 19, 4, 302);
INSERT INTO User (account, username, name, sex, age, tel, type, auth_key) VALUES ('453581194907030112', '管建', '管建', false, '71', '13179550608', 0, '6heyT1wQVI3ZB5E13c67F0TM0SCV63a2');
INSERT INTO Resident (account, building, unit, room) VALUES ('453581194907030112', 45, 3, 2701);
/* 共生成用户500个*/

/* 建立Health信息 */
INSERT INTO Health (id, account, last_date, last_time, temperature) VALUES (1, '133606194112092778', '20200317', '07:22:12', 35.1);
INSERT INTO Health (id, account, last_date, last_time, temperature) VALUES (2, '111222199002182257', '20200203', '06:22:37', 37.3);
INSERT INTO Health (id, account, last_date, last_time, temperature) VALUES (3, '540683194603044027', '20200309', '23:41:57', 37.2);
INSERT INTO Health (id, account, last_date, last_time, temperature) VALUES (4, '623861198808100482', '20200213', '18:15:24', 35.1);
INSERT INTO Health (id, account, last_date, last_time, temperature) VALUES (5, '643147198511188364', '20200203', '07:04:22', 36.5);
INSERT INTO Health (id, account, last_date, last_time, temperature) VALUES (6, '814375196811122662', '20200419', '08:16:39', 35.7);
INSERT INTO Health (id, account, last_date, last_time, temperature) VALUES (7, '351191199109021597', '20200324', '04:55:38', 36.8);
INSERT INTO Health (id, account, last_date, last_time, temperature) VALUES (8, '812292198202252741', '20200218', '14:42:35', 36.6);
INSERT INTO Health (id, account, last_date, last_time, temperature) VALUES (9, '152205196510144420', '20200531', '03:49:49', 35.7);
INSERT INTO Health (id, account, last_date, last_time, temperature) VALUES (10, '342463194610201057', '20200521', '08:14:40', 37.4);
INSERT INTO Health (id, account, last_date, last_time, temperature) VALUES (11, '455045196404306366', '20200324', '18:36:48', 37.4);
INSERT INTO Health (id, account, last_date, last_time, temperature) VALUES (12, '220658196910045886', '20200520', '20:54:05', 36.9);
INSERT INTO Health (id, account, last_date, last_time, temperature) VALUES (13, '132568199708039272', '20200419', '13:43:41', 37.1);
INSERT INTO Health (id, account, last_date, last_time, temperature) VALUES (14, '513988199807278379', '20200329', '23:45:29', 35.7);
INSERT INTO Health (id, account, last_date, last_time, temperature) VALUES (15, '713682193101011939', '20200322', '16:43:44', 37.2);
INSERT INTO Health (id, account, last_date, last_time, temperature) VALUES (16, '220159199202178459', '20200522', '21:38:10', 35.4);
INSERT INTO Health (id, account, last_date, last_time, temperature) VALUES (17, '71250920081120025X', '20200315', '02:49:22', 35.2);
INSERT INTO Health (id, account, last_date, last_time, temperature) VALUES (18, '610751192906192370', '20200415', '12:48:56', 35.3);
INSERT INTO Health (id, account, last_date, last_time, temperature) VALUES (19, '462155199107054399', '20200307', '08:16:28', 35.2);
INSERT INTO Health (id, account, last_date, last_time, temperature) VALUES (20, '341330201404169891', '20200410', '08:34:46', 35.8);
INSERT INTO Health (id, account, last_date, last_time, temperature) VALUES (21, '221861199807265186', '20200312', '21:56:20', 35.6);
INSERT INTO Health (id, account, last_date, last_time, temperature) VALUES (22, '132662192510315569', '20200208', '08:43:47', 35.6);
INSERT INTO Health (id, account, last_date, last_time, temperature) VALUES (23, '231096197709180382', '20200301', '15:44:22', 37.2);
INSERT INTO Health (id, account, last_date, last_time, temperature) VALUES (24, '360747197910146713', '20200419', '14:06:05', 37.2);
INSERT INTO Health (id, account, last_date, last_time, temperature) VALUES (25, '412179199212289227', '20200216', '04:34:03', 37.2);
INSERT INTO Health (id, account, last_date, last_time, temperature) VALUES (26, '65341819630429154X', '20200324', '10:43:57', 35.3);
INSERT INTO Health (id, account, last_date, last_time, temperature) VALUES (27, '352944200411109417', '20200414', '23:42:33', 37.3);
INSERT INTO Health (id, account, last_date, last_time, temperature) VALUES (28, '544558200506111811', '20200317', '15:15:07', 35.6);
INSERT INTO Health (id, account, last_date, last_time, temperature) VALUES (29, '500939194611275173', '20200507', '07:10:11', 36.1);
INSERT INTO Health (id, account, last_date, last_time, temperature) VALUES (30, '511294196105249844', '20200514', '03:59:29', 37.8);
INSERT INTO Health (id, account, last_date, last_time, temperature) VALUES (31, '142662200708097880', '20200429', '08:30:32', 35.4);
INSERT INTO Health (id, account, last_date, last_time, temperature) VALUES (32, '151404195702234226', '20200319', '10:16:24', 37.4);
INSERT INTO Health (id, account, last_date, last_time, temperature) VALUES (33, '154612197506255284', '20200508', '23:48:25', 35.6);
INSERT INTO Health (id, account, last_date, last_time, temperature) VALUES (34, '643518198102204655', '20200219', '18:19:09', 35.1);
INSERT INTO Health (id, account, last_date, last_time, temperature) VALUES (35, '143059198012298977', '20200511', '09:13:41', 35.7);
INSERT INTO Health (id, account, last_date, last_time, temperature) VALUES (36, '413271196906197553', '20200204', '16:37:01', 35.1);
INSERT INTO Health (id, account, last_date, last_time, temperature) VALUES (37, '371559197910024893', '20200412', '12:41:11', 36.8);
INSERT INTO Health (id, account, last_date, last_time, temperature) VALUES (38, '501106195310153395', '20200514', '08:40:28', 36.2);
INSERT INTO Health (id, account, last_date, last_time, temperature) VALUES (39, '364948199406185723', '20200505', '03:46:35', 35.6);
INSERT INTO Health (id, account, last_date, last_time, temperature) VALUES (40, '361526199702148678', '20200317', '00:19:32', 36.6);
INSERT INTO Health (id, account, last_date, last_time, temperature) VALUES (41, '232789195201059546', '20200430', '13:28:30', 35.5);
INSERT INTO Health (id, account, last_date, last_time, temperature) VALUES (42, '332071192809063758', '20200217', '05:17:14', 36.6);
INSERT INTO Health (id, account, last_date, last_time, temperature) VALUES (43, '213503192508156462', '20200220', '06:49:30', 37.3);
INSERT INTO Health (id, account, last_date, last_time, temperature) VALUES (44, '46327520030425861X', '20200222', '11:33:14', 36.6);
INSERT INTO Health (id, account, last_date, last_time, temperature) VALUES (45, '453636196908114629', '20200405', '11:57:11', 35.9);
INSERT INTO Health (id, account, last_date, last_time, temperature) VALUES (46, '711961194801203947', '20200530', '00:42:47', 35.4);
INSERT INTO Health (id, account, last_date, last_time, temperature) VALUES (47, '524086193809218815', '20200212', '01:02:22', 36.3);
INSERT INTO Health (id, account, last_date, last_time, temperature) VALUES (48, '412166198901246946', '20200331', '16:32:48', 37);
INSERT INTO Health (id, account, last_date, last_time, temperature) VALUES (49, '37240219700513411X', '20200315', '21:25:00', 35.9);
INSERT INTO Health (id, account, last_date, last_time, temperature) VALUES (50, '124290197901067332', '20200203', '01:03:23', 37.4);
INSERT INTO Health (id, account, last_date, last_time, temperature) VALUES (51, '371166200108033511', '20200310', '12:42:31', 35.3);
INSERT INTO Health (id, account, last_date, last_time, temperature) VALUES (52, '432267199609173064', '20200203', '08:34:25', 35.8);
INSERT INTO Health (id, account, last_date, last_time, temperature) VALUES (53, '625022195305116179', '20200301', '12:15:59', 36.9);
INSERT INTO Health (id, account, last_date, last_time, temperature) VALUES (54, '414243196105112510', '20200528', '10:13:34', 36.8);
INSERT INTO Health (id, account, last_date, last_time, temperature) VALUES (55, '820615193111132551', '20200409', '08:04:05', 35.6);
INSERT INTO Health (id, account, last_date, last_time, temperature) VALUES (56, '624368199211165432', '20200315', '19:13:04', 36.8);
INSERT INTO Health (id, account, last_date, last_time, temperature) VALUES (57, '110827192605274450', '20200313', '23:27:07', 36.1);
INSERT INTO Health (id, account, last_date, last_time, temperature) VALUES (58, '121126199707088020', '20200207', '16:03:16', 36.8);
INSERT INTO Health (id, account, last_date, last_time, temperature) VALUES (59, '814793197111252896', '20200514', '21:01:36', 37.1);
INSERT INTO Health (id, account, last_date, last_time, temperature) VALUES (60, '130942194512034931', '20200212', '08:32:19', 36.4);
INSERT INTO Health (id, account, last_date, last_time, temperature) VALUES (61, '613336194412125075', '20200311', '23:54:27', 35.3);
INSERT INTO Health (id, account, last_date, last_time, temperature) VALUES (62, '624471196205045875', '20200520', '14:10:29', 36.3);
INSERT INTO Health (id, account, last_date, last_time, temperature) VALUES (63, '313872198205029655', '20200216', '10:24:01', 36.8);
INSERT INTO Health (id, account, last_date, last_time, temperature) VALUES (64, '414878200310304397', '20200301', '15:40:57', 37.4);
INSERT INTO Health (id, account, last_date, last_time, temperature) VALUES (65, '31402719481226617X', '20200325', '20:27:13', 36.4);
INSERT INTO Health (id, account, last_date, last_time, temperature) VALUES (66, '324963198107314403', '20200215', '10:00:22', 36.4);
INSERT INTO Health (id, account, last_date, last_time, temperature) VALUES (67, '712820196806233935', '20200324', '08:49:02', 36.1);
INSERT INTO Health (id, account, last_date, last_time, temperature) VALUES (68, '422777201205104139', '20200207', '10:08:41', 37.4);
INSERT INTO Health (id, account, last_date, last_time, temperature) VALUES (69, '644549194711068309', '20200324', '05:34:32', 36.4);
INSERT INTO Health (id, account, last_date, last_time, temperature) VALUES (70, '111606197206221287', '20200504', '12:31:49', 37.2);
INSERT INTO Health (id, account, last_date, last_time, temperature) VALUES (71, '410134196301196364', '20200403', '23:44:56', 35.9);
INSERT INTO Health (id, account, last_date, last_time, temperature) VALUES (72, '341398192412296955', '20200406', '22:04:33', 35.9);
INSERT INTO Health (id, account, last_date, last_time, temperature) VALUES (73, '813031199603059746', '20200315', '10:28:48', 37.4);
INSERT INTO Health (id, account, last_date, last_time, temperature) VALUES (74, '332934196212147756', '20200320', '21:03:11', 36);
INSERT INTO Health (id, account, last_date, last_time, temperature) VALUES (75, '111561194002281197', '20200523', '05:22:40', 36.4);
INSERT INTO Health (id, account, last_date, last_time, temperature) VALUES (76, '210442196403090035', '20200302', '06:13:12', 36);
INSERT INTO Health (id, account, last_date, last_time, temperature) VALUES (77, '714508197005295121', '20200310', '21:19:05', 35.5);
INSERT INTO Health (id, account, last_date, last_time, temperature) VALUES (78, '152303199901071402', '20200227', '05:22:29', 37.3);
INSERT INTO Health (id, account, last_date, last_time, temperature) VALUES (79, '352468199802157904', '20200205', '21:38:16', 36.7);
INSERT INTO Health (id, account, last_date, last_time, temperature) VALUES (80, '372282195210198851', '20200415', '08:33:58', 35.4);
INSERT INTO Health (id, account, last_date, last_time, temperature) VALUES (81, '502271193807291514', '20200326', '19:14:59', 36);
INSERT INTO Health (id, account, last_date, last_time, temperature) VALUES (82, '124819198804050831', '20200329', '11:02:05', 35.3);
INSERT INTO Health (id, account, last_date, last_time, temperature) VALUES (83, '330639193402263593', '20200311', '05:36:02', 37);
INSERT INTO Health (id, account, last_date, last_time, temperature) VALUES (84, '714641199003278463', '20200415', '04:35:43', 35.4);
INSERT INTO Health (id, account, last_date, last_time, temperature) VALUES (85, '640757194506062665', '20200320', '23:42:54', 37.2);
INSERT INTO Health (id, account, last_date, last_time, temperature) VALUES (86, '714983197608178961', '20200307', '00:35:21', 36.7);
INSERT INTO Health (id, account, last_date, last_time, temperature) VALUES (87, '12405719830727287X', '20200401', '06:49:04', 35.1);
INSERT INTO Health (id, account, last_date, last_time, temperature) VALUES (88, '41103019291224064X', '20200206', '03:36:43', 37.4);
INSERT INTO Health (id, account, last_date, last_time, temperature) VALUES (89, '71188619470115128X', '20200421', '07:33:22', 35);
INSERT INTO Health (id, account, last_date, last_time, temperature) VALUES (90, '344192195202070032', '20200519', '19:15:44', 35.4);
INSERT INTO Health (id, account, last_date, last_time, temperature) VALUES (91, '421124194310244331', '20200201', '07:48:36', 35.3);
INSERT INTO Health (id, account, last_date, last_time, temperature) VALUES (92, '371689193203314666', '20200520', '21:58:55', 36.8);
INSERT INTO Health (id, account, last_date, last_time, temperature) VALUES (93, '524969199110303422', '20200416', '11:10:43', 36.7);
INSERT INTO Health (id, account, last_date, last_time, temperature) VALUES (94, '112365199010141511', '20200430', '21:12:29', 36.5);
INSERT INTO Health (id, account, last_date, last_time, temperature) VALUES (95, '120661196703105189', '20200320', '17:49:21', 36.2);
INSERT INTO Health (id, account, last_date, last_time, temperature) VALUES (96, '644412195611042531', '20200315', '01:28:53', 36.5);
INSERT INTO Health (id, account, last_date, last_time, temperature) VALUES (97, '210218201408245566', '20200508', '12:33:05', 35.8);
INSERT INTO Health (id, account, last_date, last_time, temperature) VALUES (98, '310719199503244088', '20200219', '21:18:26', 35.8);
INSERT INTO Health (id, account, last_date, last_time, temperature) VALUES (99, '541410194709063564', '20200522', '11:00:19', 36.4);
INSERT INTO Health (id, account, last_date, last_time, temperature) VALUES (100, '613305193911123346', '20200313', '07:54:30', 36.7);
INSERT INTO Health (id, account, last_date, last_time, temperature) VALUES (101, '622290193611253734', '20200510', '18:51:45', 35.5);
INSERT INTO Health (id, account, last_date, last_time, temperature) VALUES (102, '372016193711254362', '20200215', '20:23:54', 36.7);
INSERT INTO Health (id, account, last_date, last_time, temperature) VALUES (103, '714024194603284656', '20200207', '06:14:17', 37.1);
INSERT INTO Health (id, account, last_date, last_time, temperature) VALUES (104, '224095200602234671', '20200422', '17:05:35', 35.1);
INSERT INTO Health (id, account, last_date, last_time, temperature) VALUES (105, '652995194006067731', '20200215', '20:55:45', 35.1);
INSERT INTO Health (id, account, last_date, last_time, temperature) VALUES (106, '533403201304086994', '20200404', '02:41:45', 37.3);
INSERT INTO Health (id, account, last_date, last_time, temperature) VALUES (107, '431379199906011764', '20200407', '01:23:29', 36);
INSERT INTO Health (id, account, last_date, last_time, temperature) VALUES (108, '522892200009200413', '20200419', '13:24:18', 37.3);
INSERT INTO Health (id, account, last_date, last_time, temperature) VALUES (109, '320520201009286204', '20200223', '19:21:35', 37.1);
INSERT INTO Health (id, account, last_date, last_time, temperature) VALUES (110, '141126195702200789', '20200306', '22:55:31', 35.8);
INSERT INTO Health (id, account, last_date, last_time, temperature) VALUES (111, '342780196205285253', '20200207', '21:53:54', 35.5);
INSERT INTO Health (id, account, last_date, last_time, temperature) VALUES (112, '124291200810270944', '20200207', '03:07:17', 36.9);
INSERT INTO Health (id, account, last_date, last_time, temperature) VALUES (113, '351432195510064365', '20200321', '22:30:29', 35.2);
INSERT INTO Health (id, account, last_date, last_time, temperature) VALUES (114, '610129194606230384', '20200522', '09:54:16', 36.8);
INSERT INTO Health (id, account, last_date, last_time, temperature) VALUES (115, '434079201303011585', '20200313', '10:06:56', 37.3);
INSERT INTO Health (id, account, last_date, last_time, temperature) VALUES (116, '504259193103100624', '20200210', '12:07:54', 36.8);
INSERT INTO Health (id, account, last_date, last_time, temperature) VALUES (117, '14037720061115302X', '20200408', '06:57:09', 36.8);
INSERT INTO Health (id, account, last_date, last_time, temperature) VALUES (118, '503144194403169538', '20200519', '10:48:28', 36.5);
INSERT INTO Health (id, account, last_date, last_time, temperature) VALUES (119, '122009200209260506', '20200503', '07:05:23', 37.2);
INSERT INTO Health (id, account, last_date, last_time, temperature) VALUES (120, '511473197401190651', '20200416', '15:31:07', 36);
INSERT INTO Health (id, account, last_date, last_time, temperature) VALUES (121, '463782196212067626', '20200520', '18:22:53', 37.2);
INSERT INTO Health (id, account, last_date, last_time, temperature) VALUES (122, '363203197404279781', '20200428', '18:28:15', 36.1);
INSERT INTO Health (id, account, last_date, last_time, temperature) VALUES (123, '822624196109130575', '20200328', '21:10:08', 36.4);
INSERT INTO Health (id, account, last_date, last_time, temperature) VALUES (124, '233383192606255870', '20200420', '06:55:14', 36.5);
INSERT INTO Health (id, account, last_date, last_time, temperature) VALUES (125, '613720201111053572', '20200519', '03:58:27', 35.9);
INSERT INTO Health (id, account, last_date, last_time, temperature) VALUES (126, '231539196910014665', '20200414', '00:15:33', 36.4);
INSERT INTO Health (id, account, last_date, last_time, temperature) VALUES (127, '340555194006206723', '20200519', '19:46:01', 36.9);
INSERT INTO Health (id, account, last_date, last_time, temperature) VALUES (128, '111105200303241066', '20200304', '06:40:17', 35.3);
INSERT INTO Health (id, account, last_date, last_time, temperature) VALUES (129, '440964200604207792', '20200220', '17:16:06', 36.4);
INSERT INTO Health (id, account, last_date, last_time, temperature) VALUES (130, '821826193901275543', '20200212', '21:51:27', 36.1);
INSERT INTO Health (id, account, last_date, last_time, temperature) VALUES (131, '523277197404255278', '20200306', '10:48:43', 36);
INSERT INTO Health (id, account, last_date, last_time, temperature) VALUES (132, '41079820001027680X', '20200329', '09:21:55', 35.1);
INSERT INTO Health (id, account, last_date, last_time, temperature) VALUES (133, '342928194210080386', '20200317', '03:56:02', 35.5);
INSERT INTO Health (id, account, last_date, last_time, temperature) VALUES (134, '23190119670604962X', '20200213', '08:15:47', 36.5);
INSERT INTO Health (id, account, last_date, last_time, temperature) VALUES (135, '433475201008072246', '20200527', '09:33:35', 36.4);
INSERT INTO Health (id, account, last_date, last_time, temperature) VALUES (136, '374590200903279893', '20200513', '07:54:04', 35.4);
INSERT INTO Health (id, account, last_date, last_time, temperature) VALUES (137, '514922193504054852', '20200424', '17:07:43', 36.5);
INSERT INTO Health (id, account, last_date, last_time, temperature) VALUES (138, '821979193602183374', '20200509', '10:27:06', 35.5);
INSERT INTO Health (id, account, last_date, last_time, temperature) VALUES (139, '330265196104015805', '20200325', '01:07:19', 36.6);
INSERT INTO Health (id, account, last_date, last_time, temperature) VALUES (140, '461469193407311896', '20200516', '07:15:36', 35.1);
INSERT INTO Health (id, account, last_date, last_time, temperature) VALUES (141, '375032196504265845', '20200201', '13:04:01', 35.2);
INSERT INTO Health (id, account, last_date, last_time, temperature) VALUES (142, '451293196412031987', '20200521', '03:36:21', 36.4);
INSERT INTO Health (id, account, last_date, last_time, temperature) VALUES (143, '131026198707105307', '20200517', '01:48:20', 37.3);
INSERT INTO Health (id, account, last_date, last_time, temperature) VALUES (144, '23147319610312483X', '20200420', '02:13:47', 36.1);
INSERT INTO Health (id, account, last_date, last_time, temperature) VALUES (145, '822129200811097005', '20200303', '12:47:52', 35.4);
INSERT INTO Health (id, account, last_date, last_time, temperature) VALUES (146, '423723198402085115', '20200317', '02:01:58', 35.8);
INSERT INTO Health (id, account, last_date, last_time, temperature) VALUES (147, '453829198907130490', '20200321', '11:20:35', 35.3);
INSERT INTO Health (id, account, last_date, last_time, temperature) VALUES (148, '343173196307095542', '20200411', '16:27:17', 35.3);
INSERT INTO Health (id, account, last_date, last_time, temperature) VALUES (149, '333163196407173277', '20200401', '17:52:20', 37);
INSERT INTO Health (id, account, last_date, last_time, temperature) VALUES (150, '614437198008179945', '20200404', '16:26:07', 37.4);
INSERT INTO Health (id, account, last_date, last_time, temperature) VALUES (151, '453797195805133623', '20200203', '20:17:31', 35.4);
INSERT INTO Health (id, account, last_date, last_time, temperature) VALUES (152, '450262197312263842', '20200319', '16:14:34', 37.1);
INSERT INTO Health (id, account, last_date, last_time, temperature) VALUES (153, '420854200311104308', '20200517', '18:04:01', 36);
INSERT INTO Health (id, account, last_date, last_time, temperature) VALUES (154, '334657194412177072', '20200217', '12:56:19', 37.4);
INSERT INTO Health (id, account, last_date, last_time, temperature) VALUES (155, '711912193304023793', '20200423', '22:25:07', 35.6);
INSERT INTO Health (id, account, last_date, last_time, temperature) VALUES (156, '46323519280905921X', '20200413', '10:41:30', 35.6);
INSERT INTO Health (id, account, last_date, last_time, temperature) VALUES (157, '622825201406160328', '20200330', '07:42:35', 37.1);
INSERT INTO Health (id, account, last_date, last_time, temperature) VALUES (158, '462009194401157085', '20200311', '15:42:01', 35);
INSERT INTO Health (id, account, last_date, last_time, temperature) VALUES (159, '333043195803108739', '20200210', '01:47:05', 37.2);
INSERT INTO Health (id, account, last_date, last_time, temperature) VALUES (160, '623767199106106182', '20200217', '08:48:37', 37.2);
INSERT INTO Health (id, account, last_date, last_time, temperature) VALUES (161, '231214200310126886', '20200420', '09:58:34', 36.1);
INSERT INTO Health (id, account, last_date, last_time, temperature) VALUES (162, '413944201312047143', '20200228', '17:40:43', 36.2);
INSERT INTO Health (id, account, last_date, last_time, temperature) VALUES (163, '654113201310120789', '20200514', '04:36:28', 37.3);
INSERT INTO Health (id, account, last_date, last_time, temperature) VALUES (164, '71345919601209903X', '20200329', '23:35:00', 35.4);
INSERT INTO Health (id, account, last_date, last_time, temperature) VALUES (165, '524338199612256212', '20200228', '16:57:43', 36.7);
INSERT INTO Health (id, account, last_date, last_time, temperature) VALUES (166, '144616199004224740', '20200327', '09:22:04', 36.7);
INSERT INTO Health (id, account, last_date, last_time, temperature) VALUES (167, '341221197205133406', '20200331', '16:39:08', 35.9);
INSERT INTO Health (id, account, last_date, last_time, temperature) VALUES (168, '523158193401244699', '20200228', '01:31:13', 35.6);
INSERT INTO Health (id, account, last_date, last_time, temperature) VALUES (169, '712474198102257380', '20200317', '11:18:52', 37);
INSERT INTO Health (id, account, last_date, last_time, temperature) VALUES (170, '221839200303312682', '20200514', '15:37:44', 37.3);
INSERT INTO Health (id, account, last_date, last_time, temperature) VALUES (171, '463596196502095292', '20200219', '13:52:21', 36.9);
INSERT INTO Health (id, account, last_date, last_time, temperature) VALUES (172, '652495193512027773', '20200325', '14:03:34', 36.5);
INSERT INTO Health (id, account, last_date, last_time, temperature) VALUES (173, '330904199907127344', '20200510', '03:50:42', 36.2);
INSERT INTO Health (id, account, last_date, last_time, temperature) VALUES (174, '532917194412230614', '20200210', '04:40:11', 36);
INSERT INTO Health (id, account, last_date, last_time, temperature) VALUES (175, '611357198206182660', '20200519', '02:48:55', 36.7);
INSERT INTO Health (id, account, last_date, last_time, temperature) VALUES (176, '323585192301227368', '20200201', '06:23:41', 35);
INSERT INTO Health (id, account, last_date, last_time, temperature) VALUES (177, '452894200711208027', '20200308', '07:03:18', 36.3);
INSERT INTO Health (id, account, last_date, last_time, temperature) VALUES (178, '441748192706115886', '20200518', '00:32:41', 35.1);
INSERT INTO Health (id, account, last_date, last_time, temperature) VALUES (179, '541208199312168562', '20200307', '23:41:18', 35.4);
INSERT INTO Health (id, account, last_date, last_time, temperature) VALUES (180, '333561200405104561', '20200329', '00:44:56', 36.7);
INSERT INTO Health (id, account, last_date, last_time, temperature) VALUES (181, '350219199508081227', '20200410', '08:59:23', 35.8);
INSERT INTO Health (id, account, last_date, last_time, temperature) VALUES (182, '341336197912232565', '20200203', '18:20:38', 37.4);
INSERT INTO Health (id, account, last_date, last_time, temperature) VALUES (183, '321577197611197411', '20200206', '21:42:30', 36.1);
INSERT INTO Health (id, account, last_date, last_time, temperature) VALUES (184, '440790197206220429', '20200214', '04:45:09', 36.2);
INSERT INTO Health (id, account, last_date, last_time, temperature) VALUES (185, '153153192805140124', '20200215', '13:53:04', 37.2);
INSERT INTO Health (id, account, last_date, last_time, temperature) VALUES (186, '360431199301098330', '20200526', '19:48:06', 36.4);
INSERT INTO Health (id, account, last_date, last_time, temperature) VALUES (187, '330256197812248067', '20200506', '20:48:03', 35.2);
INSERT INTO Health (id, account, last_date, last_time, temperature) VALUES (188, '134844193412125120', '20200302', '03:22:54', 35.6);
INSERT INTO Health (id, account, last_date, last_time, temperature) VALUES (189, '320662192804033228', '20200402', '15:38:27', 36);
INSERT INTO Health (id, account, last_date, last_time, temperature) VALUES (190, '501123193004128728', '20200310', '10:32:05', 37.4);
INSERT INTO Health (id, account, last_date, last_time, temperature) VALUES (191, '45481219680210171X', '20200425', '11:53:53', 35.6);
INSERT INTO Health (id, account, last_date, last_time, temperature) VALUES (192, '434178195306280003', '20200218', '21:00:58', 36.3);
INSERT INTO Health (id, account, last_date, last_time, temperature) VALUES (193, '341727198006294659', '20200201', '14:49:51', 35.7);
INSERT INTO Health (id, account, last_date, last_time, temperature) VALUES (194, '370993197506184009', '20200220', '16:01:36', 36.4);
INSERT INTO Health (id, account, last_date, last_time, temperature) VALUES (195, '631089199804040192', '20200318', '19:32:00', 36.9);
INSERT INTO Health (id, account, last_date, last_time, temperature) VALUES (196, '653505196001289923', '20200315', '01:53:05', 35.9);
INSERT INTO Health (id, account, last_date, last_time, temperature) VALUES (197, '114555200808134395', '20200405', '09:10:00', 35.5);
INSERT INTO Health (id, account, last_date, last_time, temperature) VALUES (198, '311088201409057243', '20200313', '05:18:41', 36.3);
INSERT INTO Health (id, account, last_date, last_time, temperature) VALUES (199, '342694195102188564', '20200224', '11:05:25', 35.2);
INSERT INTO Health (id, account, last_date, last_time, temperature) VALUES (200, '644710194708026052', '20200225', '16:12:14', 35.2);
INSERT INTO Health (id, account, last_date, last_time, temperature) VALUES (201, '372521200610062088', '20200213', '00:46:41', 35.3);
INSERT INTO Health (id, account, last_date, last_time, temperature) VALUES (202, '823597198603257747', '20200207', '08:27:33', 35.9);
INSERT INTO Health (id, account, last_date, last_time, temperature) VALUES (203, '221679194407033486', '20200529', '12:01:54', 37.4);
INSERT INTO Health (id, account, last_date, last_time, temperature) VALUES (204, '634846193401182688', '20200430', '17:54:15', 36.9);
INSERT INTO Health (id, account, last_date, last_time, temperature) VALUES (205, '37118619650522128X', '20200421', '13:56:44', 35.4);
INSERT INTO Health (id, account, last_date, last_time, temperature) VALUES (206, '424457199105030796', '20200403', '17:25:21', 36.2);
INSERT INTO Health (id, account, last_date, last_time, temperature) VALUES (207, '711713199512152226', '20200426', '14:07:57', 36.5);
INSERT INTO Health (id, account, last_date, last_time, temperature) VALUES (208, '425001194904023218', '20200316', '21:37:19', 36.6);
INSERT INTO Health (id, account, last_date, last_time, temperature) VALUES (209, '374169199811304099', '20200225', '05:36:00', 35.1);
INSERT INTO Health (id, account, last_date, last_time, temperature) VALUES (210, '633309196612079310', '20200330', '17:51:35', 36.1);
INSERT INTO Health (id, account, last_date, last_time, temperature) VALUES (211, '813592198801027678', '20200427', '00:19:16', 36.3);
INSERT INTO Health (id, account, last_date, last_time, temperature) VALUES (212, '155065199704268669', '20200522', '04:04:18', 36.8);
INSERT INTO Health (id, account, last_date, last_time, temperature) VALUES (213, '133707194107301615', '20200519', '19:26:37', 35.2);
INSERT INTO Health (id, account, last_date, last_time, temperature) VALUES (214, '824802196605289276', '20200520', '00:01:13', 35.9);
INSERT INTO Health (id, account, last_date, last_time, temperature) VALUES (215, '430773200103254437', '20200316', '03:18:41', 37.1);
INSERT INTO Health (id, account, last_date, last_time, temperature) VALUES (216, '612152192509182341', '20200430', '05:36:29', 37.1);
INSERT INTO Health (id, account, last_date, last_time, temperature) VALUES (217, '113382196405048593', '20200315', '21:59:24', 36.9);
INSERT INTO Health (id, account, last_date, last_time, temperature) VALUES (218, '354696193609226639', '20200429', '22:28:58', 37);
INSERT INTO Health (id, account, last_date, last_time, temperature) VALUES (219, '450115196901167077', '20200204', '06:35:59', 36.4);
INSERT INTO Health (id, account, last_date, last_time, temperature) VALUES (220, '822664196509262263', '20200228', '00:23:46', 36.1);
INSERT INTO Health (id, account, last_date, last_time, temperature) VALUES (221, '452310199307167825', '20200524', '11:54:31', 35.4);
INSERT INTO Health (id, account, last_date, last_time, temperature) VALUES (222, '221106194112310055', '20200201', '09:11:05', 35.9);
INSERT INTO Health (id, account, last_date, last_time, temperature) VALUES (223, '373534194612197336', '20200217', '10:26:45', 36);
INSERT INTO Health (id, account, last_date, last_time, temperature) VALUES (224, '53113019450506149X', '20200223', '14:24:46', 37.1);
INSERT INTO Health (id, account, last_date, last_time, temperature) VALUES (225, '533673196304188879', '20200409', '14:12:51', 36);
INSERT INTO Health (id, account, last_date, last_time, temperature) VALUES (226, '612524194706290980', '20200216', '12:10:16', 36.3);
INSERT INTO Health (id, account, last_date, last_time, temperature) VALUES (227, '711248200207106101', '20200522', '06:00:17', 35.7);
INSERT INTO Health (id, account, last_date, last_time, temperature) VALUES (228, '43366520130820872X', '20200323', '15:32:29', 35.6);
INSERT INTO Health (id, account, last_date, last_time, temperature) VALUES (229, '142055199908168003', '20200202', '14:51:04', 37.2);
INSERT INTO Health (id, account, last_date, last_time, temperature) VALUES (230, '71258719800304366X', '20200401', '05:54:58', 36.2);
INSERT INTO Health (id, account, last_date, last_time, temperature) VALUES (231, '113137201201109170', '20200529', '19:07:22', 36.4);
INSERT INTO Health (id, account, last_date, last_time, temperature) VALUES (232, '315031196610109177', '20200321', '10:13:28', 37.2);
INSERT INTO Health (id, account, last_date, last_time, temperature) VALUES (233, '812631197801021098', '20200527', '10:45:07', 36.1);
INSERT INTO Health (id, account, last_date, last_time, temperature) VALUES (234, '623647197406255285', '20200330', '04:06:03', 36.6);
INSERT INTO Health (id, account, last_date, last_time, temperature) VALUES (235, '464208198605315539', '20200410', '00:34:04', 35.1);
INSERT INTO Health (id, account, last_date, last_time, temperature) VALUES (236, '811461199308013616', '20200501', '16:06:09', 35.7);
INSERT INTO Health (id, account, last_date, last_time, temperature) VALUES (237, '43235720090630447X', '20200415', '11:30:26', 37.4);
INSERT INTO Health (id, account, last_date, last_time, temperature) VALUES (238, '501505195911113510', '20200529', '10:06:03', 37.1);
INSERT INTO Health (id, account, last_date, last_time, temperature) VALUES (239, '143264192612238796', '20200430', '14:54:31', 37.4);
INSERT INTO Health (id, account, last_date, last_time, temperature) VALUES (240, '214625196701054396', '20200523', '16:19:02', 37.2);
INSERT INTO Health (id, account, last_date, last_time, temperature) VALUES (241, '632039194104291150', '20200222', '08:40:19', 36.9);
INSERT INTO Health (id, account, last_date, last_time, temperature) VALUES (242, '311393193802240264', '20200525', '23:58:54', 36.6);
INSERT INTO Health (id, account, last_date, last_time, temperature) VALUES (243, '331330199305152584', '20200427', '05:29:51', 36.1);
INSERT INTO Health (id, account, last_date, last_time, temperature) VALUES (244, '34239219601020217X', '20200323', '11:01:29', 35.3);
INSERT INTO Health (id, account, last_date, last_time, temperature) VALUES (245, '343725193805257373', '20200503', '02:21:24', 37.7);
INSERT INTO Health (id, account, last_date, last_time, temperature) VALUES (246, '324947193108211329', '20200321', '10:47:04', 35.2);
INSERT INTO Health (id, account, last_date, last_time, temperature) VALUES (247, '374898200506284023', '20200317', '12:30:16', 36.6);
INSERT INTO Health (id, account, last_date, last_time, temperature) VALUES (248, '611435196003116259', '20200308', '09:03:28', 35.1);
INSERT INTO Health (id, account, last_date, last_time, temperature) VALUES (249, '443473197202126221', '20200416', '16:53:55', 37);
INSERT INTO Health (id, account, last_date, last_time, temperature) VALUES (250, '641474201306156644', '20200326', '12:12:57', 37);
INSERT INTO Health (id, account, last_date, last_time, temperature) VALUES (251, '312824197403029900', '20200308', '12:02:14', 35.4);
INSERT INTO Health (id, account, last_date, last_time, temperature) VALUES (252, '222450200506204238', '20200518', '09:01:17', 37.4);
INSERT INTO Health (id, account, last_date, last_time, temperature) VALUES (253, '532377195511027645', '20200314', '03:54:43', 36.7);
INSERT INTO Health (id, account, last_date, last_time, temperature) VALUES (254, '50346219601022092X', '20200214', '20:02:13', 37.8);
INSERT INTO Health (id, account, last_date, last_time, temperature) VALUES (255, '431660200803276400', '20200323', '12:35:53', 36.2);
INSERT INTO Health (id, account, last_date, last_time, temperature) VALUES (256, '231566197410248550', '20200508', '04:23:06', 35.6);
INSERT INTO Health (id, account, last_date, last_time, temperature) VALUES (257, '133386195607145154', '20200218', '03:06:11', 36.7);
INSERT INTO Health (id, account, last_date, last_time, temperature) VALUES (258, '543919193710223346', '20200204', '03:23:05', 35.5);
INSERT INTO Health (id, account, last_date, last_time, temperature) VALUES (259, '121151199606165557', '20200328', '21:07:46', 36.3);
INSERT INTO Health (id, account, last_date, last_time, temperature) VALUES (260, '810899193408279737', '20200426', '01:46:18', 35.3);
INSERT INTO Health (id, account, last_date, last_time, temperature) VALUES (261, '15356319420901205X', '20200525', '15:16:17', 36.3);
INSERT INTO Health (id, account, last_date, last_time, temperature) VALUES (262, '444116195010304480', '20200418', '09:41:23', 36.5);
INSERT INTO Health (id, account, last_date, last_time, temperature) VALUES (263, '312591198506140869', '20200330', '06:46:19', 37.3);
INSERT INTO Health (id, account, last_date, last_time, temperature) VALUES (264, '631599194501062845', '20200419', '01:58:05', 36.1);
INSERT INTO Health (id, account, last_date, last_time, temperature) VALUES (265, '654818193201041920', '20200424', '23:25:36', 36.6);
INSERT INTO Health (id, account, last_date, last_time, temperature) VALUES (266, '820385193105219218', '20200403', '05:56:25', 35.8);
INSERT INTO Health (id, account, last_date, last_time, temperature) VALUES (267, '232462200606100353', '20200305', '16:54:18', 37);
INSERT INTO Health (id, account, last_date, last_time, temperature) VALUES (268, '633636193312061042', '20200209', '19:01:11', 36.9);
INSERT INTO Health (id, account, last_date, last_time, temperature) VALUES (269, '412835199103058040', '20200307', '05:56:08', 36.7);
INSERT INTO Health (id, account, last_date, last_time, temperature) VALUES (270, '122853198005094159', '20200313', '08:58:29', 36.7);
INSERT INTO Health (id, account, last_date, last_time, temperature) VALUES (271, '431270199403268644', '20200329', '02:33:57', 36.2);
INSERT INTO Health (id, account, last_date, last_time, temperature) VALUES (272, '13409719250723616X', '20200306', '16:45:52', 37);
INSERT INTO Health (id, account, last_date, last_time, temperature) VALUES (273, '214285200409219179', '20200214', '22:33:25', 35.7);
INSERT INTO Health (id, account, last_date, last_time, temperature) VALUES (274, '523871196406211660', '20200307', '17:17:49', 36.9);
INSERT INTO Health (id, account, last_date, last_time, temperature) VALUES (275, '652221199403259373', '20200415', '13:35:06', 35);
INSERT INTO Health (id, account, last_date, last_time, temperature) VALUES (276, '624103200703200575', '20200506', '23:41:48', 36.8);
INSERT INTO Health (id, account, last_date, last_time, temperature) VALUES (277, '813998195809052790', '20200510', '13:16:55', 36);
INSERT INTO Health (id, account, last_date, last_time, temperature) VALUES (278, '330612192301184968', '20200221', '08:37:39', 36.5);
INSERT INTO Health (id, account, last_date, last_time, temperature) VALUES (279, '630423194909216187', '20200402', '09:42:35', 36.3);
INSERT INTO Health (id, account, last_date, last_time, temperature) VALUES (280, '634831198711011682', '20200214', '01:05:27', 37.2);
INSERT INTO Health (id, account, last_date, last_time, temperature) VALUES (281, '364383197102072592', '20200514', '08:26:06', 36.5);
INSERT INTO Health (id, account, last_date, last_time, temperature) VALUES (282, '644792199712273760', '20200221', '15:08:33', 36.7);
INSERT INTO Health (id, account, last_date, last_time, temperature) VALUES (283, '540409193303275223', '20200416', '21:16:10', 35.3);
INSERT INTO Health (id, account, last_date, last_time, temperature) VALUES (284, '132071201011016433', '20200416', '14:14:49', 36);
INSERT INTO Health (id, account, last_date, last_time, temperature) VALUES (285, '821925200707171802', '20200406', '15:38:31', 35.8);
INSERT INTO Health (id, account, last_date, last_time, temperature) VALUES (286, '610697194103078447', '20200508', '04:56:41', 36);
INSERT INTO Health (id, account, last_date, last_time, temperature) VALUES (287, '534033201010227621', '20200514', '18:45:30', 35.1);
INSERT INTO Health (id, account, last_date, last_time, temperature) VALUES (288, '312171194808099506', '20200524', '05:15:11', 37.4);
INSERT INTO Health (id, account, last_date, last_time, temperature) VALUES (289, '452102197307138360', '20200306', '19:05:56', 36.8);
INSERT INTO Health (id, account, last_date, last_time, temperature) VALUES (290, '621750198007163568', '20200212', '07:56:05', 36.1);
INSERT INTO Health (id, account, last_date, last_time, temperature) VALUES (291, '450331193610098872', '20200512', '23:11:46', 36.7);
INSERT INTO Health (id, account, last_date, last_time, temperature) VALUES (292, '423781192906084531', '20200415', '23:45:51', 35.3);
INSERT INTO Health (id, account, last_date, last_time, temperature) VALUES (293, '632660195907042112', '20200310', '04:33:58', 35.8);
INSERT INTO Health (id, account, last_date, last_time, temperature) VALUES (294, '321092201206054846', '20200422', '09:49:52', 37);
INSERT INTO Health (id, account, last_date, last_time, temperature) VALUES (295, '212472196712176746', '20200201', '05:24:44', 35);
INSERT INTO Health (id, account, last_date, last_time, temperature) VALUES (296, '43409019230915125X', '20200527', '19:26:26', 36.5);
INSERT INTO Health (id, account, last_date, last_time, temperature) VALUES (297, '220839194704300764', '20200316', '17:08:22', 35.1);
INSERT INTO Health (id, account, last_date, last_time, temperature) VALUES (298, '463007200710085392', '20200522', '02:06:58', 37);
INSERT INTO Health (id, account, last_date, last_time, temperature) VALUES (299, '11118019671021702X', '20200226', '20:11:39', 35.4);
INSERT INTO Health (id, account, last_date, last_time, temperature) VALUES (300, '364025194709151033', '20200324', '02:48:57', 35.8);
INSERT INTO Health (id, account, last_date, last_time, temperature) VALUES (301, '430439193605227028', '20200227', '11:14:54', 35.6);
INSERT INTO Health (id, account, last_date, last_time, temperature) VALUES (302, '114218199510122681', '20200410', '09:11:51', 35.5);
INSERT INTO Health (id, account, last_date, last_time, temperature) VALUES (303, '234235201101280630', '20200327', '03:13:27', 35.9);
INSERT INTO Health (id, account, last_date, last_time, temperature) VALUES (304, '53353720081017966X', '20200401', '03:03:10', 35.8);
INSERT INTO Health (id, account, last_date, last_time, temperature) VALUES (305, '213846200504309393', '20200211', '01:37:40', 36.9);
INSERT INTO Health (id, account, last_date, last_time, temperature) VALUES (306, '321588197712066413', '20200510', '14:13:39', 35.2);
INSERT INTO Health (id, account, last_date, last_time, temperature) VALUES (307, '521682200711204399', '20200423', '10:45:28', 36);
INSERT INTO Health (id, account, last_date, last_time, temperature) VALUES (308, '464025201001318565', '20200305', '23:13:27', 35.2);
INSERT INTO Health (id, account, last_date, last_time, temperature) VALUES (309, '142610196701313122', '20200202', '20:11:22', 37.3);
INSERT INTO Health (id, account, last_date, last_time, temperature) VALUES (310, '220157200707286884', '20200417', '19:02:54', 36);
INSERT INTO Health (id, account, last_date, last_time, temperature) VALUES (311, '214435194701082906', '20200521', '10:55:42', 36.9);
INSERT INTO Health (id, account, last_date, last_time, temperature) VALUES (312, '422788200412025668', '20200410', '06:08:46', 35);
INSERT INTO Health (id, account, last_date, last_time, temperature) VALUES (313, '223436200610224894', '20200519', '11:20:18', 35.1);
INSERT INTO Health (id, account, last_date, last_time, temperature) VALUES (314, '142819200201023893', '20200508', '13:40:48', 36.8);
INSERT INTO Health (id, account, last_date, last_time, temperature) VALUES (315, '314436195503126965', '20200506', '03:43:50', 37);
INSERT INTO Health (id, account, last_date, last_time, temperature) VALUES (316, '650435194509256424', '20200427', '23:36:25', 35.2);
INSERT INTO Health (id, account, last_date, last_time, temperature) VALUES (317, '221659196001180090', '20200501', '23:38:06', 35);
INSERT INTO Health (id, account, last_date, last_time, temperature) VALUES (318, '124958196705256289', '20200411', '07:27:50', 35);
INSERT INTO Health (id, account, last_date, last_time, temperature) VALUES (319, '414520196701208071', '20200202', '20:02:46', 35.5);
INSERT INTO Health (id, account, last_date, last_time, temperature) VALUES (320, '353051194008229898', '20200507', '10:07:27', 35.5);
INSERT INTO Health (id, account, last_date, last_time, temperature) VALUES (321, '620484196003062715', '20200518', '08:07:24', 35.7);
INSERT INTO Health (id, account, last_date, last_time, temperature) VALUES (322, '440584199606159868', '20200220', '23:06:38', 35.2);
INSERT INTO Health (id, account, last_date, last_time, temperature) VALUES (323, '220622195912119374', '20200307', '06:27:15', 35.7);
INSERT INTO Health (id, account, last_date, last_time, temperature) VALUES (324, '622281194609173613', '20200406', '01:51:28', 35.3);
INSERT INTO Health (id, account, last_date, last_time, temperature) VALUES (325, '634154193305134217', '20200509', '13:06:03', 36.3);
INSERT INTO Health (id, account, last_date, last_time, temperature) VALUES (326, '814231200605207518', '20200507', '05:33:45', 37.1);
INSERT INTO Health (id, account, last_date, last_time, temperature) VALUES (327, '340921196812291239', '20200425', '08:18:33', 36.6);
INSERT INTO Health (id, account, last_date, last_time, temperature) VALUES (328, '623218192811246848', '20200523', '01:11:35', 37.2);
INSERT INTO Health (id, account, last_date, last_time, temperature) VALUES (329, '142060198911114416', '20200512', '22:04:35', 37.4);
INSERT INTO Health (id, account, last_date, last_time, temperature) VALUES (330, '410705200902248860', '20200219', '18:52:48', 36.6);
INSERT INTO Health (id, account, last_date, last_time, temperature) VALUES (331, '232904196704238204', '20200514', '11:48:29', 35.4);
INSERT INTO Health (id, account, last_date, last_time, temperature) VALUES (332, '421349192511256938', '20200519', '13:44:22', 37.1);
INSERT INTO Health (id, account, last_date, last_time, temperature) VALUES (333, '314739196305044445', '20200225', '05:56:04', 36.1);
INSERT INTO Health (id, account, last_date, last_time, temperature) VALUES (334, '422269199202206464', '20200220', '14:00:37', 36.5);
INSERT INTO Health (id, account, last_date, last_time, temperature) VALUES (335, '154397194002099386', '20200303', '23:08:21', 36.2);
INSERT INTO Health (id, account, last_date, last_time, temperature) VALUES (336, '451711193412125563', '20200216', '11:29:08', 35.6);
INSERT INTO Health (id, account, last_date, last_time, temperature) VALUES (337, '372853197407157827', '20200211', '15:54:14', 36.7);
INSERT INTO Health (id, account, last_date, last_time, temperature) VALUES (338, '503632200501068754', '20200308', '08:36:46', 35);
INSERT INTO Health (id, account, last_date, last_time, temperature) VALUES (339, '713450200605254977', '20200420', '11:14:03', 35.3);
INSERT INTO Health (id, account, last_date, last_time, temperature) VALUES (340, '462288195903251779', '20200220', '11:54:53', 35.9);
INSERT INTO Health (id, account, last_date, last_time, temperature) VALUES (341, '54463219650830124X', '20200213', '23:30:05', 35.8);
INSERT INTO Health (id, account, last_date, last_time, temperature) VALUES (342, '13475520011210506X', '20200318', '17:12:17', 37.4);
INSERT INTO Health (id, account, last_date, last_time, temperature) VALUES (343, '643890200708053559', '20200531', '08:31:05', 36.2);
INSERT INTO Health (id, account, last_date, last_time, temperature) VALUES (344, '544296194005077442', '20200322', '06:27:38', 36.2);
INSERT INTO Health (id, account, last_date, last_time, temperature) VALUES (345, '521763194209280528', '20200227', '19:25:25', 36.1);
INSERT INTO Health (id, account, last_date, last_time, temperature) VALUES (346, '443246200204115527', '20200422', '16:49:56', 35.8);
INSERT INTO Health (id, account, last_date, last_time, temperature) VALUES (347, '344179195001247059', '20200328', '21:30:33', 37.1);
INSERT INTO Health (id, account, last_date, last_time, temperature) VALUES (348, '340978192509216407', '20200309', '12:13:33', 36.5);
INSERT INTO Health (id, account, last_date, last_time, temperature) VALUES (349, '824589194903075781', '20200306', '11:10:42', 37.4);
INSERT INTO Health (id, account, last_date, last_time, temperature) VALUES (350, '504541200106274483', '20200413', '06:50:58', 36);
INSERT INTO Health (id, account, last_date, last_time, temperature) VALUES (351, '620945199609298584', '20200404', '18:43:02', 36.3);
INSERT INTO Health (id, account, last_date, last_time, temperature) VALUES (352, '320745201410268931', '20200413', '04:15:07', 36.2);
INSERT INTO Health (id, account, last_date, last_time, temperature) VALUES (353, '544719197307159829', '20200327', '08:46:49', 37);
INSERT INTO Health (id, account, last_date, last_time, temperature) VALUES (354, '442280193210116902', '20200208', '02:59:02', 37.4);
INSERT INTO Health (id, account, last_date, last_time, temperature) VALUES (355, '513899197812127040', '20200517', '01:03:48', 35.3);
INSERT INTO Health (id, account, last_date, last_time, temperature) VALUES (356, '510310200505125867', '20200424', '06:22:20', 36.5);
INSERT INTO Health (id, account, last_date, last_time, temperature) VALUES (357, '214089200201133944', '20200420', '10:11:08', 36.3);
INSERT INTO Health (id, account, last_date, last_time, temperature) VALUES (358, '524696197101055254', '20200506', '13:00:30', 37.3);
INSERT INTO Health (id, account, last_date, last_time, temperature) VALUES (359, '154915194401180232', '20200327', '16:37:15', 36);
INSERT INTO Health (id, account, last_date, last_time, temperature) VALUES (360, '460232200712161931', '20200219', '04:12:53', 36.9);
INSERT INTO Health (id, account, last_date, last_time, temperature) VALUES (361, '12417719620831571X', '20200429', '08:27:36', 37.8);
INSERT INTO Health (id, account, last_date, last_time, temperature) VALUES (362, '620230194306038387', '20200320', '23:38:13', 37.4);
INSERT INTO Health (id, account, last_date, last_time, temperature) VALUES (363, '343164192505050086', '20200506', '23:01:06', 35.4);
INSERT INTO Health (id, account, last_date, last_time, temperature) VALUES (364, '350279200407156759', '20200202', '03:03:56', 35.2);
INSERT INTO Health (id, account, last_date, last_time, temperature) VALUES (365, '823883192512184782', '20200514', '11:10:58', 36);
INSERT INTO Health (id, account, last_date, last_time, temperature) VALUES (366, '505084196906135702', '20200320', '07:48:51', 37.3);
INSERT INTO Health (id, account, last_date, last_time, temperature) VALUES (367, '154866193312038795', '20200213', '23:43:51', 35.6);
INSERT INTO Health (id, account, last_date, last_time, temperature) VALUES (368, '504039197712307023', '20200416', '14:27:15', 36);
INSERT INTO Health (id, account, last_date, last_time, temperature) VALUES (369, '443818199907024963', '20200212', '18:46:20', 36.3);
INSERT INTO Health (id, account, last_date, last_time, temperature) VALUES (370, '413618195912159414', '20200504', '06:07:12', 35.2);
INSERT INTO Health (id, account, last_date, last_time, temperature) VALUES (371, '520648196310234071', '20200424', '08:12:10', 35.2);
INSERT INTO Health (id, account, last_date, last_time, temperature) VALUES (372, '124248194412123007', '20200429', '19:14:04', 36.5);
INSERT INTO Health (id, account, last_date, last_time, temperature) VALUES (373, '412227196506083063', '20200204', '22:21:16', 37.1);
INSERT INTO Health (id, account, last_date, last_time, temperature) VALUES (374, '332566193103151472', '20200506', '11:14:00', 35.5);
INSERT INTO Health (id, account, last_date, last_time, temperature) VALUES (375, '652639196812116527', '20200219', '17:39:57', 35.7);
INSERT INTO Health (id, account, last_date, last_time, temperature) VALUES (376, '622856195304064884', '20200209', '18:18:13', 36);
INSERT INTO Health (id, account, last_date, last_time, temperature) VALUES (377, '524141198410134926', '20200301', '22:15:05', 35.3);
INSERT INTO Health (id, account, last_date, last_time, temperature) VALUES (378, '710215195501286712', '20200305', '15:05:23', 35.1);
INSERT INTO Health (id, account, last_date, last_time, temperature) VALUES (379, '461775200407140160', '20200404', '18:01:41', 35.7);
INSERT INTO Health (id, account, last_date, last_time, temperature) VALUES (380, '112055199011174840', '20200203', '20:22:25', 37.7);
INSERT INTO Health (id, account, last_date, last_time, temperature) VALUES (381, '131350193112238854', '20200402', '19:14:38', 36.5);
INSERT INTO Health (id, account, last_date, last_time, temperature) VALUES (382, '113986194306102570', '20200310', '01:12:10', 35.9);
INSERT INTO Health (id, account, last_date, last_time, temperature) VALUES (383, '461955196105156929', '20200209', '21:04:38', 36);
INSERT INTO Health (id, account, last_date, last_time, temperature) VALUES (384, '522931198502123080', '20200415', '09:03:23', 36.2);
INSERT INTO Health (id, account, last_date, last_time, temperature) VALUES (385, '713740193603258923', '20200506', '13:52:29', 36.5);
INSERT INTO Health (id, account, last_date, last_time, temperature) VALUES (386, '432833194102066660', '20200221', '02:00:23', 35.5);
INSERT INTO Health (id, account, last_date, last_time, temperature) VALUES (387, '121385193201093000', '20200314', '08:31:20', 35.3);
INSERT INTO Health (id, account, last_date, last_time, temperature) VALUES (388, '411394199001213540', '20200415', '16:24:41', 35.7);
INSERT INTO Health (id, account, last_date, last_time, temperature) VALUES (389, '712222201301047594', '20200207', '11:56:17', 35.4);
INSERT INTO Health (id, account, last_date, last_time, temperature) VALUES (390, '35487419790704614X', '20200202', '01:44:03', 36.3);
INSERT INTO Health (id, account, last_date, last_time, temperature) VALUES (391, '81215519390706516X', '20200226', '03:43:00', 36.1);
INSERT INTO Health (id, account, last_date, last_time, temperature) VALUES (392, '452206199905061141', '20200320', '02:53:38', 36.2);
INSERT INTO Health (id, account, last_date, last_time, temperature) VALUES (393, '214476196802241922', '20200326', '13:43:38', 36.5);
INSERT INTO Health (id, account, last_date, last_time, temperature) VALUES (394, '134392198810048095', '20200404', '23:24:35', 35.1);
INSERT INTO Health (id, account, last_date, last_time, temperature) VALUES (395, '652712199710086375', '20200414', '15:50:36', 37);
INSERT INTO Health (id, account, last_date, last_time, temperature) VALUES (396, '462881195007196340', '20200329', '14:03:50', 35.5);
INSERT INTO Health (id, account, last_date, last_time, temperature) VALUES (397, '212512195809269174', '20200423', '13:12:48', 36.7);
INSERT INTO Health (id, account, last_date, last_time, temperature) VALUES (398, '502667201304161238', '20200503', '20:53:45', 37);
INSERT INTO Health (id, account, last_date, last_time, temperature) VALUES (399, '713604199402117307', '20200222', '19:59:18', 35.5);
INSERT INTO Health (id, account, last_date, last_time, temperature) VALUES (400, '362641193704104355', '20200201', '05:05:25', 37.2);
INSERT INTO Health (id, account, last_date, last_time, temperature) VALUES (401, '340523193101080918', '20200511', '00:23:11', 36.2);
INSERT INTO Health (id, account, last_date, last_time, temperature) VALUES (402, '821708198907205856', '20200303', '07:46:27', 35.4);
INSERT INTO Health (id, account, last_date, last_time, temperature) VALUES (403, '320235196102086371', '20200428', '08:02:08', 35.9);
INSERT INTO Health (id, account, last_date, last_time, temperature) VALUES (404, '544665195002072257', '20200222', '15:07:19', 35.3);
INSERT INTO Health (id, account, last_date, last_time, temperature) VALUES (405, '121293192305134401', '20200306', '17:08:07', 37.4);
INSERT INTO Health (id, account, last_date, last_time, temperature) VALUES (406, '313812201306090393', '20200409', '01:31:23', 35.4);
INSERT INTO Health (id, account, last_date, last_time, temperature) VALUES (407, '654473196406239780', '20200225', '06:44:28', 36.2);
INSERT INTO Health (id, account, last_date, last_time, temperature) VALUES (408, '531866197806031321', '20200512', '11:49:52', 36);
INSERT INTO Health (id, account, last_date, last_time, temperature) VALUES (409, '124149201306179404', '20200412', '06:56:20', 36.3);
INSERT INTO Health (id, account, last_date, last_time, temperature) VALUES (410, '312733200911075887', '20200226', '17:37:23', 36.8);
INSERT INTO Health (id, account, last_date, last_time, temperature) VALUES (411, '710724194503166357', '20200514', '04:23:24', 37.8);
INSERT INTO Health (id, account, last_date, last_time, temperature) VALUES (412, '123989199101212665', '20200516', '09:20:04', 35.7);
INSERT INTO Health (id, account, last_date, last_time, temperature) VALUES (413, '650371192607076912', '20200525', '15:06:06', 36.2);
INSERT INTO Health (id, account, last_date, last_time, temperature) VALUES (414, '354275198711271988', '20200305', '00:51:46', 35.2);
INSERT INTO Health (id, account, last_date, last_time, temperature) VALUES (415, '71079119380322035X', '20200324', '19:22:38', 36.1);
INSERT INTO Health (id, account, last_date, last_time, temperature) VALUES (416, '111209196306231989', '20200416', '10:31:20', 35.4);
INSERT INTO Health (id, account, last_date, last_time, temperature) VALUES (417, '230532192501185646', '20200321', '21:07:29', 35);
INSERT INTO Health (id, account, last_date, last_time, temperature) VALUES (418, '524470194206261008', '20200221', '13:17:07', 35.9);
INSERT INTO Health (id, account, last_date, last_time, temperature) VALUES (419, '153027192312265346', '20200211', '18:50:21', 35.8);
INSERT INTO Health (id, account, last_date, last_time, temperature) VALUES (420, '36418419430821154X', '20200510', '14:22:50', 35.4);
INSERT INTO Health (id, account, last_date, last_time, temperature) VALUES (421, '150414192307069927', '20200424', '08:45:42', 35);
INSERT INTO Health (id, account, last_date, last_time, temperature) VALUES (422, '651398197603095552', '20200201', '17:44:52', 37.1);
INSERT INTO Health (id, account, last_date, last_time, temperature) VALUES (423, '422079199710154760', '20200430', '02:45:09', 37);
INSERT INTO Health (id, account, last_date, last_time, temperature) VALUES (424, '513980199709305923', '20200330', '04:22:03', 36.1);
INSERT INTO Health (id, account, last_date, last_time, temperature) VALUES (425, '210940194504057457', '20200226', '07:50:59', 35);
INSERT INTO Health (id, account, last_date, last_time, temperature) VALUES (426, '36299419901118596X', '20200523', '12:35:56', 36.4);
INSERT INTO Health (id, account, last_date, last_time, temperature) VALUES (427, '460768195606016045', '20200315', '03:46:18', 35.8);
INSERT INTO Health (id, account, last_date, last_time, temperature) VALUES (428, '133395193009102009', '20200415', '13:58:16', 36.9);
INSERT INTO Health (id, account, last_date, last_time, temperature) VALUES (429, '221689194509097421', '20200407', '11:10:46', 36);
INSERT INTO Health (id, account, last_date, last_time, temperature) VALUES (430, '451136198608274361', '20200207', '21:14:47', 35.7);
INSERT INTO Health (id, account, last_date, last_time, temperature) VALUES (431, '14341920071004798X', '20200522', '20:18:44', 35.5);
INSERT INTO Health (id, account, last_date, last_time, temperature) VALUES (432, '542933197911014044', '20200323', '01:30:07', 35.1);
INSERT INTO Health (id, account, last_date, last_time, temperature) VALUES (433, '313315201104173522', '20200527', '03:07:13', 35);
INSERT INTO Health (id, account, last_date, last_time, temperature) VALUES (434, '220441195406287847', '20200508', '13:49:25', 35.9);
INSERT INTO Health (id, account, last_date, last_time, temperature) VALUES (435, '324660195007317701', '20200418', '21:00:03', 36.2);
INSERT INTO Health (id, account, last_date, last_time, temperature) VALUES (436, '110389194305181913', '20200406', '15:03:06', 35.8);
INSERT INTO Health (id, account, last_date, last_time, temperature) VALUES (437, '713654192406067160', '20200301', '16:51:58', 36.2);
INSERT INTO Health (id, account, last_date, last_time, temperature) VALUES (438, '211967195204127473', '20200208', '11:21:30', 36.8);
INSERT INTO Health (id, account, last_date, last_time, temperature) VALUES (439, '512008193412171095', '20200321', '07:52:51', 36.7);
INSERT INTO Health (id, account, last_date, last_time, temperature) VALUES (440, '150881200504028973', '20200313', '23:24:55', 35.7);
INSERT INTO Health (id, account, last_date, last_time, temperature) VALUES (441, '11270220110329709X', '20200531', '01:38:31', 37.1);
INSERT INTO Health (id, account, last_date, last_time, temperature) VALUES (442, '14151419241029826X', '20200514', '08:33:06', 36.9);
INSERT INTO Health (id, account, last_date, last_time, temperature) VALUES (443, '510299200211156207', '20200210', '02:54:04', 35.9);
INSERT INTO Health (id, account, last_date, last_time, temperature) VALUES (444, '530285193204152754', '20200414', '02:13:00', 36.6);
INSERT INTO Health (id, account, last_date, last_time, temperature) VALUES (445, '633494192302085682', '20200316', '23:18:26', 35);
INSERT INTO Health (id, account, last_date, last_time, temperature) VALUES (446, '411074201210191213', '20200208', '11:02:58', 35.8);
INSERT INTO Health (id, account, last_date, last_time, temperature) VALUES (447, '823749199703164970', '20200511', '05:51:30', 36);
INSERT INTO Health (id, account, last_date, last_time, temperature) VALUES (448, '412219196711166132', '20200417', '08:03:32', 35);
INSERT INTO Health (id, account, last_date, last_time, temperature) VALUES (449, '712930199310190139', '20200515', '02:29:10', 36.5);
INSERT INTO Health (id, account, last_date, last_time, temperature) VALUES (450, '630462201201173705', '20200529', '21:14:20', 36.4);
INSERT INTO Health (id, account, last_date, last_time, temperature) VALUES (451, '31438319770804817X', '20200429', '17:26:02', 36.6);
INSERT INTO Health (id, account, last_date, last_time, temperature) VALUES (452, '321957192502044128', '20200502', '00:17:59', 36.6);
INSERT INTO Health (id, account, last_date, last_time, temperature) VALUES (453, '34164219720702632X', '20200329', '01:38:51', 35.3);
INSERT INTO Health (id, account, last_date, last_time, temperature) VALUES (454, '132160200111247183', '20200316', '06:23:09', 35.9);
INSERT INTO Health (id, account, last_date, last_time, temperature) VALUES (455, '322711193303154752', '20200331', '13:07:46', 37);
INSERT INTO Health (id, account, last_date, last_time, temperature) VALUES (456, '811344195207205897', '20200423', '11:55:21', 36.1);
INSERT INTO Health (id, account, last_date, last_time, temperature) VALUES (457, '820510200601299642', '20200503', '04:14:45', 36.3);
INSERT INTO Health (id, account, last_date, last_time, temperature) VALUES (458, '651556198202196092', '20200204', '21:25:46', 37);
INSERT INTO Health (id, account, last_date, last_time, temperature) VALUES (459, '621205195405315027', '20200215', '18:51:31', 36.6);
INSERT INTO Health (id, account, last_date, last_time, temperature) VALUES (460, '620109199005057983', '20200223', '00:58:25', 36.5);
INSERT INTO Health (id, account, last_date, last_time, temperature) VALUES (461, '331025194002216906', '20200311', '05:28:04', 36);
INSERT INTO Health (id, account, last_date, last_time, temperature) VALUES (462, '311392194509187407', '20200310', '18:14:01', 37.4);
INSERT INTO Health (id, account, last_date, last_time, temperature) VALUES (463, '61414219250411942X', '20200510', '08:57:38', 35.2);
INSERT INTO Health (id, account, last_date, last_time, temperature) VALUES (464, '110290194409031596', '20200512', '08:16:33', 35.6);
INSERT INTO Health (id, account, last_date, last_time, temperature) VALUES (465, '820856200901015243', '20200506', '17:08:32', 36.7);
INSERT INTO Health (id, account, last_date, last_time, temperature) VALUES (466, '360397196104121623', '20200324', '06:32:44', 36.3);
INSERT INTO Health (id, account, last_date, last_time, temperature) VALUES (467, '214489200005175495', '20200423', '22:13:13', 36.6);
INSERT INTO Health (id, account, last_date, last_time, temperature) VALUES (468, '813673199905137185', '20200201', '10:11:21', 35.2);
INSERT INTO Health (id, account, last_date, last_time, temperature) VALUES (469, '514484196902028840', '20200311', '03:03:09', 35.6);
INSERT INTO Health (id, account, last_date, last_time, temperature) VALUES (470, '431831198405093321', '20200428', '01:51:41', 36.2);
INSERT INTO Health (id, account, last_date, last_time, temperature) VALUES (471, '813924192905226512', '20200316', '21:20:26', 35);
INSERT INTO Health (id, account, last_date, last_time, temperature) VALUES (472, '612813201106252969', '20200209', '23:11:19', 35.4);
INSERT INTO Health (id, account, last_date, last_time, temperature) VALUES (473, '530247200202079572', '20200225', '01:51:43', 36.4);
INSERT INTO Health (id, account, last_date, last_time, temperature) VALUES (474, '461628194002217594', '20200402', '18:17:46', 36.1);
INSERT INTO Health (id, account, last_date, last_time, temperature) VALUES (475, '230650198002025778', '20200309', '20:49:36', 36.5);
INSERT INTO Health (id, account, last_date, last_time, temperature) VALUES (476, '650315195002036643', '20200429', '23:27:24', 35.5);
INSERT INTO Health (id, account, last_date, last_time, temperature) VALUES (477, '110971195412043197', '20200414', '19:50:42', 36);
INSERT INTO Health (id, account, last_date, last_time, temperature) VALUES (478, '341475195305014320', '20200226', '02:00:06', 37.7);
INSERT INTO Health (id, account, last_date, last_time, temperature) VALUES (479, '361587196102236942', '20200219', '19:48:18', 35.4);
INSERT INTO Health (id, account, last_date, last_time, temperature) VALUES (480, '311688198507246536', '20200302', '09:55:04', 36.3);
INSERT INTO Health (id, account, last_date, last_time, temperature) VALUES (481, '320379196109291669', '20200203', '18:16:50', 35.7);
INSERT INTO Health (id, account, last_date, last_time, temperature) VALUES (482, '61338819700101548X', '20200531', '09:59:20', 36.6);
INSERT INTO Health (id, account, last_date, last_time, temperature) VALUES (483, '14419119690729814X', '20200215', '20:26:34', 37.6);
INSERT INTO Health (id, account, last_date, last_time, temperature) VALUES (484, '545085196408293630', '20200516', '14:39:19', 35.8);
INSERT INTO Health (id, account, last_date, last_time, temperature) VALUES (485, '713695196004146740', '20200529', '06:08:48', 35.4);
INSERT INTO Health (id, account, last_date, last_time, temperature) VALUES (486, '530632200711187129', '20200326', '06:51:06', 35.7);
INSERT INTO Health (id, account, last_date, last_time, temperature) VALUES (487, '641374198808214832', '20200526', '13:50:11', 37.1);
INSERT INTO Health (id, account, last_date, last_time, temperature) VALUES (488, '500183195304290825', '20200526', '13:56:50', 35.3);
INSERT INTO Health (id, account, last_date, last_time, temperature) VALUES (489, '530216199902209232', '20200417', '14:10:22', 35.8);
INSERT INTO Health (id, account, last_date, last_time, temperature) VALUES (490, '440935198601264565', '20200301', '17:11:07', 37.2);
INSERT INTO Health (id, account, last_date, last_time, temperature) VALUES (491, '450584195405049161', '20200510', '22:36:21', 35.2);
INSERT INTO Health (id, account, last_date, last_time, temperature) VALUES (492, '374049197708198094', '20200324', '15:25:47', 36.5);
INSERT INTO Health (id, account, last_date, last_time, temperature) VALUES (493, '344473193906161280', '20200219', '02:14:09', 35.5);
INSERT INTO Health (id, account, last_date, last_time, temperature) VALUES (494, '414453192311112059', '20200511', '11:11:47', 35.7);
INSERT INTO Health (id, account, last_date, last_time, temperature) VALUES (495, '223815195901125289', '20200527', '00:12:12', 36.7);
INSERT INTO Health (id, account, last_date, last_time, temperature) VALUES (496, '224596200306117349', '20200305', '19:22:56', 35.8);
INSERT INTO Health (id, account, last_date, last_time, temperature) VALUES (497, '812617197805218886', '20200517', '04:41:18', 36.4);
INSERT INTO Health (id, account, last_date, last_time, temperature) VALUES (498, '371957201107178563', '20200523', '20:20:18', 36.2);
INSERT INTO Health (id, account, last_date, last_time, temperature) VALUES (499, '372007198001156782', '20200417', '11:07:52', 37.6);
INSERT INTO Health (id, account, last_date, last_time, temperature) VALUES (500, '453581194907030112', '20200531', '10:40:31', 37.2);
/* 共生成病人9个 */

/* 建立News信息 */
INSERT INTO News (account, date, time, title, abstract, content, cnt, visible) VALUES('411394199001213540', '20200421', '08:08:21', 'title 0', 'abstract 0', 'content 0', 272, true);
INSERT INTO News (account, date, time, title, abstract, content, cnt, visible) VALUES('430773200103254437', '20200531', '16:15:44', 'title 1', 'abstract 1', 'content 1', 332, true);
INSERT INTO News (account, date, time, title, abstract, content, cnt, visible) VALUES('320235196102086371', '20200403', '09:13:21', 'title 2', 'abstract 2', 'content 2', 132, true);
INSERT INTO News (account, date, time, title, abstract, content, cnt, visible) VALUES('411394199001213540', '20200211', '02:03:40', 'title 3', 'abstract 3', 'content 3', 108, false);
INSERT INTO News (account, date, time, title, abstract, content, cnt, visible) VALUES('411394199001213540', '20200226', '22:39:46', 'title 4', 'abstract 4', 'content 4', 349, true);
INSERT INTO News (account, date, time, title, abstract, content, cnt, visible) VALUES('12405719830727287X', '20200301', '05:14:48', 'title 5', 'abstract 5', 'content 5', 400, true);
INSERT INTO News (account, date, time, title, abstract, content, cnt, visible) VALUES('411394199001213540', '20200313', '11:09:26', 'title 6', 'abstract 6', 'content 6', 262, true);
INSERT INTO News (account, date, time, title, abstract, content, cnt, visible) VALUES('320235196102086371', '20200225', '16:16:52', 'title 7', 'abstract 7', 'content 7', 410, true);
INSERT INTO News (account, date, time, title, abstract, content, cnt, visible) VALUES('320235196102086371', '20200507', '14:26:24', 'title 8', 'abstract 8', 'content 8', 170, true);
INSERT INTO News (account, date, time, title, abstract, content, cnt, visible) VALUES('430773200103254437', '20200310', '22:00:39', 'title 9', 'abstract 9', 'content 9', 107, true);
/* 共生成新闻10个 */

/* 建立Comments信息 */
INSERT INTO Comments (id, New_id, content, author, visible) VALUES(1, 1, 'content 0.1', '高一瀚', true);
INSERT INTO Comments (id, New_id, content, author, visible) VALUES(2, 1, 'content 0.2', '部佳', false);
INSERT INTO Comments (id, New_id, content, author, visible) VALUES(3, 1, 'content 0.3', '许航奕', true);
INSERT INTO Comments (id, New_id, content, author, visible) VALUES(4, 1, 'content 0.4', '隽锐露', true);
INSERT INTO Comments (id, New_id, content, author, visible) VALUES(5, 1, 'content 0.5', '沈诺敏', true);
INSERT INTO Comments (id, New_id, content, author, visible) VALUES(6, 1, 'content 0.6', '傅雨旭', true);
INSERT INTO Comments (id, New_id, content, author, visible) VALUES(7, 1, 'content 0.7', '昌帆家', true);
INSERT INTO Comments (id, New_id, content, author, visible) VALUES(8, 1, 'content 0.8', '郑英本', true);
INSERT INTO Comments (id, New_id, content, author, visible) VALUES(9, 1, 'content 0.9', '鲁雅', true);
INSERT INTO Comments (id, New_id, content, author, visible) VALUES(10, 1, 'content 0.10', '臧迅辰', true);
INSERT INTO Comments (id, New_id, content, author, visible) VALUES(11, 2, 'content 1.1', '杨锐力', true);
INSERT INTO Comments (id, New_id, content, author, visible) VALUES(12, 2, 'content 1.2', '姚赛', true);
INSERT INTO Comments (id, New_id, content, author, visible) VALUES(13, 2, 'content 1.3', '安宇霄', true);
INSERT INTO Comments (id, New_id, content, author, visible) VALUES(14, 2, 'content 1.4', '杨锐', true);
INSERT INTO Comments (id, New_id, content, author, visible) VALUES(15, 2, 'content 1.5', '米帆洁', true);
INSERT INTO Comments (id, New_id, content, author, visible) VALUES(16, 2, 'content 1.6', '曹睿', true);
INSERT INTO Comments (id, New_id, content, author, visible) VALUES(17, 2, 'content 1.7', '史盈', true);
INSERT INTO Comments (id, New_id, content, author, visible) VALUES(18, 2, 'content 1.8', '部馨力', true);
INSERT INTO Comments (id, New_id, content, author, visible) VALUES(19, 2, 'content 1.9', '张牧', true);
INSERT INTO Comments (id, New_id, content, author, visible) VALUES(20, 2, 'content 1.10', '燕圆飞', true);
INSERT INTO Comments (id, New_id, content, author, visible) VALUES(21, 3, 'content 2.1', '於亚', true);
INSERT INTO Comments (id, New_id, content, author, visible) VALUES(22, 3, 'content 2.2', '文霄可', true);
INSERT INTO Comments (id, New_id, content, author, visible) VALUES(23, 3, 'content 2.3', '尹言本', true);
INSERT INTO Comments (id, New_id, content, author, visible) VALUES(24, 3, 'content 2.4', '曲桐子', true);
INSERT INTO Comments (id, New_id, content, author, visible) VALUES(25, 3, 'content 2.5', '毕霄帆', true);
INSERT INTO Comments (id, New_id, content, author, visible) VALUES(26, 3, 'content 2.6', '寻帆炎', true);
INSERT INTO Comments (id, New_id, content, author, visible) VALUES(27, 3, 'content 2.7', '司马有', true);
INSERT INTO Comments (id, New_id, content, author, visible) VALUES(28, 3, 'content 2.8', '麦辰音', true);
INSERT INTO Comments (id, New_id, content, author, visible) VALUES(29, 3, 'content 2.9', '周硕牧', true);
INSERT INTO Comments (id, New_id, content, author, visible) VALUES(30, 3, 'content 2.10', '张牧', true);
INSERT INTO Comments (id, New_id, content, author, visible) VALUES(31, 4, 'content 3.1', '王雯', false);
INSERT INTO Comments (id, New_id, content, author, visible) VALUES(32, 4, 'content 3.2', '王义英', true);
INSERT INTO Comments (id, New_id, content, author, visible) VALUES(33, 4, 'content 3.3', '范良舒', true);
INSERT INTO Comments (id, New_id, content, author, visible) VALUES(34, 4, 'content 3.4', '曹旭', true);
INSERT INTO Comments (id, New_id, content, author, visible) VALUES(35, 4, 'content 3.5', '傅露', false);
INSERT INTO Comments (id, New_id, content, author, visible) VALUES(36, 4, 'content 3.6', '孟萱', true);
INSERT INTO Comments (id, New_id, content, author, visible) VALUES(37, 4, 'content 3.7', '汪龙嘉', false);
INSERT INTO Comments (id, New_id, content, author, visible) VALUES(38, 4, 'content 3.8', '李翔本', true);
INSERT INTO Comments (id, New_id, content, author, visible) VALUES(39, 4, 'content 3.9', '武菲昕', true);
INSERT INTO Comments (id, New_id, content, author, visible) VALUES(40, 4, 'content 3.10', '杜雯宇', true);
INSERT INTO Comments (id, New_id, content, author, visible) VALUES(41, 5, 'content 4.1', '陈洁雅', true);
INSERT INTO Comments (id, New_id, content, author, visible) VALUES(42, 5, 'content 4.2', '杨敏润', false);
INSERT INTO Comments (id, New_id, content, author, visible) VALUES(43, 5, 'content 4.3', '管樱柏', true);
INSERT INTO Comments (id, New_id, content, author, visible) VALUES(44, 5, 'content 4.4', '昌盈兮', true);
INSERT INTO Comments (id, New_id, content, author, visible) VALUES(45, 5, 'content 4.5', '夏振佳', true);
INSERT INTO Comments (id, New_id, content, author, visible) VALUES(46, 5, 'content 4.6', '沈静薪', true);
INSERT INTO Comments (id, New_id, content, author, visible) VALUES(47, 5, 'content 4.7', '欧淘露', true);
INSERT INTO Comments (id, New_id, content, author, visible) VALUES(48, 5, 'content 4.8', '楚朋静', true);
INSERT INTO Comments (id, New_id, content, author, visible) VALUES(49, 5, 'content 4.9', '邱炜', true);
INSERT INTO Comments (id, New_id, content, author, visible) VALUES(50, 5, 'content 4.10', '昌盈兮', false);
INSERT INTO Comments (id, New_id, content, author, visible) VALUES(51, 6, 'content 5.1', '钱子馨', true);
INSERT INTO Comments (id, New_id, content, author, visible) VALUES(52, 6, 'content 5.2', '权龙盈', true);
INSERT INTO Comments (id, New_id, content, author, visible) VALUES(53, 6, 'content 5.3', '於朋兰', true);
INSERT INTO Comments (id, New_id, content, author, visible) VALUES(54, 6, 'content 5.4', '靳良炎', false);
INSERT INTO Comments (id, New_id, content, author, visible) VALUES(55, 6, 'content 5.5', '韩昕', true);
INSERT INTO Comments (id, New_id, content, author, visible) VALUES(56, 6, 'content 5.6', '邵薪思', true);
INSERT INTO Comments (id, New_id, content, author, visible) VALUES(57, 6, 'content 5.7', '董薪豪', true);
INSERT INTO Comments (id, New_id, content, author, visible) VALUES(58, 6, 'content 5.8', '姚昕', true);
INSERT INTO Comments (id, New_id, content, author, visible) VALUES(59, 6, 'content 5.9', '刘霖', true);
INSERT INTO Comments (id, New_id, content, author, visible) VALUES(60, 6, 'content 5.10', '仲圆炜', true);
INSERT INTO Comments (id, New_id, content, author, visible) VALUES(61, 7, 'content 6.1', '文雅', true);
INSERT INTO Comments (id, New_id, content, author, visible) VALUES(62, 7, 'content 6.2', '田广', false);
INSERT INTO Comments (id, New_id, content, author, visible) VALUES(63, 7, 'content 6.3', '宋灯', true);
INSERT INTO Comments (id, New_id, content, author, visible) VALUES(64, 7, 'content 6.4', '裴炎圆', true);
INSERT INTO Comments (id, New_id, content, author, visible) VALUES(65, 7, 'content 6.5', '楚宇', true);
INSERT INTO Comments (id, New_id, content, author, visible) VALUES(66, 7, 'content 6.6', '龚迅家', true);
INSERT INTO Comments (id, New_id, content, author, visible) VALUES(67, 7, 'content 6.7', '路言煜', true);
INSERT INTO Comments (id, New_id, content, author, visible) VALUES(68, 7, 'content 6.8', '范霖舒', true);
INSERT INTO Comments (id, New_id, content, author, visible) VALUES(69, 7, 'content 6.9', '晁炜伟', true);
INSERT INTO Comments (id, New_id, content, author, visible) VALUES(70, 7, 'content 6.10', '巩桐舒', true);
INSERT INTO Comments (id, New_id, content, author, visible) VALUES(71, 8, 'content 7.1', '赵雨', true);
INSERT INTO Comments (id, New_id, content, author, visible) VALUES(72, 8, 'content 7.2', '毕霄帆', true);
INSERT INTO Comments (id, New_id, content, author, visible) VALUES(73, 8, 'content 7.3', '王雯', true);
INSERT INTO Comments (id, New_id, content, author, visible) VALUES(74, 8, 'content 7.4', '胡圆云', true);
INSERT INTO Comments (id, New_id, content, author, visible) VALUES(75, 8, 'content 7.5', '寻润', true);
INSERT INTO Comments (id, New_id, content, author, visible) VALUES(76, 8, 'content 7.6', '王义英', true);
INSERT INTO Comments (id, New_id, content, author, visible) VALUES(77, 8, 'content 7.7', '沈霄依', true);
INSERT INTO Comments (id, New_id, content, author, visible) VALUES(78, 8, 'content 7.8', '沈诺敏', false);
INSERT INTO Comments (id, New_id, content, author, visible) VALUES(79, 8, 'content 7.9', '龚迅家', true);
INSERT INTO Comments (id, New_id, content, author, visible) VALUES(80, 8, 'content 7.10', '尚丹瀚', true);
INSERT INTO Comments (id, New_id, content, author, visible) VALUES(81, 9, 'content 8.1', '王雯', true);
INSERT INTO Comments (id, New_id, content, author, visible) VALUES(82, 9, 'content 8.2', '郑天', true);
INSERT INTO Comments (id, New_id, content, author, visible) VALUES(83, 9, 'content 8.3', '孙亚振', true);
INSERT INTO Comments (id, New_id, content, author, visible) VALUES(84, 9, 'content 8.4', '山凡民', true);
INSERT INTO Comments (id, New_id, content, author, visible) VALUES(85, 9, 'content 8.5', '殷菲', true);
INSERT INTO Comments (id, New_id, content, author, visible) VALUES(86, 9, 'content 8.6', '余腾良', true);
INSERT INTO Comments (id, New_id, content, author, visible) VALUES(87, 9, 'content 8.7', '仲圆炜', true);
INSERT INTO Comments (id, New_id, content, author, visible) VALUES(88, 9, 'content 8.8', '郭薪', true);
INSERT INTO Comments (id, New_id, content, author, visible) VALUES(89, 9, 'content 8.9', '邱龙英', false);
INSERT INTO Comments (id, New_id, content, author, visible) VALUES(90, 9, 'content 8.10', '秦民云', true);
INSERT INTO Comments (id, New_id, content, author, visible) VALUES(91, 10, 'content 9.1', '孟航凡', true);
INSERT INTO Comments (id, New_id, content, author, visible) VALUES(92, 10, 'content 9.2', '汪龙嘉', false);
INSERT INTO Comments (id, New_id, content, author, visible) VALUES(93, 10, 'content 9.3', '王杰', true);
INSERT INTO Comments (id, New_id, content, author, visible) VALUES(94, 10, 'content 9.4', '林民萱', true);
INSERT INTO Comments (id, New_id, content, author, visible) VALUES(95, 10, 'content 9.5', '余炜铭', false);
INSERT INTO Comments (id, New_id, content, author, visible) VALUES(96, 10, 'content 9.6', '郑天', false);
INSERT INTO Comments (id, New_id, content, author, visible) VALUES(97, 10, 'content 9.7', '龚迅家', true);
INSERT INTO Comments (id, New_id, content, author, visible) VALUES(98, 10, 'content 9.8', '尹天有', true);
INSERT INTO Comments (id, New_id, content, author, visible) VALUES(99, 10, 'content 9.9', '巩航奇', true);
INSERT INTO Comments (id, New_id, content, author, visible) VALUES(100, 10, 'content 9.10', '季良宜', true);
/* 共生成评论100条 */

/* 建立Team信息 */
INSERT INTO Team (name, abstract, gitCnt, memCnt, days, files) VALUES ('NoCov','两个扒数据能手，一个制造惊喜的DBA，一个全能高手，一个查缺补漏的多面手。五个人，运用过硬的信息检索能力，熟练的ctrl+c，ctrl+v能力，深入了解没有生态的yii框架，在这个信息碎片化的世界，努力为平安社区的居民们抚平疫情带来的伤痛与不安，为平安社区的职员们的高效工作提供便捷服务，让居民们第一时间掌握信息，让职员们第一时间了解社区动态。NoCov出动，使命必达！', 193, 5, 30, 6666);

/* 建立Transaction信息 */
INSERT INTO Transactions (account, start_time, end_time, info, is_finished) VALUES ('13475520011210506X', '20200303,16:51:10', '20200311,17:20:42', 'info 0', false);
INSERT INTO Transactions (account, start_time, end_time, info, is_finished) VALUES ('811461199308013616', '20200209,05:07:46', '20200210,10:51:59', 'info 1', false);
INSERT INTO Transactions (account, start_time, end_time, info, is_finished) VALUES ('121151199606165557', '20200507,14:18:34', '20200508,20:49:23', 'info 2', false);
INSERT INTO Transactions (account, start_time, end_time, info, is_finished) VALUES ('502271193807291514', '20200204,18:15:06', '20200319,10:52:31', 'info 3', false);
INSERT INTO Transactions (account, start_time, end_time, info, is_finished) VALUES ('211967195204127473', '20200411,14:52:47', '20200426,15:32:47', 'info 4', false);
/* 共生产代办事务5条 */

/* 批量生成password_hash，初值为1234 */
UPDATE User SET password_hash = '$2y$13$dg4FlrrcXjMmvWznC3XUhehaTTZ/xfKXNpEYbSt8o3Q/9b9xonHLC' WHERE account = '133606194112092778';
UPDATE User SET password_hash = '$2y$13$dg4FlrrcXjMmvWznC3XUhehaTTZ/xfKXNpEYbSt8o3Q/9b9xonHLC' WHERE account = '111222199002182257';
UPDATE User SET password_hash = '$2y$13$dg4FlrrcXjMmvWznC3XUhehaTTZ/xfKXNpEYbSt8o3Q/9b9xonHLC' WHERE account = '540683194603044027';
UPDATE User SET password_hash = '$2y$13$dg4FlrrcXjMmvWznC3XUhehaTTZ/xfKXNpEYbSt8o3Q/9b9xonHLC' WHERE account = '623861198808100482';
UPDATE User SET password_hash = '$2y$13$dg4FlrrcXjMmvWznC3XUhehaTTZ/xfKXNpEYbSt8o3Q/9b9xonHLC' WHERE account = '643147198511188364';
UPDATE User SET password_hash = '$2y$13$dg4FlrrcXjMmvWznC3XUhehaTTZ/xfKXNpEYbSt8o3Q/9b9xonHLC' WHERE account = '814375196811122662';
UPDATE User SET password_hash = '$2y$13$dg4FlrrcXjMmvWznC3XUhehaTTZ/xfKXNpEYbSt8o3Q/9b9xonHLC' WHERE account = '351191199109021597';
UPDATE User SET password_hash = '$2y$13$dg4FlrrcXjMmvWznC3XUhehaTTZ/xfKXNpEYbSt8o3Q/9b9xonHLC' WHERE account = '812292198202252741';
UPDATE User SET password_hash = '$2y$13$dg4FlrrcXjMmvWznC3XUhehaTTZ/xfKXNpEYbSt8o3Q/9b9xonHLC' WHERE account = '152205196510144420';
UPDATE User SET password_hash = '$2y$13$dg4FlrrcXjMmvWznC3XUhehaTTZ/xfKXNpEYbSt8o3Q/9b9xonHLC' WHERE account = '342463194610201057';
UPDATE User SET password_hash = '$2y$13$dg4FlrrcXjMmvWznC3XUhehaTTZ/xfKXNpEYbSt8o3Q/9b9xonHLC' WHERE account = '455045196404306366';
UPDATE User SET password_hash = '$2y$13$dg4FlrrcXjMmvWznC3XUhehaTTZ/xfKXNpEYbSt8o3Q/9b9xonHLC' WHERE account = '220658196910045886';
UPDATE User SET password_hash = '$2y$13$dg4FlrrcXjMmvWznC3XUhehaTTZ/xfKXNpEYbSt8o3Q/9b9xonHLC' WHERE account = '132568199708039272';
UPDATE User SET password_hash = '$2y$13$dg4FlrrcXjMmvWznC3XUhehaTTZ/xfKXNpEYbSt8o3Q/9b9xonHLC' WHERE account = '513988199807278379';
UPDATE User SET password_hash = '$2y$13$dg4FlrrcXjMmvWznC3XUhehaTTZ/xfKXNpEYbSt8o3Q/9b9xonHLC' WHERE account = '713682193101011939';
UPDATE User SET password_hash = '$2y$13$dg4FlrrcXjMmvWznC3XUhehaTTZ/xfKXNpEYbSt8o3Q/9b9xonHLC' WHERE account = '220159199202178459';
UPDATE User SET password_hash = '$2y$13$dg4FlrrcXjMmvWznC3XUhehaTTZ/xfKXNpEYbSt8o3Q/9b9xonHLC' WHERE account = '71250920081120025X';
UPDATE User SET password_hash = '$2y$13$dg4FlrrcXjMmvWznC3XUhehaTTZ/xfKXNpEYbSt8o3Q/9b9xonHLC' WHERE account = '610751192906192370';
UPDATE User SET password_hash = '$2y$13$dg4FlrrcXjMmvWznC3XUhehaTTZ/xfKXNpEYbSt8o3Q/9b9xonHLC' WHERE account = '462155199107054399';
UPDATE User SET password_hash = '$2y$13$dg4FlrrcXjMmvWznC3XUhehaTTZ/xfKXNpEYbSt8o3Q/9b9xonHLC' WHERE account = '341330201404169891';
UPDATE User SET password_hash = '$2y$13$dg4FlrrcXjMmvWznC3XUhehaTTZ/xfKXNpEYbSt8o3Q/9b9xonHLC' WHERE account = '221861199807265186';
UPDATE User SET password_hash = '$2y$13$dg4FlrrcXjMmvWznC3XUhehaTTZ/xfKXNpEYbSt8o3Q/9b9xonHLC' WHERE account = '132662192510315569';
UPDATE User SET password_hash = '$2y$13$dg4FlrrcXjMmvWznC3XUhehaTTZ/xfKXNpEYbSt8o3Q/9b9xonHLC' WHERE account = '231096197709180382';
UPDATE User SET password_hash = '$2y$13$dg4FlrrcXjMmvWznC3XUhehaTTZ/xfKXNpEYbSt8o3Q/9b9xonHLC' WHERE account = '360747197910146713';
UPDATE User SET password_hash = '$2y$13$dg4FlrrcXjMmvWznC3XUhehaTTZ/xfKXNpEYbSt8o3Q/9b9xonHLC' WHERE account = '412179199212289227';
UPDATE User SET password_hash = '$2y$13$dg4FlrrcXjMmvWznC3XUhehaTTZ/xfKXNpEYbSt8o3Q/9b9xonHLC' WHERE account = '65341819630429154X';
UPDATE User SET password_hash = '$2y$13$dg4FlrrcXjMmvWznC3XUhehaTTZ/xfKXNpEYbSt8o3Q/9b9xonHLC' WHERE account = '352944200411109417';
UPDATE User SET password_hash = '$2y$13$dg4FlrrcXjMmvWznC3XUhehaTTZ/xfKXNpEYbSt8o3Q/9b9xonHLC' WHERE account = '544558200506111811';
UPDATE User SET password_hash = '$2y$13$dg4FlrrcXjMmvWznC3XUhehaTTZ/xfKXNpEYbSt8o3Q/9b9xonHLC' WHERE account = '500939194611275173';
UPDATE User SET password_hash = '$2y$13$dg4FlrrcXjMmvWznC3XUhehaTTZ/xfKXNpEYbSt8o3Q/9b9xonHLC' WHERE account = '511294196105249844';
UPDATE User SET password_hash = '$2y$13$dg4FlrrcXjMmvWznC3XUhehaTTZ/xfKXNpEYbSt8o3Q/9b9xonHLC' WHERE account = '142662200708097880';
UPDATE User SET password_hash = '$2y$13$dg4FlrrcXjMmvWznC3XUhehaTTZ/xfKXNpEYbSt8o3Q/9b9xonHLC' WHERE account = '151404195702234226';
UPDATE User SET password_hash = '$2y$13$dg4FlrrcXjMmvWznC3XUhehaTTZ/xfKXNpEYbSt8o3Q/9b9xonHLC' WHERE account = '154612197506255284';
UPDATE User SET password_hash = '$2y$13$dg4FlrrcXjMmvWznC3XUhehaTTZ/xfKXNpEYbSt8o3Q/9b9xonHLC' WHERE account = '643518198102204655';
UPDATE User SET password_hash = '$2y$13$dg4FlrrcXjMmvWznC3XUhehaTTZ/xfKXNpEYbSt8o3Q/9b9xonHLC' WHERE account = '143059198012298977';
UPDATE User SET password_hash = '$2y$13$dg4FlrrcXjMmvWznC3XUhehaTTZ/xfKXNpEYbSt8o3Q/9b9xonHLC' WHERE account = '413271196906197553';
UPDATE User SET password_hash = '$2y$13$dg4FlrrcXjMmvWznC3XUhehaTTZ/xfKXNpEYbSt8o3Q/9b9xonHLC' WHERE account = '371559197910024893';
UPDATE User SET password_hash = '$2y$13$dg4FlrrcXjMmvWznC3XUhehaTTZ/xfKXNpEYbSt8o3Q/9b9xonHLC' WHERE account = '501106195310153395';
UPDATE User SET password_hash = '$2y$13$dg4FlrrcXjMmvWznC3XUhehaTTZ/xfKXNpEYbSt8o3Q/9b9xonHLC' WHERE account = '364948199406185723';
UPDATE User SET password_hash = '$2y$13$dg4FlrrcXjMmvWznC3XUhehaTTZ/xfKXNpEYbSt8o3Q/9b9xonHLC' WHERE account = '361526199702148678';
UPDATE User SET password_hash = '$2y$13$dg4FlrrcXjMmvWznC3XUhehaTTZ/xfKXNpEYbSt8o3Q/9b9xonHLC' WHERE account = '232789195201059546';
UPDATE User SET password_hash = '$2y$13$dg4FlrrcXjMmvWznC3XUhehaTTZ/xfKXNpEYbSt8o3Q/9b9xonHLC' WHERE account = '332071192809063758';
UPDATE User SET password_hash = '$2y$13$dg4FlrrcXjMmvWznC3XUhehaTTZ/xfKXNpEYbSt8o3Q/9b9xonHLC' WHERE account = '213503192508156462';
UPDATE User SET password_hash = '$2y$13$dg4FlrrcXjMmvWznC3XUhehaTTZ/xfKXNpEYbSt8o3Q/9b9xonHLC' WHERE account = '46327520030425861X';
UPDATE User SET password_hash = '$2y$13$dg4FlrrcXjMmvWznC3XUhehaTTZ/xfKXNpEYbSt8o3Q/9b9xonHLC' WHERE account = '453636196908114629';
UPDATE User SET password_hash = '$2y$13$dg4FlrrcXjMmvWznC3XUhehaTTZ/xfKXNpEYbSt8o3Q/9b9xonHLC' WHERE account = '711961194801203947';
UPDATE User SET password_hash = '$2y$13$dg4FlrrcXjMmvWznC3XUhehaTTZ/xfKXNpEYbSt8o3Q/9b9xonHLC' WHERE account = '524086193809218815';
UPDATE User SET password_hash = '$2y$13$dg4FlrrcXjMmvWznC3XUhehaTTZ/xfKXNpEYbSt8o3Q/9b9xonHLC' WHERE account = '412166198901246946';
UPDATE User SET password_hash = '$2y$13$dg4FlrrcXjMmvWznC3XUhehaTTZ/xfKXNpEYbSt8o3Q/9b9xonHLC' WHERE account = '37240219700513411X';
UPDATE User SET password_hash = '$2y$13$dg4FlrrcXjMmvWznC3XUhehaTTZ/xfKXNpEYbSt8o3Q/9b9xonHLC' WHERE account = '124290197901067332';
UPDATE User SET password_hash = '$2y$13$dg4FlrrcXjMmvWznC3XUhehaTTZ/xfKXNpEYbSt8o3Q/9b9xonHLC' WHERE account = '371166200108033511';
UPDATE User SET password_hash = '$2y$13$dg4FlrrcXjMmvWznC3XUhehaTTZ/xfKXNpEYbSt8o3Q/9b9xonHLC' WHERE account = '432267199609173064';
UPDATE User SET password_hash = '$2y$13$dg4FlrrcXjMmvWznC3XUhehaTTZ/xfKXNpEYbSt8o3Q/9b9xonHLC' WHERE account = '625022195305116179';
UPDATE User SET password_hash = '$2y$13$dg4FlrrcXjMmvWznC3XUhehaTTZ/xfKXNpEYbSt8o3Q/9b9xonHLC' WHERE account = '414243196105112510';
UPDATE User SET password_hash = '$2y$13$dg4FlrrcXjMmvWznC3XUhehaTTZ/xfKXNpEYbSt8o3Q/9b9xonHLC' WHERE account = '820615193111132551';
UPDATE User SET password_hash = '$2y$13$dg4FlrrcXjMmvWznC3XUhehaTTZ/xfKXNpEYbSt8o3Q/9b9xonHLC' WHERE account = '624368199211165432';
UPDATE User SET password_hash = '$2y$13$dg4FlrrcXjMmvWznC3XUhehaTTZ/xfKXNpEYbSt8o3Q/9b9xonHLC' WHERE account = '110827192605274450';
UPDATE User SET password_hash = '$2y$13$dg4FlrrcXjMmvWznC3XUhehaTTZ/xfKXNpEYbSt8o3Q/9b9xonHLC' WHERE account = '121126199707088020';
UPDATE User SET password_hash = '$2y$13$dg4FlrrcXjMmvWznC3XUhehaTTZ/xfKXNpEYbSt8o3Q/9b9xonHLC' WHERE account = '814793197111252896';
UPDATE User SET password_hash = '$2y$13$dg4FlrrcXjMmvWznC3XUhehaTTZ/xfKXNpEYbSt8o3Q/9b9xonHLC' WHERE account = '130942194512034931';
UPDATE User SET password_hash = '$2y$13$dg4FlrrcXjMmvWznC3XUhehaTTZ/xfKXNpEYbSt8o3Q/9b9xonHLC' WHERE account = '613336194412125075';
UPDATE User SET password_hash = '$2y$13$dg4FlrrcXjMmvWznC3XUhehaTTZ/xfKXNpEYbSt8o3Q/9b9xonHLC' WHERE account = '624471196205045875';
UPDATE User SET password_hash = '$2y$13$dg4FlrrcXjMmvWznC3XUhehaTTZ/xfKXNpEYbSt8o3Q/9b9xonHLC' WHERE account = '313872198205029655';
UPDATE User SET password_hash = '$2y$13$dg4FlrrcXjMmvWznC3XUhehaTTZ/xfKXNpEYbSt8o3Q/9b9xonHLC' WHERE account = '414878200310304397';
UPDATE User SET password_hash = '$2y$13$dg4FlrrcXjMmvWznC3XUhehaTTZ/xfKXNpEYbSt8o3Q/9b9xonHLC' WHERE account = '31402719481226617X';
UPDATE User SET password_hash = '$2y$13$dg4FlrrcXjMmvWznC3XUhehaTTZ/xfKXNpEYbSt8o3Q/9b9xonHLC' WHERE account = '324963198107314403';
UPDATE User SET password_hash = '$2y$13$dg4FlrrcXjMmvWznC3XUhehaTTZ/xfKXNpEYbSt8o3Q/9b9xonHLC' WHERE account = '712820196806233935';
UPDATE User SET password_hash = '$2y$13$dg4FlrrcXjMmvWznC3XUhehaTTZ/xfKXNpEYbSt8o3Q/9b9xonHLC' WHERE account = '422777201205104139';
UPDATE User SET password_hash = '$2y$13$dg4FlrrcXjMmvWznC3XUhehaTTZ/xfKXNpEYbSt8o3Q/9b9xonHLC' WHERE account = '644549194711068309';
UPDATE User SET password_hash = '$2y$13$dg4FlrrcXjMmvWznC3XUhehaTTZ/xfKXNpEYbSt8o3Q/9b9xonHLC' WHERE account = '111606197206221287';
UPDATE User SET password_hash = '$2y$13$dg4FlrrcXjMmvWznC3XUhehaTTZ/xfKXNpEYbSt8o3Q/9b9xonHLC' WHERE account = '410134196301196364';
UPDATE User SET password_hash = '$2y$13$dg4FlrrcXjMmvWznC3XUhehaTTZ/xfKXNpEYbSt8o3Q/9b9xonHLC' WHERE account = '341398192412296955';
UPDATE User SET password_hash = '$2y$13$dg4FlrrcXjMmvWznC3XUhehaTTZ/xfKXNpEYbSt8o3Q/9b9xonHLC' WHERE account = '813031199603059746';
UPDATE User SET password_hash = '$2y$13$dg4FlrrcXjMmvWznC3XUhehaTTZ/xfKXNpEYbSt8o3Q/9b9xonHLC' WHERE account = '332934196212147756';
UPDATE User SET password_hash = '$2y$13$dg4FlrrcXjMmvWznC3XUhehaTTZ/xfKXNpEYbSt8o3Q/9b9xonHLC' WHERE account = '111561194002281197';
UPDATE User SET password_hash = '$2y$13$dg4FlrrcXjMmvWznC3XUhehaTTZ/xfKXNpEYbSt8o3Q/9b9xonHLC' WHERE account = '210442196403090035';
UPDATE User SET password_hash = '$2y$13$dg4FlrrcXjMmvWznC3XUhehaTTZ/xfKXNpEYbSt8o3Q/9b9xonHLC' WHERE account = '714508197005295121';
UPDATE User SET password_hash = '$2y$13$dg4FlrrcXjMmvWznC3XUhehaTTZ/xfKXNpEYbSt8o3Q/9b9xonHLC' WHERE account = '152303199901071402';
UPDATE User SET password_hash = '$2y$13$dg4FlrrcXjMmvWznC3XUhehaTTZ/xfKXNpEYbSt8o3Q/9b9xonHLC' WHERE account = '352468199802157904';
UPDATE User SET password_hash = '$2y$13$dg4FlrrcXjMmvWznC3XUhehaTTZ/xfKXNpEYbSt8o3Q/9b9xonHLC' WHERE account = '372282195210198851';
UPDATE User SET password_hash = '$2y$13$dg4FlrrcXjMmvWznC3XUhehaTTZ/xfKXNpEYbSt8o3Q/9b9xonHLC' WHERE account = '502271193807291514';
UPDATE User SET password_hash = '$2y$13$dg4FlrrcXjMmvWznC3XUhehaTTZ/xfKXNpEYbSt8o3Q/9b9xonHLC' WHERE account = '124819198804050831';
UPDATE User SET password_hash = '$2y$13$dg4FlrrcXjMmvWznC3XUhehaTTZ/xfKXNpEYbSt8o3Q/9b9xonHLC' WHERE account = '330639193402263593';
UPDATE User SET password_hash = '$2y$13$dg4FlrrcXjMmvWznC3XUhehaTTZ/xfKXNpEYbSt8o3Q/9b9xonHLC' WHERE account = '714641199003278463';
UPDATE User SET password_hash = '$2y$13$dg4FlrrcXjMmvWznC3XUhehaTTZ/xfKXNpEYbSt8o3Q/9b9xonHLC' WHERE account = '640757194506062665';
UPDATE User SET password_hash = '$2y$13$dg4FlrrcXjMmvWznC3XUhehaTTZ/xfKXNpEYbSt8o3Q/9b9xonHLC' WHERE account = '714983197608178961';
UPDATE User SET password_hash = '$2y$13$dg4FlrrcXjMmvWznC3XUhehaTTZ/xfKXNpEYbSt8o3Q/9b9xonHLC' WHERE account = '12405719830727287X';
UPDATE User SET password_hash = '$2y$13$dg4FlrrcXjMmvWznC3XUhehaTTZ/xfKXNpEYbSt8o3Q/9b9xonHLC' WHERE account = '41103019291224064X';
UPDATE User SET password_hash = '$2y$13$dg4FlrrcXjMmvWznC3XUhehaTTZ/xfKXNpEYbSt8o3Q/9b9xonHLC' WHERE account = '71188619470115128X';
UPDATE User SET password_hash = '$2y$13$dg4FlrrcXjMmvWznC3XUhehaTTZ/xfKXNpEYbSt8o3Q/9b9xonHLC' WHERE account = '344192195202070032';
UPDATE User SET password_hash = '$2y$13$dg4FlrrcXjMmvWznC3XUhehaTTZ/xfKXNpEYbSt8o3Q/9b9xonHLC' WHERE account = '421124194310244331';
UPDATE User SET password_hash = '$2y$13$dg4FlrrcXjMmvWznC3XUhehaTTZ/xfKXNpEYbSt8o3Q/9b9xonHLC' WHERE account = '371689193203314666';
UPDATE User SET password_hash = '$2y$13$dg4FlrrcXjMmvWznC3XUhehaTTZ/xfKXNpEYbSt8o3Q/9b9xonHLC' WHERE account = '524969199110303422';
UPDATE User SET password_hash = '$2y$13$dg4FlrrcXjMmvWznC3XUhehaTTZ/xfKXNpEYbSt8o3Q/9b9xonHLC' WHERE account = '112365199010141511';
UPDATE User SET password_hash = '$2y$13$dg4FlrrcXjMmvWznC3XUhehaTTZ/xfKXNpEYbSt8o3Q/9b9xonHLC' WHERE account = '120661196703105189';
UPDATE User SET password_hash = '$2y$13$dg4FlrrcXjMmvWznC3XUhehaTTZ/xfKXNpEYbSt8o3Q/9b9xonHLC' WHERE account = '644412195611042531';
UPDATE User SET password_hash = '$2y$13$dg4FlrrcXjMmvWznC3XUhehaTTZ/xfKXNpEYbSt8o3Q/9b9xonHLC' WHERE account = '210218201408245566';
UPDATE User SET password_hash = '$2y$13$dg4FlrrcXjMmvWznC3XUhehaTTZ/xfKXNpEYbSt8o3Q/9b9xonHLC' WHERE account = '310719199503244088';
UPDATE User SET password_hash = '$2y$13$dg4FlrrcXjMmvWznC3XUhehaTTZ/xfKXNpEYbSt8o3Q/9b9xonHLC' WHERE account = '541410194709063564';
UPDATE User SET password_hash = '$2y$13$dg4FlrrcXjMmvWznC3XUhehaTTZ/xfKXNpEYbSt8o3Q/9b9xonHLC' WHERE account = '613305193911123346';
UPDATE User SET password_hash = '$2y$13$dg4FlrrcXjMmvWznC3XUhehaTTZ/xfKXNpEYbSt8o3Q/9b9xonHLC' WHERE account = '622290193611253734';
UPDATE User SET password_hash = '$2y$13$dg4FlrrcXjMmvWznC3XUhehaTTZ/xfKXNpEYbSt8o3Q/9b9xonHLC' WHERE account = '372016193711254362';
UPDATE User SET password_hash = '$2y$13$dg4FlrrcXjMmvWznC3XUhehaTTZ/xfKXNpEYbSt8o3Q/9b9xonHLC' WHERE account = '714024194603284656';
UPDATE User SET password_hash = '$2y$13$dg4FlrrcXjMmvWznC3XUhehaTTZ/xfKXNpEYbSt8o3Q/9b9xonHLC' WHERE account = '224095200602234671';
UPDATE User SET password_hash = '$2y$13$dg4FlrrcXjMmvWznC3XUhehaTTZ/xfKXNpEYbSt8o3Q/9b9xonHLC' WHERE account = '652995194006067731';
UPDATE User SET password_hash = '$2y$13$dg4FlrrcXjMmvWznC3XUhehaTTZ/xfKXNpEYbSt8o3Q/9b9xonHLC' WHERE account = '533403201304086994';
UPDATE User SET password_hash = '$2y$13$dg4FlrrcXjMmvWznC3XUhehaTTZ/xfKXNpEYbSt8o3Q/9b9xonHLC' WHERE account = '431379199906011764';
UPDATE User SET password_hash = '$2y$13$dg4FlrrcXjMmvWznC3XUhehaTTZ/xfKXNpEYbSt8o3Q/9b9xonHLC' WHERE account = '522892200009200413';
UPDATE User SET password_hash = '$2y$13$dg4FlrrcXjMmvWznC3XUhehaTTZ/xfKXNpEYbSt8o3Q/9b9xonHLC' WHERE account = '320520201009286204';
UPDATE User SET password_hash = '$2y$13$dg4FlrrcXjMmvWznC3XUhehaTTZ/xfKXNpEYbSt8o3Q/9b9xonHLC' WHERE account = '141126195702200789';
UPDATE User SET password_hash = '$2y$13$dg4FlrrcXjMmvWznC3XUhehaTTZ/xfKXNpEYbSt8o3Q/9b9xonHLC' WHERE account = '342780196205285253';
UPDATE User SET password_hash = '$2y$13$dg4FlrrcXjMmvWznC3XUhehaTTZ/xfKXNpEYbSt8o3Q/9b9xonHLC' WHERE account = '124291200810270944';
UPDATE User SET password_hash = '$2y$13$dg4FlrrcXjMmvWznC3XUhehaTTZ/xfKXNpEYbSt8o3Q/9b9xonHLC' WHERE account = '351432195510064365';
UPDATE User SET password_hash = '$2y$13$dg4FlrrcXjMmvWznC3XUhehaTTZ/xfKXNpEYbSt8o3Q/9b9xonHLC' WHERE account = '610129194606230384';
UPDATE User SET password_hash = '$2y$13$dg4FlrrcXjMmvWznC3XUhehaTTZ/xfKXNpEYbSt8o3Q/9b9xonHLC' WHERE account = '434079201303011585';
UPDATE User SET password_hash = '$2y$13$dg4FlrrcXjMmvWznC3XUhehaTTZ/xfKXNpEYbSt8o3Q/9b9xonHLC' WHERE account = '504259193103100624';
UPDATE User SET password_hash = '$2y$13$dg4FlrrcXjMmvWznC3XUhehaTTZ/xfKXNpEYbSt8o3Q/9b9xonHLC' WHERE account = '14037720061115302X';
UPDATE User SET password_hash = '$2y$13$dg4FlrrcXjMmvWznC3XUhehaTTZ/xfKXNpEYbSt8o3Q/9b9xonHLC' WHERE account = '503144194403169538';
UPDATE User SET password_hash = '$2y$13$dg4FlrrcXjMmvWznC3XUhehaTTZ/xfKXNpEYbSt8o3Q/9b9xonHLC' WHERE account = '122009200209260506';
UPDATE User SET password_hash = '$2y$13$dg4FlrrcXjMmvWznC3XUhehaTTZ/xfKXNpEYbSt8o3Q/9b9xonHLC' WHERE account = '511473197401190651';
UPDATE User SET password_hash = '$2y$13$dg4FlrrcXjMmvWznC3XUhehaTTZ/xfKXNpEYbSt8o3Q/9b9xonHLC' WHERE account = '463782196212067626';
UPDATE User SET password_hash = '$2y$13$dg4FlrrcXjMmvWznC3XUhehaTTZ/xfKXNpEYbSt8o3Q/9b9xonHLC' WHERE account = '363203197404279781';
UPDATE User SET password_hash = '$2y$13$dg4FlrrcXjMmvWznC3XUhehaTTZ/xfKXNpEYbSt8o3Q/9b9xonHLC' WHERE account = '822624196109130575';
UPDATE User SET password_hash = '$2y$13$dg4FlrrcXjMmvWznC3XUhehaTTZ/xfKXNpEYbSt8o3Q/9b9xonHLC' WHERE account = '233383192606255870';
UPDATE User SET password_hash = '$2y$13$dg4FlrrcXjMmvWznC3XUhehaTTZ/xfKXNpEYbSt8o3Q/9b9xonHLC' WHERE account = '613720201111053572';
UPDATE User SET password_hash = '$2y$13$dg4FlrrcXjMmvWznC3XUhehaTTZ/xfKXNpEYbSt8o3Q/9b9xonHLC' WHERE account = '231539196910014665';
UPDATE User SET password_hash = '$2y$13$dg4FlrrcXjMmvWznC3XUhehaTTZ/xfKXNpEYbSt8o3Q/9b9xonHLC' WHERE account = '340555194006206723';
UPDATE User SET password_hash = '$2y$13$dg4FlrrcXjMmvWznC3XUhehaTTZ/xfKXNpEYbSt8o3Q/9b9xonHLC' WHERE account = '111105200303241066';
UPDATE User SET password_hash = '$2y$13$dg4FlrrcXjMmvWznC3XUhehaTTZ/xfKXNpEYbSt8o3Q/9b9xonHLC' WHERE account = '440964200604207792';
UPDATE User SET password_hash = '$2y$13$dg4FlrrcXjMmvWznC3XUhehaTTZ/xfKXNpEYbSt8o3Q/9b9xonHLC' WHERE account = '821826193901275543';
UPDATE User SET password_hash = '$2y$13$dg4FlrrcXjMmvWznC3XUhehaTTZ/xfKXNpEYbSt8o3Q/9b9xonHLC' WHERE account = '523277197404255278';
UPDATE User SET password_hash = '$2y$13$dg4FlrrcXjMmvWznC3XUhehaTTZ/xfKXNpEYbSt8o3Q/9b9xonHLC' WHERE account = '41079820001027680X';
UPDATE User SET password_hash = '$2y$13$dg4FlrrcXjMmvWznC3XUhehaTTZ/xfKXNpEYbSt8o3Q/9b9xonHLC' WHERE account = '342928194210080386';
UPDATE User SET password_hash = '$2y$13$dg4FlrrcXjMmvWznC3XUhehaTTZ/xfKXNpEYbSt8o3Q/9b9xonHLC' WHERE account = '23190119670604962X';
UPDATE User SET password_hash = '$2y$13$dg4FlrrcXjMmvWznC3XUhehaTTZ/xfKXNpEYbSt8o3Q/9b9xonHLC' WHERE account = '433475201008072246';
UPDATE User SET password_hash = '$2y$13$dg4FlrrcXjMmvWznC3XUhehaTTZ/xfKXNpEYbSt8o3Q/9b9xonHLC' WHERE account = '374590200903279893';
UPDATE User SET password_hash = '$2y$13$dg4FlrrcXjMmvWznC3XUhehaTTZ/xfKXNpEYbSt8o3Q/9b9xonHLC' WHERE account = '514922193504054852';
UPDATE User SET password_hash = '$2y$13$dg4FlrrcXjMmvWznC3XUhehaTTZ/xfKXNpEYbSt8o3Q/9b9xonHLC' WHERE account = '821979193602183374';
UPDATE User SET password_hash = '$2y$13$dg4FlrrcXjMmvWznC3XUhehaTTZ/xfKXNpEYbSt8o3Q/9b9xonHLC' WHERE account = '330265196104015805';
UPDATE User SET password_hash = '$2y$13$dg4FlrrcXjMmvWznC3XUhehaTTZ/xfKXNpEYbSt8o3Q/9b9xonHLC' WHERE account = '461469193407311896';
UPDATE User SET password_hash = '$2y$13$dg4FlrrcXjMmvWznC3XUhehaTTZ/xfKXNpEYbSt8o3Q/9b9xonHLC' WHERE account = '375032196504265845';
UPDATE User SET password_hash = '$2y$13$dg4FlrrcXjMmvWznC3XUhehaTTZ/xfKXNpEYbSt8o3Q/9b9xonHLC' WHERE account = '451293196412031987';
UPDATE User SET password_hash = '$2y$13$dg4FlrrcXjMmvWznC3XUhehaTTZ/xfKXNpEYbSt8o3Q/9b9xonHLC' WHERE account = '131026198707105307';
UPDATE User SET password_hash = '$2y$13$dg4FlrrcXjMmvWznC3XUhehaTTZ/xfKXNpEYbSt8o3Q/9b9xonHLC' WHERE account = '23147319610312483X';
UPDATE User SET password_hash = '$2y$13$dg4FlrrcXjMmvWznC3XUhehaTTZ/xfKXNpEYbSt8o3Q/9b9xonHLC' WHERE account = '822129200811097005';
UPDATE User SET password_hash = '$2y$13$dg4FlrrcXjMmvWznC3XUhehaTTZ/xfKXNpEYbSt8o3Q/9b9xonHLC' WHERE account = '423723198402085115';
UPDATE User SET password_hash = '$2y$13$dg4FlrrcXjMmvWznC3XUhehaTTZ/xfKXNpEYbSt8o3Q/9b9xonHLC' WHERE account = '453829198907130490';
UPDATE User SET password_hash = '$2y$13$dg4FlrrcXjMmvWznC3XUhehaTTZ/xfKXNpEYbSt8o3Q/9b9xonHLC' WHERE account = '343173196307095542';
UPDATE User SET password_hash = '$2y$13$dg4FlrrcXjMmvWznC3XUhehaTTZ/xfKXNpEYbSt8o3Q/9b9xonHLC' WHERE account = '333163196407173277';
UPDATE User SET password_hash = '$2y$13$dg4FlrrcXjMmvWznC3XUhehaTTZ/xfKXNpEYbSt8o3Q/9b9xonHLC' WHERE account = '614437198008179945';
UPDATE User SET password_hash = '$2y$13$dg4FlrrcXjMmvWznC3XUhehaTTZ/xfKXNpEYbSt8o3Q/9b9xonHLC' WHERE account = '453797195805133623';
UPDATE User SET password_hash = '$2y$13$dg4FlrrcXjMmvWznC3XUhehaTTZ/xfKXNpEYbSt8o3Q/9b9xonHLC' WHERE account = '450262197312263842';
UPDATE User SET password_hash = '$2y$13$dg4FlrrcXjMmvWznC3XUhehaTTZ/xfKXNpEYbSt8o3Q/9b9xonHLC' WHERE account = '420854200311104308';
UPDATE User SET password_hash = '$2y$13$dg4FlrrcXjMmvWznC3XUhehaTTZ/xfKXNpEYbSt8o3Q/9b9xonHLC' WHERE account = '334657194412177072';
UPDATE User SET password_hash = '$2y$13$dg4FlrrcXjMmvWznC3XUhehaTTZ/xfKXNpEYbSt8o3Q/9b9xonHLC' WHERE account = '711912193304023793';
UPDATE User SET password_hash = '$2y$13$dg4FlrrcXjMmvWznC3XUhehaTTZ/xfKXNpEYbSt8o3Q/9b9xonHLC' WHERE account = '46323519280905921X';
UPDATE User SET password_hash = '$2y$13$dg4FlrrcXjMmvWznC3XUhehaTTZ/xfKXNpEYbSt8o3Q/9b9xonHLC' WHERE account = '622825201406160328';
UPDATE User SET password_hash = '$2y$13$dg4FlrrcXjMmvWznC3XUhehaTTZ/xfKXNpEYbSt8o3Q/9b9xonHLC' WHERE account = '462009194401157085';
UPDATE User SET password_hash = '$2y$13$dg4FlrrcXjMmvWznC3XUhehaTTZ/xfKXNpEYbSt8o3Q/9b9xonHLC' WHERE account = '333043195803108739';
UPDATE User SET password_hash = '$2y$13$dg4FlrrcXjMmvWznC3XUhehaTTZ/xfKXNpEYbSt8o3Q/9b9xonHLC' WHERE account = '623767199106106182';
UPDATE User SET password_hash = '$2y$13$dg4FlrrcXjMmvWznC3XUhehaTTZ/xfKXNpEYbSt8o3Q/9b9xonHLC' WHERE account = '231214200310126886';
UPDATE User SET password_hash = '$2y$13$dg4FlrrcXjMmvWznC3XUhehaTTZ/xfKXNpEYbSt8o3Q/9b9xonHLC' WHERE account = '413944201312047143';
UPDATE User SET password_hash = '$2y$13$dg4FlrrcXjMmvWznC3XUhehaTTZ/xfKXNpEYbSt8o3Q/9b9xonHLC' WHERE account = '654113201310120789';
UPDATE User SET password_hash = '$2y$13$dg4FlrrcXjMmvWznC3XUhehaTTZ/xfKXNpEYbSt8o3Q/9b9xonHLC' WHERE account = '71345919601209903X';
UPDATE User SET password_hash = '$2y$13$dg4FlrrcXjMmvWznC3XUhehaTTZ/xfKXNpEYbSt8o3Q/9b9xonHLC' WHERE account = '524338199612256212';
UPDATE User SET password_hash = '$2y$13$dg4FlrrcXjMmvWznC3XUhehaTTZ/xfKXNpEYbSt8o3Q/9b9xonHLC' WHERE account = '144616199004224740';
UPDATE User SET password_hash = '$2y$13$dg4FlrrcXjMmvWznC3XUhehaTTZ/xfKXNpEYbSt8o3Q/9b9xonHLC' WHERE account = '341221197205133406';
UPDATE User SET password_hash = '$2y$13$dg4FlrrcXjMmvWznC3XUhehaTTZ/xfKXNpEYbSt8o3Q/9b9xonHLC' WHERE account = '523158193401244699';
UPDATE User SET password_hash = '$2y$13$dg4FlrrcXjMmvWznC3XUhehaTTZ/xfKXNpEYbSt8o3Q/9b9xonHLC' WHERE account = '712474198102257380';
UPDATE User SET password_hash = '$2y$13$dg4FlrrcXjMmvWznC3XUhehaTTZ/xfKXNpEYbSt8o3Q/9b9xonHLC' WHERE account = '221839200303312682';
UPDATE User SET password_hash = '$2y$13$dg4FlrrcXjMmvWznC3XUhehaTTZ/xfKXNpEYbSt8o3Q/9b9xonHLC' WHERE account = '463596196502095292';
UPDATE User SET password_hash = '$2y$13$dg4FlrrcXjMmvWznC3XUhehaTTZ/xfKXNpEYbSt8o3Q/9b9xonHLC' WHERE account = '652495193512027773';
UPDATE User SET password_hash = '$2y$13$dg4FlrrcXjMmvWznC3XUhehaTTZ/xfKXNpEYbSt8o3Q/9b9xonHLC' WHERE account = '330904199907127344';
UPDATE User SET password_hash = '$2y$13$dg4FlrrcXjMmvWznC3XUhehaTTZ/xfKXNpEYbSt8o3Q/9b9xonHLC' WHERE account = '532917194412230614';
UPDATE User SET password_hash = '$2y$13$dg4FlrrcXjMmvWznC3XUhehaTTZ/xfKXNpEYbSt8o3Q/9b9xonHLC' WHERE account = '611357198206182660';
UPDATE User SET password_hash = '$2y$13$dg4FlrrcXjMmvWznC3XUhehaTTZ/xfKXNpEYbSt8o3Q/9b9xonHLC' WHERE account = '323585192301227368';
UPDATE User SET password_hash = '$2y$13$dg4FlrrcXjMmvWznC3XUhehaTTZ/xfKXNpEYbSt8o3Q/9b9xonHLC' WHERE account = '452894200711208027';
UPDATE User SET password_hash = '$2y$13$dg4FlrrcXjMmvWznC3XUhehaTTZ/xfKXNpEYbSt8o3Q/9b9xonHLC' WHERE account = '441748192706115886';
UPDATE User SET password_hash = '$2y$13$dg4FlrrcXjMmvWznC3XUhehaTTZ/xfKXNpEYbSt8o3Q/9b9xonHLC' WHERE account = '541208199312168562';
UPDATE User SET password_hash = '$2y$13$dg4FlrrcXjMmvWznC3XUhehaTTZ/xfKXNpEYbSt8o3Q/9b9xonHLC' WHERE account = '333561200405104561';
UPDATE User SET password_hash = '$2y$13$dg4FlrrcXjMmvWznC3XUhehaTTZ/xfKXNpEYbSt8o3Q/9b9xonHLC' WHERE account = '350219199508081227';
UPDATE User SET password_hash = '$2y$13$dg4FlrrcXjMmvWznC3XUhehaTTZ/xfKXNpEYbSt8o3Q/9b9xonHLC' WHERE account = '341336197912232565';
UPDATE User SET password_hash = '$2y$13$dg4FlrrcXjMmvWznC3XUhehaTTZ/xfKXNpEYbSt8o3Q/9b9xonHLC' WHERE account = '321577197611197411';
UPDATE User SET password_hash = '$2y$13$dg4FlrrcXjMmvWznC3XUhehaTTZ/xfKXNpEYbSt8o3Q/9b9xonHLC' WHERE account = '440790197206220429';
UPDATE User SET password_hash = '$2y$13$dg4FlrrcXjMmvWznC3XUhehaTTZ/xfKXNpEYbSt8o3Q/9b9xonHLC' WHERE account = '153153192805140124';
UPDATE User SET password_hash = '$2y$13$dg4FlrrcXjMmvWznC3XUhehaTTZ/xfKXNpEYbSt8o3Q/9b9xonHLC' WHERE account = '360431199301098330';
UPDATE User SET password_hash = '$2y$13$dg4FlrrcXjMmvWznC3XUhehaTTZ/xfKXNpEYbSt8o3Q/9b9xonHLC' WHERE account = '330256197812248067';
UPDATE User SET password_hash = '$2y$13$dg4FlrrcXjMmvWznC3XUhehaTTZ/xfKXNpEYbSt8o3Q/9b9xonHLC' WHERE account = '134844193412125120';
UPDATE User SET password_hash = '$2y$13$dg4FlrrcXjMmvWznC3XUhehaTTZ/xfKXNpEYbSt8o3Q/9b9xonHLC' WHERE account = '320662192804033228';
UPDATE User SET password_hash = '$2y$13$dg4FlrrcXjMmvWznC3XUhehaTTZ/xfKXNpEYbSt8o3Q/9b9xonHLC' WHERE account = '501123193004128728';
UPDATE User SET password_hash = '$2y$13$dg4FlrrcXjMmvWznC3XUhehaTTZ/xfKXNpEYbSt8o3Q/9b9xonHLC' WHERE account = '45481219680210171X';
UPDATE User SET password_hash = '$2y$13$dg4FlrrcXjMmvWznC3XUhehaTTZ/xfKXNpEYbSt8o3Q/9b9xonHLC' WHERE account = '434178195306280003';
UPDATE User SET password_hash = '$2y$13$dg4FlrrcXjMmvWznC3XUhehaTTZ/xfKXNpEYbSt8o3Q/9b9xonHLC' WHERE account = '341727198006294659';
UPDATE User SET password_hash = '$2y$13$dg4FlrrcXjMmvWznC3XUhehaTTZ/xfKXNpEYbSt8o3Q/9b9xonHLC' WHERE account = '370993197506184009';
UPDATE User SET password_hash = '$2y$13$dg4FlrrcXjMmvWznC3XUhehaTTZ/xfKXNpEYbSt8o3Q/9b9xonHLC' WHERE account = '631089199804040192';
UPDATE User SET password_hash = '$2y$13$dg4FlrrcXjMmvWznC3XUhehaTTZ/xfKXNpEYbSt8o3Q/9b9xonHLC' WHERE account = '653505196001289923';
UPDATE User SET password_hash = '$2y$13$dg4FlrrcXjMmvWznC3XUhehaTTZ/xfKXNpEYbSt8o3Q/9b9xonHLC' WHERE account = '114555200808134395';
UPDATE User SET password_hash = '$2y$13$dg4FlrrcXjMmvWznC3XUhehaTTZ/xfKXNpEYbSt8o3Q/9b9xonHLC' WHERE account = '311088201409057243';
UPDATE User SET password_hash = '$2y$13$dg4FlrrcXjMmvWznC3XUhehaTTZ/xfKXNpEYbSt8o3Q/9b9xonHLC' WHERE account = '342694195102188564';
UPDATE User SET password_hash = '$2y$13$dg4FlrrcXjMmvWznC3XUhehaTTZ/xfKXNpEYbSt8o3Q/9b9xonHLC' WHERE account = '644710194708026052';
UPDATE User SET password_hash = '$2y$13$dg4FlrrcXjMmvWznC3XUhehaTTZ/xfKXNpEYbSt8o3Q/9b9xonHLC' WHERE account = '372521200610062088';
UPDATE User SET password_hash = '$2y$13$dg4FlrrcXjMmvWznC3XUhehaTTZ/xfKXNpEYbSt8o3Q/9b9xonHLC' WHERE account = '823597198603257747';
UPDATE User SET password_hash = '$2y$13$dg4FlrrcXjMmvWznC3XUhehaTTZ/xfKXNpEYbSt8o3Q/9b9xonHLC' WHERE account = '221679194407033486';
UPDATE User SET password_hash = '$2y$13$dg4FlrrcXjMmvWznC3XUhehaTTZ/xfKXNpEYbSt8o3Q/9b9xonHLC' WHERE account = '634846193401182688';
UPDATE User SET password_hash = '$2y$13$dg4FlrrcXjMmvWznC3XUhehaTTZ/xfKXNpEYbSt8o3Q/9b9xonHLC' WHERE account = '37118619650522128X';
UPDATE User SET password_hash = '$2y$13$dg4FlrrcXjMmvWznC3XUhehaTTZ/xfKXNpEYbSt8o3Q/9b9xonHLC' WHERE account = '424457199105030796';
UPDATE User SET password_hash = '$2y$13$dg4FlrrcXjMmvWznC3XUhehaTTZ/xfKXNpEYbSt8o3Q/9b9xonHLC' WHERE account = '711713199512152226';
UPDATE User SET password_hash = '$2y$13$dg4FlrrcXjMmvWznC3XUhehaTTZ/xfKXNpEYbSt8o3Q/9b9xonHLC' WHERE account = '425001194904023218';
UPDATE User SET password_hash = '$2y$13$dg4FlrrcXjMmvWznC3XUhehaTTZ/xfKXNpEYbSt8o3Q/9b9xonHLC' WHERE account = '374169199811304099';
UPDATE User SET password_hash = '$2y$13$dg4FlrrcXjMmvWznC3XUhehaTTZ/xfKXNpEYbSt8o3Q/9b9xonHLC' WHERE account = '633309196612079310';
UPDATE User SET password_hash = '$2y$13$dg4FlrrcXjMmvWznC3XUhehaTTZ/xfKXNpEYbSt8o3Q/9b9xonHLC' WHERE account = '813592198801027678';
UPDATE User SET password_hash = '$2y$13$dg4FlrrcXjMmvWznC3XUhehaTTZ/xfKXNpEYbSt8o3Q/9b9xonHLC' WHERE account = '155065199704268669';
UPDATE User SET password_hash = '$2y$13$dg4FlrrcXjMmvWznC3XUhehaTTZ/xfKXNpEYbSt8o3Q/9b9xonHLC' WHERE account = '133707194107301615';
UPDATE User SET password_hash = '$2y$13$dg4FlrrcXjMmvWznC3XUhehaTTZ/xfKXNpEYbSt8o3Q/9b9xonHLC' WHERE account = '824802196605289276';
UPDATE User SET password_hash = '$2y$13$dg4FlrrcXjMmvWznC3XUhehaTTZ/xfKXNpEYbSt8o3Q/9b9xonHLC' WHERE account = '430773200103254437';
UPDATE User SET password_hash = '$2y$13$dg4FlrrcXjMmvWznC3XUhehaTTZ/xfKXNpEYbSt8o3Q/9b9xonHLC' WHERE account = '612152192509182341';
UPDATE User SET password_hash = '$2y$13$dg4FlrrcXjMmvWznC3XUhehaTTZ/xfKXNpEYbSt8o3Q/9b9xonHLC' WHERE account = '113382196405048593';
UPDATE User SET password_hash = '$2y$13$dg4FlrrcXjMmvWznC3XUhehaTTZ/xfKXNpEYbSt8o3Q/9b9xonHLC' WHERE account = '354696193609226639';
UPDATE User SET password_hash = '$2y$13$dg4FlrrcXjMmvWznC3XUhehaTTZ/xfKXNpEYbSt8o3Q/9b9xonHLC' WHERE account = '450115196901167077';
UPDATE User SET password_hash = '$2y$13$dg4FlrrcXjMmvWznC3XUhehaTTZ/xfKXNpEYbSt8o3Q/9b9xonHLC' WHERE account = '822664196509262263';
UPDATE User SET password_hash = '$2y$13$dg4FlrrcXjMmvWznC3XUhehaTTZ/xfKXNpEYbSt8o3Q/9b9xonHLC' WHERE account = '452310199307167825';
UPDATE User SET password_hash = '$2y$13$dg4FlrrcXjMmvWznC3XUhehaTTZ/xfKXNpEYbSt8o3Q/9b9xonHLC' WHERE account = '221106194112310055';
UPDATE User SET password_hash = '$2y$13$dg4FlrrcXjMmvWznC3XUhehaTTZ/xfKXNpEYbSt8o3Q/9b9xonHLC' WHERE account = '373534194612197336';
UPDATE User SET password_hash = '$2y$13$dg4FlrrcXjMmvWznC3XUhehaTTZ/xfKXNpEYbSt8o3Q/9b9xonHLC' WHERE account = '53113019450506149X';
UPDATE User SET password_hash = '$2y$13$dg4FlrrcXjMmvWznC3XUhehaTTZ/xfKXNpEYbSt8o3Q/9b9xonHLC' WHERE account = '533673196304188879';
UPDATE User SET password_hash = '$2y$13$dg4FlrrcXjMmvWznC3XUhehaTTZ/xfKXNpEYbSt8o3Q/9b9xonHLC' WHERE account = '612524194706290980';
UPDATE User SET password_hash = '$2y$13$dg4FlrrcXjMmvWznC3XUhehaTTZ/xfKXNpEYbSt8o3Q/9b9xonHLC' WHERE account = '711248200207106101';
UPDATE User SET password_hash = '$2y$13$dg4FlrrcXjMmvWznC3XUhehaTTZ/xfKXNpEYbSt8o3Q/9b9xonHLC' WHERE account = '43366520130820872X';
UPDATE User SET password_hash = '$2y$13$dg4FlrrcXjMmvWznC3XUhehaTTZ/xfKXNpEYbSt8o3Q/9b9xonHLC' WHERE account = '142055199908168003';
UPDATE User SET password_hash = '$2y$13$dg4FlrrcXjMmvWznC3XUhehaTTZ/xfKXNpEYbSt8o3Q/9b9xonHLC' WHERE account = '71258719800304366X';
UPDATE User SET password_hash = '$2y$13$dg4FlrrcXjMmvWznC3XUhehaTTZ/xfKXNpEYbSt8o3Q/9b9xonHLC' WHERE account = '113137201201109170';
UPDATE User SET password_hash = '$2y$13$dg4FlrrcXjMmvWznC3XUhehaTTZ/xfKXNpEYbSt8o3Q/9b9xonHLC' WHERE account = '315031196610109177';
UPDATE User SET password_hash = '$2y$13$dg4FlrrcXjMmvWznC3XUhehaTTZ/xfKXNpEYbSt8o3Q/9b9xonHLC' WHERE account = '812631197801021098';
UPDATE User SET password_hash = '$2y$13$dg4FlrrcXjMmvWznC3XUhehaTTZ/xfKXNpEYbSt8o3Q/9b9xonHLC' WHERE account = '623647197406255285';
UPDATE User SET password_hash = '$2y$13$dg4FlrrcXjMmvWznC3XUhehaTTZ/xfKXNpEYbSt8o3Q/9b9xonHLC' WHERE account = '464208198605315539';
UPDATE User SET password_hash = '$2y$13$dg4FlrrcXjMmvWznC3XUhehaTTZ/xfKXNpEYbSt8o3Q/9b9xonHLC' WHERE account = '811461199308013616';
UPDATE User SET password_hash = '$2y$13$dg4FlrrcXjMmvWznC3XUhehaTTZ/xfKXNpEYbSt8o3Q/9b9xonHLC' WHERE account = '43235720090630447X';
UPDATE User SET password_hash = '$2y$13$dg4FlrrcXjMmvWznC3XUhehaTTZ/xfKXNpEYbSt8o3Q/9b9xonHLC' WHERE account = '501505195911113510';
UPDATE User SET password_hash = '$2y$13$dg4FlrrcXjMmvWznC3XUhehaTTZ/xfKXNpEYbSt8o3Q/9b9xonHLC' WHERE account = '143264192612238796';
UPDATE User SET password_hash = '$2y$13$dg4FlrrcXjMmvWznC3XUhehaTTZ/xfKXNpEYbSt8o3Q/9b9xonHLC' WHERE account = '214625196701054396';
UPDATE User SET password_hash = '$2y$13$dg4FlrrcXjMmvWznC3XUhehaTTZ/xfKXNpEYbSt8o3Q/9b9xonHLC' WHERE account = '632039194104291150';
UPDATE User SET password_hash = '$2y$13$dg4FlrrcXjMmvWznC3XUhehaTTZ/xfKXNpEYbSt8o3Q/9b9xonHLC' WHERE account = '311393193802240264';
UPDATE User SET password_hash = '$2y$13$dg4FlrrcXjMmvWznC3XUhehaTTZ/xfKXNpEYbSt8o3Q/9b9xonHLC' WHERE account = '331330199305152584';
UPDATE User SET password_hash = '$2y$13$dg4FlrrcXjMmvWznC3XUhehaTTZ/xfKXNpEYbSt8o3Q/9b9xonHLC' WHERE account = '34239219601020217X';
UPDATE User SET password_hash = '$2y$13$dg4FlrrcXjMmvWznC3XUhehaTTZ/xfKXNpEYbSt8o3Q/9b9xonHLC' WHERE account = '343725193805257373';
UPDATE User SET password_hash = '$2y$13$dg4FlrrcXjMmvWznC3XUhehaTTZ/xfKXNpEYbSt8o3Q/9b9xonHLC' WHERE account = '324947193108211329';
UPDATE User SET password_hash = '$2y$13$dg4FlrrcXjMmvWznC3XUhehaTTZ/xfKXNpEYbSt8o3Q/9b9xonHLC' WHERE account = '374898200506284023';
UPDATE User SET password_hash = '$2y$13$dg4FlrrcXjMmvWznC3XUhehaTTZ/xfKXNpEYbSt8o3Q/9b9xonHLC' WHERE account = '611435196003116259';
UPDATE User SET password_hash = '$2y$13$dg4FlrrcXjMmvWznC3XUhehaTTZ/xfKXNpEYbSt8o3Q/9b9xonHLC' WHERE account = '443473197202126221';
UPDATE User SET password_hash = '$2y$13$dg4FlrrcXjMmvWznC3XUhehaTTZ/xfKXNpEYbSt8o3Q/9b9xonHLC' WHERE account = '641474201306156644';
UPDATE User SET password_hash = '$2y$13$dg4FlrrcXjMmvWznC3XUhehaTTZ/xfKXNpEYbSt8o3Q/9b9xonHLC' WHERE account = '312824197403029900';
UPDATE User SET password_hash = '$2y$13$dg4FlrrcXjMmvWznC3XUhehaTTZ/xfKXNpEYbSt8o3Q/9b9xonHLC' WHERE account = '222450200506204238';
UPDATE User SET password_hash = '$2y$13$dg4FlrrcXjMmvWznC3XUhehaTTZ/xfKXNpEYbSt8o3Q/9b9xonHLC' WHERE account = '532377195511027645';
UPDATE User SET password_hash = '$2y$13$dg4FlrrcXjMmvWznC3XUhehaTTZ/xfKXNpEYbSt8o3Q/9b9xonHLC' WHERE account = '50346219601022092X';
UPDATE User SET password_hash = '$2y$13$dg4FlrrcXjMmvWznC3XUhehaTTZ/xfKXNpEYbSt8o3Q/9b9xonHLC' WHERE account = '431660200803276400';
UPDATE User SET password_hash = '$2y$13$dg4FlrrcXjMmvWznC3XUhehaTTZ/xfKXNpEYbSt8o3Q/9b9xonHLC' WHERE account = '231566197410248550';
UPDATE User SET password_hash = '$2y$13$dg4FlrrcXjMmvWznC3XUhehaTTZ/xfKXNpEYbSt8o3Q/9b9xonHLC' WHERE account = '133386195607145154';
UPDATE User SET password_hash = '$2y$13$dg4FlrrcXjMmvWznC3XUhehaTTZ/xfKXNpEYbSt8o3Q/9b9xonHLC' WHERE account = '543919193710223346';
UPDATE User SET password_hash = '$2y$13$dg4FlrrcXjMmvWznC3XUhehaTTZ/xfKXNpEYbSt8o3Q/9b9xonHLC' WHERE account = '121151199606165557';
UPDATE User SET password_hash = '$2y$13$dg4FlrrcXjMmvWznC3XUhehaTTZ/xfKXNpEYbSt8o3Q/9b9xonHLC' WHERE account = '810899193408279737';
UPDATE User SET password_hash = '$2y$13$dg4FlrrcXjMmvWznC3XUhehaTTZ/xfKXNpEYbSt8o3Q/9b9xonHLC' WHERE account = '15356319420901205X';
UPDATE User SET password_hash = '$2y$13$dg4FlrrcXjMmvWznC3XUhehaTTZ/xfKXNpEYbSt8o3Q/9b9xonHLC' WHERE account = '444116195010304480';
UPDATE User SET password_hash = '$2y$13$dg4FlrrcXjMmvWznC3XUhehaTTZ/xfKXNpEYbSt8o3Q/9b9xonHLC' WHERE account = '312591198506140869';
UPDATE User SET password_hash = '$2y$13$dg4FlrrcXjMmvWznC3XUhehaTTZ/xfKXNpEYbSt8o3Q/9b9xonHLC' WHERE account = '631599194501062845';
UPDATE User SET password_hash = '$2y$13$dg4FlrrcXjMmvWznC3XUhehaTTZ/xfKXNpEYbSt8o3Q/9b9xonHLC' WHERE account = '654818193201041920';
UPDATE User SET password_hash = '$2y$13$dg4FlrrcXjMmvWznC3XUhehaTTZ/xfKXNpEYbSt8o3Q/9b9xonHLC' WHERE account = '820385193105219218';
UPDATE User SET password_hash = '$2y$13$dg4FlrrcXjMmvWznC3XUhehaTTZ/xfKXNpEYbSt8o3Q/9b9xonHLC' WHERE account = '232462200606100353';
UPDATE User SET password_hash = '$2y$13$dg4FlrrcXjMmvWznC3XUhehaTTZ/xfKXNpEYbSt8o3Q/9b9xonHLC' WHERE account = '633636193312061042';
UPDATE User SET password_hash = '$2y$13$dg4FlrrcXjMmvWznC3XUhehaTTZ/xfKXNpEYbSt8o3Q/9b9xonHLC' WHERE account = '412835199103058040';
UPDATE User SET password_hash = '$2y$13$dg4FlrrcXjMmvWznC3XUhehaTTZ/xfKXNpEYbSt8o3Q/9b9xonHLC' WHERE account = '122853198005094159';
UPDATE User SET password_hash = '$2y$13$dg4FlrrcXjMmvWznC3XUhehaTTZ/xfKXNpEYbSt8o3Q/9b9xonHLC' WHERE account = '431270199403268644';
UPDATE User SET password_hash = '$2y$13$dg4FlrrcXjMmvWznC3XUhehaTTZ/xfKXNpEYbSt8o3Q/9b9xonHLC' WHERE account = '13409719250723616X';
UPDATE User SET password_hash = '$2y$13$dg4FlrrcXjMmvWznC3XUhehaTTZ/xfKXNpEYbSt8o3Q/9b9xonHLC' WHERE account = '214285200409219179';
UPDATE User SET password_hash = '$2y$13$dg4FlrrcXjMmvWznC3XUhehaTTZ/xfKXNpEYbSt8o3Q/9b9xonHLC' WHERE account = '523871196406211660';
UPDATE User SET password_hash = '$2y$13$dg4FlrrcXjMmvWznC3XUhehaTTZ/xfKXNpEYbSt8o3Q/9b9xonHLC' WHERE account = '652221199403259373';
UPDATE User SET password_hash = '$2y$13$dg4FlrrcXjMmvWznC3XUhehaTTZ/xfKXNpEYbSt8o3Q/9b9xonHLC' WHERE account = '624103200703200575';
UPDATE User SET password_hash = '$2y$13$dg4FlrrcXjMmvWznC3XUhehaTTZ/xfKXNpEYbSt8o3Q/9b9xonHLC' WHERE account = '813998195809052790';
UPDATE User SET password_hash = '$2y$13$dg4FlrrcXjMmvWznC3XUhehaTTZ/xfKXNpEYbSt8o3Q/9b9xonHLC' WHERE account = '330612192301184968';
UPDATE User SET password_hash = '$2y$13$dg4FlrrcXjMmvWznC3XUhehaTTZ/xfKXNpEYbSt8o3Q/9b9xonHLC' WHERE account = '630423194909216187';
UPDATE User SET password_hash = '$2y$13$dg4FlrrcXjMmvWznC3XUhehaTTZ/xfKXNpEYbSt8o3Q/9b9xonHLC' WHERE account = '634831198711011682';
UPDATE User SET password_hash = '$2y$13$dg4FlrrcXjMmvWznC3XUhehaTTZ/xfKXNpEYbSt8o3Q/9b9xonHLC' WHERE account = '364383197102072592';
UPDATE User SET password_hash = '$2y$13$dg4FlrrcXjMmvWznC3XUhehaTTZ/xfKXNpEYbSt8o3Q/9b9xonHLC' WHERE account = '644792199712273760';
UPDATE User SET password_hash = '$2y$13$dg4FlrrcXjMmvWznC3XUhehaTTZ/xfKXNpEYbSt8o3Q/9b9xonHLC' WHERE account = '540409193303275223';
UPDATE User SET password_hash = '$2y$13$dg4FlrrcXjMmvWznC3XUhehaTTZ/xfKXNpEYbSt8o3Q/9b9xonHLC' WHERE account = '132071201011016433';
UPDATE User SET password_hash = '$2y$13$dg4FlrrcXjMmvWznC3XUhehaTTZ/xfKXNpEYbSt8o3Q/9b9xonHLC' WHERE account = '821925200707171802';
UPDATE User SET password_hash = '$2y$13$dg4FlrrcXjMmvWznC3XUhehaTTZ/xfKXNpEYbSt8o3Q/9b9xonHLC' WHERE account = '610697194103078447';
UPDATE User SET password_hash = '$2y$13$dg4FlrrcXjMmvWznC3XUhehaTTZ/xfKXNpEYbSt8o3Q/9b9xonHLC' WHERE account = '534033201010227621';
UPDATE User SET password_hash = '$2y$13$dg4FlrrcXjMmvWznC3XUhehaTTZ/xfKXNpEYbSt8o3Q/9b9xonHLC' WHERE account = '312171194808099506';
UPDATE User SET password_hash = '$2y$13$dg4FlrrcXjMmvWznC3XUhehaTTZ/xfKXNpEYbSt8o3Q/9b9xonHLC' WHERE account = '452102197307138360';
UPDATE User SET password_hash = '$2y$13$dg4FlrrcXjMmvWznC3XUhehaTTZ/xfKXNpEYbSt8o3Q/9b9xonHLC' WHERE account = '621750198007163568';
UPDATE User SET password_hash = '$2y$13$dg4FlrrcXjMmvWznC3XUhehaTTZ/xfKXNpEYbSt8o3Q/9b9xonHLC' WHERE account = '450331193610098872';
UPDATE User SET password_hash = '$2y$13$dg4FlrrcXjMmvWznC3XUhehaTTZ/xfKXNpEYbSt8o3Q/9b9xonHLC' WHERE account = '423781192906084531';
UPDATE User SET password_hash = '$2y$13$dg4FlrrcXjMmvWznC3XUhehaTTZ/xfKXNpEYbSt8o3Q/9b9xonHLC' WHERE account = '632660195907042112';
UPDATE User SET password_hash = '$2y$13$dg4FlrrcXjMmvWznC3XUhehaTTZ/xfKXNpEYbSt8o3Q/9b9xonHLC' WHERE account = '321092201206054846';
UPDATE User SET password_hash = '$2y$13$dg4FlrrcXjMmvWznC3XUhehaTTZ/xfKXNpEYbSt8o3Q/9b9xonHLC' WHERE account = '212472196712176746';
UPDATE User SET password_hash = '$2y$13$dg4FlrrcXjMmvWznC3XUhehaTTZ/xfKXNpEYbSt8o3Q/9b9xonHLC' WHERE account = '43409019230915125X';
UPDATE User SET password_hash = '$2y$13$dg4FlrrcXjMmvWznC3XUhehaTTZ/xfKXNpEYbSt8o3Q/9b9xonHLC' WHERE account = '220839194704300764';
UPDATE User SET password_hash = '$2y$13$dg4FlrrcXjMmvWznC3XUhehaTTZ/xfKXNpEYbSt8o3Q/9b9xonHLC' WHERE account = '463007200710085392';
UPDATE User SET password_hash = '$2y$13$dg4FlrrcXjMmvWznC3XUhehaTTZ/xfKXNpEYbSt8o3Q/9b9xonHLC' WHERE account = '11118019671021702X';
UPDATE User SET password_hash = '$2y$13$dg4FlrrcXjMmvWznC3XUhehaTTZ/xfKXNpEYbSt8o3Q/9b9xonHLC' WHERE account = '364025194709151033';
UPDATE User SET password_hash = '$2y$13$dg4FlrrcXjMmvWznC3XUhehaTTZ/xfKXNpEYbSt8o3Q/9b9xonHLC' WHERE account = '430439193605227028';
UPDATE User SET password_hash = '$2y$13$dg4FlrrcXjMmvWznC3XUhehaTTZ/xfKXNpEYbSt8o3Q/9b9xonHLC' WHERE account = '114218199510122681';
UPDATE User SET password_hash = '$2y$13$dg4FlrrcXjMmvWznC3XUhehaTTZ/xfKXNpEYbSt8o3Q/9b9xonHLC' WHERE account = '234235201101280630';
UPDATE User SET password_hash = '$2y$13$dg4FlrrcXjMmvWznC3XUhehaTTZ/xfKXNpEYbSt8o3Q/9b9xonHLC' WHERE account = '53353720081017966X';
UPDATE User SET password_hash = '$2y$13$dg4FlrrcXjMmvWznC3XUhehaTTZ/xfKXNpEYbSt8o3Q/9b9xonHLC' WHERE account = '213846200504309393';
UPDATE User SET password_hash = '$2y$13$dg4FlrrcXjMmvWznC3XUhehaTTZ/xfKXNpEYbSt8o3Q/9b9xonHLC' WHERE account = '321588197712066413';
UPDATE User SET password_hash = '$2y$13$dg4FlrrcXjMmvWznC3XUhehaTTZ/xfKXNpEYbSt8o3Q/9b9xonHLC' WHERE account = '521682200711204399';
UPDATE User SET password_hash = '$2y$13$dg4FlrrcXjMmvWznC3XUhehaTTZ/xfKXNpEYbSt8o3Q/9b9xonHLC' WHERE account = '464025201001318565';
UPDATE User SET password_hash = '$2y$13$dg4FlrrcXjMmvWznC3XUhehaTTZ/xfKXNpEYbSt8o3Q/9b9xonHLC' WHERE account = '142610196701313122';
UPDATE User SET password_hash = '$2y$13$dg4FlrrcXjMmvWznC3XUhehaTTZ/xfKXNpEYbSt8o3Q/9b9xonHLC' WHERE account = '220157200707286884';
UPDATE User SET password_hash = '$2y$13$dg4FlrrcXjMmvWznC3XUhehaTTZ/xfKXNpEYbSt8o3Q/9b9xonHLC' WHERE account = '214435194701082906';
UPDATE User SET password_hash = '$2y$13$dg4FlrrcXjMmvWznC3XUhehaTTZ/xfKXNpEYbSt8o3Q/9b9xonHLC' WHERE account = '422788200412025668';
UPDATE User SET password_hash = '$2y$13$dg4FlrrcXjMmvWznC3XUhehaTTZ/xfKXNpEYbSt8o3Q/9b9xonHLC' WHERE account = '223436200610224894';
UPDATE User SET password_hash = '$2y$13$dg4FlrrcXjMmvWznC3XUhehaTTZ/xfKXNpEYbSt8o3Q/9b9xonHLC' WHERE account = '142819200201023893';
UPDATE User SET password_hash = '$2y$13$dg4FlrrcXjMmvWznC3XUhehaTTZ/xfKXNpEYbSt8o3Q/9b9xonHLC' WHERE account = '314436195503126965';
UPDATE User SET password_hash = '$2y$13$dg4FlrrcXjMmvWznC3XUhehaTTZ/xfKXNpEYbSt8o3Q/9b9xonHLC' WHERE account = '650435194509256424';
UPDATE User SET password_hash = '$2y$13$dg4FlrrcXjMmvWznC3XUhehaTTZ/xfKXNpEYbSt8o3Q/9b9xonHLC' WHERE account = '221659196001180090';
UPDATE User SET password_hash = '$2y$13$dg4FlrrcXjMmvWznC3XUhehaTTZ/xfKXNpEYbSt8o3Q/9b9xonHLC' WHERE account = '124958196705256289';
UPDATE User SET password_hash = '$2y$13$dg4FlrrcXjMmvWznC3XUhehaTTZ/xfKXNpEYbSt8o3Q/9b9xonHLC' WHERE account = '414520196701208071';
UPDATE User SET password_hash = '$2y$13$dg4FlrrcXjMmvWznC3XUhehaTTZ/xfKXNpEYbSt8o3Q/9b9xonHLC' WHERE account = '353051194008229898';
UPDATE User SET password_hash = '$2y$13$dg4FlrrcXjMmvWznC3XUhehaTTZ/xfKXNpEYbSt8o3Q/9b9xonHLC' WHERE account = '620484196003062715';
UPDATE User SET password_hash = '$2y$13$dg4FlrrcXjMmvWznC3XUhehaTTZ/xfKXNpEYbSt8o3Q/9b9xonHLC' WHERE account = '440584199606159868';
UPDATE User SET password_hash = '$2y$13$dg4FlrrcXjMmvWznC3XUhehaTTZ/xfKXNpEYbSt8o3Q/9b9xonHLC' WHERE account = '220622195912119374';
UPDATE User SET password_hash = '$2y$13$dg4FlrrcXjMmvWznC3XUhehaTTZ/xfKXNpEYbSt8o3Q/9b9xonHLC' WHERE account = '622281194609173613';
UPDATE User SET password_hash = '$2y$13$dg4FlrrcXjMmvWznC3XUhehaTTZ/xfKXNpEYbSt8o3Q/9b9xonHLC' WHERE account = '634154193305134217';
UPDATE User SET password_hash = '$2y$13$dg4FlrrcXjMmvWznC3XUhehaTTZ/xfKXNpEYbSt8o3Q/9b9xonHLC' WHERE account = '814231200605207518';
UPDATE User SET password_hash = '$2y$13$dg4FlrrcXjMmvWznC3XUhehaTTZ/xfKXNpEYbSt8o3Q/9b9xonHLC' WHERE account = '340921196812291239';
UPDATE User SET password_hash = '$2y$13$dg4FlrrcXjMmvWznC3XUhehaTTZ/xfKXNpEYbSt8o3Q/9b9xonHLC' WHERE account = '623218192811246848';
UPDATE User SET password_hash = '$2y$13$dg4FlrrcXjMmvWznC3XUhehaTTZ/xfKXNpEYbSt8o3Q/9b9xonHLC' WHERE account = '142060198911114416';
UPDATE User SET password_hash = '$2y$13$dg4FlrrcXjMmvWznC3XUhehaTTZ/xfKXNpEYbSt8o3Q/9b9xonHLC' WHERE account = '410705200902248860';
UPDATE User SET password_hash = '$2y$13$dg4FlrrcXjMmvWznC3XUhehaTTZ/xfKXNpEYbSt8o3Q/9b9xonHLC' WHERE account = '232904196704238204';
UPDATE User SET password_hash = '$2y$13$dg4FlrrcXjMmvWznC3XUhehaTTZ/xfKXNpEYbSt8o3Q/9b9xonHLC' WHERE account = '421349192511256938';
UPDATE User SET password_hash = '$2y$13$dg4FlrrcXjMmvWznC3XUhehaTTZ/xfKXNpEYbSt8o3Q/9b9xonHLC' WHERE account = '314739196305044445';
UPDATE User SET password_hash = '$2y$13$dg4FlrrcXjMmvWznC3XUhehaTTZ/xfKXNpEYbSt8o3Q/9b9xonHLC' WHERE account = '422269199202206464';
UPDATE User SET password_hash = '$2y$13$dg4FlrrcXjMmvWznC3XUhehaTTZ/xfKXNpEYbSt8o3Q/9b9xonHLC' WHERE account = '154397194002099386';
UPDATE User SET password_hash = '$2y$13$dg4FlrrcXjMmvWznC3XUhehaTTZ/xfKXNpEYbSt8o3Q/9b9xonHLC' WHERE account = '451711193412125563';
UPDATE User SET password_hash = '$2y$13$dg4FlrrcXjMmvWznC3XUhehaTTZ/xfKXNpEYbSt8o3Q/9b9xonHLC' WHERE account = '372853197407157827';
UPDATE User SET password_hash = '$2y$13$dg4FlrrcXjMmvWznC3XUhehaTTZ/xfKXNpEYbSt8o3Q/9b9xonHLC' WHERE account = '503632200501068754';
UPDATE User SET password_hash = '$2y$13$dg4FlrrcXjMmvWznC3XUhehaTTZ/xfKXNpEYbSt8o3Q/9b9xonHLC' WHERE account = '713450200605254977';
UPDATE User SET password_hash = '$2y$13$dg4FlrrcXjMmvWznC3XUhehaTTZ/xfKXNpEYbSt8o3Q/9b9xonHLC' WHERE account = '462288195903251779';
UPDATE User SET password_hash = '$2y$13$dg4FlrrcXjMmvWznC3XUhehaTTZ/xfKXNpEYbSt8o3Q/9b9xonHLC' WHERE account = '54463219650830124X';
UPDATE User SET password_hash = '$2y$13$dg4FlrrcXjMmvWznC3XUhehaTTZ/xfKXNpEYbSt8o3Q/9b9xonHLC' WHERE account = '13475520011210506X';
UPDATE User SET password_hash = '$2y$13$dg4FlrrcXjMmvWznC3XUhehaTTZ/xfKXNpEYbSt8o3Q/9b9xonHLC' WHERE account = '643890200708053559';
UPDATE User SET password_hash = '$2y$13$dg4FlrrcXjMmvWznC3XUhehaTTZ/xfKXNpEYbSt8o3Q/9b9xonHLC' WHERE account = '544296194005077442';
UPDATE User SET password_hash = '$2y$13$dg4FlrrcXjMmvWznC3XUhehaTTZ/xfKXNpEYbSt8o3Q/9b9xonHLC' WHERE account = '521763194209280528';
UPDATE User SET password_hash = '$2y$13$dg4FlrrcXjMmvWznC3XUhehaTTZ/xfKXNpEYbSt8o3Q/9b9xonHLC' WHERE account = '443246200204115527';
UPDATE User SET password_hash = '$2y$13$dg4FlrrcXjMmvWznC3XUhehaTTZ/xfKXNpEYbSt8o3Q/9b9xonHLC' WHERE account = '344179195001247059';
UPDATE User SET password_hash = '$2y$13$dg4FlrrcXjMmvWznC3XUhehaTTZ/xfKXNpEYbSt8o3Q/9b9xonHLC' WHERE account = '340978192509216407';
UPDATE User SET password_hash = '$2y$13$dg4FlrrcXjMmvWznC3XUhehaTTZ/xfKXNpEYbSt8o3Q/9b9xonHLC' WHERE account = '824589194903075781';
UPDATE User SET password_hash = '$2y$13$dg4FlrrcXjMmvWznC3XUhehaTTZ/xfKXNpEYbSt8o3Q/9b9xonHLC' WHERE account = '504541200106274483';
UPDATE User SET password_hash = '$2y$13$dg4FlrrcXjMmvWznC3XUhehaTTZ/xfKXNpEYbSt8o3Q/9b9xonHLC' WHERE account = '620945199609298584';
UPDATE User SET password_hash = '$2y$13$dg4FlrrcXjMmvWznC3XUhehaTTZ/xfKXNpEYbSt8o3Q/9b9xonHLC' WHERE account = '320745201410268931';
UPDATE User SET password_hash = '$2y$13$dg4FlrrcXjMmvWznC3XUhehaTTZ/xfKXNpEYbSt8o3Q/9b9xonHLC' WHERE account = '544719197307159829';
UPDATE User SET password_hash = '$2y$13$dg4FlrrcXjMmvWznC3XUhehaTTZ/xfKXNpEYbSt8o3Q/9b9xonHLC' WHERE account = '442280193210116902';
UPDATE User SET password_hash = '$2y$13$dg4FlrrcXjMmvWznC3XUhehaTTZ/xfKXNpEYbSt8o3Q/9b9xonHLC' WHERE account = '513899197812127040';
UPDATE User SET password_hash = '$2y$13$dg4FlrrcXjMmvWznC3XUhehaTTZ/xfKXNpEYbSt8o3Q/9b9xonHLC' WHERE account = '510310200505125867';
UPDATE User SET password_hash = '$2y$13$dg4FlrrcXjMmvWznC3XUhehaTTZ/xfKXNpEYbSt8o3Q/9b9xonHLC' WHERE account = '214089200201133944';
UPDATE User SET password_hash = '$2y$13$dg4FlrrcXjMmvWznC3XUhehaTTZ/xfKXNpEYbSt8o3Q/9b9xonHLC' WHERE account = '524696197101055254';
UPDATE User SET password_hash = '$2y$13$dg4FlrrcXjMmvWznC3XUhehaTTZ/xfKXNpEYbSt8o3Q/9b9xonHLC' WHERE account = '154915194401180232';
UPDATE User SET password_hash = '$2y$13$dg4FlrrcXjMmvWznC3XUhehaTTZ/xfKXNpEYbSt8o3Q/9b9xonHLC' WHERE account = '460232200712161931';
UPDATE User SET password_hash = '$2y$13$dg4FlrrcXjMmvWznC3XUhehaTTZ/xfKXNpEYbSt8o3Q/9b9xonHLC' WHERE account = '12417719620831571X';
UPDATE User SET password_hash = '$2y$13$dg4FlrrcXjMmvWznC3XUhehaTTZ/xfKXNpEYbSt8o3Q/9b9xonHLC' WHERE account = '620230194306038387';
UPDATE User SET password_hash = '$2y$13$dg4FlrrcXjMmvWznC3XUhehaTTZ/xfKXNpEYbSt8o3Q/9b9xonHLC' WHERE account = '343164192505050086';
UPDATE User SET password_hash = '$2y$13$dg4FlrrcXjMmvWznC3XUhehaTTZ/xfKXNpEYbSt8o3Q/9b9xonHLC' WHERE account = '350279200407156759';
UPDATE User SET password_hash = '$2y$13$dg4FlrrcXjMmvWznC3XUhehaTTZ/xfKXNpEYbSt8o3Q/9b9xonHLC' WHERE account = '823883192512184782';
UPDATE User SET password_hash = '$2y$13$dg4FlrrcXjMmvWznC3XUhehaTTZ/xfKXNpEYbSt8o3Q/9b9xonHLC' WHERE account = '505084196906135702';
UPDATE User SET password_hash = '$2y$13$dg4FlrrcXjMmvWznC3XUhehaTTZ/xfKXNpEYbSt8o3Q/9b9xonHLC' WHERE account = '154866193312038795';
UPDATE User SET password_hash = '$2y$13$dg4FlrrcXjMmvWznC3XUhehaTTZ/xfKXNpEYbSt8o3Q/9b9xonHLC' WHERE account = '504039197712307023';
UPDATE User SET password_hash = '$2y$13$dg4FlrrcXjMmvWznC3XUhehaTTZ/xfKXNpEYbSt8o3Q/9b9xonHLC' WHERE account = '443818199907024963';
UPDATE User SET password_hash = '$2y$13$dg4FlrrcXjMmvWznC3XUhehaTTZ/xfKXNpEYbSt8o3Q/9b9xonHLC' WHERE account = '413618195912159414';
UPDATE User SET password_hash = '$2y$13$dg4FlrrcXjMmvWznC3XUhehaTTZ/xfKXNpEYbSt8o3Q/9b9xonHLC' WHERE account = '520648196310234071';
UPDATE User SET password_hash = '$2y$13$dg4FlrrcXjMmvWznC3XUhehaTTZ/xfKXNpEYbSt8o3Q/9b9xonHLC' WHERE account = '124248194412123007';
UPDATE User SET password_hash = '$2y$13$dg4FlrrcXjMmvWznC3XUhehaTTZ/xfKXNpEYbSt8o3Q/9b9xonHLC' WHERE account = '412227196506083063';
UPDATE User SET password_hash = '$2y$13$dg4FlrrcXjMmvWznC3XUhehaTTZ/xfKXNpEYbSt8o3Q/9b9xonHLC' WHERE account = '332566193103151472';
UPDATE User SET password_hash = '$2y$13$dg4FlrrcXjMmvWznC3XUhehaTTZ/xfKXNpEYbSt8o3Q/9b9xonHLC' WHERE account = '652639196812116527';
UPDATE User SET password_hash = '$2y$13$dg4FlrrcXjMmvWznC3XUhehaTTZ/xfKXNpEYbSt8o3Q/9b9xonHLC' WHERE account = '622856195304064884';
UPDATE User SET password_hash = '$2y$13$dg4FlrrcXjMmvWznC3XUhehaTTZ/xfKXNpEYbSt8o3Q/9b9xonHLC' WHERE account = '524141198410134926';
UPDATE User SET password_hash = '$2y$13$dg4FlrrcXjMmvWznC3XUhehaTTZ/xfKXNpEYbSt8o3Q/9b9xonHLC' WHERE account = '710215195501286712';
UPDATE User SET password_hash = '$2y$13$dg4FlrrcXjMmvWznC3XUhehaTTZ/xfKXNpEYbSt8o3Q/9b9xonHLC' WHERE account = '461775200407140160';
UPDATE User SET password_hash = '$2y$13$dg4FlrrcXjMmvWznC3XUhehaTTZ/xfKXNpEYbSt8o3Q/9b9xonHLC' WHERE account = '112055199011174840';
UPDATE User SET password_hash = '$2y$13$dg4FlrrcXjMmvWznC3XUhehaTTZ/xfKXNpEYbSt8o3Q/9b9xonHLC' WHERE account = '131350193112238854';
UPDATE User SET password_hash = '$2y$13$dg4FlrrcXjMmvWznC3XUhehaTTZ/xfKXNpEYbSt8o3Q/9b9xonHLC' WHERE account = '113986194306102570';
UPDATE User SET password_hash = '$2y$13$dg4FlrrcXjMmvWznC3XUhehaTTZ/xfKXNpEYbSt8o3Q/9b9xonHLC' WHERE account = '461955196105156929';
UPDATE User SET password_hash = '$2y$13$dg4FlrrcXjMmvWznC3XUhehaTTZ/xfKXNpEYbSt8o3Q/9b9xonHLC' WHERE account = '522931198502123080';
UPDATE User SET password_hash = '$2y$13$dg4FlrrcXjMmvWznC3XUhehaTTZ/xfKXNpEYbSt8o3Q/9b9xonHLC' WHERE account = '713740193603258923';
UPDATE User SET password_hash = '$2y$13$dg4FlrrcXjMmvWznC3XUhehaTTZ/xfKXNpEYbSt8o3Q/9b9xonHLC' WHERE account = '432833194102066660';
UPDATE User SET password_hash = '$2y$13$dg4FlrrcXjMmvWznC3XUhehaTTZ/xfKXNpEYbSt8o3Q/9b9xonHLC' WHERE account = '121385193201093000';
UPDATE User SET password_hash = '$2y$13$dg4FlrrcXjMmvWznC3XUhehaTTZ/xfKXNpEYbSt8o3Q/9b9xonHLC' WHERE account = '411394199001213540';
UPDATE User SET password_hash = '$2y$13$dg4FlrrcXjMmvWznC3XUhehaTTZ/xfKXNpEYbSt8o3Q/9b9xonHLC' WHERE account = '712222201301047594';
UPDATE User SET password_hash = '$2y$13$dg4FlrrcXjMmvWznC3XUhehaTTZ/xfKXNpEYbSt8o3Q/9b9xonHLC' WHERE account = '35487419790704614X';
UPDATE User SET password_hash = '$2y$13$dg4FlrrcXjMmvWznC3XUhehaTTZ/xfKXNpEYbSt8o3Q/9b9xonHLC' WHERE account = '81215519390706516X';
UPDATE User SET password_hash = '$2y$13$dg4FlrrcXjMmvWznC3XUhehaTTZ/xfKXNpEYbSt8o3Q/9b9xonHLC' WHERE account = '452206199905061141';
UPDATE User SET password_hash = '$2y$13$dg4FlrrcXjMmvWznC3XUhehaTTZ/xfKXNpEYbSt8o3Q/9b9xonHLC' WHERE account = '214476196802241922';
UPDATE User SET password_hash = '$2y$13$dg4FlrrcXjMmvWznC3XUhehaTTZ/xfKXNpEYbSt8o3Q/9b9xonHLC' WHERE account = '134392198810048095';
UPDATE User SET password_hash = '$2y$13$dg4FlrrcXjMmvWznC3XUhehaTTZ/xfKXNpEYbSt8o3Q/9b9xonHLC' WHERE account = '652712199710086375';
UPDATE User SET password_hash = '$2y$13$dg4FlrrcXjMmvWznC3XUhehaTTZ/xfKXNpEYbSt8o3Q/9b9xonHLC' WHERE account = '462881195007196340';
UPDATE User SET password_hash = '$2y$13$dg4FlrrcXjMmvWznC3XUhehaTTZ/xfKXNpEYbSt8o3Q/9b9xonHLC' WHERE account = '212512195809269174';
UPDATE User SET password_hash = '$2y$13$dg4FlrrcXjMmvWznC3XUhehaTTZ/xfKXNpEYbSt8o3Q/9b9xonHLC' WHERE account = '502667201304161238';
UPDATE User SET password_hash = '$2y$13$dg4FlrrcXjMmvWznC3XUhehaTTZ/xfKXNpEYbSt8o3Q/9b9xonHLC' WHERE account = '713604199402117307';
UPDATE User SET password_hash = '$2y$13$dg4FlrrcXjMmvWznC3XUhehaTTZ/xfKXNpEYbSt8o3Q/9b9xonHLC' WHERE account = '362641193704104355';
UPDATE User SET password_hash = '$2y$13$dg4FlrrcXjMmvWznC3XUhehaTTZ/xfKXNpEYbSt8o3Q/9b9xonHLC' WHERE account = '340523193101080918';
UPDATE User SET password_hash = '$2y$13$dg4FlrrcXjMmvWznC3XUhehaTTZ/xfKXNpEYbSt8o3Q/9b9xonHLC' WHERE account = '821708198907205856';
UPDATE User SET password_hash = '$2y$13$dg4FlrrcXjMmvWznC3XUhehaTTZ/xfKXNpEYbSt8o3Q/9b9xonHLC' WHERE account = '320235196102086371';
UPDATE User SET password_hash = '$2y$13$dg4FlrrcXjMmvWznC3XUhehaTTZ/xfKXNpEYbSt8o3Q/9b9xonHLC' WHERE account = '544665195002072257';
UPDATE User SET password_hash = '$2y$13$dg4FlrrcXjMmvWznC3XUhehaTTZ/xfKXNpEYbSt8o3Q/9b9xonHLC' WHERE account = '121293192305134401';
UPDATE User SET password_hash = '$2y$13$dg4FlrrcXjMmvWznC3XUhehaTTZ/xfKXNpEYbSt8o3Q/9b9xonHLC' WHERE account = '313812201306090393';
UPDATE User SET password_hash = '$2y$13$dg4FlrrcXjMmvWznC3XUhehaTTZ/xfKXNpEYbSt8o3Q/9b9xonHLC' WHERE account = '654473196406239780';
UPDATE User SET password_hash = '$2y$13$dg4FlrrcXjMmvWznC3XUhehaTTZ/xfKXNpEYbSt8o3Q/9b9xonHLC' WHERE account = '531866197806031321';
UPDATE User SET password_hash = '$2y$13$dg4FlrrcXjMmvWznC3XUhehaTTZ/xfKXNpEYbSt8o3Q/9b9xonHLC' WHERE account = '124149201306179404';
UPDATE User SET password_hash = '$2y$13$dg4FlrrcXjMmvWznC3XUhehaTTZ/xfKXNpEYbSt8o3Q/9b9xonHLC' WHERE account = '312733200911075887';
UPDATE User SET password_hash = '$2y$13$dg4FlrrcXjMmvWznC3XUhehaTTZ/xfKXNpEYbSt8o3Q/9b9xonHLC' WHERE account = '710724194503166357';
UPDATE User SET password_hash = '$2y$13$dg4FlrrcXjMmvWznC3XUhehaTTZ/xfKXNpEYbSt8o3Q/9b9xonHLC' WHERE account = '123989199101212665';
UPDATE User SET password_hash = '$2y$13$dg4FlrrcXjMmvWznC3XUhehaTTZ/xfKXNpEYbSt8o3Q/9b9xonHLC' WHERE account = '650371192607076912';
UPDATE User SET password_hash = '$2y$13$dg4FlrrcXjMmvWznC3XUhehaTTZ/xfKXNpEYbSt8o3Q/9b9xonHLC' WHERE account = '354275198711271988';
UPDATE User SET password_hash = '$2y$13$dg4FlrrcXjMmvWznC3XUhehaTTZ/xfKXNpEYbSt8o3Q/9b9xonHLC' WHERE account = '71079119380322035X';
UPDATE User SET password_hash = '$2y$13$dg4FlrrcXjMmvWznC3XUhehaTTZ/xfKXNpEYbSt8o3Q/9b9xonHLC' WHERE account = '111209196306231989';
UPDATE User SET password_hash = '$2y$13$dg4FlrrcXjMmvWznC3XUhehaTTZ/xfKXNpEYbSt8o3Q/9b9xonHLC' WHERE account = '230532192501185646';
UPDATE User SET password_hash = '$2y$13$dg4FlrrcXjMmvWznC3XUhehaTTZ/xfKXNpEYbSt8o3Q/9b9xonHLC' WHERE account = '524470194206261008';
UPDATE User SET password_hash = '$2y$13$dg4FlrrcXjMmvWznC3XUhehaTTZ/xfKXNpEYbSt8o3Q/9b9xonHLC' WHERE account = '153027192312265346';
UPDATE User SET password_hash = '$2y$13$dg4FlrrcXjMmvWznC3XUhehaTTZ/xfKXNpEYbSt8o3Q/9b9xonHLC' WHERE account = '36418419430821154X';
UPDATE User SET password_hash = '$2y$13$dg4FlrrcXjMmvWznC3XUhehaTTZ/xfKXNpEYbSt8o3Q/9b9xonHLC' WHERE account = '150414192307069927';
UPDATE User SET password_hash = '$2y$13$dg4FlrrcXjMmvWznC3XUhehaTTZ/xfKXNpEYbSt8o3Q/9b9xonHLC' WHERE account = '651398197603095552';
UPDATE User SET password_hash = '$2y$13$dg4FlrrcXjMmvWznC3XUhehaTTZ/xfKXNpEYbSt8o3Q/9b9xonHLC' WHERE account = '422079199710154760';
UPDATE User SET password_hash = '$2y$13$dg4FlrrcXjMmvWznC3XUhehaTTZ/xfKXNpEYbSt8o3Q/9b9xonHLC' WHERE account = '513980199709305923';
UPDATE User SET password_hash = '$2y$13$dg4FlrrcXjMmvWznC3XUhehaTTZ/xfKXNpEYbSt8o3Q/9b9xonHLC' WHERE account = '210940194504057457';
UPDATE User SET password_hash = '$2y$13$dg4FlrrcXjMmvWznC3XUhehaTTZ/xfKXNpEYbSt8o3Q/9b9xonHLC' WHERE account = '36299419901118596X';
UPDATE User SET password_hash = '$2y$13$dg4FlrrcXjMmvWznC3XUhehaTTZ/xfKXNpEYbSt8o3Q/9b9xonHLC' WHERE account = '460768195606016045';
UPDATE User SET password_hash = '$2y$13$dg4FlrrcXjMmvWznC3XUhehaTTZ/xfKXNpEYbSt8o3Q/9b9xonHLC' WHERE account = '133395193009102009';
UPDATE User SET password_hash = '$2y$13$dg4FlrrcXjMmvWznC3XUhehaTTZ/xfKXNpEYbSt8o3Q/9b9xonHLC' WHERE account = '221689194509097421';
UPDATE User SET password_hash = '$2y$13$dg4FlrrcXjMmvWznC3XUhehaTTZ/xfKXNpEYbSt8o3Q/9b9xonHLC' WHERE account = '451136198608274361';
UPDATE User SET password_hash = '$2y$13$dg4FlrrcXjMmvWznC3XUhehaTTZ/xfKXNpEYbSt8o3Q/9b9xonHLC' WHERE account = '14341920071004798X';
UPDATE User SET password_hash = '$2y$13$dg4FlrrcXjMmvWznC3XUhehaTTZ/xfKXNpEYbSt8o3Q/9b9xonHLC' WHERE account = '542933197911014044';
UPDATE User SET password_hash = '$2y$13$dg4FlrrcXjMmvWznC3XUhehaTTZ/xfKXNpEYbSt8o3Q/9b9xonHLC' WHERE account = '313315201104173522';
UPDATE User SET password_hash = '$2y$13$dg4FlrrcXjMmvWznC3XUhehaTTZ/xfKXNpEYbSt8o3Q/9b9xonHLC' WHERE account = '220441195406287847';
UPDATE User SET password_hash = '$2y$13$dg4FlrrcXjMmvWznC3XUhehaTTZ/xfKXNpEYbSt8o3Q/9b9xonHLC' WHERE account = '324660195007317701';
UPDATE User SET password_hash = '$2y$13$dg4FlrrcXjMmvWznC3XUhehaTTZ/xfKXNpEYbSt8o3Q/9b9xonHLC' WHERE account = '110389194305181913';
UPDATE User SET password_hash = '$2y$13$dg4FlrrcXjMmvWznC3XUhehaTTZ/xfKXNpEYbSt8o3Q/9b9xonHLC' WHERE account = '713654192406067160';
UPDATE User SET password_hash = '$2y$13$dg4FlrrcXjMmvWznC3XUhehaTTZ/xfKXNpEYbSt8o3Q/9b9xonHLC' WHERE account = '211967195204127473';
UPDATE User SET password_hash = '$2y$13$dg4FlrrcXjMmvWznC3XUhehaTTZ/xfKXNpEYbSt8o3Q/9b9xonHLC' WHERE account = '512008193412171095';
UPDATE User SET password_hash = '$2y$13$dg4FlrrcXjMmvWznC3XUhehaTTZ/xfKXNpEYbSt8o3Q/9b9xonHLC' WHERE account = '150881200504028973';
UPDATE User SET password_hash = '$2y$13$dg4FlrrcXjMmvWznC3XUhehaTTZ/xfKXNpEYbSt8o3Q/9b9xonHLC' WHERE account = '11270220110329709X';
UPDATE User SET password_hash = '$2y$13$dg4FlrrcXjMmvWznC3XUhehaTTZ/xfKXNpEYbSt8o3Q/9b9xonHLC' WHERE account = '14151419241029826X';
UPDATE User SET password_hash = '$2y$13$dg4FlrrcXjMmvWznC3XUhehaTTZ/xfKXNpEYbSt8o3Q/9b9xonHLC' WHERE account = '510299200211156207';
UPDATE User SET password_hash = '$2y$13$dg4FlrrcXjMmvWznC3XUhehaTTZ/xfKXNpEYbSt8o3Q/9b9xonHLC' WHERE account = '530285193204152754';
UPDATE User SET password_hash = '$2y$13$dg4FlrrcXjMmvWznC3XUhehaTTZ/xfKXNpEYbSt8o3Q/9b9xonHLC' WHERE account = '633494192302085682';
UPDATE User SET password_hash = '$2y$13$dg4FlrrcXjMmvWznC3XUhehaTTZ/xfKXNpEYbSt8o3Q/9b9xonHLC' WHERE account = '411074201210191213';
UPDATE User SET password_hash = '$2y$13$dg4FlrrcXjMmvWznC3XUhehaTTZ/xfKXNpEYbSt8o3Q/9b9xonHLC' WHERE account = '823749199703164970';
UPDATE User SET password_hash = '$2y$13$dg4FlrrcXjMmvWznC3XUhehaTTZ/xfKXNpEYbSt8o3Q/9b9xonHLC' WHERE account = '412219196711166132';
UPDATE User SET password_hash = '$2y$13$dg4FlrrcXjMmvWznC3XUhehaTTZ/xfKXNpEYbSt8o3Q/9b9xonHLC' WHERE account = '712930199310190139';
UPDATE User SET password_hash = '$2y$13$dg4FlrrcXjMmvWznC3XUhehaTTZ/xfKXNpEYbSt8o3Q/9b9xonHLC' WHERE account = '630462201201173705';
UPDATE User SET password_hash = '$2y$13$dg4FlrrcXjMmvWznC3XUhehaTTZ/xfKXNpEYbSt8o3Q/9b9xonHLC' WHERE account = '31438319770804817X';
UPDATE User SET password_hash = '$2y$13$dg4FlrrcXjMmvWznC3XUhehaTTZ/xfKXNpEYbSt8o3Q/9b9xonHLC' WHERE account = '321957192502044128';
UPDATE User SET password_hash = '$2y$13$dg4FlrrcXjMmvWznC3XUhehaTTZ/xfKXNpEYbSt8o3Q/9b9xonHLC' WHERE account = '34164219720702632X';
UPDATE User SET password_hash = '$2y$13$dg4FlrrcXjMmvWznC3XUhehaTTZ/xfKXNpEYbSt8o3Q/9b9xonHLC' WHERE account = '132160200111247183';
UPDATE User SET password_hash = '$2y$13$dg4FlrrcXjMmvWznC3XUhehaTTZ/xfKXNpEYbSt8o3Q/9b9xonHLC' WHERE account = '322711193303154752';
UPDATE User SET password_hash = '$2y$13$dg4FlrrcXjMmvWznC3XUhehaTTZ/xfKXNpEYbSt8o3Q/9b9xonHLC' WHERE account = '811344195207205897';
UPDATE User SET password_hash = '$2y$13$dg4FlrrcXjMmvWznC3XUhehaTTZ/xfKXNpEYbSt8o3Q/9b9xonHLC' WHERE account = '820510200601299642';
UPDATE User SET password_hash = '$2y$13$dg4FlrrcXjMmvWznC3XUhehaTTZ/xfKXNpEYbSt8o3Q/9b9xonHLC' WHERE account = '651556198202196092';
UPDATE User SET password_hash = '$2y$13$dg4FlrrcXjMmvWznC3XUhehaTTZ/xfKXNpEYbSt8o3Q/9b9xonHLC' WHERE account = '621205195405315027';
UPDATE User SET password_hash = '$2y$13$dg4FlrrcXjMmvWznC3XUhehaTTZ/xfKXNpEYbSt8o3Q/9b9xonHLC' WHERE account = '620109199005057983';
UPDATE User SET password_hash = '$2y$13$dg4FlrrcXjMmvWznC3XUhehaTTZ/xfKXNpEYbSt8o3Q/9b9xonHLC' WHERE account = '331025194002216906';
UPDATE User SET password_hash = '$2y$13$dg4FlrrcXjMmvWznC3XUhehaTTZ/xfKXNpEYbSt8o3Q/9b9xonHLC' WHERE account = '311392194509187407';
UPDATE User SET password_hash = '$2y$13$dg4FlrrcXjMmvWznC3XUhehaTTZ/xfKXNpEYbSt8o3Q/9b9xonHLC' WHERE account = '61414219250411942X';
UPDATE User SET password_hash = '$2y$13$dg4FlrrcXjMmvWznC3XUhehaTTZ/xfKXNpEYbSt8o3Q/9b9xonHLC' WHERE account = '110290194409031596';
UPDATE User SET password_hash = '$2y$13$dg4FlrrcXjMmvWznC3XUhehaTTZ/xfKXNpEYbSt8o3Q/9b9xonHLC' WHERE account = '820856200901015243';
UPDATE User SET password_hash = '$2y$13$dg4FlrrcXjMmvWznC3XUhehaTTZ/xfKXNpEYbSt8o3Q/9b9xonHLC' WHERE account = '360397196104121623';
UPDATE User SET password_hash = '$2y$13$dg4FlrrcXjMmvWznC3XUhehaTTZ/xfKXNpEYbSt8o3Q/9b9xonHLC' WHERE account = '214489200005175495';
UPDATE User SET password_hash = '$2y$13$dg4FlrrcXjMmvWznC3XUhehaTTZ/xfKXNpEYbSt8o3Q/9b9xonHLC' WHERE account = '813673199905137185';
UPDATE User SET password_hash = '$2y$13$dg4FlrrcXjMmvWznC3XUhehaTTZ/xfKXNpEYbSt8o3Q/9b9xonHLC' WHERE account = '514484196902028840';
UPDATE User SET password_hash = '$2y$13$dg4FlrrcXjMmvWznC3XUhehaTTZ/xfKXNpEYbSt8o3Q/9b9xonHLC' WHERE account = '431831198405093321';
UPDATE User SET password_hash = '$2y$13$dg4FlrrcXjMmvWznC3XUhehaTTZ/xfKXNpEYbSt8o3Q/9b9xonHLC' WHERE account = '813924192905226512';
UPDATE User SET password_hash = '$2y$13$dg4FlrrcXjMmvWznC3XUhehaTTZ/xfKXNpEYbSt8o3Q/9b9xonHLC' WHERE account = '612813201106252969';
UPDATE User SET password_hash = '$2y$13$dg4FlrrcXjMmvWznC3XUhehaTTZ/xfKXNpEYbSt8o3Q/9b9xonHLC' WHERE account = '530247200202079572';
UPDATE User SET password_hash = '$2y$13$dg4FlrrcXjMmvWznC3XUhehaTTZ/xfKXNpEYbSt8o3Q/9b9xonHLC' WHERE account = '461628194002217594';
UPDATE User SET password_hash = '$2y$13$dg4FlrrcXjMmvWznC3XUhehaTTZ/xfKXNpEYbSt8o3Q/9b9xonHLC' WHERE account = '230650198002025778';
UPDATE User SET password_hash = '$2y$13$dg4FlrrcXjMmvWznC3XUhehaTTZ/xfKXNpEYbSt8o3Q/9b9xonHLC' WHERE account = '650315195002036643';
UPDATE User SET password_hash = '$2y$13$dg4FlrrcXjMmvWznC3XUhehaTTZ/xfKXNpEYbSt8o3Q/9b9xonHLC' WHERE account = '110971195412043197';
UPDATE User SET password_hash = '$2y$13$dg4FlrrcXjMmvWznC3XUhehaTTZ/xfKXNpEYbSt8o3Q/9b9xonHLC' WHERE account = '341475195305014320';
UPDATE User SET password_hash = '$2y$13$dg4FlrrcXjMmvWznC3XUhehaTTZ/xfKXNpEYbSt8o3Q/9b9xonHLC' WHERE account = '361587196102236942';
UPDATE User SET password_hash = '$2y$13$dg4FlrrcXjMmvWznC3XUhehaTTZ/xfKXNpEYbSt8o3Q/9b9xonHLC' WHERE account = '311688198507246536';
UPDATE User SET password_hash = '$2y$13$dg4FlrrcXjMmvWznC3XUhehaTTZ/xfKXNpEYbSt8o3Q/9b9xonHLC' WHERE account = '320379196109291669';
UPDATE User SET password_hash = '$2y$13$dg4FlrrcXjMmvWznC3XUhehaTTZ/xfKXNpEYbSt8o3Q/9b9xonHLC' WHERE account = '61338819700101548X';
UPDATE User SET password_hash = '$2y$13$dg4FlrrcXjMmvWznC3XUhehaTTZ/xfKXNpEYbSt8o3Q/9b9xonHLC' WHERE account = '14419119690729814X';
UPDATE User SET password_hash = '$2y$13$dg4FlrrcXjMmvWznC3XUhehaTTZ/xfKXNpEYbSt8o3Q/9b9xonHLC' WHERE account = '545085196408293630';
UPDATE User SET password_hash = '$2y$13$dg4FlrrcXjMmvWznC3XUhehaTTZ/xfKXNpEYbSt8o3Q/9b9xonHLC' WHERE account = '713695196004146740';
UPDATE User SET password_hash = '$2y$13$dg4FlrrcXjMmvWznC3XUhehaTTZ/xfKXNpEYbSt8o3Q/9b9xonHLC' WHERE account = '530632200711187129';
UPDATE User SET password_hash = '$2y$13$dg4FlrrcXjMmvWznC3XUhehaTTZ/xfKXNpEYbSt8o3Q/9b9xonHLC' WHERE account = '641374198808214832';
UPDATE User SET password_hash = '$2y$13$dg4FlrrcXjMmvWznC3XUhehaTTZ/xfKXNpEYbSt8o3Q/9b9xonHLC' WHERE account = '500183195304290825';
UPDATE User SET password_hash = '$2y$13$dg4FlrrcXjMmvWznC3XUhehaTTZ/xfKXNpEYbSt8o3Q/9b9xonHLC' WHERE account = '530216199902209232';
UPDATE User SET password_hash = '$2y$13$dg4FlrrcXjMmvWznC3XUhehaTTZ/xfKXNpEYbSt8o3Q/9b9xonHLC' WHERE account = '440935198601264565';
UPDATE User SET password_hash = '$2y$13$dg4FlrrcXjMmvWznC3XUhehaTTZ/xfKXNpEYbSt8o3Q/9b9xonHLC' WHERE account = '450584195405049161';
UPDATE User SET password_hash = '$2y$13$dg4FlrrcXjMmvWznC3XUhehaTTZ/xfKXNpEYbSt8o3Q/9b9xonHLC' WHERE account = '374049197708198094';
UPDATE User SET password_hash = '$2y$13$dg4FlrrcXjMmvWznC3XUhehaTTZ/xfKXNpEYbSt8o3Q/9b9xonHLC' WHERE account = '344473193906161280';
UPDATE User SET password_hash = '$2y$13$dg4FlrrcXjMmvWznC3XUhehaTTZ/xfKXNpEYbSt8o3Q/9b9xonHLC' WHERE account = '414453192311112059';
UPDATE User SET password_hash = '$2y$13$dg4FlrrcXjMmvWznC3XUhehaTTZ/xfKXNpEYbSt8o3Q/9b9xonHLC' WHERE account = '223815195901125289';
UPDATE User SET password_hash = '$2y$13$dg4FlrrcXjMmvWznC3XUhehaTTZ/xfKXNpEYbSt8o3Q/9b9xonHLC' WHERE account = '224596200306117349';
UPDATE User SET password_hash = '$2y$13$dg4FlrrcXjMmvWznC3XUhehaTTZ/xfKXNpEYbSt8o3Q/9b9xonHLC' WHERE account = '812617197805218886';
UPDATE User SET password_hash = '$2y$13$dg4FlrrcXjMmvWznC3XUhehaTTZ/xfKXNpEYbSt8o3Q/9b9xonHLC' WHERE account = '371957201107178563';
UPDATE User SET password_hash = '$2y$13$dg4FlrrcXjMmvWznC3XUhehaTTZ/xfKXNpEYbSt8o3Q/9b9xonHLC' WHERE account = '372007198001156782';
UPDATE User SET password_hash = '$2y$13$dg4FlrrcXjMmvWznC3XUhehaTTZ/xfKXNpEYbSt8o3Q/9b9xonHLC' WHERE account = '453581194907030112';

/* 建立PriorityType信息 */
INSERT INTO `prioritytype` (`name`, `information`) VALUES ('访问居民数据库', '允许访问居民数据库，新增、修改和删除居民信息'), ('访问职员数据库', '允许访问职员数据库，并对职员信息进行增加、删除和修改'), ('分配权限', '给职员分配权限'), ('发布公告', '查看公告，经审核后进行发布，允许删除公告'), ('编辑公告', '新增要发布的公告'), ('审核评论', '对前台在各新闻和公告中的评论进行审核，审核通过的评论才可以在前台显示'), ('追踪体温异常病例', '查看体温异常者的信息，及时与疑似病例进行联系');

/* 建立TeamMember信息 */
INSERT INTO User (account, username, name, sex, type, password_hash, auth_key) VALUES ('000000000000000001', '冯杰康', '冯杰康', 1, 4, '$2y$13$dg4FlrrcXjMmvWznC3XUhehaTTZ/xfKXNpEYbSt8o3Q/9b9xonHLC', '00000000000000000000000000000001');
INSERT INTO TeamMember (account, Team_id, id, link, info, is_Leader, icon) VALUES ('000000000000000001', 1, '1813402', 'https://github.com/fengjk12138', '账号登录逻辑设计，部分框架架构，部署程序设计', false, 'https://avatars1.githubusercontent.com/u/50436440?s=460&u=8fe7623df7c62e5e2262fb68a98e7ffa5bcd23f2&v=4');
INSERT INTO User (account, username, name, sex, type, password_hash, auth_key) VALUES ('000000000000000002', '戚晓睿', '戚晓睿', 1, 4, '$2y$13$dg4FlrrcXjMmvWznC3XUhehaTTZ/xfKXNpEYbSt8o3Q/9b9xonHLC', '00000000000000000000000000000002');
INSERT INTO TeamMember (account, Team_id, id, link, info, is_Leader, icon) VALUES ('000000000000000002', 1, '1811412', 'https://github.com/NickSkyyy', 'DBA（Damaged Base Architect）', false, 'https://avatars2.githubusercontent.com/u/50016779?s=400&u=43bee48724946843fb27c6f0982c5cdcebd5dbee&v=4');
INSERT INTO User (account, username, name, sex, type, password_hash, auth_key) VALUES ('000000000000000003', '文静静', '文静静', 0, 4, '$2y$13$dg4FlrrcXjMmvWznC3XUhehaTTZ/xfKXNpEYbSt8o3Q/9b9xonHLC', '00000000000000000000000000000003');
INSERT INTO TeamMember (account, Team_id, id, link, info, is_Leader, icon) VALUES ('000000000000000003', 1, '1811507', 'https://github.com/king-wk', '前后台页面设计，体温异常人员显示页面设计', false, 'https://avatars1.githubusercontent.com/u/54944075?s=460&u=899581f4be61a8c6a2a4a95871a35a0f32368a54&v=4');
INSERT INTO User (account, username, name, sex, type, password_hash, auth_key) VALUES ('000000000000000004', '肖中遥', '肖中遥', 1, 4, '$2y$13$dg4FlrrcXjMmvWznC3XUhehaTTZ/xfKXNpEYbSt8o3Q/9b9xonHLC', '00000000000000000000000000000004');
INSERT INTO TeamMember (account, Team_id, id, link, info, is_Leader, icon) VALUES ('000000000000000004', 1, '1811444', 'https://github.com/Pixie-King', '爬取全国、世界、天津市数据并显示，实现疫情地图，后台体温分布与任务', false, 'https://avatars0.githubusercontent.com/u/54949930?s=400&u=5e28c9dd44b39bce687bba72f20a8858f0fdb98b&v=4');
INSERT INTO User (account, username, name, sex, type, password_hash, auth_key) VALUES ('000000000000000005', '麦隽韵', '麦隽韵', 0, 4, '$2y$13$dg4FlrrcXjMmvWznC3XUhehaTTZ/xfKXNpEYbSt8o3Q/9b9xonHLC', '00000000000000000000000000000005');
INSERT INTO TeamMember (account, Team_id, id, link, info, is_Leader, icon) VALUES ('000000000000000005', 1, '1811499', 'https://github.com/VitalC-3026', '社区数据库模块，新闻公告模块，个人简介', true, 'https://avatars0.githubusercontent.com/u/50989602?s=400&u=9568eeac1dee2a54e82f4882cce6b502927c79cb&v=4');