/* 建立User, Resident, Committee信息 */
INSERT INTO User (account, username, name, sex, age, tel, type) VALUES ('311078201402163033', '仲炎千', '仲炎千', false, '6', '19016418340', 0);
INSERT INTO Resident (account, building, unit, room) VALUES ('311078201402163033', 33, 9, 1404);
INSERT INTO User (account, username, name, sex, age, tel, type) VALUES ('444575196904263298', '曲源', '曲源', true, '51', '18512186590', 0);
INSERT INTO Resident (account, building, unit, room) VALUES ('444575196904263298', 73, 8, 2604);
INSERT INTO User (account, username, name, sex, age, tel, type) VALUES ('544925197402012396', '武毅千', '武毅千', true, '46', '19861375200', 0);
INSERT INTO Resident (account, building, unit, room) VALUES ('544925197402012396', 87, 9, 1104);
INSERT INTO User (account, username, name, sex, age, tel, type) VALUES ('314989193810283606', '柳航晓', '柳航晓', true, '82', '13134498310', 0);
INSERT INTO Resident (account, building, unit, room) VALUES ('314989193810283606', 86, 5, 1503);
INSERT INTO User (account, username, name, sex, age, tel, type) VALUES ('331585199212181751', '冯泽迅', '冯泽迅', true, '28', '18961430141', 0);
INSERT INTO Resident (account, building, unit, room) VALUES ('331585199212181751', 11, 3, 1103);
INSERT INTO User (account, username, name, sex, age, tel, type) VALUES ('311548192409027368', '杨炎', '杨炎', true, '96', '19690113872', 0);
INSERT INTO Resident (account, building, unit, room) VALUES ('311548192409027368', 26, 9, 1205);
INSERT INTO User (account, username, name, sex, age, tel, type) VALUES ('433271199302190940', '燕露', '燕露', false, '27', '15940864196', 0);
INSERT INTO Resident (account, building, unit, room) VALUES ('433271199302190940', 49, 5, 1601);
INSERT INTO User (account, username, name, sex, age, tel, type) VALUES ('343504201010253384', '邵丹牧', '邵丹牧', true, '10', '19655252295', 0);
INSERT INTO Resident (account, building, unit, room) VALUES ('343504201010253384', 2, 9, 1004);
INSERT INTO User (account, username, name, sex, age, tel, type) VALUES ('504740198110280211', '汪舒凌', '汪舒凌', false, '39', '15738910941', 0);
INSERT INTO Resident (account, building, unit, room) VALUES ('504740198110280211', 41, 1, 2505);
INSERT INTO User (account, username, name, sex, age, tel, type) VALUES ('144693199706221422', '寻舒毅', '寻舒毅', false, '23', '14594778110', 0);
INSERT INTO Resident (account, building, unit, room) VALUES ('144693199706221422', 53, 1, 2003);
INSERT INTO User (account, username, name, sex, age, tel, type) VALUES ('313404198901013642', '林赛煜', '林赛煜', true, '31', '15342038349', 0);
INSERT INTO Resident (account, building, unit, room) VALUES ('313404198901013642', 44, 5, 1701);
INSERT INTO User (account, username, name, sex, age, tel, type) VALUES ('81109119641019878X', '颜可豪', '颜可豪', false, '56', '19803538475', 0);
INSERT INTO Resident (account, building, unit, room) VALUES ('81109119641019878X', 42, 5, 2904);
INSERT INTO User (account, username, name, sex, age, tel, type) VALUES ('651537199502271402', '龚建', '龚建', false, '25', '14949495262', 0);
INSERT INTO Resident (account, building, unit, room) VALUES ('651537199502271402', 27, 10, 301);
INSERT INTO User (account, username, name, sex, age, tel, type) VALUES ('713517199207307346', '付雨', '付雨', false, '28', '13033605100', 0);
INSERT INTO Resident (account, building, unit, room) VALUES ('713517199207307346', 12, 2, 2401);
INSERT INTO User (account, username, name, sex, age, tel, type) VALUES ('372916195902251912', '文佳', '文佳', true, '61', '18641496052', 0);
INSERT INTO Resident (account, building, unit, room) VALUES ('372916195902251912', 82, 1, 1701);
INSERT INTO User (account, username, name, sex, age, tel, type) VALUES ('712724200608018196', '米薪', '米薪', true, '14', '17586447353', 0);
INSERT INTO Resident (account, building, unit, room) VALUES ('712724200608018196', 78, 10, 1201);
INSERT INTO User (account, username, name, sex, age, tel, type) VALUES ('425042195503111668', '昌广奇', '昌广奇', false, '65', '14755555296', 0);
INSERT INTO Resident (account, building, unit, room) VALUES ('425042195503111668', 21, 1, 2601);
INSERT INTO User (account, username, name, sex, age, tel, type) VALUES ('332384196803056167', '徐广馨', '徐广馨', true, '52', '19718019121', 0);
INSERT INTO Resident (account, building, unit, room) VALUES ('332384196803056167', 68, 2, 301);
INSERT INTO User (account, username, name, sex, age, tel, type) VALUES ('15457319370620916X', '吉奕', '吉奕', true, '83', '15749690613', 0);
INSERT INTO Resident (account, building, unit, room) VALUES ('15457319370620916X', 94, 1, 2302);
INSERT INTO User (account, username, name, sex, age, tel, type) VALUES ('142921197303114925', '余杰瀚', '余杰瀚', false, '47', '18655542925', 0);
INSERT INTO Resident (account, building, unit, room) VALUES ('142921197303114925', 72, 5, 2505);
INSERT INTO User (account, username, name, sex, age, tel, type) VALUES ('454033192601249936', '耿圣有', '耿圣有', true, '94', '15650663413', 0);
INSERT INTO Resident (account, building, unit, room) VALUES ('454033192601249936', 64, 2, 2702);
INSERT INTO User (account, username, name, sex, age, tel, type) VALUES ('513319199707209715', '史诺圆', '史诺圆', false, '23', '17811890694', 0);
INSERT INTO Resident (account, building, unit, room) VALUES ('513319199707209715', 62, 4, 502);
INSERT INTO User (account, username, name, sex, age, tel, type) VALUES ('533364194709088172', '米航有', '米航有', false, '73', '19936493333', 0);
INSERT INTO Resident (account, building, unit, room) VALUES ('533364194709088172', 79, 5, 1703);
INSERT INTO User (account, username, name, sex, age, tel, type) VALUES ('514694196002209659', '胡令舒', '胡令舒', true, '60', '13538665152', 0);
INSERT INTO Resident (account, building, unit, room) VALUES ('514694196002209659', 74, 10, 804);
INSERT INTO User (account, username, name, sex, age, tel, type) VALUES ('640407198012050912', '欧雨', '欧雨', false, '40', '17562589558', 0);
INSERT INTO Resident (account, building, unit, room) VALUES ('640407198012050912', 23, 9, 901);
INSERT INTO User (account, username, name, sex, age, tel, type) VALUES ('542052201107257901', '董霖', '董霖', true, '9', '14732592384', 0);
INSERT INTO Resident (account, building, unit, room) VALUES ('542052201107257901', 85, 9, 505);
INSERT INTO User (account, username, name, sex, age, tel, type) VALUES ('332508199501156382', '韩露淘', '韩露淘', false, '25', '18533425209', 0);
INSERT INTO Resident (account, building, unit, room) VALUES ('332508199501156382', 87, 8, 703);
INSERT INTO User (account, username, name, sex, age, tel, type) VALUES ('334649197808010509', '毕晓', '毕晓', true, '42', '13268926819', 0);
INSERT INTO Resident (account, building, unit, room) VALUES ('334649197808010509', 16, 2, 602);
INSERT INTO User (account, username, name, sex, age, tel, type) VALUES ('363443199901088036', '百里立', '百里立', true, '21', '15247670551', 0);
INSERT INTO Resident (account, building, unit, room) VALUES ('363443199901088036', 64, 3, 403);
INSERT INTO User (account, username, name, sex, age, tel, type) VALUES ('532431198307076447', '常睿依', '常睿依', true, '37', '14748647628', 0);
INSERT INTO Resident (account, building, unit, room) VALUES ('532431198307076447', 7, 2, 2402);
INSERT INTO User (account, username, name, sex, age, tel, type) VALUES ('132739199808223387', '江冠宇', '江冠宇', false, '22', '13736191892', 0);
INSERT INTO Resident (account, building, unit, room) VALUES ('132739199808223387', 26, 2, 1905);
INSERT INTO User (account, username, name, sex, age, tel, type) VALUES ('214769198906208276', '米嘉凡', '米嘉凡', true, '31', '13687603288', 0);
INSERT INTO Resident (account, building, unit, room) VALUES ('214769198906208276', 8, 8, 2701);
INSERT INTO User (account, username, name, sex, age, tel, type) VALUES ('131740193901180807', '齐朋炜', '齐朋炜', false, '81', '15920293949', 0);
INSERT INTO Resident (account, building, unit, room) VALUES ('131740193901180807', 16, 3, 1706);
INSERT INTO User (account, username, name, sex, age, tel, type) VALUES ('820903195701226166', '郑言盈', '郑言盈', true, '63', '13312534382', 0);
INSERT INTO Resident (account, building, unit, room) VALUES ('820903195701226166', 14, 8, 2905);
INSERT INTO User (account, username, name, sex, age, tel, type) VALUES ('143278196303237892', '史振', '史振', true, '57', '17563046628', 0);
INSERT INTO Resident (account, building, unit, room) VALUES ('143278196303237892', 24, 5, 1006);
INSERT INTO User (account, username, name, sex, age, tel, type) VALUES ('414216198110013455', '徐一', '徐一', false, '39', '15842153104', 0);
INSERT INTO Resident (account, building, unit, room) VALUES ('414216198110013455', 19, 6, 1604);
INSERT INTO User (account, username, name, sex, age, tel, type) VALUES ('415082192811111950', '岳令源', '岳令源', true, '92', '13935188924', 0);
INSERT INTO Resident (account, building, unit, room) VALUES ('415082192811111950', 80, 4, 504);
INSERT INTO User (account, username, name, sex, age, tel, type) VALUES ('123179192902170091', '审诺哲', '审诺哲', true, '91', '15226782971', 0);
INSERT INTO Resident (account, building, unit, room) VALUES ('123179192902170091', 24, 3, 2904);
INSERT INTO User (account, username, name, sex, age, tel, type) VALUES ('330854201105278968', '曲硕霖', '曲硕霖', false, '9', '19842818487', 0);
INSERT INTO Resident (account, building, unit, room) VALUES ('330854201105278968', 88, 6, 506);
INSERT INTO User (account, username, name, sex, age, tel, type) VALUES ('311701198511227691', '尚正', '尚正', true, '35', '13050264866', 0);
INSERT INTO Resident (account, building, unit, room) VALUES ('311701198511227691', 10, 1, 1004);
INSERT INTO User (account, username, name, sex, age, tel, type) VALUES ('812973193709089540', '高旭帆', '高旭帆', false, '83', '15601079628', 0);
INSERT INTO Resident (account, building, unit, room) VALUES ('812973193709089540', 73, 1, 601);
INSERT INTO User (account, username, name, sex, age, tel, type) VALUES ('504838195202123994', '邵朋薪', '邵朋薪', false, '68', '13458770416', 0);
INSERT INTO Resident (account, building, unit, room) VALUES ('504838195202123994', 17, 5, 2602);
INSERT INTO User (account, username, name, sex, age, tel, type) VALUES ('323365197504116726', '范伟畅', '范伟畅', false, '45', '13369676501', 0);
INSERT INTO Resident (account, building, unit, room) VALUES ('323365197504116726', 29, 1, 2406);
INSERT INTO User (account, username, name, sex, age, tel, type) VALUES ('23185420050519647X', '尹桐', '尹桐', true, '15', '19354430976', 0);
INSERT INTO Resident (account, building, unit, room) VALUES ('23185420050519647X', 78, 2, 1305);
INSERT INTO User (account, username, name, sex, age, tel, type) VALUES ('620157197812180554', '宋言', '宋言', true, '42', '13911216217', 0);
INSERT INTO Resident (account, building, unit, room) VALUES ('620157197812180554', 12, 5, 1002);
INSERT INTO User (account, username, name, sex, age, tel, type) VALUES ('332836196404296985', '葛正', '葛正', false, '56', '18919525642', 0);
INSERT INTO Resident (account, building, unit, room) VALUES ('332836196404296985', 60, 6, 2704);
INSERT INTO User (account, username, name, sex, age, tel, type) VALUES ('410778197409271643', '任硕盈', '任硕盈', true, '46', '13381422570', 0);
INSERT INTO Resident (account, building, unit, room) VALUES ('410778197409271643', 9, 7, 1104);
INSERT INTO User (account, username, name, sex, age, tel, type) VALUES ('413860193306243550', '孙洁', '孙洁', true, '87', '15934838638', 0);
INSERT INTO Resident (account, building, unit, room) VALUES ('413860193306243550', 89, 1, 1504);
INSERT INTO User (account, username, name, sex, age, tel, type) VALUES ('15087719301016974X', '完颜敏', '完颜敏', false, '90', '18654991701', 0);
INSERT INTO Resident (account, building, unit, room) VALUES ('15087719301016974X', 6, 8, 2002);
INSERT INTO User (account, username, name, sex, age, tel, type) VALUES ('632903198805094630', '李霖依', '李霖依', false, '32', '13949582990', 0);
INSERT INTO Resident (account, building, unit, room) VALUES ('632903198805094630', 22, 2, 1105);
INSERT INTO User (account, username, name, sex, age, tel, type) VALUES ('22086220121106285X', '肖馨', '肖馨', false, '8', '19987532610', 0);
INSERT INTO Resident (account, building, unit, room) VALUES ('22086220121106285X', 77, 8, 1506);
INSERT INTO User (account, username, name, sex, age, tel, type) VALUES ('332524197611137293', '余颖硕', '余颖硕', true, '44', '19507461280', 1);
INSERT INTO Committee (account, in_date, is_admin) VALUES ('332524197611137293', '19960307', false);
INSERT INTO User (account, username, name, sex, age, tel, type) VALUES ('323480194710070245', '曲敏', '曲敏', true, '73', '18087230100', 0);
INSERT INTO Resident (account, building, unit, room) VALUES ('323480194710070245', 54, 5, 1305);
INSERT INTO User (account, username, name, sex, age, tel, type) VALUES ('421104194805087990', '审豪', '审豪', true, '72', '13909176201', 0);
INSERT INTO Resident (account, building, unit, room) VALUES ('421104194805087990', 29, 7, 1502);
INSERT INTO User (account, username, name, sex, age, tel, type) VALUES ('213141197501184735', '侯力令', '侯力令', true, '45', '18187716797', 0);
INSERT INTO Resident (account, building, unit, room) VALUES ('213141197501184735', 81, 10, 1605);
INSERT INTO User (account, username, name, sex, age, tel, type) VALUES ('35032120050710922X', '夏朋兮', '夏朋兮', false, '15', '19533094212', 0);
INSERT INTO Resident (account, building, unit, room) VALUES ('35032120050710922X', 43, 5, 403);
INSERT INTO User (account, username, name, sex, age, tel, type) VALUES ('620565195206231716', '靳雨', '靳雨', false, '68', '19579393316', 0);
INSERT INTO Resident (account, building, unit, room) VALUES ('620565195206231716', 19, 8, 701);
INSERT INTO User (account, username, name, sex, age, tel, type) VALUES ('43293419600827939X', '张淘', '张淘', false, '60', '19716001308', 0);
INSERT INTO Resident (account, building, unit, room) VALUES ('43293419600827939X', 30, 8, 1602);
INSERT INTO User (account, username, name, sex, age, tel, type) VALUES ('121610199404046489', '靳硕霖', '靳硕霖', true, '26', '14522422633', 0);
INSERT INTO Resident (account, building, unit, room) VALUES ('121610199404046489', 16, 4, 1405);
INSERT INTO User (account, username, name, sex, age, tel, type) VALUES ('823112196006018289', '耿圆晓', '耿圆晓', true, '60', '17662754025', 0);
INSERT INTO Resident (account, building, unit, room) VALUES ('823112196006018289', 53, 5, 2303);
INSERT INTO User (account, username, name, sex, age, tel, type) VALUES ('352782200701016429', '余飞樱', '余飞樱', false, '13', '17537203519', 0);
INSERT INTO Resident (account, building, unit, room) VALUES ('352782200701016429', 57, 5, 1701);
INSERT INTO User (account, username, name, sex, age, tel, type) VALUES ('14318719701127915X', '侯力依', '侯力依', false, '50', '18638782256', 0);
INSERT INTO Resident (account, building, unit, room) VALUES ('14318719701127915X', 37, 8, 304);
INSERT INTO User (account, username, name, sex, age, tel, type) VALUES ('342156195103117088', '巩露亚', '巩露亚', true, '69', '13695953101', 0);
INSERT INTO Resident (account, building, unit, room) VALUES ('342156195103117088', 10, 1, 902);
INSERT INTO User (account, username, name, sex, age, tel, type) VALUES ('213303193207154410', '田航萌', '田航萌', false, '88', '15810464904', 0);
INSERT INTO Resident (account, building, unit, room) VALUES ('213303193207154410', 57, 2, 506);
INSERT INTO User (account, username, name, sex, age, tel, type) VALUES ('311447198910119055', '高广飞', '高广飞', false, '31', '13530203221', 0);
INSERT INTO Resident (account, building, unit, room) VALUES ('311447198910119055', 28, 4, 2901);
INSERT INTO User (account, username, name, sex, age, tel, type) VALUES ('114260193112259450', '余奕音', '余奕音', false, '89', '14946583623', 0);
INSERT INTO Resident (account, building, unit, room) VALUES ('114260193112259450', 64, 2, 1101);
INSERT INTO User (account, username, name, sex, age, tel, type) VALUES ('360721195708025758', '边云腾', '边云腾', false, '63', '18052950961', 0);
INSERT INTO Resident (account, building, unit, room) VALUES ('360721195708025758', 9, 4, 703);
INSERT INTO User (account, username, name, sex, age, tel, type) VALUES ('812332201208176373', '盛敏雨', '盛敏雨', false, '8', '13310856027', 0);
INSERT INTO Resident (account, building, unit, room) VALUES ('812332201208176373', 41, 5, 2103);
INSERT INTO User (account, username, name, sex, age, tel, type) VALUES ('354711196511209237', '秦思', '秦思', true, '55', '19208142920', 0);
INSERT INTO Resident (account, building, unit, room) VALUES ('354711196511209237', 56, 5, 2504);
INSERT INTO User (account, username, name, sex, age, tel, type) VALUES ('351936192705155557', '姚建', '姚建', true, '93', '19142781830', 0);
INSERT INTO Resident (account, building, unit, room) VALUES ('351936192705155557', 97, 4, 2406);
INSERT INTO User (account, username, name, sex, age, tel, type) VALUES ('542909194810074234', '江龙夫', '江龙夫', false, '72', '18209186230', 0);
INSERT INTO Resident (account, building, unit, room) VALUES ('542909194810074234', 93, 10, 1101);
INSERT INTO User (account, username, name, sex, age, tel, type) VALUES ('543058193708152560', '米音轩', '米音轩', false, '83', '13251520553', 0);
INSERT INTO Resident (account, building, unit, room) VALUES ('543058193708152560', 22, 2, 2603);
INSERT INTO User (account, username, name, sex, age, tel, type) VALUES ('151120195802173760', '钟赛煜', '钟赛煜', true, '62', '13299039328', 0);
INSERT INTO Resident (account, building, unit, room) VALUES ('151120195802173760', 20, 8, 2004);
INSERT INTO User (account, username, name, sex, age, tel, type) VALUES ('632439199104243763', '岳飞', '岳飞', false, '29', '15566380707', 0);
INSERT INTO Resident (account, building, unit, room) VALUES ('632439199104243763', 5, 4, 1406);
INSERT INTO User (account, username, name, sex, age, tel, type) VALUES ('502656193807102426', '田雯', '田雯', false, '82', '18935488898', 0);
INSERT INTO Resident (account, building, unit, room) VALUES ('502656193807102426', 14, 8, 1001);
INSERT INTO User (account, username, name, sex, age, tel, type) VALUES ('620767200109258570', '臧晓晓', '臧晓晓', true, '19', '19664573789', 0);
INSERT INTO Resident (account, building, unit, room) VALUES ('620767200109258570', 13, 3, 2705);
INSERT INTO User (account, username, name, sex, age, tel, type) VALUES ('620852197006264470', '曲奇有', '曲奇有', false, '50', '13908783532', 0);
INSERT INTO Resident (account, building, unit, room) VALUES ('620852197006264470', 96, 8, 501);
INSERT INTO User (account, username, name, sex, age, tel, type) VALUES ('211922195704073068', '吕腾', '吕腾', true, '63', '18558111024', 0);
INSERT INTO Resident (account, building, unit, room) VALUES ('211922195704073068', 39, 5, 2102);
INSERT INTO User (account, username, name, sex, age, tel, type) VALUES ('322623198704202189', '葛丹豪', '葛丹豪', true, '33', '17315711349', 0);
INSERT INTO Resident (account, building, unit, room) VALUES ('322623198704202189', 16, 9, 1506);
INSERT INTO User (account, username, name, sex, age, tel, type) VALUES ('442535196707268425', '巩淘夫', '巩淘夫', true, '53', '19040067957', 0);
INSERT INTO Resident (account, building, unit, room) VALUES ('442535196707268425', 71, 8, 2406);
INSERT INTO User (account, username, name, sex, age, tel, type) VALUES ('632560194209167980', '郑萱迅', '郑萱迅', false, '78', '17831366474', 0);
INSERT INTO Resident (account, building, unit, room) VALUES ('632560194209167980', 36, 8, 2406);
INSERT INTO User (account, username, name, sex, age, tel, type) VALUES ('633106195408184915', '姚萱炎', '姚萱炎', true, '66', '15330714676', 0);
INSERT INTO Resident (account, building, unit, room) VALUES ('633106195408184915', 42, 3, 502);
INSERT INTO User (account, username, name, sex, age, tel, type) VALUES ('124424198907227696', '於静', '於静', false, '31', '19228373125', 0);
INSERT INTO Resident (account, building, unit, room) VALUES ('124424198907227696', 18, 7, 701);
INSERT INTO User (account, username, name, sex, age, tel, type) VALUES ('151078199508027693', '鲁杰', '鲁杰', false, '25', '13123672915', 0);
INSERT INTO Resident (account, building, unit, room) VALUES ('151078199508027693', 70, 8, 504);
INSERT INTO User (account, username, name, sex, age, tel, type) VALUES ('231705194411075302', '许翔', '许翔', true, '76', '17671166627', 0);
INSERT INTO Resident (account, building, unit, room) VALUES ('231705194411075302', 12, 10, 1305);
INSERT INTO User (account, username, name, sex, age, tel, type) VALUES ('112766193501257393', '裴丹', '裴丹', true, '85', '13108949325', 0);
INSERT INTO Resident (account, building, unit, room) VALUES ('112766193501257393', 68, 10, 2501);
INSERT INTO User (account, username, name, sex, age, tel, type) VALUES ('624592196112082508', '金诺飞', '金诺飞', true, '59', '13115643959', 0);
INSERT INTO Resident (account, building, unit, room) VALUES ('624592196112082508', 47, 1, 1705);
INSERT INTO User (account, username, name, sex, age, tel, type) VALUES ('823042199106085147', '黄朋瀚', '黄朋瀚', true, '29', '15195132041', 0);
INSERT INTO Resident (account, building, unit, room) VALUES ('823042199106085147', 63, 3, 1405);
INSERT INTO User (account, username, name, sex, age, tel, type) VALUES ('462784198601157602', '代馨', '代馨', true, '34', '19873334601', 0);
INSERT INTO Resident (account, building, unit, room) VALUES ('462784198601157602', 33, 9, 702);
INSERT INTO User (account, username, name, sex, age, tel, type) VALUES ('621370194304298633', '隽菲本', '隽菲本', true, '77', '16685210115', 0);
INSERT INTO Resident (account, building, unit, room) VALUES ('621370194304298633', 23, 6, 2703);
INSERT INTO User (account, username, name, sex, age, tel, type) VALUES ('331843198906161911', '崔家', '崔家', true, '31', '19283936054', 0);
INSERT INTO Resident (account, building, unit, room) VALUES ('331843198906161911', 51, 3, 501);
INSERT INTO User (account, username, name, sex, age, tel, type) VALUES ('532124195301304309', '韩建', '韩建', true, '67', '19665004458', 0);
INSERT INTO Resident (account, building, unit, room) VALUES ('532124195301304309', 78, 10, 1101);
INSERT INTO User (account, username, name, sex, age, tel, type) VALUES ('233733197112259823', '戚凡', '戚凡', true, '49', '19588766616', 0);
INSERT INTO Resident (account, building, unit, room) VALUES ('233733197112259823', 68, 5, 2104);
INSERT INTO User (account, username, name, sex, age, tel, type) VALUES ('320641196912237768', '冯露', '冯露', true, '51', '13954100471', 0);
INSERT INTO Resident (account, building, unit, room) VALUES ('320641196912237768', 28, 8, 1904);
INSERT INTO User (account, username, name, sex, age, tel, type) VALUES ('353330196909193113', '童昕辰', '童昕辰', true, '51', '18422438909', 0);
INSERT INTO Resident (account, building, unit, room) VALUES ('353330196909193113', 66, 1, 1003);
INSERT INTO User (account, username, name, sex, age, tel, type) VALUES ('71267919670605830X', '高腾泽', '高腾泽', false, '53', '19930746495', 0);
INSERT INTO Resident (account, building, unit, room) VALUES ('71267919670605830X', 65, 3, 2602);
INSERT INTO User (account, username, name, sex, age, tel, type) VALUES ('520166198512021907', '麦可飞', '麦可飞', true, '35', '15138407844', 0);
INSERT INTO Resident (account, building, unit, room) VALUES ('520166198512021907', 84, 1, 604);
INSERT INTO User (account, username, name, sex, age, tel, type) VALUES ('823503199110221909', '权音', '权音', false, '29', '15239799394', 0);
INSERT INTO Resident (account, building, unit, room) VALUES ('823503199110221909', 92, 7, 1601);
INSERT INTO User (account, username, name, sex, age, tel, type) VALUES ('541683194206234146', '刘凡本', '刘凡本', false, '78', '13523087632', 0);
INSERT INTO Resident (account, building, unit, room) VALUES ('541683194206234146', 18, 10, 1001);
INSERT INTO User (account, username, name, sex, age, tel, type) VALUES ('813743199403086554', '秦圣', '秦圣', false, '26', '13803861522', 0);
INSERT INTO Resident (account, building, unit, room) VALUES ('813743199403086554', 21, 1, 1605);
INSERT INTO User (account, username, name, sex, age, tel, type) VALUES ('530960198706302610', '崔柏昕', '崔柏昕', true, '33', '18851550944', 0);
INSERT INTO Resident (account, building, unit, room) VALUES ('530960198706302610', 17, 3, 2004);
INSERT INTO User (account, username, name, sex, age, tel, type) VALUES ('630921192704137376', '季颖腾', '季颖腾', true, '93', '15004692823', 0);
INSERT INTO Resident (account, building, unit, room) VALUES ('630921192704137376', 50, 5, 2203);
INSERT INTO User (account, username, name, sex, age, tel, type) VALUES ('652817199003153156', '邵锐', '邵锐', false, '30', '15117043354', 0);
INSERT INTO Resident (account, building, unit, room) VALUES ('652817199003153156', 30, 10, 2204);
INSERT INTO User (account, username, name, sex, age, tel, type) VALUES ('510243198812137489', '秦豪凌', '秦豪凌', true, '32', '13096558400', 0);
INSERT INTO Resident (account, building, unit, room) VALUES ('510243198812137489', 37, 7, 906);
INSERT INTO User (account, username, name, sex, age, tel, type) VALUES ('120738192502110583', '牛旭', '牛旭', true, '95', '19924052516', 0);
INSERT INTO Resident (account, building, unit, room) VALUES ('120738192502110583', 58, 1, 2304);
INSERT INTO User (account, username, name, sex, age, tel, type) VALUES ('453648196105033698', '曲雯英', '曲雯英', true, '59', '15141588705', 0);
INSERT INTO Resident (account, building, unit, room) VALUES ('453648196105033698', 89, 8, 2806);
INSERT INTO User (account, username, name, sex, age, tel, type) VALUES ('823376200612095169', '楚辰', '楚辰', true, '14', '14962746773', 0);
INSERT INTO Resident (account, building, unit, room) VALUES ('823376200612095169', 96, 2, 2305);
INSERT INTO User (account, username, name, sex, age, tel, type) VALUES ('813415198411082467', '孙良', '孙良', true, '36', '16662675395', 0);
INSERT INTO Resident (account, building, unit, room) VALUES ('813415198411082467', 3, 6, 404);
INSERT INTO User (account, username, name, sex, age, tel, type) VALUES ('452164199505281477', '冯迅', '冯迅', true, '25', '13877009457', 0);
INSERT INTO Resident (account, building, unit, room) VALUES ('452164199505281477', 82, 1, 2005);
INSERT INTO User (account, username, name, sex, age, tel, type) VALUES ('33297220011119339X', '许家菲', '许家菲', false, '19', '15687636215', 0);
INSERT INTO Resident (account, building, unit, room) VALUES ('33297220011119339X', 11, 8, 701);
INSERT INTO User (account, username, name, sex, age, tel, type) VALUES ('421295198403102762', '尹民晓', '尹民晓', true, '36', '13507813690', 0);
INSERT INTO Resident (account, building, unit, room) VALUES ('421295198403102762', 59, 6, 605);
INSERT INTO User (account, username, name, sex, age, tel, type) VALUES ('222004197911123635', '殷翔', '殷翔', false, '41', '17680017747', 0);
INSERT INTO Resident (account, building, unit, room) VALUES ('222004197911123635', 35, 1, 2302);
INSERT INTO User (account, username, name, sex, age, tel, type) VALUES ('633911199002015509', '秦炜振', '秦炜振', true, '30', '13608032445', 0);
INSERT INTO Resident (account, building, unit, room) VALUES ('633911199002015509', 92, 6, 1603);
INSERT INTO User (account, username, name, sex, age, tel, type) VALUES ('12327119610701419X', '韩兮', '韩兮', false, '59', '17377912585', 0);
INSERT INTO Resident (account, building, unit, room) VALUES ('12327119610701419X', 52, 3, 1006);
INSERT INTO User (account, username, name, sex, age, tel, type) VALUES ('824190198201170319', '范源本', '范源本', false, '38', '18307089647', 0);
INSERT INTO Resident (account, building, unit, room) VALUES ('824190198201170319', 16, 10, 1806);
INSERT INTO User (account, username, name, sex, age, tel, type) VALUES ('500428193512012297', '杨兮淘', '杨兮淘', true, '85', '17283872218', 0);
INSERT INTO Resident (account, building, unit, room) VALUES ('500428193512012297', 31, 2, 403);
INSERT INTO User (account, username, name, sex, age, tel, type) VALUES ('522421199606234382', '杜阳圆', '杜阳圆', true, '24', '19808164958', 0);
INSERT INTO Resident (account, building, unit, room) VALUES ('522421199606234382', 64, 10, 2506);
INSERT INTO User (account, username, name, sex, age, tel, type) VALUES ('524278196812047688', '部良硕', '部良硕', true, '52', '19673987396', 0);
INSERT INTO Resident (account, building, unit, room) VALUES ('524278196812047688', 30, 8, 1101);
INSERT INTO User (account, username, name, sex, age, tel, type) VALUES ('533722201107074457', '宫炎', '宫炎', true, '9', '18188985642', 0);
INSERT INTO Resident (account, building, unit, room) VALUES ('533722201107074457', 75, 6, 2001);
INSERT INTO User (account, username, name, sex, age, tel, type) VALUES ('534010193505185024', '臧圣圣', '臧圣圣', false, '85', '15267440238', 0);
INSERT INTO Resident (account, building, unit, room) VALUES ('534010193505185024', 83, 4, 2406);
INSERT INTO User (account, username, name, sex, age, tel, type) VALUES ('311419199005070196', '徐亚千', '徐亚千', true, '30', '13139881223', 0);
INSERT INTO Resident (account, building, unit, room) VALUES ('311419199005070196', 50, 1, 805);
INSERT INTO User (account, username, name, sex, age, tel, type) VALUES ('443732192507052603', '吴霄英', '吴霄英', false, '95', '18188437252', 0);
INSERT INTO Resident (account, building, unit, room) VALUES ('443732192507052603', 24, 8, 606);
INSERT INTO User (account, username, name, sex, age, tel, type) VALUES ('650497201210021384', '傅佳菲', '傅佳菲', true, '8', '18860515151', 0);
INSERT INTO Resident (account, building, unit, room) VALUES ('650497201210021384', 46, 9, 1802);
INSERT INTO User (account, username, name, sex, age, tel, type) VALUES ('521788193911052766', '宋兰颖', '宋兰颖', false, '81', '13471399047', 0);
INSERT INTO Resident (account, building, unit, room) VALUES ('521788193911052766', 92, 1, 704);
INSERT INTO User (account, username, name, sex, age, tel, type) VALUES ('322927194403298331', '杨宜', '杨宜', true, '76', '18125004000', 0);
INSERT INTO Resident (account, building, unit, room) VALUES ('322927194403298331', 81, 2, 304);
INSERT INTO User (account, username, name, sex, age, tel, type) VALUES ('311571193011303452', '宋佳', '宋佳', true, '90', '17639427627', 0);
INSERT INTO Resident (account, building, unit, room) VALUES ('311571193011303452', 45, 4, 2601);
INSERT INTO User (account, username, name, sex, age, tel, type) VALUES ('354972200207293414', '江建广', '江建广', false, '18', '15771947519', 0);
INSERT INTO Resident (account, building, unit, room) VALUES ('354972200207293414', 23, 1, 1304);
INSERT INTO User (account, username, name, sex, age, tel, type) VALUES ('41356120110920905X', '康力', '康力', false, '9', '15510885023', 0);
INSERT INTO Resident (account, building, unit, room) VALUES ('41356120110920905X', 93, 3, 203);
INSERT INTO User (account, username, name, sex, age, tel, type) VALUES ('610748200004040199', '常本倨', '常本倨', true, '20', '18286855277', 0);
INSERT INTO Resident (account, building, unit, room) VALUES ('610748200004040199', 70, 10, 1201);
INSERT INTO User (account, username, name, sex, age, tel, type) VALUES ('130734195308252103', '任建颖', '任建颖', false, '67', '17887332816', 0);
INSERT INTO Resident (account, building, unit, room) VALUES ('130734195308252103', 56, 4, 2901);
INSERT INTO User (account, username, name, sex, age, tel, type) VALUES ('154183195912155060', '孙一思', '孙一思', false, '61', '15958960883', 0);
INSERT INTO Resident (account, building, unit, room) VALUES ('154183195912155060', 94, 5, 2803);
INSERT INTO User (account, username, name, sex, age, tel, type) VALUES ('542592196209302221', '完颜阳', '完颜阳', false, '58', '15995571804', 0);
INSERT INTO Resident (account, building, unit, room) VALUES ('542592196209302221', 41, 1, 1801);
INSERT INTO User (account, username, name, sex, age, tel, type) VALUES ('514150195306141512', '董桐铭', '董桐铭', false, '67', '18725621428', 0);
INSERT INTO Resident (account, building, unit, room) VALUES ('514150195306141512', 56, 1, 2405);
INSERT INTO User (account, username, name, sex, age, tel, type) VALUES ('443799195412150423', '崔一子', '崔一子', true, '66', '13910180697', 0);
INSERT INTO Resident (account, building, unit, room) VALUES ('443799195412150423', 8, 7, 305);
INSERT INTO User (account, username, name, sex, age, tel, type) VALUES ('630617194812272203', '韩冠令', '韩冠令', false, '72', '13030067976', 0);
INSERT INTO Resident (account, building, unit, room) VALUES ('630617194812272203', 6, 4, 1606);
INSERT INTO User (account, username, name, sex, age, tel, type) VALUES ('811621198603314431', '欧义丹', '欧义丹', false, '34', '18916636720', 0);
INSERT INTO Resident (account, building, unit, room) VALUES ('811621198603314431', 46, 4, 2902);
INSERT INTO User (account, username, name, sex, age, tel, type) VALUES ('333165193602090206', '戚菲', '戚菲', true, '84', '18981476490', 0);
INSERT INTO Resident (account, building, unit, room) VALUES ('333165193602090206', 43, 2, 801);
INSERT INTO User (account, username, name, sex, age, tel, type) VALUES ('712831200805244417', '曲令', '曲令', false, '12', '15688167416', 0);
INSERT INTO Resident (account, building, unit, room) VALUES ('712831200805244417', 43, 8, 701);
INSERT INTO User (account, username, name, sex, age, tel, type) VALUES ('371716193612250316', '管煜音', '管煜音', true, '84', '13441656292', 0);
INSERT INTO Resident (account, building, unit, room) VALUES ('371716193612250316', 88, 9, 1704);
INSERT INTO User (account, username, name, sex, age, tel, type) VALUES ('313359193705211318', '钟新桐', '钟新桐', false, '83', '17369106073', 0);
INSERT INTO Resident (account, building, unit, room) VALUES ('313359193705211318', 77, 10, 2402);
INSERT INTO User (account, username, name, sex, age, tel, type) VALUES ('454662195709172448', '田雯敏', '田雯敏', false, '63', '15763332058', 0);
INSERT INTO Resident (account, building, unit, room) VALUES ('454662195709172448', 17, 3, 801);
INSERT INTO User (account, username, name, sex, age, tel, type) VALUES ('623417199103086829', '权静迅', '权静迅', true, '29', '14781589291', 0);
INSERT INTO Resident (account, building, unit, room) VALUES ('623417199103086829', 73, 8, 2306);
INSERT INTO User (account, username, name, sex, age, tel, type) VALUES ('81197420040501456X', '耿云', '耿云', false, '16', '13464728974', 0);
INSERT INTO Resident (account, building, unit, room) VALUES ('81197420040501456X', 96, 5, 706);
INSERT INTO User (account, username, name, sex, age, tel, type) VALUES ('531077192803061537', '胡音', '胡音', false, '92', '15818393554', 0);
INSERT INTO Resident (account, building, unit, room) VALUES ('531077192803061537', 67, 4, 2706);
INSERT INTO User (account, username, name, sex, age, tel, type) VALUES ('12179120061201805X', '上官佳锐', '上官佳锐', true, '14', '19340679015', 0);
INSERT INTO Resident (account, building, unit, room) VALUES ('12179120061201805X', 47, 3, 705);
INSERT INTO User (account, username, name, sex, age, tel, type) VALUES ('121160195506125674', '部锐', '部锐', false, '65', '13504625682', 0);
INSERT INTO Resident (account, building, unit, room) VALUES ('121160195506125674', 28, 4, 2805);
INSERT INTO User (account, username, name, sex, age, tel, type) VALUES ('353019197311272057', '邱薪', '邱薪', false, '47', '15750599197', 0);
INSERT INTO Resident (account, building, unit, room) VALUES ('353019197311272057', 25, 1, 2704);
INSERT INTO User (account, username, name, sex, age, tel, type) VALUES ('424253201212280083', '傅可兰', '傅可兰', false, '8', '19832338665', 0);
INSERT INTO Resident (account, building, unit, room) VALUES ('424253201212280083', 69, 9, 2003);
INSERT INTO User (account, username, name, sex, age, tel, type) VALUES ('144416195701035302', '钟煜', '钟煜', true, '63', '18590686466', 0);
INSERT INTO Resident (account, building, unit, room) VALUES ('144416195701035302', 66, 3, 704);
INSERT INTO User (account, username, name, sex, age, tel, type) VALUES ('642282199710238306', '田立亚', '田立亚', true, '23', '18515541423', 0);
INSERT INTO Resident (account, building, unit, room) VALUES ('642282199710238306', 85, 7, 1305);
INSERT INTO User (account, username, name, sex, age, tel, type) VALUES ('310567197203244149', '汪静凌', '汪静凌', false, '48', '13930884001', 0);
INSERT INTO Resident (account, building, unit, room) VALUES ('310567197203244149', 45, 8, 506);
INSERT INTO User (account, username, name, sex, age, tel, type) VALUES ('460815200911132642', '孙腾中', '孙腾中', true, '11', '14783195610', 0);
INSERT INTO Resident (account, building, unit, room) VALUES ('460815200911132642', 91, 7, 1303);
INSERT INTO User (account, username, name, sex, age, tel, type) VALUES ('423438194902103546', '童千倨', '童千倨', false, '71', '19218643738', 0);
INSERT INTO Resident (account, building, unit, room) VALUES ('423438194902103546', 96, 1, 2702);
INSERT INTO User (account, username, name, sex, age, tel, type) VALUES ('450127197709297283', '隽静睿', '隽静睿', false, '43', '14778340487', 0);
INSERT INTO Resident (account, building, unit, room) VALUES ('450127197709297283', 17, 9, 1706);
INSERT INTO User (account, username, name, sex, age, tel, type) VALUES ('711182197707203234', '寻良', '寻良', false, '43', '19716459995', 0);
INSERT INTO Resident (account, building, unit, room) VALUES ('711182197707203234', 55, 8, 1804);
INSERT INTO User (account, username, name, sex, age, tel, type) VALUES ('111877201204182521', '杜佳', '杜佳', true, '8', '14900505786', 0);
INSERT INTO Resident (account, building, unit, room) VALUES ('111877201204182521', 68, 4, 1303);
INSERT INTO User (account, username, name, sex, age, tel, type) VALUES ('454848198003153568', '郭辰桐', '郭辰桐', false, '40', '18877383166', 0);
INSERT INTO Resident (account, building, unit, room) VALUES ('454848198003153568', 18, 1, 2906);
INSERT INTO User (account, username, name, sex, age, tel, type) VALUES ('443249197108318136', '尚可铭', '尚可铭', false, '49', '18194836938', 0);
INSERT INTO Resident (account, building, unit, room) VALUES ('443249197108318136', 83, 7, 1302);
INSERT INTO User (account, username, name, sex, age, tel, type) VALUES ('634648196005202867', '康樱炜', '康樱炜', false, '60', '18717836473', 1);
INSERT INTO Committee (account, in_date, is_admin) VALUES ('634648196005202867', '19811030', false);
INSERT INTO User (account, username, name, sex, age, tel, type) VALUES ('651665193503048800', '高雨', '高雨', false, '85', '15809901135', 0);
INSERT INTO Resident (account, building, unit, room) VALUES ('651665193503048800', 80, 3, 2102);
INSERT INTO User (account, username, name, sex, age, tel, type) VALUES ('61235619740215396X', '孙言', '孙言', false, '46', '18738138213', 0);
INSERT INTO Resident (account, building, unit, room) VALUES ('61235619740215396X', 50, 7, 1002);
INSERT INTO User (account, username, name, sex, age, tel, type) VALUES ('322801195310275498', '郭家阳', '郭家阳', true, '67', '18910476690', 0);
INSERT INTO Resident (account, building, unit, room) VALUES ('322801195310275498', 77, 2, 1806);
INSERT INTO User (account, username, name, sex, age, tel, type) VALUES ('451331199204214381', '陆圣凡', '陆圣凡', false, '28', '18773640126', 0);
INSERT INTO Resident (account, building, unit, room) VALUES ('451331199204214381', 56, 4, 401);
INSERT INTO User (account, username, name, sex, age, tel, type) VALUES ('410561192710183478', '胡嘉冠', '胡嘉冠', true, '93', '15107877165', 0);
INSERT INTO Resident (account, building, unit, room) VALUES ('410561192710183478', 64, 3, 1703);
INSERT INTO User (account, username, name, sex, age, tel, type) VALUES ('224052199705010271', '严飞振', '严飞振', false, '23', '15215770445', 0);
INSERT INTO Resident (account, building, unit, room) VALUES ('224052199705010271', 56, 8, 1805);
INSERT INTO User (account, username, name, sex, age, tel, type) VALUES ('711724201009301120', '夏飞雨', '夏飞雨', true, '10', '13084279441', 0);
INSERT INTO Resident (account, building, unit, room) VALUES ('711724201009301120', 19, 6, 1104);
INSERT INTO User (account, username, name, sex, age, tel, type) VALUES ('34151219851104259X', '范昕', '范昕', false, '35', '19662643906', 0);
INSERT INTO Resident (account, building, unit, room) VALUES ('34151219851104259X', 5, 2, 1403);
INSERT INTO User (account, username, name, sex, age, tel, type) VALUES ('121230193509270261', '边飞兰', '边飞兰', true, '85', '18594865893', 0);
INSERT INTO Resident (account, building, unit, room) VALUES ('121230193509270261', 59, 7, 2106);
INSERT INTO User (account, username, name, sex, age, tel, type) VALUES ('214389194602022003', '冯伟', '冯伟', true, '74', '18073762441', 0);
INSERT INTO Resident (account, building, unit, room) VALUES ('214389194602022003', 39, 3, 2705);
INSERT INTO User (account, username, name, sex, age, tel, type) VALUES ('340359199610233158', '张豪立', '张豪立', false, '24', '13693941761', 0);
INSERT INTO Resident (account, building, unit, room) VALUES ('340359199610233158', 17, 6, 503);
INSERT INTO User (account, username, name, sex, age, tel, type) VALUES ('130278192802087681', '吴冠硕', '吴冠硕', true, '92', '15573355317', 0);
INSERT INTO Resident (account, building, unit, room) VALUES ('130278192802087681', 18, 5, 1405);
INSERT INTO User (account, username, name, sex, age, tel, type) VALUES ('512691196107051069', '郭航', '郭航', false, '59', '18186793603', 0);
INSERT INTO Resident (account, building, unit, room) VALUES ('512691196107051069', 77, 8, 2506);
INSERT INTO User (account, username, name, sex, age, tel, type) VALUES ('313505192611281113', '代琦', '代琦', false, '94', '13851917716', 0);
INSERT INTO Resident (account, building, unit, room) VALUES ('313505192611281113', 36, 2, 2305);
INSERT INTO User (account, username, name, sex, age, tel, type) VALUES ('630274194205217946', '耿航兰', '耿航兰', true, '78', '19996251165', 0);
INSERT INTO Resident (account, building, unit, room) VALUES ('630274194205217946', 33, 1, 2406);
INSERT INTO User (account, username, name, sex, age, tel, type) VALUES ('374765196706301610', '晁力思', '晁力思', true, '53', '18303783397', 0);
INSERT INTO Resident (account, building, unit, room) VALUES ('374765196706301610', 37, 3, 703);
INSERT INTO User (account, username, name, sex, age, tel, type) VALUES ('463030197005086758', '夏樱正', '夏樱正', false, '50', '18772597356', 0);
INSERT INTO Resident (account, building, unit, room) VALUES ('463030197005086758', 65, 4, 1901);
INSERT INTO User (account, username, name, sex, age, tel, type) VALUES ('452810198503266345', '权泽雯', '权泽雯', false, '35', '14523510861', 0);
INSERT INTO Resident (account, building, unit, room) VALUES ('452810198503266345', 44, 4, 501);
INSERT INTO User (account, username, name, sex, age, tel, type) VALUES ('324162200506018907', '冯建宜', '冯建宜', false, '15', '18006709007', 0);
INSERT INTO Resident (account, building, unit, room) VALUES ('324162200506018907', 63, 8, 1901);
INSERT INTO User (account, username, name, sex, age, tel, type) VALUES ('441549195911024844', '盛辰盈', '盛辰盈', false, '61', '18001874286', 0);
INSERT INTO Resident (account, building, unit, room) VALUES ('441549195911024844', 96, 10, 2303);
INSERT INTO User (account, username, name, sex, age, tel, type) VALUES ('62181219870911526X', '林龙晓', '林龙晓', false, '33', '18011274858', 0);
INSERT INTO Resident (account, building, unit, room) VALUES ('62181219870911526X', 29, 6, 1005);
INSERT INTO User (account, username, name, sex, age, tel, type) VALUES ('821373196202035639', '王翔', '王翔', true, '58', '17566894976', 0);
INSERT INTO Resident (account, building, unit, room) VALUES ('821373196202035639', 45, 1, 1002);
INSERT INTO User (account, username, name, sex, age, tel, type) VALUES ('233234195910181927', '戚睿豪', '戚睿豪', true, '61', '15254412579', 0);
INSERT INTO Resident (account, building, unit, room) VALUES ('233234195910181927', 72, 3, 1404);
INSERT INTO User (account, username, name, sex, age, tel, type) VALUES ('544423192804063501', '邱一', '邱一', true, '92', '18531762903', 0);
INSERT INTO Resident (account, building, unit, room) VALUES ('544423192804063501', 10, 6, 704);
INSERT INTO User (account, username, name, sex, age, tel, type) VALUES ('434287197711138868', '江令樱', '江令樱', false, '43', '18071261901', 0);
INSERT INTO Resident (account, building, unit, room) VALUES ('434287197711138868', 35, 3, 1906);
INSERT INTO User (account, username, name, sex, age, tel, type) VALUES ('314509200909062418', '董馨牧', '董馨牧', false, '11', '18310954143', 0);
INSERT INTO Resident (account, building, unit, room) VALUES ('314509200909062418', 89, 10, 602);
INSERT INTO User (account, username, name, sex, age, tel, type) VALUES ('121246200504237304', '审霄', '审霄', false, '15', '15117289334', 0);
INSERT INTO Resident (account, building, unit, room) VALUES ('121246200504237304', 80, 6, 2906);
INSERT INTO User (account, username, name, sex, age, tel, type) VALUES ('431386195109016007', '曹灯振', '曹灯振', true, '69', '18119088328', 0);
INSERT INTO Resident (account, building, unit, room) VALUES ('431386195109016007', 22, 6, 902);
INSERT INTO User (account, username, name, sex, age, tel, type) VALUES ('314873194701270584', '安炎力', '安炎力', false, '73', '13702455717', 0);
INSERT INTO Resident (account, building, unit, room) VALUES ('314873194701270584', 47, 7, 2104);
INSERT INTO User (account, username, name, sex, age, tel, type) VALUES ('211686198909024024', '金飞', '金飞', true, '31', '13299289264', 0);
INSERT INTO Resident (account, building, unit, room) VALUES ('211686198909024024', 9, 3, 606);
INSERT INTO User (account, username, name, sex, age, tel, type) VALUES ('46485619861023210X', '陆亚', '陆亚', true, '34', '15318316380', 0);
INSERT INTO Resident (account, building, unit, room) VALUES ('46485619861023210X', 85, 1, 1503);
INSERT INTO User (account, username, name, sex, age, tel, type) VALUES ('820198194302102494', '黄樱辰', '黄樱辰', true, '77', '15150568472', 0);
INSERT INTO Resident (account, building, unit, room) VALUES ('820198194302102494', 83, 2, 1903);
INSERT INTO User (account, username, name, sex, age, tel, type) VALUES ('324519199906062618', '杜杰正', '杜杰正', false, '21', '13095296243', 0);
INSERT INTO Resident (account, building, unit, room) VALUES ('324519199906062618', 42, 3, 2404);
INSERT INTO User (account, username, name, sex, age, tel, type) VALUES ('533192194203267788', '姚赛嘉', '姚赛嘉', true, '78', '15697242559', 0);
INSERT INTO Resident (account, building, unit, room) VALUES ('533192194203267788', 42, 10, 2804);
INSERT INTO User (account, username, name, sex, age, tel, type) VALUES ('360495192307184017', '尹天', '尹天', true, '97', '17828809536', 0);
INSERT INTO Resident (account, building, unit, room) VALUES ('360495192307184017', 47, 7, 2504);
INSERT INTO User (account, username, name, sex, age, tel, type) VALUES ('51508519810910191X', '孙民', '孙民', false, '39', '17850714419', 0);
INSERT INTO Resident (account, building, unit, room) VALUES ('51508519810910191X', 77, 7, 1702);
INSERT INTO User (account, username, name, sex, age, tel, type) VALUES ('523843198908128419', '尚帆', '尚帆', true, '31', '18825228527', 0);
INSERT INTO Resident (account, building, unit, room) VALUES ('523843198908128419', 33, 4, 2602);
INSERT INTO User (account, username, name, sex, age, tel, type) VALUES ('14192219750219380X', '麦毅云', '麦毅云', false, '45', '13227788847', 0);
INSERT INTO Resident (account, building, unit, room) VALUES ('14192219750219380X', 64, 6, 1206);
INSERT INTO User (account, username, name, sex, age, tel, type) VALUES ('823075193208062481', '沈言阳', '沈言阳', false, '88', '18270489327', 0);
INSERT INTO Resident (account, building, unit, room) VALUES ('823075193208062481', 8, 2, 1402);
INSERT INTO User (account, username, name, sex, age, tel, type) VALUES ('351082200511280616', '毛静', '毛静', false, '15', '13368106354', 0);
INSERT INTO Resident (account, building, unit, room) VALUES ('351082200511280616', 85, 6, 2805);
INSERT INTO User (account, username, name, sex, age, tel, type) VALUES ('332144201104138962', '付宇', '付宇', true, '9', '19236347972', 0);
INSERT INTO Resident (account, building, unit, room) VALUES ('332144201104138962', 39, 2, 2401);
INSERT INTO User (account, username, name, sex, age, tel, type) VALUES ('330937195912238284', '钱圣', '钱圣', true, '61', '19545184208', 1);
INSERT INTO Committee (account, in_date, is_admin) VALUES ('330937195912238284', '19870312', false);
INSERT INTO User (account, username, name, sex, age, tel, type) VALUES ('46439419261114232X', '傅义', '傅义', false, '94', '18091505039', 0);
INSERT INTO Resident (account, building, unit, room) VALUES ('46439419261114232X', 77, 4, 2406);
INSERT INTO User (account, username, name, sex, age, tel, type) VALUES ('361024199812226338', '刘炎', '刘炎', false, '22', '18608526802', 0);
INSERT INTO Resident (account, building, unit, room) VALUES ('361024199812226338', 84, 10, 2702);
INSERT INTO User (account, username, name, sex, age, tel, type) VALUES ('212201195611280620', '戚英翔', '戚英翔', false, '64', '15182534302', 0);
INSERT INTO Resident (account, building, unit, room) VALUES ('212201195611280620', 49, 1, 2604);
INSERT INTO User (account, username, name, sex, age, tel, type) VALUES ('611737199811220377', '尚力', '尚力', true, '22', '18648125736', 0);
INSERT INTO Resident (account, building, unit, room) VALUES ('611737199811220377', 11, 1, 706);
INSERT INTO User (account, username, name, sex, age, tel, type) VALUES ('822451199606231635', '宫千', '宫千', true, '24', '17231556931', 0);
INSERT INTO Resident (account, building, unit, room) VALUES ('822451199606231635', 18, 8, 2903);
INSERT INTO User (account, username, name, sex, age, tel, type) VALUES ('531517193605306893', '黄牧晓', '黄牧晓', true, '84', '18610384267', 0);
INSERT INTO Resident (account, building, unit, room) VALUES ('531517193605306893', 78, 8, 303);
INSERT INTO User (account, username, name, sex, age, tel, type) VALUES ('123161192601095229', '耿毅', '耿毅', false, '94', '18918264703', 0);
INSERT INTO Resident (account, building, unit, room) VALUES ('123161192601095229', 63, 9, 1703);
INSERT INTO User (account, username, name, sex, age, tel, type) VALUES ('623136195204165632', '钱迅轩', '钱迅轩', true, '68', '19863441872', 0);
INSERT INTO Resident (account, building, unit, room) VALUES ('623136195204165632', 93, 4, 2702);
INSERT INTO User (account, username, name, sex, age, tel, type) VALUES ('312303196607203251', '刘言丹', '刘言丹', true, '54', '15112653870', 0);
INSERT INTO Resident (account, building, unit, room) VALUES ('312303196607203251', 55, 5, 2604);
INSERT INTO User (account, username, name, sex, age, tel, type) VALUES ('623179201401059971', '商源洁', '商源洁', true, '6', '15744419275', 0);
INSERT INTO Resident (account, building, unit, room) VALUES ('623179201401059971', 86, 7, 1306);
INSERT INTO User (account, username, name, sex, age, tel, type) VALUES ('345062198803111879', '郭迅盈', '郭迅盈', false, '32', '14713008575', 0);
INSERT INTO Resident (account, building, unit, room) VALUES ('345062198803111879', 94, 2, 803);
INSERT INTO User (account, username, name, sex, age, tel, type) VALUES ('713951193605019003', '孙菲灯', '孙菲灯', true, '84', '13293837728', 0);
INSERT INTO Resident (account, building, unit, room) VALUES ('713951193605019003', 57, 10, 903);
INSERT INTO User (account, username, name, sex, age, tel, type) VALUES ('373253200511085465', '刘樱舒', '刘樱舒', true, '15', '13272606765', 0);
INSERT INTO Resident (account, building, unit, room) VALUES ('373253200511085465', 10, 4, 901);
INSERT INTO User (account, username, name, sex, age, tel, type) VALUES ('153597197510135300', '孟子佳', '孟子佳', false, '45', '13929074178', 0);
INSERT INTO Resident (account, building, unit, room) VALUES ('153597197510135300', 13, 4, 2303);
INSERT INTO User (account, username, name, sex, age, tel, type) VALUES ('634976193503013786', '史建有', '史建有', true, '85', '15369902195', 0);
INSERT INTO Resident (account, building, unit, room) VALUES ('634976193503013786', 12, 4, 904);
INSERT INTO User (account, username, name, sex, age, tel, type) VALUES ('333822198911037118', '康嘉腾', '康嘉腾', false, '31', '19517072721', 0);
INSERT INTO Resident (account, building, unit, room) VALUES ('333822198911037118', 21, 1, 902);
INSERT INTO User (account, username, name, sex, age, tel, type) VALUES ('430976195403194614', '杜诺', '杜诺', false, '66', '13482757941', 0);
INSERT INTO Resident (account, building, unit, room) VALUES ('430976195403194614', 74, 7, 1602);
INSERT INTO User (account, username, name, sex, age, tel, type) VALUES ('133594196012110240', '吉樱泽', '吉樱泽', false, '60', '18479198377', 0);
INSERT INTO Resident (account, building, unit, room) VALUES ('133594196012110240', 63, 2, 903);
INSERT INTO User (account, username, name, sex, age, tel, type) VALUES ('711033201210202209', '王宜', '王宜', false, '8', '17648162077', 0);
INSERT INTO Resident (account, building, unit, room) VALUES ('711033201210202209', 96, 1, 1903);
INSERT INTO User (account, username, name, sex, age, tel, type) VALUES ('333376193104209891', '黄新', '黄新', false, '89', '13781451413', 0);
INSERT INTO Resident (account, building, unit, room) VALUES ('333376193104209891', 37, 9, 2605);
INSERT INTO User (account, username, name, sex, age, tel, type) VALUES ('112581194401069708', '张言', '张言', true, '76', '18781688390', 0);
INSERT INTO Resident (account, building, unit, room) VALUES ('112581194401069708', 95, 4, 2702);
INSERT INTO User (account, username, name, sex, age, tel, type) VALUES ('114077200810167581', '宫中广', '宫中广', true, '12', '18148114560', 1);
INSERT INTO Committee (account, in_date, is_admin) VALUES ('114077200810167581', '20270628', false);
INSERT INTO User (account, username, name, sex, age, tel, type) VALUES ('352637196102266880', '沈淘灯', '沈淘灯', false, '59', '19226979695', 0);
INSERT INTO Resident (account, building, unit, room) VALUES ('352637196102266880', 93, 9, 1505);
INSERT INTO User (account, username, name, sex, age, tel, type) VALUES ('31212919500409800X', '安嘉良', '安嘉良', false, '70', '15395194874', 0);
INSERT INTO Resident (account, building, unit, room) VALUES ('31212919500409800X', 32, 1, 1104);
INSERT INTO User (account, username, name, sex, age, tel, type) VALUES ('32335919450824093X', '陆菲硕', '陆菲硕', false, '75', '18110738704', 0);
INSERT INTO Resident (account, building, unit, room) VALUES ('32335919450824093X', 28, 10, 1505);
INSERT INTO User (account, username, name, sex, age, tel, type) VALUES ('520366197009010242', '严赛', '严赛', false, '50', '18869336945', 0);
INSERT INTO Resident (account, building, unit, room) VALUES ('520366197009010242', 100, 9, 2906);
INSERT INTO User (account, username, name, sex, age, tel, type) VALUES ('624777196101153171', '仲露雨', '仲露雨', false, '59', '17867407574', 0);
INSERT INTO Resident (account, building, unit, room) VALUES ('624777196101153171', 5, 2, 2602);
INSERT INTO User (account, username, name, sex, age, tel, type) VALUES ('532323200907074683', '高奇广', '高奇广', false, '11', '13024596999', 0);
INSERT INTO Resident (account, building, unit, room) VALUES ('532323200907074683', 69, 5, 1106);
INSERT INTO User (account, username, name, sex, age, tel, type) VALUES ('821701193108027698', '范帆飞', '范帆飞', true, '89', '17872997932', 0);
INSERT INTO Resident (account, building, unit, room) VALUES ('821701193108027698', 97, 1, 1404);
INSERT INTO User (account, username, name, sex, age, tel, type) VALUES ('651442196308318662', '杜舒凡', '杜舒凡', true, '57', '15719781262', 0);
INSERT INTO Resident (account, building, unit, room) VALUES ('651442196308318662', 41, 6, 1803);
INSERT INTO User (account, username, name, sex, age, tel, type) VALUES ('372436193907292697', '裴炎子', '裴炎子', false, '81', '13617035508', 0);
INSERT INTO Resident (account, building, unit, room) VALUES ('372436193907292697', 67, 10, 205);
INSERT INTO User (account, username, name, sex, age, tel, type) VALUES ('313051193703278243', '寻翔', '寻翔', true, '83', '15920115590', 0);
INSERT INTO Resident (account, building, unit, room) VALUES ('313051193703278243', 96, 3, 502);
INSERT INTO User (account, username, name, sex, age, tel, type) VALUES ('342587199007173361', '曹良', '曹良', true, '30', '19078759257', 0);
INSERT INTO Resident (account, building, unit, room) VALUES ('342587199007173361', 88, 10, 1706);
INSERT INTO User (account, username, name, sex, age, tel, type) VALUES ('643342197309237824', '昌龙嘉', '昌龙嘉', false, '47', '18801356643', 0);
INSERT INTO Resident (account, building, unit, room) VALUES ('643342197309237824', 71, 10, 702);
INSERT INTO User (account, username, name, sex, age, tel, type) VALUES ('644109192506249415', '陆帆霄', '陆帆霄', false, '95', '14538124076', 0);
INSERT INTO Resident (account, building, unit, room) VALUES ('644109192506249415', 97, 10, 1404);
INSERT INTO User (account, username, name, sex, age, tel, type) VALUES ('324047194012306094', '夏言令', '夏言令', false, '80', '13632268034', 0);
INSERT INTO Resident (account, building, unit, room) VALUES ('324047194012306094', 35, 5, 2204);
INSERT INTO User (account, username, name, sex, age, tel, type) VALUES ('650215196204237900', '王伟阳', '王伟阳', false, '58', '17303869670', 0);
INSERT INTO Resident (account, building, unit, room) VALUES ('650215196204237900', 40, 4, 2203);
INSERT INTO User (account, username, name, sex, age, tel, type) VALUES ('212738192708289343', '邱凡', '邱凡', true, '93', '19967543434', 0);
INSERT INTO Resident (account, building, unit, room) VALUES ('212738192708289343', 41, 4, 1505);
INSERT INTO User (account, username, name, sex, age, tel, type) VALUES ('50410519460521143X', '郭哲迅', '郭哲迅', false, '74', '18076507885', 0);
INSERT INTO Resident (account, building, unit, room) VALUES ('50410519460521143X', 15, 1, 2006);
INSERT INTO User (account, username, name, sex, age, tel, type) VALUES ('450393193103023230', '部宜霄', '部宜霄', true, '89', '19351834622', 0);
INSERT INTO Resident (account, building, unit, room) VALUES ('450393193103023230', 67, 1, 2305);
INSERT INTO User (account, username, name, sex, age, tel, type) VALUES ('633540197912040595', '周宜', '周宜', false, '41', '14572516306', 1);
INSERT INTO Committee (account, in_date, is_admin) VALUES ('633540197912040595', '20090216', false);
INSERT INTO User (account, username, name, sex, age, tel, type) VALUES ('520939197601045360', '陆诺', '陆诺', true, '44', '17272883094', 0);
INSERT INTO Resident (account, building, unit, room) VALUES ('520939197601045360', 35, 6, 1103);
INSERT INTO User (account, username, name, sex, age, tel, type) VALUES ('113995197006127250', '杨令可', '杨令可', true, '50', '15699167787', 0);
INSERT INTO Resident (account, building, unit, room) VALUES ('113995197006127250', 11, 2, 902);
INSERT INTO User (account, username, name, sex, age, tel, type) VALUES ('613339193403162458', '江煜云', '江煜云', false, '86', '17574823566', 0);
INSERT INTO Resident (account, building, unit, room) VALUES ('613339193403162458', 92, 10, 1805);
INSERT INTO User (account, username, name, sex, age, tel, type) VALUES ('622210195908199393', '燕良', '燕良', false, '61', '15107457356', 0);
INSERT INTO Resident (account, building, unit, room) VALUES ('622210195908199393', 100, 4, 1905);
INSERT INTO User (account, username, name, sex, age, tel, type) VALUES ('334935197410102220', '许静兮', '许静兮', true, '46', '18417976918', 0);
INSERT INTO Resident (account, building, unit, room) VALUES ('334935197410102220', 74, 8, 403);
INSERT INTO User (account, username, name, sex, age, tel, type) VALUES ('444439193710054219', '燕千丹', '燕千丹', true, '83', '18911098278', 0);
INSERT INTO Resident (account, building, unit, room) VALUES ('444439193710054219', 85, 10, 1305);
INSERT INTO User (account, username, name, sex, age, tel, type) VALUES ('320219194003054699', '寻丹思', '寻丹思', false, '80', '18332394240', 0);
INSERT INTO Resident (account, building, unit, room) VALUES ('320219194003054699', 55, 9, 2403);
INSERT INTO User (account, username, name, sex, age, tel, type) VALUES ('414449199712130617', '钱翔翔', '钱翔翔', true, '23', '15875178860', 0);
INSERT INTO Resident (account, building, unit, room) VALUES ('414449199712130617', 14, 3, 2004);
INSERT INTO User (account, username, name, sex, age, tel, type) VALUES ('614299201204264006', '吴雯晓', '吴雯晓', true, '8', '13896889369', 0);
INSERT INTO Resident (account, building, unit, room) VALUES ('614299201204264006', 44, 1, 1601);
INSERT INTO User (account, username, name, sex, age, tel, type) VALUES ('350257194709092121', '楚义霖', '楚义霖', false, '73', '15520517126', 0);
INSERT INTO Resident (account, building, unit, room) VALUES ('350257194709092121', 9, 1, 2302);
INSERT INTO User (account, username, name, sex, age, tel, type) VALUES ('340334200808173395', '柳一奕', '柳一奕', false, '12', '13747491043', 0);
INSERT INTO Resident (account, building, unit, room) VALUES ('340334200808173395', 68, 5, 705);
INSERT INTO User (account, username, name, sex, age, tel, type) VALUES ('444336199104110901', '任兰露', '任兰露', true, '29', '18659076659', 0);
INSERT INTO Resident (account, building, unit, room) VALUES ('444336199104110901', 8, 1, 2002);
INSERT INTO User (account, username, name, sex, age, tel, type) VALUES ('112338199512256249', '盛中淘', '盛中淘', false, '25', '19396490025', 0);
INSERT INTO Resident (account, building, unit, room) VALUES ('112338199512256249', 93, 10, 1105);
INSERT INTO User (account, username, name, sex, age, tel, type) VALUES ('502532199008106368', '山立畅', '山立畅', true, '30', '19791186081', 0);
INSERT INTO Resident (account, building, unit, room) VALUES ('502532199008106368', 57, 5, 2704);
INSERT INTO User (account, username, name, sex, age, tel, type) VALUES ('434918201304167590', '范哲翔', '范哲翔', false, '7', '14910181205', 0);
INSERT INTO Resident (account, building, unit, room) VALUES ('434918201304167590', 45, 5, 602);
INSERT INTO User (account, username, name, sex, age, tel, type) VALUES ('424319198705160341', '代音', '代音', true, '33', '13911054942', 0);
INSERT INTO Resident (account, building, unit, room) VALUES ('424319198705160341', 39, 4, 2606);
INSERT INTO User (account, username, name, sex, age, tel, type) VALUES ('122730199608077773', '夏煜洁', '夏煜洁', false, '24', '18124853262', 0);
INSERT INTO Resident (account, building, unit, room) VALUES ('122730199608077773', 30, 4, 1405);
INSERT INTO User (account, username, name, sex, age, tel, type) VALUES ('223937196306171546', '侯柏', '侯柏', true, '57', '14947353525', 0);
INSERT INTO Resident (account, building, unit, room) VALUES ('223937196306171546', 36, 4, 2703);
INSERT INTO User (account, username, name, sex, age, tel, type) VALUES ('452814192410199191', '葛振帆', '葛振帆', true, '96', '19619107529', 0);
INSERT INTO Resident (account, building, unit, room) VALUES ('452814192410199191', 66, 2, 704);
INSERT INTO User (account, username, name, sex, age, tel, type) VALUES ('12364119810125499X', '赵中亚', '赵中亚', true, '39', '19399810450', 0);
INSERT INTO Resident (account, building, unit, room) VALUES ('12364119810125499X', 3, 6, 2206);
INSERT INTO User (account, username, name, sex, age, tel, type) VALUES ('133714196501154393', '曹轩', '曹轩', false, '55', '15105357782', 0);
INSERT INTO Resident (account, building, unit, room) VALUES ('133714196501154393', 67, 2, 1102);
INSERT INTO User (account, username, name, sex, age, tel, type) VALUES ('501480198310162570', '吴雨洁', '吴雨洁', false, '37', '17821698692', 0);
INSERT INTO Resident (account, building, unit, room) VALUES ('501480198310162570', 11, 2, 1902);
INSERT INTO User (account, username, name, sex, age, tel, type) VALUES ('710465200312295197', '董冠旭', '董冠旭', false, '17', '18545408283', 0);
INSERT INTO Resident (account, building, unit, room) VALUES ('710465200312295197', 35, 4, 2704);
INSERT INTO User (account, username, name, sex, age, tel, type) VALUES ('540919197307307944', '代凡', '代凡', true, '47', '18013249338', 0);
INSERT INTO Resident (account, building, unit, room) VALUES ('540919197307307944', 14, 3, 702);
INSERT INTO User (account, username, name, sex, age, tel, type) VALUES ('215077198009106838', '杨昕豪', '杨昕豪', true, '40', '19886128166', 0);
INSERT INTO Resident (account, building, unit, room) VALUES ('215077198009106838', 41, 4, 1103);
INSERT INTO User (account, username, name, sex, age, tel, type) VALUES ('324553197105141763', '胡润雅', '胡润雅', false, '49', '18655274776', 0);
INSERT INTO Resident (account, building, unit, room) VALUES ('324553197105141763', 81, 2, 706);
INSERT INTO User (account, username, name, sex, age, tel, type) VALUES ('332441199802043994', '胡舒阳', '胡舒阳', true, '22', '13174089533', 0);
INSERT INTO Resident (account, building, unit, room) VALUES ('332441199802043994', 64, 6, 903);
INSERT INTO User (account, username, name, sex, age, tel, type) VALUES ('541254197204086484', '柳阳兮', '柳阳兮', true, '48', '15066057732', 0);
INSERT INTO Resident (account, building, unit, room) VALUES ('541254197204086484', 56, 3, 2006);
INSERT INTO User (account, username, name, sex, age, tel, type) VALUES ('212960194009052651', '符立赛', '符立赛', false, '80', '15975703994', 0);
INSERT INTO Resident (account, building, unit, room) VALUES ('212960194009052651', 73, 3, 1306);
INSERT INTO User (account, username, name, sex, age, tel, type) VALUES ('444109198610263703', '董广帆', '董广帆', true, '34', '14734427183', 0);
INSERT INTO Resident (account, building, unit, room) VALUES ('444109198610263703', 93, 3, 1206);
INSERT INTO User (account, username, name, sex, age, tel, type) VALUES ('522196197012130504', '楚建琦', '楚建琦', false, '50', '13553474241', 0);
INSERT INTO Resident (account, building, unit, room) VALUES ('522196197012130504', 57, 1, 705);
INSERT INTO User (account, username, name, sex, age, tel, type) VALUES ('533596193402280044', '代凡子', '代凡子', false, '86', '15864019734', 0);
INSERT INTO Resident (account, building, unit, room) VALUES ('533596193402280044', 76, 1, 2405);
INSERT INTO User (account, username, name, sex, age, tel, type) VALUES ('131772199510245046', '龚民赛', '龚民赛', false, '25', '18917577051', 0);
INSERT INTO Resident (account, building, unit, room) VALUES ('131772199510245046', 34, 9, 1705);
INSERT INTO User (account, username, name, sex, age, tel, type) VALUES ('233836195907233199', '完颜新', '完颜新', false, '61', '13692409568', 0);
INSERT INTO Resident (account, building, unit, room) VALUES ('233836195907233199', 40, 4, 902);
INSERT INTO User (account, username, name, sex, age, tel, type) VALUES ('540512201109261974', '殷振', '殷振', false, '9', '19137056999', 0);
INSERT INTO Resident (account, building, unit, room) VALUES ('540512201109261974', 18, 8, 2303);
INSERT INTO User (account, username, name, sex, age, tel, type) VALUES ('534025193111027231', '山航', '山航', true, '89', '15038579242', 0);
INSERT INTO Resident (account, building, unit, room) VALUES ('534025193111027231', 75, 6, 1304);
INSERT INTO User (account, username, name, sex, age, tel, type) VALUES ('641416193912077449', '麦兰', '麦兰', true, '81', '19170145847', 0);
INSERT INTO Resident (account, building, unit, room) VALUES ('641416193912077449', 44, 10, 1104);
INSERT INTO User (account, username, name, sex, age, tel, type) VALUES ('463451195107294119', '范琦', '范琦', false, '69', '18976671125', 0);
INSERT INTO Resident (account, building, unit, room) VALUES ('463451195107294119', 77, 1, 1903);
INSERT INTO User (account, username, name, sex, age, tel, type) VALUES ('344625199708225712', '范凌', '范凌', true, '23', '19766574051', 0);
INSERT INTO Resident (account, building, unit, room) VALUES ('344625199708225712', 11, 6, 2202);
INSERT INTO User (account, username, name, sex, age, tel, type) VALUES ('363209199507139745', '武桐润', '武桐润', false, '25', '18190749827', 0);
INSERT INTO Resident (account, building, unit, room) VALUES ('363209199507139745', 84, 8, 602);
INSERT INTO User (account, username, name, sex, age, tel, type) VALUES ('213603196006121865', '代飞', '代飞', false, '60', '15562283494', 0);
INSERT INTO Resident (account, building, unit, room) VALUES ('213603196006121865', 79, 3, 2404);
INSERT INTO User (account, username, name, sex, age, tel, type) VALUES ('461944194011095835', '米朋', '米朋', true, '80', '13841078836', 0);
INSERT INTO Resident (account, building, unit, room) VALUES ('461944194011095835', 46, 8, 601);
INSERT INTO User (account, username, name, sex, age, tel, type) VALUES ('131070196805210006', '山正', '山正', false, '52', '19245989181', 0);
INSERT INTO Resident (account, building, unit, room) VALUES ('131070196805210006', 41, 10, 1003);
INSERT INTO User (account, username, name, sex, age, tel, type) VALUES ('422179193807195093', '王颖', '王颖', true, '82', '15888597086', 0);
INSERT INTO Resident (account, building, unit, room) VALUES ('422179193807195093', 85, 10, 203);
INSERT INTO User (account, username, name, sex, age, tel, type) VALUES ('822470199109120332', '秦佳可', '秦佳可', false, '29', '19210134117', 0);
INSERT INTO Resident (account, building, unit, room) VALUES ('822470199109120332', 66, 1, 1402);
INSERT INTO User (account, username, name, sex, age, tel, type) VALUES ('541285193002255423', '吴丹', '吴丹', false, '90', '18238477738', 0);
INSERT INTO Resident (account, building, unit, room) VALUES ('541285193002255423', 23, 10, 2205);
INSERT INTO User (account, username, name, sex, age, tel, type) VALUES ('65434319880109750X', '傅雨子', '傅雨子', false, '32', '18696080396', 0);
INSERT INTO Resident (account, building, unit, room) VALUES ('65434319880109750X', 13, 8, 1401);
INSERT INTO User (account, username, name, sex, age, tel, type) VALUES ('121271200607055870', '侯宇润', '侯宇润', false, '14', '15196829988', 0);
INSERT INTO Resident (account, building, unit, room) VALUES ('121271200607055870', 31, 6, 2905);
INSERT INTO User (account, username, name, sex, age, tel, type) VALUES ('143631195106119991', '夏新灯', '夏新灯', true, '69', '18281450632', 0);
INSERT INTO Resident (account, building, unit, room) VALUES ('143631195106119991', 49, 8, 2202);
INSERT INTO User (account, username, name, sex, age, tel, type) VALUES ('631360195007130879', '张本', '张本', true, '70', '15999617079', 0);
INSERT INTO Resident (account, building, unit, room) VALUES ('631360195007130879', 95, 6, 801);
INSERT INTO User (account, username, name, sex, age, tel, type) VALUES ('22013219830816239X', '吕奕', '吕奕', false, '37', '13562535926', 0);
INSERT INTO Resident (account, building, unit, room) VALUES ('22013219830816239X', 1, 7, 1902);
INSERT INTO User (account, username, name, sex, age, tel, type) VALUES ('53185919610204029X', '於佳正', '於佳正', true, '59', '19546200494', 0);
INSERT INTO Resident (account, building, unit, room) VALUES ('53185919610204029X', 84, 3, 1604);
INSERT INTO User (account, username, name, sex, age, tel, type) VALUES ('821673197704294707', '齐灯嘉', '齐灯嘉', false, '43', '19253323420', 0);
INSERT INTO Resident (account, building, unit, room) VALUES ('821673197704294707', 53, 2, 801);
INSERT INTO User (account, username, name, sex, age, tel, type) VALUES ('341333194303294410', '邱霖霄', '邱霖霄', true, '77', '15683003206', 0);
INSERT INTO Resident (account, building, unit, room) VALUES ('341333194303294410', 24, 1, 1005);
INSERT INTO User (account, username, name, sex, age, tel, type) VALUES ('454694196308240604', '齐硕萌', '齐硕萌', false, '57', '18095102499', 0);
INSERT INTO Resident (account, building, unit, room) VALUES ('454694196308240604', 22, 2, 2804);
INSERT INTO User (account, username, name, sex, age, tel, type) VALUES ('370841200603294085', '童柏可', '童柏可', true, '14', '16628366332', 0);
INSERT INTO Resident (account, building, unit, room) VALUES ('370841200603294085', 90, 10, 2902);
INSERT INTO User (account, username, name, sex, age, tel, type) VALUES ('464906194501316116', '文兮奇', '文兮奇', true, '75', '17336765888', 0);
INSERT INTO Resident (account, building, unit, room) VALUES ('464906194501316116', 58, 5, 2703);
INSERT INTO User (account, username, name, sex, age, tel, type) VALUES ('334678200011181331', '部哲英', '部哲英', false, '20', '13516933010', 0);
INSERT INTO Resident (account, building, unit, room) VALUES ('334678200011181331', 92, 3, 2406);
INSERT INTO User (account, username, name, sex, age, tel, type) VALUES ('42283119640103785X', '牛新馨', '牛新馨', false, '56', '13199741440', 0);
INSERT INTO Resident (account, building, unit, room) VALUES ('42283119640103785X', 2, 2, 502);
INSERT INTO User (account, username, name, sex, age, tel, type) VALUES ('330609195003075816', '张润天', '张润天', false, '70', '13231814382', 0);
INSERT INTO Resident (account, building, unit, room) VALUES ('330609195003075816', 92, 2, 403);
INSERT INTO User (account, username, name, sex, age, tel, type) VALUES ('432260194202080386', '曲龙', '曲龙', true, '78', '18965991426', 0);
INSERT INTO Resident (account, building, unit, room) VALUES ('432260194202080386', 46, 1, 605);
INSERT INTO User (account, username, name, sex, age, tel, type) VALUES ('332880195902073193', '盛畅立', '盛畅立', true, '61', '17811049337', 0);
INSERT INTO Resident (account, building, unit, room) VALUES ('332880195902073193', 35, 3, 1302);
INSERT INTO User (account, username, name, sex, age, tel, type) VALUES ('710687201008130313', '赵圆炜', '赵圆炜', false, '10', '19861894608', 0);
INSERT INTO Resident (account, building, unit, room) VALUES ('710687201008130313', 3, 7, 2202);
INSERT INTO User (account, username, name, sex, age, tel, type) VALUES ('37200119720630223X', '沈丹诺', '沈丹诺', true, '48', '17297935191', 0);
INSERT INTO Resident (account, building, unit, room) VALUES ('37200119720630223X', 33, 3, 1404);
INSERT INTO User (account, username, name, sex, age, tel, type) VALUES ('711824194108107402', '赵力旭', '赵力旭', true, '79', '18237800569', 0);
INSERT INTO Resident (account, building, unit, room) VALUES ('711824194108107402', 11, 2, 602);
INSERT INTO User (account, username, name, sex, age, tel, type) VALUES ('521818200602185641', '晁义建', '晁义建', true, '14', '18045664409', 0);
INSERT INTO Resident (account, building, unit, room) VALUES ('521818200602185641', 100, 7, 2004);
INSERT INTO User (account, username, name, sex, age, tel, type) VALUES ('151407195510314905', '米振昕', '米振昕', true, '65', '13880690503', 0);
INSERT INTO Resident (account, building, unit, room) VALUES ('151407195510314905', 19, 8, 701);
INSERT INTO User (account, username, name, sex, age, tel, type) VALUES ('444839195607233131', '燕昕', '燕昕', false, '64', '13962917718', 0);
INSERT INTO Resident (account, building, unit, room) VALUES ('444839195607233131', 2, 4, 2405);
INSERT INTO User (account, username, name, sex, age, tel, type) VALUES ('360465195101070745', '侯雯', '侯雯', false, '69', '19040539341', 0);
INSERT INTO Resident (account, building, unit, room) VALUES ('360465195101070745', 93, 6, 1902);
INSERT INTO User (account, username, name, sex, age, tel, type) VALUES ('224374201109198422', '付凡', '付凡', true, '9', '17289403857', 0);
INSERT INTO Resident (account, building, unit, room) VALUES ('224374201109198422', 67, 2, 2002);
INSERT INTO User (account, username, name, sex, age, tel, type) VALUES ('642671194505067183', '东方思民', '东方思民', false, '75', '18311554331', 0);
INSERT INTO Resident (account, building, unit, room) VALUES ('642671194505067183', 81, 7, 1901);
INSERT INTO User (account, username, name, sex, age, tel, type) VALUES ('234131195206030562', '刘新', '刘新', true, '68', '19065661121', 0);
INSERT INTO Resident (account, building, unit, room) VALUES ('234131195206030562', 63, 3, 1702);
INSERT INTO User (account, username, name, sex, age, tel, type) VALUES ('424706199406083576', '隽奕', '隽奕', false, '26', '13716930568', 0);
INSERT INTO Resident (account, building, unit, room) VALUES ('424706199406083576', 93, 7, 906);
INSERT INTO User (account, username, name, sex, age, tel, type) VALUES ('431985199608274666', '武晓', '武晓', false, '24', '13166666647', 0);
INSERT INTO Resident (account, building, unit, room) VALUES ('431985199608274666', 67, 10, 1701);
INSERT INTO User (account, username, name, sex, age, tel, type) VALUES ('823004195703307670', '邱义', '邱义', false, '63', '13460369131', 0);
INSERT INTO Resident (account, building, unit, room) VALUES ('823004195703307670', 95, 3, 2106);
INSERT INTO User (account, username, name, sex, age, tel, type) VALUES ('710851197001103336', '葛萌', '葛萌', true, '50', '19951721004', 0);
INSERT INTO Resident (account, building, unit, room) VALUES ('710851197001103336', 37, 5, 504);
INSERT INTO User (account, username, name, sex, age, tel, type) VALUES ('431636197411202819', '吴冠亚', '吴冠亚', true, '46', '15999070769', 0);
INSERT INTO Resident (account, building, unit, room) VALUES ('431636197411202819', 19, 7, 2804);
INSERT INTO User (account, username, name, sex, age, tel, type) VALUES ('61428520110412926X', '邵倨云', '邵倨云', true, '9', '19350150569', 0);
INSERT INTO Resident (account, building, unit, room) VALUES ('61428520110412926X', 74, 5, 2006);
INSERT INTO User (account, username, name, sex, age, tel, type) VALUES ('610139195006269718', '金正', '金正', true, '70', '17619247521', 0);
INSERT INTO Resident (account, building, unit, room) VALUES ('610139195006269718', 61, 10, 1906);
INSERT INTO User (account, username, name, sex, age, tel, type) VALUES ('215017194110227745', '季龙', '季龙', false, '79', '19903288626', 0);
INSERT INTO Resident (account, building, unit, room) VALUES ('215017194110227745', 91, 9, 1403);
INSERT INTO User (account, username, name, sex, age, tel, type) VALUES ('312240195505219928', '林哲敏', '林哲敏', true, '65', '18653118848', 0);
INSERT INTO Resident (account, building, unit, room) VALUES ('312240195505219928', 66, 2, 305);
INSERT INTO User (account, username, name, sex, age, tel, type) VALUES ('461722197112254739', '尹飞迅', '尹飞迅', true, '49', '18078697519', 0);
INSERT INTO Resident (account, building, unit, room) VALUES ('461722197112254739', 32, 2, 2602);
INSERT INTO User (account, username, name, sex, age, tel, type) VALUES ('131332195904093374', '毕凡兮', '毕凡兮', true, '61', '18492720334', 0);
INSERT INTO Resident (account, building, unit, room) VALUES ('131332195904093374', 57, 10, 206);
INSERT INTO User (account, username, name, sex, age, tel, type) VALUES ('131138200112181536', '钱义馨', '钱义馨', true, '19', '18619398000', 0);
INSERT INTO Resident (account, building, unit, room) VALUES ('131138200112181536', 95, 7, 1806);
INSERT INTO User (account, username, name, sex, age, tel, type) VALUES ('130108197910024586', '曹旭', '曹旭', true, '41', '17365500241', 0);
INSERT INTO Resident (account, building, unit, room) VALUES ('130108197910024586', 5, 10, 1501);
INSERT INTO User (account, username, name, sex, age, tel, type) VALUES ('432595200909303534', '康硕', '康硕', false, '11', '19986598733', 0);
INSERT INTO Resident (account, building, unit, room) VALUES ('432595200909303534', 69, 8, 606);
INSERT INTO User (account, username, name, sex, age, tel, type) VALUES ('502603200105253091', '巩晓一', '巩晓一', true, '19', '13614534465', 0);
INSERT INTO Resident (account, building, unit, room) VALUES ('502603200105253091', 63, 7, 2702);
INSERT INTO User (account, username, name, sex, age, tel, type) VALUES ('454744201403315180', '审言润', '审言润', true, '6', '15564376394', 0);
INSERT INTO Resident (account, building, unit, room) VALUES ('454744201403315180', 52, 7, 201);
INSERT INTO User (account, username, name, sex, age, tel, type) VALUES ('222438197307045221', '燕润帆', '燕润帆', true, '47', '15823875890', 0);
INSERT INTO Resident (account, building, unit, room) VALUES ('222438197307045221', 82, 7, 2901);
INSERT INTO User (account, username, name, sex, age, tel, type) VALUES ('350546197603075646', '胡杰千', '胡杰千', true, '44', '17329378198', 0);
INSERT INTO Resident (account, building, unit, room) VALUES ('350546197603075646', 98, 7, 1203);
INSERT INTO User (account, username, name, sex, age, tel, type) VALUES ('453161192710088775', '余夫琦', '余夫琦', false, '93', '13367879406', 0);
INSERT INTO Resident (account, building, unit, room) VALUES ('453161192710088775', 28, 3, 1806);
INSERT INTO User (account, username, name, sex, age, tel, type) VALUES ('352611196010019393', '尹静奇', '尹静奇', false, '60', '19250716573', 0);
INSERT INTO Resident (account, building, unit, room) VALUES ('352611196010019393', 85, 1, 2202);
INSERT INTO User (account, username, name, sex, age, tel, type) VALUES ('510120198607030448', '严正', '严正', false, '34', '13090233038', 0);
INSERT INTO Resident (account, building, unit, room) VALUES ('510120198607030448', 17, 1, 302);
INSERT INTO User (account, username, name, sex, age, tel, type) VALUES ('143206197805034683', '黄令旭', '黄令旭', false, '42', '13393090053', 0);
INSERT INTO Resident (account, building, unit, room) VALUES ('143206197805034683', 74, 8, 2102);
INSERT INTO User (account, username, name, sex, age, tel, type) VALUES ('640638196705262353', '高辰英', '高辰英', true, '53', '15811135200', 0);
INSERT INTO Resident (account, building, unit, room) VALUES ('640638196705262353', 62, 10, 1405);
INSERT INTO User (account, username, name, sex, age, tel, type) VALUES ('652469197705048522', '代奇盈', '代奇盈', false, '43', '18736066507', 0);
INSERT INTO Resident (account, building, unit, room) VALUES ('652469197705048522', 96, 10, 904);
INSERT INTO User (account, username, name, sex, age, tel, type) VALUES ('453616198810232885', '商薪宜', '商薪宜', true, '32', '19674755220', 0);
INSERT INTO Resident (account, building, unit, room) VALUES ('453616198810232885', 50, 4, 1901);
INSERT INTO User (account, username, name, sex, age, tel, type) VALUES ('631652200007080584', '审萌泽', '审萌泽', true, '20', '19067549587', 0);
INSERT INTO Resident (account, building, unit, room) VALUES ('631652200007080584', 12, 5, 2101);
INSERT INTO User (account, username, name, sex, age, tel, type) VALUES ('811520196210267948', '欧宜凡', '欧宜凡', false, '58', '13391960850', 0);
INSERT INTO Resident (account, building, unit, room) VALUES ('811520196210267948', 48, 5, 1302);
INSERT INTO User (account, username, name, sex, age, tel, type) VALUES ('143386198003292003', '崔霖英', '崔霖英', true, '40', '17690815063', 0);
INSERT INTO Resident (account, building, unit, room) VALUES ('143386198003292003', 71, 1, 603);
INSERT INTO User (account, username, name, sex, age, tel, type) VALUES ('412861199906079131', '欧阳凡', '欧阳凡', true, '21', '15915290890', 0);
INSERT INTO Resident (account, building, unit, room) VALUES ('412861199906079131', 17, 10, 1606);
INSERT INTO User (account, username, name, sex, age, tel, type) VALUES ('14287619591210671X', '杨诺倨', '杨诺倨', true, '61', '19613043664', 0);
INSERT INTO Resident (account, building, unit, room) VALUES ('14287619591210671X', 75, 4, 602);
INSERT INTO User (account, username, name, sex, age, tel, type) VALUES ('622025193609068936', '文圣睿', '文圣睿', false, '84', '18512147003', 0);
INSERT INTO Resident (account, building, unit, room) VALUES ('622025193609068936', 77, 1, 506);
INSERT INTO User (account, username, name, sex, age, tel, type) VALUES ('343470192702274367', '宋阳', '宋阳', true, '93', '18337809322', 0);
INSERT INTO Resident (account, building, unit, room) VALUES ('343470192702274367', 36, 7, 1802);
INSERT INTO User (account, username, name, sex, age, tel, type) VALUES ('440697194503184671', '耿令音', '耿令音', true, '75', '15215225755', 0);
INSERT INTO Resident (account, building, unit, room) VALUES ('440697194503184671', 67, 9, 206);
INSERT INTO User (account, username, name, sex, age, tel, type) VALUES ('512039197107187517', '臧飞子', '臧飞子', true, '49', '16655833374', 0);
INSERT INTO Resident (account, building, unit, room) VALUES ('512039197107187517', 66, 1, 603);
INSERT INTO User (account, username, name, sex, age, tel, type) VALUES ('372744200009149013', '金洁', '金洁', false, '20', '15694823342', 0);
INSERT INTO Resident (account, building, unit, room) VALUES ('372744200009149013', 48, 3, 2605);
INSERT INTO User (account, username, name, sex, age, tel, type) VALUES ('514912198111144042', '符诺凡', '符诺凡', false, '39', '18814710598', 0);
INSERT INTO Resident (account, building, unit, room) VALUES ('514912198111144042', 19, 1, 1306);
INSERT INTO User (account, username, name, sex, age, tel, type) VALUES ('15017919671221454X', '高中菲', '高中菲', false, '53', '18383420728', 0);
INSERT INTO Resident (account, building, unit, room) VALUES ('15017919671221454X', 17, 6, 1906);
INSERT INTO User (account, username, name, sex, age, tel, type) VALUES ('34344619451022278X', '黄淘毅', '黄淘毅', true, '75', '14589356151', 0);
INSERT INTO Resident (account, building, unit, room) VALUES ('34344619451022278X', 40, 4, 2006);
INSERT INTO User (account, username, name, sex, age, tel, type) VALUES ('334047198810112441', '陈千霖', '陈千霖', false, '32', '16650485572', 0);
INSERT INTO Resident (account, building, unit, room) VALUES ('334047198810112441', 39, 5, 2606);
INSERT INTO User (account, username, name, sex, age, tel, type) VALUES ('644464196209222129', '刘丹夫', '刘丹夫', false, '58', '19242929959', 0);
INSERT INTO Resident (account, building, unit, room) VALUES ('644464196209222129', 1, 4, 804);
INSERT INTO User (account, username, name, sex, age, tel, type) VALUES ('135001195202158904', '晁灯', '晁灯', true, '68', '13855539531', 0);
INSERT INTO Resident (account, building, unit, room) VALUES ('135001195202158904', 21, 10, 202);
INSERT INTO User (account, username, name, sex, age, tel, type) VALUES ('373949192907266237', '毕凌亚', '毕凌亚', true, '91', '15691203108', 0);
INSERT INTO Resident (account, building, unit, room) VALUES ('373949192907266237', 24, 9, 1805);
INSERT INTO User (account, username, name, sex, age, tel, type) VALUES ('644607195110187851', '董千奕', '董千奕', true, '69', '17542486949', 0);
INSERT INTO Resident (account, building, unit, room) VALUES ('644607195110187851', 96, 7, 2404);
INSERT INTO User (account, username, name, sex, age, tel, type) VALUES ('333918193908090506', '曲力', '曲力', false, '81', '15182475402', 0);
INSERT INTO Resident (account, building, unit, room) VALUES ('333918193908090506', 17, 9, 1706);
INSERT INTO User (account, username, name, sex, age, tel, type) VALUES ('372099195402204570', '部盈子', '部盈子', false, '66', '18861421551', 0);
INSERT INTO Resident (account, building, unit, room) VALUES ('372099195402204570', 95, 5, 305);
INSERT INTO User (account, username, name, sex, age, tel, type) VALUES ('712377199204240559', '吕灯凌', '吕灯凌', false, '28', '15550261187', 0);
INSERT INTO Resident (account, building, unit, room) VALUES ('712377199204240559', 57, 9, 2002);
INSERT INTO User (account, username, name, sex, age, tel, type) VALUES ('14334119340122283X', '沈倨', '沈倨', true, '86', '18260676357', 0);
INSERT INTO Resident (account, building, unit, room) VALUES ('14334119340122283X', 91, 5, 1102);
INSERT INTO User (account, username, name, sex, age, tel, type) VALUES ('543696197802091691', '毛露露', '毛露露', true, '42', '18305876521', 0);
INSERT INTO Resident (account, building, unit, room) VALUES ('543696197802091691', 91, 4, 1101);
INSERT INTO User (account, username, name, sex, age, tel, type) VALUES ('333628192511187674', '米硕睿', '米硕睿', false, '95', '19015442497', 0);
INSERT INTO Resident (account, building, unit, room) VALUES ('333628192511187674', 77, 3, 1601);
INSERT INTO User (account, username, name, sex, age, tel, type) VALUES ('421687192812180897', '昌樱萱', '昌樱萱', false, '92', '15147357331', 0);
INSERT INTO Resident (account, building, unit, room) VALUES ('421687192812180897', 55, 8, 1302);
INSERT INTO User (account, username, name, sex, age, tel, type) VALUES ('344353197206223158', '童千煜', '童千煜', true, '48', '15198155307', 0);
INSERT INTO Resident (account, building, unit, room) VALUES ('344353197206223158', 69, 4, 402);
INSERT INTO User (account, username, name, sex, age, tel, type) VALUES ('450306197412054916', '宫圣', '宫圣', false, '46', '16674489377', 0);
INSERT INTO Resident (account, building, unit, room) VALUES ('450306197412054916', 13, 10, 2801);
INSERT INTO User (account, username, name, sex, age, tel, type) VALUES ('123443199408042621', '王阳音', '王阳音', true, '26', '15618625301', 0);
INSERT INTO Resident (account, building, unit, room) VALUES ('123443199408042621', 22, 7, 2701);
INSERT INTO User (account, username, name, sex, age, tel, type) VALUES ('141022196501199781', '路言', '路言', true, '55', '19550457446', 0);
INSERT INTO Resident (account, building, unit, room) VALUES ('141022196501199781', 47, 6, 2403);
INSERT INTO User (account, username, name, sex, age, tel, type) VALUES ('510394195811266100', '颜依露', '颜依露', true, '62', '18140764279', 0);
INSERT INTO Resident (account, building, unit, room) VALUES ('510394195811266100', 61, 1, 2701);
INSERT INTO User (account, username, name, sex, age, tel, type) VALUES ('13265119610711500X', '宋露云', '宋露云', true, '59', '14902287124', 0);
INSERT INTO Resident (account, building, unit, room) VALUES ('13265119610711500X', 20, 7, 1802);
INSERT INTO User (account, username, name, sex, age, tel, type) VALUES ('123101194002173159', '黄兰飞', '黄兰飞', true, '80', '18348788756', 0);
INSERT INTO Resident (account, building, unit, room) VALUES ('123101194002173159', 79, 1, 502);
INSERT INTO User (account, username, name, sex, age, tel, type) VALUES ('644477192502247407', '齐琦圣', '齐琦圣', false, '95', '13561167716', 0);
INSERT INTO Resident (account, building, unit, room) VALUES ('644477192502247407', 68, 4, 1103);
INSERT INTO User (account, username, name, sex, age, tel, type) VALUES ('501004194307116909', '侯朋雯', '侯朋雯', false, '77', '18976032341', 0);
INSERT INTO Resident (account, building, unit, room) VALUES ('501004194307116909', 5, 9, 904);
INSERT INTO User (account, username, name, sex, age, tel, type) VALUES ('620522200302143898', '侯义', '侯义', false, '17', '18284875173', 0);
INSERT INTO Resident (account, building, unit, room) VALUES ('620522200302143898', 75, 9, 602);
INSERT INTO User (account, username, name, sex, age, tel, type) VALUES ('423204200009172947', '龚雯腾', '龚雯腾', true, '20', '14712910146', 0);
INSERT INTO Resident (account, building, unit, room) VALUES ('423204200009172947', 22, 2, 2702);
INSERT INTO User (account, username, name, sex, age, tel, type) VALUES ('530618194309305578', '葛振阳', '葛振阳', true, '77', '19934412586', 0);
INSERT INTO Resident (account, building, unit, room) VALUES ('530618194309305578', 2, 6, 2603);
INSERT INTO User (account, username, name, sex, age, tel, type) VALUES ('373480195306103032', '陈诺倨', '陈诺倨', false, '67', '18152210918', 0);
INSERT INTO Resident (account, building, unit, room) VALUES ('373480195306103032', 9, 1, 1602);
INSERT INTO User (account, username, name, sex, age, tel, type) VALUES ('224344200302156353', '欧泽建', '欧泽建', false, '17', '18285944506', 0);
INSERT INTO Resident (account, building, unit, room) VALUES ('224344200302156353', 97, 6, 706);
INSERT INTO User (account, username, name, sex, age, tel, type) VALUES ('642440198710134231', '付硕炎', '付硕炎', false, '33', '13335686981', 0);
INSERT INTO Resident (account, building, unit, room) VALUES ('642440198710134231', 56, 8, 1703);
INSERT INTO User (account, username, name, sex, age, tel, type) VALUES ('543645199211045266', '耿嘉', '耿嘉', true, '28', '14793872332', 0);
INSERT INTO Resident (account, building, unit, room) VALUES ('543645199211045266', 56, 10, 2104);
INSERT INTO User (account, username, name, sex, age, tel, type) VALUES ('210708196004048624', '李倨圆', '李倨圆', false, '60', '17817094926', 0);
INSERT INTO Resident (account, building, unit, room) VALUES ('210708196004048624', 16, 6, 802);
INSERT INTO User (account, username, name, sex, age, tel, type) VALUES ('612028193708240821', '燕有', '燕有', true, '83', '14922046546', 0);
INSERT INTO Resident (account, building, unit, room) VALUES ('612028193708240821', 52, 7, 2405);
INSERT INTO User (account, username, name, sex, age, tel, type) VALUES ('461245193101310294', '秦千', '秦千', false, '89', '18407840254', 0);
INSERT INTO Resident (account, building, unit, room) VALUES ('461245193101310294', 25, 8, 1205);
INSERT INTO User (account, username, name, sex, age, tel, type) VALUES ('153829194212079396', '欧铭云', '欧铭云', false, '78', '15629593560', 0);
INSERT INTO Resident (account, building, unit, room) VALUES ('153829194212079396', 7, 1, 2301);
INSERT INTO User (account, username, name, sex, age, tel, type) VALUES ('373521197706166919', '殷腾', '殷腾', true, '43', '13274655545', 0);
INSERT INTO Resident (account, building, unit, room) VALUES ('373521197706166919', 14, 1, 606);
INSERT INTO User (account, username, name, sex, age, tel, type) VALUES ('223488193407254915', '代建晓', '代建晓', false, '86', '14736014002', 0);
INSERT INTO Resident (account, building, unit, room) VALUES ('223488193407254915', 21, 9, 1406);
INSERT INTO User (account, username, name, sex, age, tel, type) VALUES ('214540198406010396', '曹萌睿', '曹萌睿', true, '36', '19519280992', 0);
INSERT INTO Resident (account, building, unit, room) VALUES ('214540198406010396', 9, 5, 804);
INSERT INTO User (account, username, name, sex, age, tel, type) VALUES ('642799193005175287', '权腾', '权腾', true, '90', '19378488542', 0);
INSERT INTO Resident (account, building, unit, room) VALUES ('642799193005175287', 92, 4, 505);
INSERT INTO User (account, username, name, sex, age, tel, type) VALUES ('712082195101164741', '符英一', '符英一', true, '69', '13320591490', 0);
INSERT INTO Resident (account, building, unit, room) VALUES ('712082195101164741', 68, 6, 1106);
INSERT INTO User (account, username, name, sex, age, tel, type) VALUES ('154124196606170516', '姚力天', '姚力天', false, '54', '15128753540', 0);
INSERT INTO Resident (account, building, unit, room) VALUES ('154124196606170516', 30, 6, 304);
INSERT INTO User (account, username, name, sex, age, tel, type) VALUES ('414815197907085692', '审朋令', '审朋令', false, '41', '15351046424', 0);
INSERT INTO Resident (account, building, unit, room) VALUES ('414815197907085692', 67, 2, 704);
INSERT INTO User (account, username, name, sex, age, tel, type) VALUES ('641957195902224027', '昌昕赛', '昌昕赛', false, '61', '13601573661', 0);
INSERT INTO Resident (account, building, unit, room) VALUES ('641957195902224027', 39, 8, 1901);
INSERT INTO User (account, username, name, sex, age, tel, type) VALUES ('13134619600202191X', '康新英', '康新英', true, '60', '17308397806', 0);
INSERT INTO Resident (account, building, unit, room) VALUES ('13134619600202191X', 18, 6, 2702);
INSERT INTO User (account, username, name, sex, age, tel, type) VALUES ('414833192401310458', '隽雯飞', '隽雯飞', false, '96', '18494546884', 0);
INSERT INTO Resident (account, building, unit, room) VALUES ('414833192401310458', 16, 5, 305);
INSERT INTO User (account, username, name, sex, age, tel, type) VALUES ('131286193007247274', '杜润杰', '杜润杰', true, '90', '15199674062', 0);
INSERT INTO Resident (account, building, unit, room) VALUES ('131286193007247274', 63, 2, 2501);
INSERT INTO User (account, username, name, sex, age, tel, type) VALUES ('424889197110040961', '钟龙', '钟龙', false, '49', '18000911931', 0);
INSERT INTO Resident (account, building, unit, room) VALUES ('424889197110040961', 80, 4, 2104);
INSERT INTO User (account, username, name, sex, age, tel, type) VALUES ('624011196501072403', '郭义', '郭义', true, '55', '13147805220', 0);
INSERT INTO Resident (account, building, unit, room) VALUES ('624011196501072403', 73, 7, 905);
INSERT INTO User (account, username, name, sex, age, tel, type) VALUES ('631136194606073068', '晁煜', '晁煜', false, '74', '18293958399', 0);
INSERT INTO Resident (account, building, unit, room) VALUES ('631136194606073068', 13, 2, 2302);
INSERT INTO User (account, username, name, sex, age, tel, type) VALUES ('353915196408134728', '陈辰颖', '陈辰颖', false, '56', '19557017032', 0);
INSERT INTO Resident (account, building, unit, room) VALUES ('353915196408134728', 31, 1, 2705);
INSERT INTO User (account, username, name, sex, age, tel, type) VALUES ('110828198101136683', '管腾', '管腾', false, '39', '13034015464', 0);
INSERT INTO Resident (account, building, unit, room) VALUES ('110828198101136683', 28, 6, 1805);
INSERT INTO User (account, username, name, sex, age, tel, type) VALUES ('352560192304075029', '田义腾', '田义腾', false, '97', '15094665241', 0);
INSERT INTO Resident (account, building, unit, room) VALUES ('352560192304075029', 21, 4, 1804);
INSERT INTO User (account, username, name, sex, age, tel, type) VALUES ('144295195910301690', '山瀚', '山瀚', true, '61', '14799038026', 0);
INSERT INTO Resident (account, building, unit, room) VALUES ('144295195910301690', 83, 5, 1705);
INSERT INTO User (account, username, name, sex, age, tel, type) VALUES ('813221194102250874', '牛航奕', '牛航奕', false, '79', '19248282286', 0);
INSERT INTO Resident (account, building, unit, room) VALUES ('813221194102250874', 83, 9, 1701);
INSERT INTO User (account, username, name, sex, age, tel, type) VALUES ('223231199802014370', '路义萌', '路义萌', true, '22', '17358083854', 0);
INSERT INTO Resident (account, building, unit, room) VALUES ('223231199802014370', 80, 5, 804);
INSERT INTO User (account, username, name, sex, age, tel, type) VALUES ('210401192309027938', '江菲令', '江菲令', false, '97', '13453307748', 0);
INSERT INTO Resident (account, building, unit, room) VALUES ('210401192309027938', 70, 2, 2902);
INSERT INTO User (account, username, name, sex, age, tel, type) VALUES ('520956194511063317', '柳昕', '柳昕', true, '75', '17663406709', 0);
INSERT INTO Resident (account, building, unit, room) VALUES ('520956194511063317', 66, 1, 903);
INSERT INTO User (account, username, name, sex, age, tel, type) VALUES ('230983193101092060', '胡煜盈', '胡煜盈', false, '89', '18060079235', 0);
INSERT INTO Resident (account, building, unit, room) VALUES ('230983193101092060', 14, 5, 1902);
INSERT INTO User (account, username, name, sex, age, tel, type) VALUES ('652028198805013757', '傅硕', '傅硕', false, '32', '17353496981', 0);
INSERT INTO Resident (account, building, unit, room) VALUES ('652028198805013757', 74, 2, 1706);
INSERT INTO User (account, username, name, sex, age, tel, type) VALUES ('121150197209288082', '姚中凌', '姚中凌', true, '48', '17888389842', 0);
INSERT INTO Resident (account, building, unit, room) VALUES ('121150197209288082', 13, 4, 2805);
INSERT INTO User (account, username, name, sex, age, tel, type) VALUES ('654912195505108543', '尹航', '尹航', true, '65', '18481163665', 0);
INSERT INTO Resident (account, building, unit, room) VALUES ('654912195505108543', 8, 2, 1403);
INSERT INTO User (account, username, name, sex, age, tel, type) VALUES ('633730197204166482', '杨睿佳', '杨睿佳', true, '48', '14914394317', 0);
INSERT INTO Resident (account, building, unit, room) VALUES ('633730197204166482', 11, 9, 2604);
INSERT INTO User (account, username, name, sex, age, tel, type) VALUES ('540860192411130501', '楚奇哲', '楚奇哲', false, '96', '17587457365', 0);
INSERT INTO Resident (account, building, unit, room) VALUES ('540860192411130501', 30, 9, 2604);
INSERT INTO User (account, username, name, sex, age, tel, type) VALUES ('231740200609134315', '麦源毅', '麦源毅', false, '14', '13346721727', 0);
INSERT INTO Resident (account, building, unit, room) VALUES ('231740200609134315', 70, 7, 2703);
INSERT INTO User (account, username, name, sex, age, tel, type) VALUES ('450873195810126231', '於腾洁', '於腾洁', true, '62', '15603138352', 0);
INSERT INTO Resident (account, building, unit, room) VALUES ('450873195810126231', 80, 1, 804);
INSERT INTO User (account, username, name, sex, age, tel, type) VALUES ('443540195309175571', '楚辰', '楚辰', false, '67', '18073073377', 0);
INSERT INTO Resident (account, building, unit, room) VALUES ('443540195309175571', 89, 5, 1703);
INSERT INTO User (account, username, name, sex, age, tel, type) VALUES ('112964196010201403', '曲睿思', '曲睿思', true, '60', '13295023983', 0);
INSERT INTO Resident (account, building, unit, room) VALUES ('112964196010201403', 48, 7, 206);
INSERT INTO User (account, username, name, sex, age, tel, type) VALUES ('710415197507073337', '武霖令', '武霖令', false, '45', '13755565224', 0);
INSERT INTO Resident (account, building, unit, room) VALUES ('710415197507073337', 14, 7, 2205);
INSERT INTO User (account, username, name, sex, age, tel, type) VALUES ('531599196104272614', '麦馨', '麦馨', false, '59', '19997586940', 0);
INSERT INTO Resident (account, building, unit, room) VALUES ('531599196104272614', 16, 2, 803);
INSERT INTO User (account, username, name, sex, age, tel, type) VALUES ('823816196805153112', '孟令舒', '孟令舒', true, '52', '15148112148', 0);
INSERT INTO Resident (account, building, unit, room) VALUES ('823816196805153112', 82, 4, 604);
INSERT INTO User (account, username, name, sex, age, tel, type) VALUES ('143199196205288741', '孙畅晓', '孙畅晓', false, '58', '14764168160', 0);
INSERT INTO Resident (account, building, unit, room) VALUES ('143199196205288741', 97, 1, 1101);
INSERT INTO User (account, username, name, sex, age, tel, type) VALUES ('434286194911217500', '田广畅', '田广畅', true, '71', '13940123010', 0);
INSERT INTO Resident (account, building, unit, room) VALUES ('434286194911217500', 53, 1, 2406);
INSERT INTO User (account, username, name, sex, age, tel, type) VALUES ('151832196208278211', '燕畅雨', '燕畅雨', false, '58', '19375952956', 0);
INSERT INTO Resident (account, building, unit, room) VALUES ('151832196208278211', 40, 7, 2305);
INSERT INTO User (account, username, name, sex, age, tel, type) VALUES ('132511194808139562', '颜迅萌', '颜迅萌', true, '72', '15500845865', 0);
INSERT INTO Resident (account, building, unit, room) VALUES ('132511194808139562', 41, 2, 603);
INSERT INTO User (account, username, name, sex, age, tel, type) VALUES ('323108198504098324', '臧宜柏', '臧宜柏', false, '35', '15100814805', 0);
INSERT INTO Resident (account, building, unit, room) VALUES ('323108198504098324', 78, 3, 603);
INSERT INTO User (account, username, name, sex, age, tel, type) VALUES ('350222201405152646', '宋迅', '宋迅', true, '6', '17373877169', 0);
INSERT INTO Resident (account, building, unit, room) VALUES ('350222201405152646', 86, 9, 1906);
INSERT INTO User (account, username, name, sex, age, tel, type) VALUES ('144033198508032234', '商炎琦', '商炎琦', true, '35', '13839724736', 0);
INSERT INTO Resident (account, building, unit, room) VALUES ('144033198508032234', 94, 1, 203);
INSERT INTO User (account, username, name, sex, age, tel, type) VALUES ('822291197207041297', '崔中琦', '崔中琦', false, '48', '19109498307', 0);
INSERT INTO Resident (account, building, unit, room) VALUES ('822291197207041297', 86, 6, 1804);
INSERT INTO User (account, username, name, sex, age, tel, type) VALUES ('313870200508120177', '鲁静倨', '鲁静倨', false, '15', '18354483687', 0);
INSERT INTO Resident (account, building, unit, room) VALUES ('313870200508120177', 38, 3, 1705);
INSERT INTO User (account, username, name, sex, age, tel, type) VALUES ('643311201107016140', '武敏', '武敏', false, '9', '17223775400', 0);
INSERT INTO Resident (account, building, unit, room) VALUES ('643311201107016140', 59, 8, 2804);
INSERT INTO User (account, username, name, sex, age, tel, type) VALUES ('33230919970509979X', '吕天', '吕天', true, '23', '13609391118', 0);
INSERT INTO Resident (account, building, unit, room) VALUES ('33230919970509979X', 100, 8, 2803);
INSERT INTO User (account, username, name, sex, age, tel, type) VALUES ('651103198110239679', '符轩正', '符轩正', false, '39', '19281800110', 0);
INSERT INTO Resident (account, building, unit, room) VALUES ('651103198110239679', 51, 9, 1204);
INSERT INTO User (account, username, name, sex, age, tel, type) VALUES ('514885200509305502', '董嘉嘉', '董嘉嘉', true, '15', '15891802933', 0);
INSERT INTO Resident (account, building, unit, room) VALUES ('514885200509305502', 96, 7, 1705);
INSERT INTO User (account, username, name, sex, age, tel, type) VALUES ('612947194211214823', '童良兮', '童良兮', true, '78', '18831966880', 0);
INSERT INTO Resident (account, building, unit, room) VALUES ('612947194211214823', 91, 1, 2906);
INSERT INTO User (account, username, name, sex, age, tel, type) VALUES ('511152197510178897', '晁力令', '晁力令', false, '45', '14985244324', 0);
INSERT INTO Resident (account, building, unit, room) VALUES ('511152197510178897', 26, 7, 303);
INSERT INTO User (account, username, name, sex, age, tel, type) VALUES ('341089192407145498', '欧迅奇', '欧迅奇', true, '96', '19727823690', 0);
INSERT INTO Resident (account, building, unit, room) VALUES ('341089192407145498', 86, 6, 1306);
INSERT INTO User (account, username, name, sex, age, tel, type) VALUES ('421054199112058929', '钱腾', '钱腾', true, '29', '15203436952', 0);
INSERT INTO Resident (account, building, unit, room) VALUES ('421054199112058929', 39, 6, 1803);
INSERT INTO User (account, username, name, sex, age, tel, type) VALUES ('131558198903079752', '郭锐', '郭锐', false, '31', '17863742314', 0);
INSERT INTO Resident (account, building, unit, room) VALUES ('131558198903079752', 85, 7, 2203);
INSERT INTO User (account, username, name, sex, age, tel, type) VALUES ('354028197303015432', '於嘉露', '於嘉露', false, '47', '15319320399', 0);
INSERT INTO Resident (account, building, unit, room) VALUES ('354028197303015432', 89, 9, 1802);
INSERT INTO User (account, username, name, sex, age, tel, type) VALUES ('812603194401011511', '邵云萌', '邵云萌', true, '76', '18190734037', 0);
INSERT INTO Resident (account, building, unit, room) VALUES ('812603194401011511', 55, 8, 605);
INSERT INTO User (account, username, name, sex, age, tel, type) VALUES ('822068194008057289', '童子霄', '童子霄', true, '80', '17241103681', 0);
INSERT INTO Resident (account, building, unit, room) VALUES ('822068194008057289', 74, 5, 203);
INSERT INTO User (account, username, name, sex, age, tel, type) VALUES ('231206196611120808', '管菲', '管菲', false, '54', '19956125213', 0);
INSERT INTO Resident (account, building, unit, room) VALUES ('231206196611120808', 20, 6, 1505);
INSERT INTO User (account, username, name, sex, age, tel, type) VALUES ('364085193012064010', '童兰', '童兰', false, '90', '18981465454', 0);
INSERT INTO Resident (account, building, unit, room) VALUES ('364085193012064010', 71, 4, 503);
INSERT INTO User (account, username, name, sex, age, tel, type) VALUES ('825090199311211356', '徐伟倨', '徐伟倨', true, '27', '13807523700', 0);
INSERT INTO Resident (account, building, unit, room) VALUES ('825090199311211356', 95, 4, 1301);
INSERT INTO User (account, username, name, sex, age, tel, type) VALUES ('320570200509036909', '吴泽', '吴泽', true, '15', '18258422530', 0);
INSERT INTO Resident (account, building, unit, room) VALUES ('320570200509036909', 50, 5, 1502);
INSERT INTO User (account, username, name, sex, age, tel, type) VALUES ('420125194401025696', '夏萱', '夏萱', false, '76', '15869197411', 0);
INSERT INTO Resident (account, building, unit, room) VALUES ('420125194401025696', 20, 4, 1205);
INSERT INTO User (account, username, name, sex, age, tel, type) VALUES ('344621192905177585', '仲昕硕', '仲昕硕', false, '91', '13906505032', 0);
INSERT INTO Resident (account, building, unit, room) VALUES ('344621192905177585', 46, 8, 2006);
INSERT INTO User (account, username, name, sex, age, tel, type) VALUES ('323464195603108488', '郑航静', '郑航静', true, '64', '17391087339', 0);
INSERT INTO Resident (account, building, unit, room) VALUES ('323464195603108488', 22, 4, 901);
INSERT INTO User (account, username, name, sex, age, tel, type) VALUES ('370909194207196048', '曹千', '曹千', false, '78', '15535506521', 0);
INSERT INTO Resident (account, building, unit, room) VALUES ('370909194207196048', 65, 2, 1004);
INSERT INTO User (account, username, name, sex, age, tel, type) VALUES ('650463194805082992', '李龙', '李龙', true, '72', '13081667922', 0);
INSERT INTO Resident (account, building, unit, room) VALUES ('650463194805082992', 72, 4, 1903);
INSERT INTO User (account, username, name, sex, age, tel, type) VALUES ('463710195011083865', '季露', '季露', true, '70', '19506524523', 0);
INSERT INTO Resident (account, building, unit, room) VALUES ('463710195011083865', 30, 2, 1605);
INSERT INTO User (account, username, name, sex, age, tel, type) VALUES ('61498219790311927X', '郭灯圣', '郭灯圣', false, '41', '15554940587', 0);
INSERT INTO Resident (account, building, unit, room) VALUES ('61498219790311927X', 48, 7, 2903);
INSERT INTO User (account, username, name, sex, age, tel, type) VALUES ('233538201105111149', '边赛建', '边赛建', false, '9', '15293781975', 0);
INSERT INTO Resident (account, building, unit, room) VALUES ('233538201105111149', 25, 7, 1502);
INSERT INTO User (account, username, name, sex, age, tel, type) VALUES ('362730196010078525', '周云中', '周云中', false, '60', '15822382545', 0);
INSERT INTO Resident (account, building, unit, room) VALUES ('362730196010078525', 99, 1, 2305);
INSERT INTO User (account, username, name, sex, age, tel, type) VALUES ('823966201307027814', '崔义樱', '崔义樱', true, '7', '13918432606', 0);
INSERT INTO Resident (account, building, unit, room) VALUES ('823966201307027814', 18, 4, 2402);
INSERT INTO User (account, username, name, sex, age, tel, type) VALUES ('611086198304243802', '齐子', '齐子', false, '37', '15370828114', 0);
INSERT INTO Resident (account, building, unit, room) VALUES ('611086198304243802', 88, 5, 2306);
INSERT INTO User (account, username, name, sex, age, tel, type) VALUES ('21012219470723183X', '孟音昕', '孟音昕', false, '73', '19807390195', 0);
INSERT INTO Resident (account, building, unit, room) VALUES ('21012219470723183X', 84, 9, 1703);
INSERT INTO User (account, username, name, sex, age, tel, type) VALUES ('121873198412070010', '陆睿', '陆睿', true, '36', '18164098182', 0);
INSERT INTO Resident (account, building, unit, room) VALUES ('121873198412070010', 75, 5, 2901);
INSERT INTO User (account, username, name, sex, age, tel, type) VALUES ('154215194605078831', '燕柏', '燕柏', false, '74', '17387235389', 0);
INSERT INTO Resident (account, building, unit, room) VALUES ('154215194605078831', 67, 8, 1706);
INSERT INTO User (account, username, name, sex, age, tel, type) VALUES ('413398194201295733', '权炎', '权炎', false, '78', '15615198023', 0);
INSERT INTO Resident (account, building, unit, room) VALUES ('413398194201295733', 85, 2, 1702);
INSERT INTO User (account, username, name, sex, age, tel, type) VALUES ('140260192602174746', '陆萌硕', '陆萌硕', true, '94', '18304061926', 0);
INSERT INTO Resident (account, building, unit, room) VALUES ('140260192602174746', 22, 7, 2304);
INSERT INTO User (account, username, name, sex, age, tel, type) VALUES ('422360192702279353', '燕雅润', '燕雅润', false, '93', '18303658544', 0);
INSERT INTO Resident (account, building, unit, room) VALUES ('422360192702279353', 24, 9, 1905);
INSERT INTO User (account, username, name, sex, age, tel, type) VALUES ('532489199111012453', '毕令桐', '毕令桐', true, '29', '18209545778', 0);
INSERT INTO Resident (account, building, unit, room) VALUES ('532489199111012453', 66, 9, 2304);
INSERT INTO User (account, username, name, sex, age, tel, type) VALUES ('233654200711221660', '沈馨', '沈馨', false, '13', '15913106530', 0);
INSERT INTO Resident (account, building, unit, room) VALUES ('233654200711221660', 11, 5, 1201);
INSERT INTO User (account, username, name, sex, age, tel, type) VALUES ('143269194105035106', '胡菲畅', '胡菲畅', true, '79', '18172836055', 0);
INSERT INTO Resident (account, building, unit, room) VALUES ('143269194105035106', 19, 7, 2201);
INSERT INTO User (account, username, name, sex, age, tel, type) VALUES ('810702198808203285', '孟宜霖', '孟宜霖', true, '32', '18425060158', 0);
INSERT INTO Resident (account, building, unit, room) VALUES ('810702198808203285', 97, 2, 1705);
INSERT INTO User (account, username, name, sex, age, tel, type) VALUES ('312886192808245849', '金倨天', '金倨天', true, '92', '15269939831', 0);
INSERT INTO Resident (account, building, unit, room) VALUES ('312886192808245849', 100, 1, 404);
INSERT INTO User (account, username, name, sex, age, tel, type) VALUES ('424571200610276549', '毛毅冠', '毛毅冠', true, '14', '18324528630', 0);
INSERT INTO Resident (account, building, unit, room) VALUES ('424571200610276549', 32, 3, 2801);
INSERT INTO User (account, username, name, sex, age, tel, type) VALUES ('110231201002185308', '巩嘉敏', '巩嘉敏', false, '10', '13966445172', 0);
INSERT INTO Resident (account, building, unit, room) VALUES ('110231201002185308', 79, 2, 1906);
INSERT INTO User (account, username, name, sex, age, tel, type) VALUES ('141204196601030489', '李静亚', '李静亚', false, '54', '15828906579', 0);
INSERT INTO Resident (account, building, unit, room) VALUES ('141204196601030489', 32, 3, 403);
INSERT INTO User (account, username, name, sex, age, tel, type) VALUES ('82061019530203603X', '宫义', '宫义', false, '67', '15184409293', 0);
INSERT INTO Resident (account, building, unit, room) VALUES ('82061019530203603X', 99, 2, 605);
INSERT INTO User (account, username, name, sex, age, tel, type) VALUES ('463597198503087974', '邵雯炜', '邵雯炜', false, '35', '15167412140', 0);
INSERT INTO Resident (account, building, unit, room) VALUES ('463597198503087974', 57, 4, 2806);
INSERT INTO User (account, username, name, sex, age, tel, type) VALUES ('373308200006125167', '文樱亚', '文樱亚', false, '20', '16608376356', 0);
INSERT INTO Resident (account, building, unit, room) VALUES ('373308200006125167', 78, 6, 2702);
INSERT INTO User (account, username, name, sex, age, tel, type) VALUES ('532471196307066220', '夏亚兰', '夏亚兰', false, '57', '15263680836', 0);
INSERT INTO Resident (account, building, unit, room) VALUES ('532471196307066220', 35, 3, 406);
INSERT INTO User (account, username, name, sex, age, tel, type) VALUES ('372715196312269317', '山子奇', '山子奇', true, '57', '18762060149', 0);
INSERT INTO Resident (account, building, unit, room) VALUES ('372715196312269317', 92, 2, 2201);
INSERT INTO User (account, username, name, sex, age, tel, type) VALUES ('442637196506190172', '史雅', '史雅', false, '55', '19946199625', 0);
INSERT INTO Resident (account, building, unit, room) VALUES ('442637196506190172', 9, 5, 804);
INSERT INTO User (account, username, name, sex, age, tel, type) VALUES ('630435196511308385', '裴令轩', '裴令轩', false, '55', '13023137649', 0);
INSERT INTO Resident (account, building, unit, room) VALUES ('630435196511308385', 89, 7, 2905);
INSERT INTO User (account, username, name, sex, age, tel, type) VALUES ('511620194108073507', '孙雯', '孙雯', true, '79', '17218859081', 0);
INSERT INTO Resident (account, building, unit, room) VALUES ('511620194108073507', 19, 6, 2002);
INSERT INTO User (account, username, name, sex, age, tel, type) VALUES ('140224195006188504', '姚宜天', '姚宜天', false, '70', '19547187455', 0);
INSERT INTO Resident (account, building, unit, room) VALUES ('140224195006188504', 3, 7, 1901);
INSERT INTO User (account, username, name, sex, age, tel, type) VALUES ('210291194507219088', '牛炎佳', '牛炎佳', false, '75', '15139867762', 0);
INSERT INTO Resident (account, building, unit, room) VALUES ('210291194507219088', 65, 5, 902);
INSERT INTO User (account, username, name, sex, age, tel, type) VALUES ('114452193905039903', '范淘天', '范淘天', true, '81', '19833484116', 0);
INSERT INTO Resident (account, building, unit, room) VALUES ('114452193905039903', 72, 2, 2305);
INSERT INTO User (account, username, name, sex, age, tel, type) VALUES ('51302719690518077X', '周一樱', '周一樱', false, '51', '13980750376', 0);
INSERT INTO Resident (account, building, unit, room) VALUES ('51302719690518077X', 74, 4, 2901);
INSERT INTO User (account, username, name, sex, age, tel, type) VALUES ('814190199308184525', '耿霖睿', '耿霖睿', true, '27', '18222138589', 0);
INSERT INTO Resident (account, building, unit, room) VALUES ('814190199308184525', 29, 7, 2303);
INSERT INTO User (account, username, name, sex, age, tel, type) VALUES ('715065192308185268', '邵阳铭', '邵阳铭', true, '97', '15538597837', 0);
INSERT INTO Resident (account, building, unit, room) VALUES ('715065192308185268', 40, 3, 1305);
INSERT INTO User (account, username, name, sex, age, tel, type) VALUES ('611431196403303572', '龚炜', '龚炜', true, '56', '13942084907', 0);
INSERT INTO Resident (account, building, unit, room) VALUES ('611431196403303572', 99, 7, 2301);
INSERT INTO User (account, username, name, sex, age, tel, type) VALUES ('141658195302205744', '杜佳樱', '杜佳樱', true, '67', '16659083889', 0);
INSERT INTO Resident (account, building, unit, room) VALUES ('141658195302205744', 28, 7, 2703);
INSERT INTO User (account, username, name, sex, age, tel, type) VALUES ('52265719840318317X', '任立有', '任立有', false, '36', '15767138716', 0);
INSERT INTO Resident (account, building, unit, room) VALUES ('52265719840318317X', 34, 7, 2501);
INSERT INTO User (account, username, name, sex, age, tel, type) VALUES ('711409194007305233', '尹圆兮', '尹圆兮', false, '80', '15220486773', 0);
INSERT INTO Resident (account, building, unit, room) VALUES ('711409194007305233', 24, 1, 2902);
INSERT INTO User (account, username, name, sex, age, tel, type) VALUES ('231822193306294244', '尹翔言', '尹翔言', false, '87', '19177566317', 0);
INSERT INTO Resident (account, building, unit, room) VALUES ('231822193306294244', 54, 10, 801);
INSERT INTO User (account, username, name, sex, age, tel, type) VALUES ('821155194607028301', '武振樱', '武振樱', true, '74', '13454997424', 0);
INSERT INTO Resident (account, building, unit, room) VALUES ('821155194607028301', 60, 4, 2206);
INSERT INTO User (account, username, name, sex, age, tel, type) VALUES ('634928198812026894', '靳桐', '靳桐', true, '32', '13774391193', 0);
INSERT INTO Resident (account, building, unit, room) VALUES ('634928198812026894', 61, 1, 601);
INSERT INTO User (account, username, name, sex, age, tel, type) VALUES ('453082197005063850', '晁硕舒', '晁硕舒', false, '50', '18761613918', 0);
INSERT INTO Resident (account, building, unit, room) VALUES ('453082197005063850', 97, 7, 1701);
INSERT INTO User (account, username, name, sex, age, tel, type) VALUES ('523353195608189897', '柳音亚', '柳音亚', true, '64', '15629370570', 0);
INSERT INTO Resident (account, building, unit, room) VALUES ('523353195608189897', 9, 6, 601);
INSERT INTO User (account, username, name, sex, age, tel, type) VALUES ('420203194106105566', '尹润立', '尹润立', true, '79', '13686690161', 0);
INSERT INTO Resident (account, building, unit, room) VALUES ('420203194106105566', 44, 7, 606);
INSERT INTO User (account, username, name, sex, age, tel, type) VALUES ('450268201103081725', '欧柏新', '欧柏新', true, '9', '13579853054', 0);
INSERT INTO Resident (account, building, unit, room) VALUES ('450268201103081725', 35, 7, 1104);
INSERT INTO User (account, username, name, sex, age, tel, type) VALUES ('533538199201255059', '东方桐润', '东方桐润', true, '28', '18330452509', 0);
INSERT INTO Resident (account, building, unit, room) VALUES ('533538199201255059', 2, 3, 604);
INSERT INTO User (account, username, name, sex, age, tel, type) VALUES ('154748194604123585', '康霖建', '康霖建', true, '74', '17201561784', 0);
INSERT INTO Resident (account, building, unit, room) VALUES ('154748194604123585', 52, 4, 206);
INSERT INTO User (account, username, name, sex, age, tel, type) VALUES ('533821192904082340', '耿畅桐', '耿畅桐', false, '91', '17887840662', 0);
INSERT INTO Resident (account, building, unit, room) VALUES ('533821192904082340', 82, 7, 2202);
INSERT INTO User (account, username, name, sex, age, tel, type) VALUES ('633735201210251601', '钟馨炜', '钟馨炜', false, '8', '18502855952', 0);
INSERT INTO Resident (account, building, unit, room) VALUES ('633735201210251601', 52, 1, 2205);
INSERT INTO User (account, username, name, sex, age, tel, type) VALUES ('520784194006283328', '权晓云', '权晓云', false, '80', '18779191716', 0);
INSERT INTO Resident (account, building, unit, room) VALUES ('520784194006283328', 72, 3, 802);
INSERT INTO User (account, username, name, sex, age, tel, type) VALUES ('543318198807103454', '黄新', '黄新', false, '32', '13820384752', 0);
INSERT INTO Resident (account, building, unit, room) VALUES ('543318198807103454', 84, 8, 1001);
/* 共生成用户500个*/

/* 建立Health信息 */
INSERT INTO Health (account, last_date, last_time, temperature) VALUES ('311078201402163033', '20200521', '19:48:25', 36.3);
INSERT INTO Health (account, last_date, last_time, temperature) VALUES ('444575196904263298', '20200422', '04:18:00', 35.7);
INSERT INTO Health (account, last_date, last_time, temperature) VALUES ('544925197402012396', '20200502', '10:13:10', 36.4);
INSERT INTO Health (account, last_date, last_time, temperature) VALUES ('314989193810283606', '20200328', '04:49:03', 37.3);
INSERT INTO Health (account, last_date, last_time, temperature) VALUES ('331585199212181751', '20200404', '16:28:29', 36);
INSERT INTO Health (account, last_date, last_time, temperature) VALUES ('311548192409027368', '20200314', '11:55:34', 37.1);
INSERT INTO Health (account, last_date, last_time, temperature) VALUES ('433271199302190940', '20200202', '18:14:30', 36.9);
INSERT INTO Health (account, last_date, last_time, temperature) VALUES ('343504201010253384', '20200417', '04:52:27', 36.9);
INSERT INTO Health (account, last_date, last_time, temperature) VALUES ('504740198110280211', '20200405', '13:29:30', 36);
INSERT INTO Health (account, last_date, last_time, temperature) VALUES ('144693199706221422', '20200428', '05:58:01', 37.1);
INSERT INTO Health (account, last_date, last_time, temperature) VALUES ('313404198901013642', '20200414', '15:09:51', 35.1);
INSERT INTO Health (account, last_date, last_time, temperature) VALUES ('81109119641019878X', '20200418', '19:10:17', 36.2);
INSERT INTO Health (account, last_date, last_time, temperature) VALUES ('651537199502271402', '20200510', '12:51:25', 35.9);
INSERT INTO Health (account, last_date, last_time, temperature) VALUES ('713517199207307346', '20200426', '11:56:42', 38.3);
INSERT INTO Health (account, last_date, last_time, temperature) VALUES ('372916195902251912', '20200519', '18:52:26', 37);
INSERT INTO Health (account, last_date, last_time, temperature) VALUES ('712724200608018196', '20200221', '17:27:52', 38.1);
INSERT INTO Health (account, last_date, last_time, temperature) VALUES ('425042195503111668', '20200222', '04:41:34', 36.8);
INSERT INTO Health (account, last_date, last_time, temperature) VALUES ('332384196803056167', '20200307', '11:09:39', 35.1);
INSERT INTO Health (account, last_date, last_time, temperature) VALUES ('15457319370620916X', '20200402', '09:00:30', 35);
INSERT INTO Health (account, last_date, last_time, temperature) VALUES ('142921197303114925', '20200308', '06:10:14', 35.9);
INSERT INTO Health (account, last_date, last_time, temperature) VALUES ('454033192601249936', '20200411', '05:49:00', 37.4);
INSERT INTO Health (account, last_date, last_time, temperature) VALUES ('513319199707209715', '20200410', '23:45:32', 35.2);
INSERT INTO Health (account, last_date, last_time, temperature) VALUES ('533364194709088172', '20200302', '06:09:08', 35.9);
INSERT INTO Health (account, last_date, last_time, temperature) VALUES ('514694196002209659', '20200313', '10:28:48', 37.1);
INSERT INTO Health (account, last_date, last_time, temperature) VALUES ('640407198012050912', '20200223', '07:01:28', 36.6);
INSERT INTO Health (account, last_date, last_time, temperature) VALUES ('542052201107257901', '20200407', '21:52:05', 37.4);
INSERT INTO Health (account, last_date, last_time, temperature) VALUES ('332508199501156382', '20200304', '07:26:51', 37.4);
INSERT INTO Health (account, last_date, last_time, temperature) VALUES ('334649197808010509', '20200507', '21:53:53', 38.3);
INSERT INTO Health (account, last_date, last_time, temperature) VALUES ('363443199901088036', '20200524', '02:22:45', 37.1);
INSERT INTO Health (account, last_date, last_time, temperature) VALUES ('532431198307076447', '20200225', '23:02:13', 37.2);
INSERT INTO Health (account, last_date, last_time, temperature) VALUES ('132739199808223387', '20200329', '22:17:01', 35.4);
INSERT INTO Health (account, last_date, last_time, temperature) VALUES ('214769198906208276', '20200513', '15:57:01', 37.1);
INSERT INTO Health (account, last_date, last_time, temperature) VALUES ('131740193901180807', '20200508', '15:36:52', 35);
INSERT INTO Health (account, last_date, last_time, temperature) VALUES ('820903195701226166', '20200304', '04:10:56', 37.4);
INSERT INTO Health (account, last_date, last_time, temperature) VALUES ('143278196303237892', '20200413', '10:12:07', 37.4);
INSERT INTO Health (account, last_date, last_time, temperature) VALUES ('414216198110013455', '20200502', '09:44:34', 35.5);
INSERT INTO Health (account, last_date, last_time, temperature) VALUES ('415082192811111950', '20200501', '04:27:44', 35.5);
INSERT INTO Health (account, last_date, last_time, temperature) VALUES ('123179192902170091', '20200302', '19:13:19', 35.6);
INSERT INTO Health (account, last_date, last_time, temperature) VALUES ('330854201105278968', '20200524', '10:24:39', 36.8);
INSERT INTO Health (account, last_date, last_time, temperature) VALUES ('311701198511227691', '20200221', '01:26:01', 35.9);
INSERT INTO Health (account, last_date, last_time, temperature) VALUES ('812973193709089540', '20200524', '10:02:30', 37);
INSERT INTO Health (account, last_date, last_time, temperature) VALUES ('504838195202123994', '20200529', '06:55:22', 36.3);
INSERT INTO Health (account, last_date, last_time, temperature) VALUES ('323365197504116726', '20200311', '16:57:17', 36.4);
INSERT INTO Health (account, last_date, last_time, temperature) VALUES ('23185420050519647X', '20200314', '16:54:17', 36.3);
INSERT INTO Health (account, last_date, last_time, temperature) VALUES ('620157197812180554', '20200203', '10:54:14', 35.9);
INSERT INTO Health (account, last_date, last_time, temperature) VALUES ('332836196404296985', '20200513', '12:00:08', 36);
INSERT INTO Health (account, last_date, last_time, temperature) VALUES ('410778197409271643', '20200524', '19:35:36', 37);
INSERT INTO Health (account, last_date, last_time, temperature) VALUES ('413860193306243550', '20200514', '15:53:44', 35.9);
INSERT INTO Health (account, last_date, last_time, temperature) VALUES ('15087719301016974X', '20200406', '10:44:11', 37.4);
INSERT INTO Health (account, last_date, last_time, temperature) VALUES ('632903198805094630', '20200425', '05:19:02', 37);
INSERT INTO Health (account, last_date, last_time, temperature) VALUES ('22086220121106285X', '20200407', '03:17:25', 37.1);
INSERT INTO Health (account, last_date, last_time, temperature) VALUES ('332524197611137293', '20200317', '04:39:14', 35.8);
INSERT INTO Health (account, last_date, last_time, temperature) VALUES ('323480194710070245', '20200208', '12:34:33', 35.8);
INSERT INTO Health (account, last_date, last_time, temperature) VALUES ('421104194805087990', '20200201', '09:42:15', 36);
INSERT INTO Health (account, last_date, last_time, temperature) VALUES ('213141197501184735', '20200415', '16:05:20', 37.1);
INSERT INTO Health (account, last_date, last_time, temperature) VALUES ('35032120050710922X', '20200327', '01:00:28', 36.6);
INSERT INTO Health (account, last_date, last_time, temperature) VALUES ('620565195206231716', '20200513', '14:00:38', 35.2);
INSERT INTO Health (account, last_date, last_time, temperature) VALUES ('43293419600827939X', '20200207', '16:31:56', 36.9);
INSERT INTO Health (account, last_date, last_time, temperature) VALUES ('121610199404046489', '20200405', '18:45:24', 36.4);
INSERT INTO Health (account, last_date, last_time, temperature) VALUES ('823112196006018289', '20200531', '12:28:26', 35.8);
INSERT INTO Health (account, last_date, last_time, temperature) VALUES ('352782200701016429', '20200527', '18:32:59', 35.8);
INSERT INTO Health (account, last_date, last_time, temperature) VALUES ('14318719701127915X', '20200516', '18:51:48', 37.4);
INSERT INTO Health (account, last_date, last_time, temperature) VALUES ('342156195103117088', '20200525', '18:06:21', 36);
INSERT INTO Health (account, last_date, last_time, temperature) VALUES ('213303193207154410', '20200224', '23:30:03', 37.1);
INSERT INTO Health (account, last_date, last_time, temperature) VALUES ('311447198910119055', '20200515', '23:16:47', 37.2);
INSERT INTO Health (account, last_date, last_time, temperature) VALUES ('114260193112259450', '20200215', '00:18:08', 37.2);
INSERT INTO Health (account, last_date, last_time, temperature) VALUES ('360721195708025758', '20200216', '14:12:16', 37.1);
INSERT INTO Health (account, last_date, last_time, temperature) VALUES ('812332201208176373', '20200208', '17:27:20', 36.1);
INSERT INTO Health (account, last_date, last_time, temperature) VALUES ('354711196511209237', '20200524', '04:37:44', 36.7);
INSERT INTO Health (account, last_date, last_time, temperature) VALUES ('351936192705155557', '20200226', '08:11:24', 35.5);
INSERT INTO Health (account, last_date, last_time, temperature) VALUES ('542909194810074234', '20200409', '23:46:17', 35.3);
INSERT INTO Health (account, last_date, last_time, temperature) VALUES ('543058193708152560', '20200421', '02:19:12', 35);
INSERT INTO Health (account, last_date, last_time, temperature) VALUES ('151120195802173760', '20200225', '03:07:14', 37.2);
INSERT INTO Health (account, last_date, last_time, temperature) VALUES ('632439199104243763', '20200505', '11:48:15', 35.9);
INSERT INTO Health (account, last_date, last_time, temperature) VALUES ('502656193807102426', '20200201', '21:18:11', 35.6);
INSERT INTO Health (account, last_date, last_time, temperature) VALUES ('620767200109258570', '20200504', '10:58:48', 37.2);
INSERT INTO Health (account, last_date, last_time, temperature) VALUES ('620852197006264470', '20200424', '11:42:02', 36.7);
INSERT INTO Health (account, last_date, last_time, temperature) VALUES ('211922195704073068', '20200212', '02:07:18', 37.4);
INSERT INTO Health (account, last_date, last_time, temperature) VALUES ('322623198704202189', '20200529', '01:10:31', 37.2);
INSERT INTO Health (account, last_date, last_time, temperature) VALUES ('442535196707268425', '20200404', '08:04:20', 37);
INSERT INTO Health (account, last_date, last_time, temperature) VALUES ('632560194209167980', '20200218', '04:42:56', 36.9);
INSERT INTO Health (account, last_date, last_time, temperature) VALUES ('633106195408184915', '20200511', '03:57:20', 35.2);
INSERT INTO Health (account, last_date, last_time, temperature) VALUES ('124424198907227696', '20200420', '01:39:05', 36.1);
INSERT INTO Health (account, last_date, last_time, temperature) VALUES ('151078199508027693', '20200221', '14:24:03', 35.6);
INSERT INTO Health (account, last_date, last_time, temperature) VALUES ('231705194411075302', '20200518', '06:42:23', 36.5);
INSERT INTO Health (account, last_date, last_time, temperature) VALUES ('112766193501257393', '20200321', '00:14:58', 37.2);
INSERT INTO Health (account, last_date, last_time, temperature) VALUES ('624592196112082508', '20200405', '15:33:32', 35.2);
INSERT INTO Health (account, last_date, last_time, temperature) VALUES ('823042199106085147', '20200312', '20:48:17', 35.1);
INSERT INTO Health (account, last_date, last_time, temperature) VALUES ('462784198601157602', '20200423', '01:36:28', 35.4);
INSERT INTO Health (account, last_date, last_time, temperature) VALUES ('621370194304298633', '20200428', '07:02:07', 36.5);
INSERT INTO Health (account, last_date, last_time, temperature) VALUES ('331843198906161911', '20200503', '02:48:04', 37.3);
INSERT INTO Health (account, last_date, last_time, temperature) VALUES ('532124195301304309', '20200228', '16:42:20', 35.6);
INSERT INTO Health (account, last_date, last_time, temperature) VALUES ('233733197112259823', '20200419', '21:30:54', 36);
INSERT INTO Health (account, last_date, last_time, temperature) VALUES ('320641196912237768', '20200405', '02:04:48', 36);
INSERT INTO Health (account, last_date, last_time, temperature) VALUES ('353330196909193113', '20200208', '01:59:58', 35.7);
INSERT INTO Health (account, last_date, last_time, temperature) VALUES ('71267919670605830X', '20200331', '11:59:37', 35.9);
INSERT INTO Health (account, last_date, last_time, temperature) VALUES ('520166198512021907', '20200513', '18:05:38', 36.6);
INSERT INTO Health (account, last_date, last_time, temperature) VALUES ('823503199110221909', '20200506', '08:58:48', 36.1);
INSERT INTO Health (account, last_date, last_time, temperature) VALUES ('541683194206234146', '20200417', '06:35:58', 35.3);
INSERT INTO Health (account, last_date, last_time, temperature) VALUES ('813743199403086554', '20200323', '05:30:42', 35.7);
INSERT INTO Health (account, last_date, last_time, temperature) VALUES ('530960198706302610', '20200216', '09:08:47', 36.7);
INSERT INTO Health (account, last_date, last_time, temperature) VALUES ('630921192704137376', '20200223', '08:58:08', 37);
INSERT INTO Health (account, last_date, last_time, temperature) VALUES ('652817199003153156', '20200201', '08:36:19', 37.2);
INSERT INTO Health (account, last_date, last_time, temperature) VALUES ('510243198812137489', '20200226', '22:41:03', 37);
INSERT INTO Health (account, last_date, last_time, temperature) VALUES ('120738192502110583', '20200305', '00:45:18', 35.3);
INSERT INTO Health (account, last_date, last_time, temperature) VALUES ('453648196105033698', '20200513', '04:45:00', 35.5);
INSERT INTO Health (account, last_date, last_time, temperature) VALUES ('823376200612095169', '20200508', '23:34:54', 37.3);
INSERT INTO Health (account, last_date, last_time, temperature) VALUES ('813415198411082467', '20200307', '23:54:20', 35.1);
INSERT INTO Health (account, last_date, last_time, temperature) VALUES ('452164199505281477', '20200512', '00:30:19', 36.1);
INSERT INTO Health (account, last_date, last_time, temperature) VALUES ('33297220011119339X', '20200215', '19:51:23', 37.2);
INSERT INTO Health (account, last_date, last_time, temperature) VALUES ('421295198403102762', '20200510', '19:45:14', 37.4);
INSERT INTO Health (account, last_date, last_time, temperature) VALUES ('222004197911123635', '20200308', '14:31:08', 35.1);
INSERT INTO Health (account, last_date, last_time, temperature) VALUES ('633911199002015509', '20200406', '10:52:09', 35.9);
INSERT INTO Health (account, last_date, last_time, temperature) VALUES ('12327119610701419X', '20200209', '05:19:38', 35.8);
INSERT INTO Health (account, last_date, last_time, temperature) VALUES ('824190198201170319', '20200521', '20:21:56', 35);
INSERT INTO Health (account, last_date, last_time, temperature) VALUES ('500428193512012297', '20200520', '05:18:15', 36.5);
INSERT INTO Health (account, last_date, last_time, temperature) VALUES ('522421199606234382', '20200328', '20:15:56', 36.7);
INSERT INTO Health (account, last_date, last_time, temperature) VALUES ('524278196812047688', '20200512', '10:47:00', 36.5);
INSERT INTO Health (account, last_date, last_time, temperature) VALUES ('533722201107074457', '20200529', '18:33:55', 36.7);
INSERT INTO Health (account, last_date, last_time, temperature) VALUES ('534010193505185024', '20200219', '18:15:34', 37.2);
INSERT INTO Health (account, last_date, last_time, temperature) VALUES ('311419199005070196', '20200318', '16:03:54', 35.6);
INSERT INTO Health (account, last_date, last_time, temperature) VALUES ('443732192507052603', '20200222', '18:57:50', 37.9);
INSERT INTO Health (account, last_date, last_time, temperature) VALUES ('650497201210021384', '20200226', '13:50:04', 36.4);
INSERT INTO Health (account, last_date, last_time, temperature) VALUES ('521788193911052766', '20200207', '23:00:45', 35.6);
INSERT INTO Health (account, last_date, last_time, temperature) VALUES ('322927194403298331', '20200405', '05:40:40', 35.5);
INSERT INTO Health (account, last_date, last_time, temperature) VALUES ('311571193011303452', '20200217', '05:42:24', 36.1);
INSERT INTO Health (account, last_date, last_time, temperature) VALUES ('354972200207293414', '20200411', '13:04:11', 35.3);
INSERT INTO Health (account, last_date, last_time, temperature) VALUES ('41356120110920905X', '20200407', '11:39:55', 35.6);
INSERT INTO Health (account, last_date, last_time, temperature) VALUES ('610748200004040199', '20200506', '02:25:29', 35.2);
INSERT INTO Health (account, last_date, last_time, temperature) VALUES ('130734195308252103', '20200421', '20:34:17', 37.4);
INSERT INTO Health (account, last_date, last_time, temperature) VALUES ('154183195912155060', '20200203', '10:23:15', 35.8);
INSERT INTO Health (account, last_date, last_time, temperature) VALUES ('542592196209302221', '20200517', '13:02:53', 36.9);
INSERT INTO Health (account, last_date, last_time, temperature) VALUES ('514150195306141512', '20200219', '09:23:59', 36.9);
INSERT INTO Health (account, last_date, last_time, temperature) VALUES ('443799195412150423', '20200506', '21:56:53', 35.6);
INSERT INTO Health (account, last_date, last_time, temperature) VALUES ('630617194812272203', '20200513', '12:27:21', 36.2);
INSERT INTO Health (account, last_date, last_time, temperature) VALUES ('811621198603314431', '20200416', '07:47:54', 36.5);
INSERT INTO Health (account, last_date, last_time, temperature) VALUES ('333165193602090206', '20200409', '01:26:38', 36.1);
INSERT INTO Health (account, last_date, last_time, temperature) VALUES ('712831200805244417', '20200525', '17:02:49', 35.5);
INSERT INTO Health (account, last_date, last_time, temperature) VALUES ('371716193612250316', '20200423', '04:55:36', 36.1);
INSERT INTO Health (account, last_date, last_time, temperature) VALUES ('313359193705211318', '20200201', '08:59:55', 35.5);
INSERT INTO Health (account, last_date, last_time, temperature) VALUES ('454662195709172448', '20200327', '02:26:07', 37.4);
INSERT INTO Health (account, last_date, last_time, temperature) VALUES ('623417199103086829', '20200313', '09:02:45', 37.4);
INSERT INTO Health (account, last_date, last_time, temperature) VALUES ('81197420040501456X', '20200414', '16:52:05', 37);
INSERT INTO Health (account, last_date, last_time, temperature) VALUES ('531077192803061537', '20200227', '16:05:12', 37.3);
INSERT INTO Health (account, last_date, last_time, temperature) VALUES ('12179120061201805X', '20200226', '20:39:02', 37.4);
INSERT INTO Health (account, last_date, last_time, temperature) VALUES ('121160195506125674', '20200405', '19:41:32', 35);
INSERT INTO Health (account, last_date, last_time, temperature) VALUES ('353019197311272057', '20200505', '02:46:03', 35.1);
INSERT INTO Health (account, last_date, last_time, temperature) VALUES ('424253201212280083', '20200523', '07:59:56', 37.2);
INSERT INTO Health (account, last_date, last_time, temperature) VALUES ('144416195701035302', '20200209', '15:44:18', 36.7);
INSERT INTO Health (account, last_date, last_time, temperature) VALUES ('642282199710238306', '20200331', '01:43:43', 35.3);
INSERT INTO Health (account, last_date, last_time, temperature) VALUES ('310567197203244149', '20200224', '16:29:43', 37.4);
INSERT INTO Health (account, last_date, last_time, temperature) VALUES ('460815200911132642', '20200215', '05:31:23', 35.7);
INSERT INTO Health (account, last_date, last_time, temperature) VALUES ('423438194902103546', '20200219', '19:30:32', 37.4);
INSERT INTO Health (account, last_date, last_time, temperature) VALUES ('450127197709297283', '20200412', '01:16:09', 37.2);
INSERT INTO Health (account, last_date, last_time, temperature) VALUES ('711182197707203234', '20200422', '04:01:37', 36.5);
INSERT INTO Health (account, last_date, last_time, temperature) VALUES ('111877201204182521', '20200213', '10:14:54', 36.3);
INSERT INTO Health (account, last_date, last_time, temperature) VALUES ('454848198003153568', '20200316', '08:09:47', 36.5);
INSERT INTO Health (account, last_date, last_time, temperature) VALUES ('443249197108318136', '20200510', '21:15:47', 35.5);
INSERT INTO Health (account, last_date, last_time, temperature) VALUES ('634648196005202867', '20200206', '04:37:04', 35.9);
INSERT INTO Health (account, last_date, last_time, temperature) VALUES ('651665193503048800', '20200519', '22:48:09', 35.1);
INSERT INTO Health (account, last_date, last_time, temperature) VALUES ('61235619740215396X', '20200531', '14:09:48', 36.8);
INSERT INTO Health (account, last_date, last_time, temperature) VALUES ('322801195310275498', '20200411', '20:06:37', 36.2);
INSERT INTO Health (account, last_date, last_time, temperature) VALUES ('451331199204214381', '20200523', '10:58:28', 37.1);
INSERT INTO Health (account, last_date, last_time, temperature) VALUES ('410561192710183478', '20200223', '10:17:19', 37);
INSERT INTO Health (account, last_date, last_time, temperature) VALUES ('224052199705010271', '20200319', '06:30:46', 35.9);
INSERT INTO Health (account, last_date, last_time, temperature) VALUES ('711724201009301120', '20200503', '05:15:42', 36.9);
INSERT INTO Health (account, last_date, last_time, temperature) VALUES ('34151219851104259X', '20200403', '13:09:27', 35.2);
INSERT INTO Health (account, last_date, last_time, temperature) VALUES ('121230193509270261', '20200223', '04:52:05', 35.6);
INSERT INTO Health (account, last_date, last_time, temperature) VALUES ('214389194602022003', '20200504', '14:19:42', 35.5);
INSERT INTO Health (account, last_date, last_time, temperature) VALUES ('340359199610233158', '20200516', '02:03:54', 37.1);
INSERT INTO Health (account, last_date, last_time, temperature) VALUES ('130278192802087681', '20200417', '21:27:30', 36.5);
INSERT INTO Health (account, last_date, last_time, temperature) VALUES ('512691196107051069', '20200424', '21:11:03', 37.1);
INSERT INTO Health (account, last_date, last_time, temperature) VALUES ('313505192611281113', '20200423', '23:54:40', 38.3);
INSERT INTO Health (account, last_date, last_time, temperature) VALUES ('630274194205217946', '20200403', '18:22:43', 35.1);
INSERT INTO Health (account, last_date, last_time, temperature) VALUES ('374765196706301610', '20200427', '02:31:16', 35);
INSERT INTO Health (account, last_date, last_time, temperature) VALUES ('463030197005086758', '20200507', '22:20:52', 36.4);
INSERT INTO Health (account, last_date, last_time, temperature) VALUES ('452810198503266345', '20200410', '02:09:03', 35.8);
INSERT INTO Health (account, last_date, last_time, temperature) VALUES ('324162200506018907', '20200518', '21:11:58', 35.7);
INSERT INTO Health (account, last_date, last_time, temperature) VALUES ('441549195911024844', '20200526', '12:12:39', 36.7);
INSERT INTO Health (account, last_date, last_time, temperature) VALUES ('62181219870911526X', '20200403', '05:20:16', 35.7);
INSERT INTO Health (account, last_date, last_time, temperature) VALUES ('821373196202035639', '20200402', '13:09:48', 36.1);
INSERT INTO Health (account, last_date, last_time, temperature) VALUES ('233234195910181927', '20200406', '03:56:02', 36.3);
INSERT INTO Health (account, last_date, last_time, temperature) VALUES ('544423192804063501', '20200324', '11:45:23', 36.4);
INSERT INTO Health (account, last_date, last_time, temperature) VALUES ('434287197711138868', '20200211', '20:59:04', 37);
INSERT INTO Health (account, last_date, last_time, temperature) VALUES ('314509200909062418', '20200519', '02:14:26', 35.3);
INSERT INTO Health (account, last_date, last_time, temperature) VALUES ('121246200504237304', '20200330', '12:31:25', 35.8);
INSERT INTO Health (account, last_date, last_time, temperature) VALUES ('431386195109016007', '20200513', '07:35:09', 35.4);
INSERT INTO Health (account, last_date, last_time, temperature) VALUES ('314873194701270584', '20200325', '01:04:08', 37.1);
INSERT INTO Health (account, last_date, last_time, temperature) VALUES ('211686198909024024', '20200308', '07:07:18', 35.2);
INSERT INTO Health (account, last_date, last_time, temperature) VALUES ('46485619861023210X', '20200319', '08:45:27', 36.2);
INSERT INTO Health (account, last_date, last_time, temperature) VALUES ('820198194302102494', '20200415', '00:54:57', 36.9);
INSERT INTO Health (account, last_date, last_time, temperature) VALUES ('324519199906062618', '20200202', '22:41:31', 37.2);
INSERT INTO Health (account, last_date, last_time, temperature) VALUES ('533192194203267788', '20200528', '22:58:39', 36.9);
INSERT INTO Health (account, last_date, last_time, temperature) VALUES ('360495192307184017', '20200310', '08:06:25', 35.4);
INSERT INTO Health (account, last_date, last_time, temperature) VALUES ('51508519810910191X', '20200310', '06:38:50', 35.6);
INSERT INTO Health (account, last_date, last_time, temperature) VALUES ('523843198908128419', '20200320', '02:24:58', 37.2);
INSERT INTO Health (account, last_date, last_time, temperature) VALUES ('14192219750219380X', '20200305', '14:53:22', 37.4);
INSERT INTO Health (account, last_date, last_time, temperature) VALUES ('823075193208062481', '20200505', '10:09:02', 36.9);
INSERT INTO Health (account, last_date, last_time, temperature) VALUES ('351082200511280616', '20200323', '18:15:48', 36.4);
INSERT INTO Health (account, last_date, last_time, temperature) VALUES ('332144201104138962', '20200401', '05:14:40', 36.4);
INSERT INTO Health (account, last_date, last_time, temperature) VALUES ('330937195912238284', '20200209', '07:33:42', 36.6);
INSERT INTO Health (account, last_date, last_time, temperature) VALUES ('46439419261114232X', '20200519', '23:56:44', 35);
INSERT INTO Health (account, last_date, last_time, temperature) VALUES ('361024199812226338', '20200311', '18:44:49', 36.5);
INSERT INTO Health (account, last_date, last_time, temperature) VALUES ('212201195611280620', '20200207', '23:55:38', 35.4);
INSERT INTO Health (account, last_date, last_time, temperature) VALUES ('611737199811220377', '20200216', '09:10:24', 35.3);
INSERT INTO Health (account, last_date, last_time, temperature) VALUES ('822451199606231635', '20200403', '00:41:12', 35.5);
INSERT INTO Health (account, last_date, last_time, temperature) VALUES ('531517193605306893', '20200425', '23:06:14', 35);
INSERT INTO Health (account, last_date, last_time, temperature) VALUES ('123161192601095229', '20200402', '00:15:11', 35.6);
INSERT INTO Health (account, last_date, last_time, temperature) VALUES ('623136195204165632', '20200218', '04:39:08', 37.8);
INSERT INTO Health (account, last_date, last_time, temperature) VALUES ('312303196607203251', '20200203', '11:05:17', 36.8);
INSERT INTO Health (account, last_date, last_time, temperature) VALUES ('623179201401059971', '20200527', '10:37:10', 36.9);
INSERT INTO Health (account, last_date, last_time, temperature) VALUES ('345062198803111879', '20200413', '00:53:36', 35.7);
INSERT INTO Health (account, last_date, last_time, temperature) VALUES ('713951193605019003', '20200316', '00:54:37', 37);
INSERT INTO Health (account, last_date, last_time, temperature) VALUES ('373253200511085465', '20200225', '10:04:32', 36.8);
INSERT INTO Health (account, last_date, last_time, temperature) VALUES ('153597197510135300', '20200308', '09:21:51', 36.3);
INSERT INTO Health (account, last_date, last_time, temperature) VALUES ('634976193503013786', '20200204', '23:46:57', 36.4);
INSERT INTO Health (account, last_date, last_time, temperature) VALUES ('333822198911037118', '20200411', '05:37:48', 37);
INSERT INTO Health (account, last_date, last_time, temperature) VALUES ('430976195403194614', '20200518', '19:42:56', 37.2);
INSERT INTO Health (account, last_date, last_time, temperature) VALUES ('133594196012110240', '20200210', '14:58:45', 36.3);
INSERT INTO Health (account, last_date, last_time, temperature) VALUES ('711033201210202209', '20200318', '21:23:45', 36);
INSERT INTO Health (account, last_date, last_time, temperature) VALUES ('333376193104209891', '20200210', '03:05:24', 35.2);
INSERT INTO Health (account, last_date, last_time, temperature) VALUES ('112581194401069708', '20200218', '00:34:19', 35.5);
INSERT INTO Health (account, last_date, last_time, temperature) VALUES ('114077200810167581', '20200516', '00:11:09', 37.3);
INSERT INTO Health (account, last_date, last_time, temperature) VALUES ('352637196102266880', '20200305', '18:25:21', 35.8);
INSERT INTO Health (account, last_date, last_time, temperature) VALUES ('31212919500409800X', '20200502', '10:50:30', 36.7);
INSERT INTO Health (account, last_date, last_time, temperature) VALUES ('32335919450824093X', '20200213', '16:34:37', 35.7);
INSERT INTO Health (account, last_date, last_time, temperature) VALUES ('520366197009010242', '20200509', '07:30:39', 36.6);
INSERT INTO Health (account, last_date, last_time, temperature) VALUES ('624777196101153171', '20200506', '06:55:16', 36.2);
INSERT INTO Health (account, last_date, last_time, temperature) VALUES ('532323200907074683', '20200408', '10:32:57', 36.1);
INSERT INTO Health (account, last_date, last_time, temperature) VALUES ('821701193108027698', '20200412', '18:56:59', 36.9);
INSERT INTO Health (account, last_date, last_time, temperature) VALUES ('651442196308318662', '20200502', '02:01:46', 36.7);
INSERT INTO Health (account, last_date, last_time, temperature) VALUES ('372436193907292697', '20200522', '01:00:59', 36);
INSERT INTO Health (account, last_date, last_time, temperature) VALUES ('313051193703278243', '20200321', '04:38:50', 37.4);
INSERT INTO Health (account, last_date, last_time, temperature) VALUES ('342587199007173361', '20200506', '00:57:21', 36.3);
INSERT INTO Health (account, last_date, last_time, temperature) VALUES ('643342197309237824', '20200216', '03:45:59', 35.6);
INSERT INTO Health (account, last_date, last_time, temperature) VALUES ('644109192506249415', '20200506', '04:35:17', 37.3);
INSERT INTO Health (account, last_date, last_time, temperature) VALUES ('324047194012306094', '20200321', '14:21:25', 35.5);
INSERT INTO Health (account, last_date, last_time, temperature) VALUES ('650215196204237900', '20200508', '09:32:50', 35.2);
INSERT INTO Health (account, last_date, last_time, temperature) VALUES ('212738192708289343', '20200418', '01:37:05', 35.7);
INSERT INTO Health (account, last_date, last_time, temperature) VALUES ('50410519460521143X', '20200313', '05:21:47', 35.9);
INSERT INTO Health (account, last_date, last_time, temperature) VALUES ('450393193103023230', '20200426', '09:26:45', 35.4);
INSERT INTO Health (account, last_date, last_time, temperature) VALUES ('633540197912040595', '20200305', '21:47:47', 36.2);
INSERT INTO Health (account, last_date, last_time, temperature) VALUES ('520939197601045360', '20200215', '12:35:41', 37.1);
INSERT INTO Health (account, last_date, last_time, temperature) VALUES ('113995197006127250', '20200321', '14:46:09', 37);
INSERT INTO Health (account, last_date, last_time, temperature) VALUES ('613339193403162458', '20200512', '14:14:15', 35.8);
INSERT INTO Health (account, last_date, last_time, temperature) VALUES ('622210195908199393', '20200426', '12:00:19', 35.6);
INSERT INTO Health (account, last_date, last_time, temperature) VALUES ('334935197410102220', '20200408', '20:33:35', 36.1);
INSERT INTO Health (account, last_date, last_time, temperature) VALUES ('444439193710054219', '20200220', '21:10:06', 35.3);
INSERT INTO Health (account, last_date, last_time, temperature) VALUES ('320219194003054699', '20200315', '20:48:58', 36.6);
INSERT INTO Health (account, last_date, last_time, temperature) VALUES ('414449199712130617', '20200324', '22:05:55', 35.8);
INSERT INTO Health (account, last_date, last_time, temperature) VALUES ('614299201204264006', '20200331', '09:24:46', 37);
INSERT INTO Health (account, last_date, last_time, temperature) VALUES ('350257194709092121', '20200310', '04:41:43', 36);
INSERT INTO Health (account, last_date, last_time, temperature) VALUES ('340334200808173395', '20200227', '18:03:35', 35.4);
INSERT INTO Health (account, last_date, last_time, temperature) VALUES ('444336199104110901', '20200518', '11:52:50', 36.1);
INSERT INTO Health (account, last_date, last_time, temperature) VALUES ('112338199512256249', '20200330', '03:44:54', 35);
INSERT INTO Health (account, last_date, last_time, temperature) VALUES ('502532199008106368', '20200307', '18:26:51', 36.9);
INSERT INTO Health (account, last_date, last_time, temperature) VALUES ('434918201304167590', '20200518', '02:02:17', 36.7);
INSERT INTO Health (account, last_date, last_time, temperature) VALUES ('424319198705160341', '20200516', '04:53:41', 35.7);
INSERT INTO Health (account, last_date, last_time, temperature) VALUES ('122730199608077773', '20200323', '03:57:16', 37.7);
INSERT INTO Health (account, last_date, last_time, temperature) VALUES ('223937196306171546', '20200215', '22:42:19', 35.2);
INSERT INTO Health (account, last_date, last_time, temperature) VALUES ('452814192410199191', '20200413', '19:58:45', 37.3);
INSERT INTO Health (account, last_date, last_time, temperature) VALUES ('12364119810125499X', '20200415', '15:42:52', 36.7);
INSERT INTO Health (account, last_date, last_time, temperature) VALUES ('133714196501154393', '20200418', '23:27:32', 35.2);
INSERT INTO Health (account, last_date, last_time, temperature) VALUES ('501480198310162570', '20200322', '18:41:22', 36.5);
INSERT INTO Health (account, last_date, last_time, temperature) VALUES ('710465200312295197', '20200411', '05:35:26', 35.6);
INSERT INTO Health (account, last_date, last_time, temperature) VALUES ('540919197307307944', '20200515', '05:22:58', 37.1);
INSERT INTO Health (account, last_date, last_time, temperature) VALUES ('215077198009106838', '20200512', '00:53:05', 35.2);
INSERT INTO Health (account, last_date, last_time, temperature) VALUES ('324553197105141763', '20200306', '05:11:05', 35.1);
INSERT INTO Health (account, last_date, last_time, temperature) VALUES ('332441199802043994', '20200503', '23:45:01', 37.3);
INSERT INTO Health (account, last_date, last_time, temperature) VALUES ('541254197204086484', '20200527', '23:04:40', 35.1);
INSERT INTO Health (account, last_date, last_time, temperature) VALUES ('212960194009052651', '20200304', '23:44:00', 36.8);
INSERT INTO Health (account, last_date, last_time, temperature) VALUES ('444109198610263703', '20200528', '15:48:35', 36.9);
INSERT INTO Health (account, last_date, last_time, temperature) VALUES ('522196197012130504', '20200222', '03:44:06', 35.6);
INSERT INTO Health (account, last_date, last_time, temperature) VALUES ('533596193402280044', '20200428', '11:25:33', 35.8);
INSERT INTO Health (account, last_date, last_time, temperature) VALUES ('131772199510245046', '20200214', '18:04:32', 35.8);
INSERT INTO Health (account, last_date, last_time, temperature) VALUES ('233836195907233199', '20200220', '08:08:05', 35.4);
INSERT INTO Health (account, last_date, last_time, temperature) VALUES ('540512201109261974', '20200411', '16:11:36', 36);
INSERT INTO Health (account, last_date, last_time, temperature) VALUES ('534025193111027231', '20200517', '03:17:42', 36.2);
INSERT INTO Health (account, last_date, last_time, temperature) VALUES ('641416193912077449', '20200529', '19:45:46', 36.2);
INSERT INTO Health (account, last_date, last_time, temperature) VALUES ('463451195107294119', '20200205', '16:34:59', 37.2);
INSERT INTO Health (account, last_date, last_time, temperature) VALUES ('344625199708225712', '20200223', '14:04:16', 36.7);
INSERT INTO Health (account, last_date, last_time, temperature) VALUES ('363209199507139745', '20200520', '05:04:34', 37);
INSERT INTO Health (account, last_date, last_time, temperature) VALUES ('213603196006121865', '20200511', '08:55:22', 37.1);
INSERT INTO Health (account, last_date, last_time, temperature) VALUES ('461944194011095835', '20200403', '23:07:36', 37.2);
INSERT INTO Health (account, last_date, last_time, temperature) VALUES ('131070196805210006', '20200527', '06:25:53', 36.1);
INSERT INTO Health (account, last_date, last_time, temperature) VALUES ('422179193807195093', '20200314', '03:01:14', 36.2);
INSERT INTO Health (account, last_date, last_time, temperature) VALUES ('822470199109120332', '20200508', '03:49:31', 36.9);
INSERT INTO Health (account, last_date, last_time, temperature) VALUES ('541285193002255423', '20200402', '05:43:13', 36.9);
INSERT INTO Health (account, last_date, last_time, temperature) VALUES ('65434319880109750X', '20200518', '06:58:28', 36.4);
INSERT INTO Health (account, last_date, last_time, temperature) VALUES ('121271200607055870', '20200426', '04:21:41', 37.3);
INSERT INTO Health (account, last_date, last_time, temperature) VALUES ('143631195106119991', '20200526', '03:09:38', 37.4);
INSERT INTO Health (account, last_date, last_time, temperature) VALUES ('631360195007130879', '20200330', '11:18:33', 36.5);
INSERT INTO Health (account, last_date, last_time, temperature) VALUES ('22013219830816239X', '20200510', '07:13:04', 35.6);
INSERT INTO Health (account, last_date, last_time, temperature) VALUES ('53185919610204029X', '20200311', '15:01:53', 37.2);
INSERT INTO Health (account, last_date, last_time, temperature) VALUES ('821673197704294707', '20200320', '08:57:26', 35.2);
INSERT INTO Health (account, last_date, last_time, temperature) VALUES ('341333194303294410', '20200517', '07:11:01', 35.7);
INSERT INTO Health (account, last_date, last_time, temperature) VALUES ('454694196308240604', '20200526', '17:41:42', 35);
INSERT INTO Health (account, last_date, last_time, temperature) VALUES ('370841200603294085', '20200517', '06:27:55', 35.4);
INSERT INTO Health (account, last_date, last_time, temperature) VALUES ('464906194501316116', '20200519', '01:26:28', 35.6);
INSERT INTO Health (account, last_date, last_time, temperature) VALUES ('334678200011181331', '20200512', '18:00:20', 35);
INSERT INTO Health (account, last_date, last_time, temperature) VALUES ('42283119640103785X', '20200219', '13:37:26', 36);
INSERT INTO Health (account, last_date, last_time, temperature) VALUES ('330609195003075816', '20200219', '08:23:53', 35.9);
INSERT INTO Health (account, last_date, last_time, temperature) VALUES ('432260194202080386', '20200305', '16:19:27', 36.2);
INSERT INTO Health (account, last_date, last_time, temperature) VALUES ('332880195902073193', '20200420', '13:43:55', 35.7);
INSERT INTO Health (account, last_date, last_time, temperature) VALUES ('710687201008130313', '20200416', '01:50:31', 37);
INSERT INTO Health (account, last_date, last_time, temperature) VALUES ('37200119720630223X', '20200516', '21:07:03', 35.3);
INSERT INTO Health (account, last_date, last_time, temperature) VALUES ('711824194108107402', '20200225', '12:30:56', 36.2);
INSERT INTO Health (account, last_date, last_time, temperature) VALUES ('521818200602185641', '20200210', '06:29:54', 36.8);
INSERT INTO Health (account, last_date, last_time, temperature) VALUES ('151407195510314905', '20200228', '15:24:10', 36.6);
INSERT INTO Health (account, last_date, last_time, temperature) VALUES ('444839195607233131', '20200325', '13:01:44', 37.4);
INSERT INTO Health (account, last_date, last_time, temperature) VALUES ('360465195101070745', '20200205', '05:05:46', 35.3);
INSERT INTO Health (account, last_date, last_time, temperature) VALUES ('224374201109198422', '20200209', '15:58:40', 35.3);
INSERT INTO Health (account, last_date, last_time, temperature) VALUES ('642671194505067183', '20200506', '21:39:46', 37.1);
INSERT INTO Health (account, last_date, last_time, temperature) VALUES ('234131195206030562', '20200312', '08:46:13', 37.2);
INSERT INTO Health (account, last_date, last_time, temperature) VALUES ('424706199406083576', '20200219', '20:54:46', 36.8);
INSERT INTO Health (account, last_date, last_time, temperature) VALUES ('431985199608274666', '20200422', '15:05:21', 35.5);
INSERT INTO Health (account, last_date, last_time, temperature) VALUES ('823004195703307670', '20200508', '05:26:40', 36.2);
INSERT INTO Health (account, last_date, last_time, temperature) VALUES ('710851197001103336', '20200202', '07:19:50', 36.7);
INSERT INTO Health (account, last_date, last_time, temperature) VALUES ('431636197411202819', '20200220', '07:35:04', 35.3);
INSERT INTO Health (account, last_date, last_time, temperature) VALUES ('61428520110412926X', '20200518', '05:48:55', 36.1);
INSERT INTO Health (account, last_date, last_time, temperature) VALUES ('610139195006269718', '20200507', '22:39:15', 36);
INSERT INTO Health (account, last_date, last_time, temperature) VALUES ('215017194110227745', '20200322', '08:05:58', 37.4);
INSERT INTO Health (account, last_date, last_time, temperature) VALUES ('312240195505219928', '20200416', '23:20:19', 37.1);
INSERT INTO Health (account, last_date, last_time, temperature) VALUES ('461722197112254739', '20200513', '03:57:03', 37);
INSERT INTO Health (account, last_date, last_time, temperature) VALUES ('131332195904093374', '20200520', '23:40:08', 37.4);
INSERT INTO Health (account, last_date, last_time, temperature) VALUES ('131138200112181536', '20200306', '04:43:21', 35.9);
INSERT INTO Health (account, last_date, last_time, temperature) VALUES ('130108197910024586', '20200212', '12:47:48', 36.4);
INSERT INTO Health (account, last_date, last_time, temperature) VALUES ('432595200909303534', '20200314', '16:01:08', 35);
INSERT INTO Health (account, last_date, last_time, temperature) VALUES ('502603200105253091', '20200201', '18:18:51', 35.4);
INSERT INTO Health (account, last_date, last_time, temperature) VALUES ('454744201403315180', '20200218', '19:19:32', 35.9);
INSERT INTO Health (account, last_date, last_time, temperature) VALUES ('222438197307045221', '20200409', '15:30:26', 36.4);
INSERT INTO Health (account, last_date, last_time, temperature) VALUES ('350546197603075646', '20200423', '20:24:08', 36.4);
INSERT INTO Health (account, last_date, last_time, temperature) VALUES ('453161192710088775', '20200416', '14:13:51', 37.3);
INSERT INTO Health (account, last_date, last_time, temperature) VALUES ('352611196010019393', '20200312', '14:03:59', 35.3);
INSERT INTO Health (account, last_date, last_time, temperature) VALUES ('510120198607030448', '20200308', '14:47:22', 35.8);
INSERT INTO Health (account, last_date, last_time, temperature) VALUES ('143206197805034683', '20200308', '23:29:07', 36.2);
INSERT INTO Health (account, last_date, last_time, temperature) VALUES ('640638196705262353', '20200202', '11:52:04', 35.9);
INSERT INTO Health (account, last_date, last_time, temperature) VALUES ('652469197705048522', '20200205', '11:25:29', 35);
INSERT INTO Health (account, last_date, last_time, temperature) VALUES ('453616198810232885', '20200213', '11:00:03', 36.7);
INSERT INTO Health (account, last_date, last_time, temperature) VALUES ('631652200007080584', '20200522', '09:50:30', 36.3);
INSERT INTO Health (account, last_date, last_time, temperature) VALUES ('811520196210267948', '20200519', '09:45:07', 37);
INSERT INTO Health (account, last_date, last_time, temperature) VALUES ('143386198003292003', '20200421', '04:30:55', 36.5);
INSERT INTO Health (account, last_date, last_time, temperature) VALUES ('412861199906079131', '20200211', '04:57:38', 37);
INSERT INTO Health (account, last_date, last_time, temperature) VALUES ('14287619591210671X', '20200516', '02:45:37', 37.4);
INSERT INTO Health (account, last_date, last_time, temperature) VALUES ('622025193609068936', '20200427', '08:50:48', 37.3);
INSERT INTO Health (account, last_date, last_time, temperature) VALUES ('343470192702274367', '20200503', '23:29:56', 36.1);
INSERT INTO Health (account, last_date, last_time, temperature) VALUES ('440697194503184671', '20200327', '03:36:26', 35.9);
INSERT INTO Health (account, last_date, last_time, temperature) VALUES ('512039197107187517', '20200405', '02:35:35', 36.7);
INSERT INTO Health (account, last_date, last_time, temperature) VALUES ('372744200009149013', '20200428', '08:16:06', 36);
INSERT INTO Health (account, last_date, last_time, temperature) VALUES ('514912198111144042', '20200430', '22:44:41', 37.4);
INSERT INTO Health (account, last_date, last_time, temperature) VALUES ('15017919671221454X', '20200405', '14:24:53', 37.1);
INSERT INTO Health (account, last_date, last_time, temperature) VALUES ('34344619451022278X', '20200225', '17:48:01', 35.2);
INSERT INTO Health (account, last_date, last_time, temperature) VALUES ('334047198810112441', '20200518', '02:35:58', 36.4);
INSERT INTO Health (account, last_date, last_time, temperature) VALUES ('644464196209222129', '20200227', '00:21:50', 35.1);
INSERT INTO Health (account, last_date, last_time, temperature) VALUES ('135001195202158904', '20200212', '23:48:24', 35.1);
INSERT INTO Health (account, last_date, last_time, temperature) VALUES ('373949192907266237', '20200207', '07:40:18', 37.2);
INSERT INTO Health (account, last_date, last_time, temperature) VALUES ('644607195110187851', '20200204', '12:35:16', 36.2);
INSERT INTO Health (account, last_date, last_time, temperature) VALUES ('333918193908090506', '20200325', '21:29:30', 36.9);
INSERT INTO Health (account, last_date, last_time, temperature) VALUES ('372099195402204570', '20200413', '05:05:33', 35.3);
INSERT INTO Health (account, last_date, last_time, temperature) VALUES ('712377199204240559', '20200514', '05:27:03', 37.2);
INSERT INTO Health (account, last_date, last_time, temperature) VALUES ('14334119340122283X', '20200319', '07:35:11', 36.9);
INSERT INTO Health (account, last_date, last_time, temperature) VALUES ('543696197802091691', '20200202', '04:24:53', 37.1);
INSERT INTO Health (account, last_date, last_time, temperature) VALUES ('333628192511187674', '20200331', '08:23:56', 37.2);
INSERT INTO Health (account, last_date, last_time, temperature) VALUES ('421687192812180897', '20200204', '01:40:55', 36.6);
INSERT INTO Health (account, last_date, last_time, temperature) VALUES ('344353197206223158', '20200519', '20:49:43', 36.5);
INSERT INTO Health (account, last_date, last_time, temperature) VALUES ('450306197412054916', '20200316', '07:02:01', 36.3);
INSERT INTO Health (account, last_date, last_time, temperature) VALUES ('123443199408042621', '20200315', '16:22:20', 37.2);
INSERT INTO Health (account, last_date, last_time, temperature) VALUES ('141022196501199781', '20200219', '20:16:23', 36.9);
INSERT INTO Health (account, last_date, last_time, temperature) VALUES ('510394195811266100', '20200418', '17:07:05', 35);
INSERT INTO Health (account, last_date, last_time, temperature) VALUES ('13265119610711500X', '20200318', '13:19:03', 35.7);
INSERT INTO Health (account, last_date, last_time, temperature) VALUES ('123101194002173159', '20200331', '05:57:22', 36.4);
INSERT INTO Health (account, last_date, last_time, temperature) VALUES ('644477192502247407', '20200418', '23:35:31', 36.2);
INSERT INTO Health (account, last_date, last_time, temperature) VALUES ('501004194307116909', '20200331', '00:38:41', 35.1);
INSERT INTO Health (account, last_date, last_time, temperature) VALUES ('620522200302143898', '20200228', '14:58:26', 36.2);
INSERT INTO Health (account, last_date, last_time, temperature) VALUES ('423204200009172947', '20200307', '07:30:42', 37.1);
INSERT INTO Health (account, last_date, last_time, temperature) VALUES ('530618194309305578', '20200514', '00:13:46', 36.3);
INSERT INTO Health (account, last_date, last_time, temperature) VALUES ('373480195306103032', '20200323', '07:45:42', 37.7);
INSERT INTO Health (account, last_date, last_time, temperature) VALUES ('224344200302156353', '20200327', '10:28:20', 36.3);
INSERT INTO Health (account, last_date, last_time, temperature) VALUES ('642440198710134231', '20200420', '14:19:19', 35.7);
INSERT INTO Health (account, last_date, last_time, temperature) VALUES ('543645199211045266', '20200515', '17:02:12', 37.4);
INSERT INTO Health (account, last_date, last_time, temperature) VALUES ('210708196004048624', '20200421', '08:10:33', 37);
INSERT INTO Health (account, last_date, last_time, temperature) VALUES ('612028193708240821', '20200307', '02:49:09', 37.1);
INSERT INTO Health (account, last_date, last_time, temperature) VALUES ('461245193101310294', '20200221', '10:17:09', 35.2);
INSERT INTO Health (account, last_date, last_time, temperature) VALUES ('153829194212079396', '20200313', '17:01:43', 35.9);
INSERT INTO Health (account, last_date, last_time, temperature) VALUES ('373521197706166919', '20200526', '17:47:41', 37.6);
INSERT INTO Health (account, last_date, last_time, temperature) VALUES ('223488193407254915', '20200527', '20:33:22', 35.6);
INSERT INTO Health (account, last_date, last_time, temperature) VALUES ('214540198406010396', '20200405', '11:47:05', 36.2);
INSERT INTO Health (account, last_date, last_time, temperature) VALUES ('642799193005175287', '20200427', '16:59:20', 36.5);
INSERT INTO Health (account, last_date, last_time, temperature) VALUES ('712082195101164741', '20200203', '20:06:39', 35.2);
INSERT INTO Health (account, last_date, last_time, temperature) VALUES ('154124196606170516', '20200202', '17:12:39', 36.8);
INSERT INTO Health (account, last_date, last_time, temperature) VALUES ('414815197907085692', '20200305', '18:15:11', 36.3);
INSERT INTO Health (account, last_date, last_time, temperature) VALUES ('641957195902224027', '20200324', '21:28:58', 36.9);
INSERT INTO Health (account, last_date, last_time, temperature) VALUES ('13134619600202191X', '20200411', '16:49:55', 36.1);
INSERT INTO Health (account, last_date, last_time, temperature) VALUES ('414833192401310458', '20200218', '09:49:19', 35.5);
INSERT INTO Health (account, last_date, last_time, temperature) VALUES ('131286193007247274', '20200223', '05:27:34', 35.8);
INSERT INTO Health (account, last_date, last_time, temperature) VALUES ('424889197110040961', '20200505', '10:48:47', 36.8);
INSERT INTO Health (account, last_date, last_time, temperature) VALUES ('624011196501072403', '20200330', '13:32:00', 36.5);
INSERT INTO Health (account, last_date, last_time, temperature) VALUES ('631136194606073068', '20200424', '13:38:10', 37);
INSERT INTO Health (account, last_date, last_time, temperature) VALUES ('353915196408134728', '20200218', '13:21:27', 35.5);
INSERT INTO Health (account, last_date, last_time, temperature) VALUES ('110828198101136683', '20200511', '22:27:03', 36);
INSERT INTO Health (account, last_date, last_time, temperature) VALUES ('352560192304075029', '20200222', '19:57:54', 37.3);
INSERT INTO Health (account, last_date, last_time, temperature) VALUES ('144295195910301690', '20200415', '19:21:58', 35.7);
INSERT INTO Health (account, last_date, last_time, temperature) VALUES ('813221194102250874', '20200316', '11:39:50', 35.5);
INSERT INTO Health (account, last_date, last_time, temperature) VALUES ('223231199802014370', '20200414', '01:00:51', 36.6);
INSERT INTO Health (account, last_date, last_time, temperature) VALUES ('210401192309027938', '20200202', '18:19:10', 37.3);
INSERT INTO Health (account, last_date, last_time, temperature) VALUES ('520956194511063317', '20200426', '05:35:20', 35.4);
INSERT INTO Health (account, last_date, last_time, temperature) VALUES ('230983193101092060', '20200413', '21:50:18', 36.4);
INSERT INTO Health (account, last_date, last_time, temperature) VALUES ('652028198805013757', '20200520', '11:29:35', 35.9);
INSERT INTO Health (account, last_date, last_time, temperature) VALUES ('121150197209288082', '20200223', '02:49:40', 35.4);
INSERT INTO Health (account, last_date, last_time, temperature) VALUES ('654912195505108543', '20200527', '17:59:19', 36.8);
INSERT INTO Health (account, last_date, last_time, temperature) VALUES ('633730197204166482', '20200204', '13:09:59', 36.5);
INSERT INTO Health (account, last_date, last_time, temperature) VALUES ('540860192411130501', '20200530', '04:32:42', 37);
INSERT INTO Health (account, last_date, last_time, temperature) VALUES ('231740200609134315', '20200326', '11:24:11', 36.8);
INSERT INTO Health (account, last_date, last_time, temperature) VALUES ('450873195810126231', '20200227', '01:43:25', 36.8);
INSERT INTO Health (account, last_date, last_time, temperature) VALUES ('443540195309175571', '20200416', '10:54:14', 36.1);
INSERT INTO Health (account, last_date, last_time, temperature) VALUES ('112964196010201403', '20200401', '21:42:28', 36.4);
INSERT INTO Health (account, last_date, last_time, temperature) VALUES ('710415197507073337', '20200413', '13:40:52', 36.8);
INSERT INTO Health (account, last_date, last_time, temperature) VALUES ('531599196104272614', '20200530', '04:49:02', 36.8);
INSERT INTO Health (account, last_date, last_time, temperature) VALUES ('823816196805153112', '20200218', '19:35:51', 37.4);
INSERT INTO Health (account, last_date, last_time, temperature) VALUES ('143199196205288741', '20200517', '20:54:23', 37.2);
INSERT INTO Health (account, last_date, last_time, temperature) VALUES ('434286194911217500', '20200305', '09:36:31', 35.5);
INSERT INTO Health (account, last_date, last_time, temperature) VALUES ('151832196208278211', '20200203', '18:22:51', 35.1);
INSERT INTO Health (account, last_date, last_time, temperature) VALUES ('132511194808139562', '20200223', '10:33:01', 37.3);
INSERT INTO Health (account, last_date, last_time, temperature) VALUES ('323108198504098324', '20200514', '02:38:05', 35.5);
INSERT INTO Health (account, last_date, last_time, temperature) VALUES ('350222201405152646', '20200530', '21:06:15', 35.7);
INSERT INTO Health (account, last_date, last_time, temperature) VALUES ('144033198508032234', '20200225', '10:58:08', 36.2);
INSERT INTO Health (account, last_date, last_time, temperature) VALUES ('822291197207041297', '20200210', '06:44:25', 36);
INSERT INTO Health (account, last_date, last_time, temperature) VALUES ('313870200508120177', '20200307', '15:20:02', 35.7);
INSERT INTO Health (account, last_date, last_time, temperature) VALUES ('643311201107016140', '20200419', '18:48:16', 36);
INSERT INTO Health (account, last_date, last_time, temperature) VALUES ('33230919970509979X', '20200422', '14:13:56', 35.9);
INSERT INTO Health (account, last_date, last_time, temperature) VALUES ('651103198110239679', '20200211', '15:00:54', 35.4);
INSERT INTO Health (account, last_date, last_time, temperature) VALUES ('514885200509305502', '20200424', '12:09:11', 37);
INSERT INTO Health (account, last_date, last_time, temperature) VALUES ('612947194211214823', '20200424', '17:31:43', 35.9);
INSERT INTO Health (account, last_date, last_time, temperature) VALUES ('511152197510178897', '20200211', '21:23:32', 37.2);
INSERT INTO Health (account, last_date, last_time, temperature) VALUES ('341089192407145498', '20200306', '05:04:01', 36.1);
INSERT INTO Health (account, last_date, last_time, temperature) VALUES ('421054199112058929', '20200307', '23:05:59', 37.5);
INSERT INTO Health (account, last_date, last_time, temperature) VALUES ('131558198903079752', '20200430', '16:03:48', 36.4);
INSERT INTO Health (account, last_date, last_time, temperature) VALUES ('354028197303015432', '20200504', '23:51:15', 36.8);
INSERT INTO Health (account, last_date, last_time, temperature) VALUES ('812603194401011511', '20200510', '00:30:29', 36.5);
INSERT INTO Health (account, last_date, last_time, temperature) VALUES ('822068194008057289', '20200511', '02:56:24', 36.5);
INSERT INTO Health (account, last_date, last_time, temperature) VALUES ('231206196611120808', '20200505', '17:08:54', 35.1);
INSERT INTO Health (account, last_date, last_time, temperature) VALUES ('364085193012064010', '20200307', '04:10:14', 36.1);
INSERT INTO Health (account, last_date, last_time, temperature) VALUES ('825090199311211356', '20200329', '08:32:23', 35.4);
INSERT INTO Health (account, last_date, last_time, temperature) VALUES ('320570200509036909', '20200212', '20:30:07', 36);
INSERT INTO Health (account, last_date, last_time, temperature) VALUES ('420125194401025696', '20200328', '11:14:14', 35.1);
INSERT INTO Health (account, last_date, last_time, temperature) VALUES ('344621192905177585', '20200427', '21:32:56', 37.1);
INSERT INTO Health (account, last_date, last_time, temperature) VALUES ('323464195603108488', '20200502', '05:07:27', 36.7);
INSERT INTO Health (account, last_date, last_time, temperature) VALUES ('370909194207196048', '20200521', '20:58:22', 38.2);
INSERT INTO Health (account, last_date, last_time, temperature) VALUES ('650463194805082992', '20200409', '05:28:35', 35.4);
INSERT INTO Health (account, last_date, last_time, temperature) VALUES ('463710195011083865', '20200425', '08:25:54', 35.2);
INSERT INTO Health (account, last_date, last_time, temperature) VALUES ('61498219790311927X', '20200502', '00:27:36', 35.8);
INSERT INTO Health (account, last_date, last_time, temperature) VALUES ('233538201105111149', '20200214', '20:50:53', 35.5);
INSERT INTO Health (account, last_date, last_time, temperature) VALUES ('362730196010078525', '20200309', '01:15:10', 35.1);
INSERT INTO Health (account, last_date, last_time, temperature) VALUES ('823966201307027814', '20200224', '06:09:36', 36.4);
INSERT INTO Health (account, last_date, last_time, temperature) VALUES ('611086198304243802', '20200421', '23:59:07', 35.5);
INSERT INTO Health (account, last_date, last_time, temperature) VALUES ('21012219470723183X', '20200216', '19:56:44', 36.5);
INSERT INTO Health (account, last_date, last_time, temperature) VALUES ('121873198412070010', '20200217', '06:59:31', 37.8);
INSERT INTO Health (account, last_date, last_time, temperature) VALUES ('154215194605078831', '20200205', '15:59:33', 35);
INSERT INTO Health (account, last_date, last_time, temperature) VALUES ('413398194201295733', '20200511', '19:37:47', 35.1);
INSERT INTO Health (account, last_date, last_time, temperature) VALUES ('140260192602174746', '20200503', '01:24:01', 37);
INSERT INTO Health (account, last_date, last_time, temperature) VALUES ('422360192702279353', '20200217', '20:52:29', 37.2);
INSERT INTO Health (account, last_date, last_time, temperature) VALUES ('532489199111012453', '20200528', '12:04:30', 35);
INSERT INTO Health (account, last_date, last_time, temperature) VALUES ('233654200711221660', '20200224', '13:27:01', 37.3);
INSERT INTO Health (account, last_date, last_time, temperature) VALUES ('143269194105035106', '20200305', '06:32:07', 36.3);
INSERT INTO Health (account, last_date, last_time, temperature) VALUES ('810702198808203285', '20200206', '19:06:36', 36);
INSERT INTO Health (account, last_date, last_time, temperature) VALUES ('312886192808245849', '20200304', '03:57:06', 36.6);
INSERT INTO Health (account, last_date, last_time, temperature) VALUES ('424571200610276549', '20200307', '03:46:52', 37.1);
INSERT INTO Health (account, last_date, last_time, temperature) VALUES ('110231201002185308', '20200228', '18:23:08', 35.6);
INSERT INTO Health (account, last_date, last_time, temperature) VALUES ('141204196601030489', '20200326', '19:08:46', 37);
INSERT INTO Health (account, last_date, last_time, temperature) VALUES ('82061019530203603X', '20200304', '14:39:06', 35.2);
INSERT INTO Health (account, last_date, last_time, temperature) VALUES ('463597198503087974', '20200529', '23:30:45', 36.8);
INSERT INTO Health (account, last_date, last_time, temperature) VALUES ('373308200006125167', '20200519', '13:44:16', 37);
INSERT INTO Health (account, last_date, last_time, temperature) VALUES ('532471196307066220', '20200411', '20:07:36', 36.1);
INSERT INTO Health (account, last_date, last_time, temperature) VALUES ('372715196312269317', '20200224', '19:25:17', 35);
INSERT INTO Health (account, last_date, last_time, temperature) VALUES ('442637196506190172', '20200405', '23:34:00', 37);
INSERT INTO Health (account, last_date, last_time, temperature) VALUES ('630435196511308385', '20200227', '15:12:57', 36.3);
INSERT INTO Health (account, last_date, last_time, temperature) VALUES ('511620194108073507', '20200226', '06:56:01', 37.2);
INSERT INTO Health (account, last_date, last_time, temperature) VALUES ('140224195006188504', '20200311', '12:50:48', 36);
INSERT INTO Health (account, last_date, last_time, temperature) VALUES ('210291194507219088', '20200305', '13:20:52', 35.6);
INSERT INTO Health (account, last_date, last_time, temperature) VALUES ('114452193905039903', '20200528', '00:15:36', 36.6);
INSERT INTO Health (account, last_date, last_time, temperature) VALUES ('51302719690518077X', '20200425', '01:28:10', 36.9);
INSERT INTO Health (account, last_date, last_time, temperature) VALUES ('814190199308184525', '20200301', '00:29:19', 35.4);
INSERT INTO Health (account, last_date, last_time, temperature) VALUES ('715065192308185268', '20200316', '08:30:57', 36.7);
INSERT INTO Health (account, last_date, last_time, temperature) VALUES ('611431196403303572', '20200402', '16:01:56', 35.1);
INSERT INTO Health (account, last_date, last_time, temperature) VALUES ('141658195302205744', '20200312', '05:18:50', 35.1);
INSERT INTO Health (account, last_date, last_time, temperature) VALUES ('52265719840318317X', '20200511', '23:47:57', 35.9);
INSERT INTO Health (account, last_date, last_time, temperature) VALUES ('711409194007305233', '20200321', '23:05:49', 35.3);
INSERT INTO Health (account, last_date, last_time, temperature) VALUES ('231822193306294244', '20200415', '08:45:06', 36.3);
INSERT INTO Health (account, last_date, last_time, temperature) VALUES ('821155194607028301', '20200328', '11:37:03', 35.1);
INSERT INTO Health (account, last_date, last_time, temperature) VALUES ('634928198812026894', '20200213', '08:08:46', 36.1);
INSERT INTO Health (account, last_date, last_time, temperature) VALUES ('453082197005063850', '20200408', '20:21:53', 35.8);
INSERT INTO Health (account, last_date, last_time, temperature) VALUES ('523353195608189897', '20200425', '06:09:57', 35.5);
INSERT INTO Health (account, last_date, last_time, temperature) VALUES ('420203194106105566', '20200306', '01:52:05', 36.1);
INSERT INTO Health (account, last_date, last_time, temperature) VALUES ('450268201103081725', '20200212', '13:12:55', 35.9);
INSERT INTO Health (account, last_date, last_time, temperature) VALUES ('533538199201255059', '20200209', '22:58:00', 36.7);
INSERT INTO Health (account, last_date, last_time, temperature) VALUES ('154748194604123585', '20200508', '03:07:11', 36);
INSERT INTO Health (account, last_date, last_time, temperature) VALUES ('533821192904082340', '20200404', '17:56:09', 35.6);
INSERT INTO Health (account, last_date, last_time, temperature) VALUES ('633735201210251601', '20200405', '13:11:36', 36.8);
INSERT INTO Health (account, last_date, last_time, temperature) VALUES ('520784194006283328', '20200403', '05:51:52', 36.3);
INSERT INTO Health (account, last_date, last_time, temperature) VALUES ('543318198807103454', '20200226', '00:00:20', 36.6);
/* 共生成病人13个 */

/* 建立News信息 */
INSERT INTO News (account, date, time, title, abstract, content, cnt, visible) VALUES('634648196005202867', '20200323', '23:20:36', 'title 0', 'abstract 0', 'content 0', 67, true);
INSERT INTO News (account, date, time, title, abstract, content, cnt, visible) VALUES('114077200810167581', '20200209', '12:02:54', 'title 1', 'abstract 1', 'content 1', 416, true);
INSERT INTO News (account, date, time, title, abstract, content, cnt, visible) VALUES('332524197611137293', '20200307', '17:46:53', 'title 2', 'abstract 2', 'content 2', 436, false);
INSERT INTO News (account, date, time, title, abstract, content, cnt, visible) VALUES('634648196005202867', '20200205', '01:18:31', 'title 3', 'abstract 3', 'content 3', 262, true);
INSERT INTO News (account, date, time, title, abstract, content, cnt, visible) VALUES('114077200810167581', '20200502', '06:17:34', 'title 4', 'abstract 4', 'content 4', 423, true);
INSERT INTO News (account, date, time, title, abstract, content, cnt, visible) VALUES('330937195912238284', '20200401', '20:09:14', 'title 5', 'abstract 5', 'content 5', 394, true);
INSERT INTO News (account, date, time, title, abstract, content, cnt, visible) VALUES('330937195912238284', '20200404', '04:35:53', 'title 6', 'abstract 6', 'content 6', 324, true);
INSERT INTO News (account, date, time, title, abstract, content, cnt, visible) VALUES('634648196005202867', '20200409', '02:02:42', 'title 7', 'abstract 7', 'content 7', 289, false);
INSERT INTO News (account, date, time, title, abstract, content, cnt, visible) VALUES('332524197611137293', '20200313', '15:17:42', 'title 8', 'abstract 8', 'content 8', 236, false);
INSERT INTO News (account, date, time, title, abstract, content, cnt, visible) VALUES('114077200810167581', '20200220', '00:05:50', 'title 9', 'abstract 9', 'content 9', 108, false);
/* 共生成新闻10个 */

/* 建立Comments信息 */
INSERT INTO Comments (New_id, content, author, visible) VALUES(0, 'content 0.0', '许家菲', true);
INSERT INTO Comments (New_id, content, author, visible) VALUES(0, 'content 0.1', '齐硕萌', false);
INSERT INTO Comments (New_id, content, author, visible) VALUES(0, 'content 0.2', '戚菲', true);
INSERT INTO Comments (New_id, content, author, visible) VALUES(0, 'content 0.3', '陆萌硕', true);
INSERT INTO Comments (New_id, content, author, visible) VALUES(0, 'content 0.4', '王翔', true);
INSERT INTO Comments (New_id, content, author, visible) VALUES(0, 'content 0.5', '董馨牧', true);
INSERT INTO Comments (New_id, content, author, visible) VALUES(0, 'content 0.6', '沈馨', true);
INSERT INTO Comments (New_id, content, author, visible) VALUES(0, 'content 0.7', '江菲令', true);
INSERT INTO Comments (New_id, content, author, visible) VALUES(0, 'content 0.8', '毕令桐', true);
INSERT INTO Comments (New_id, content, author, visible) VALUES(0, 'content 0.9', '陈千霖', false);
INSERT INTO Comments (New_id, content, author, visible) VALUES(1, 'content 1.0', '夏言令', true);
INSERT INTO Comments (New_id, content, author, visible) VALUES(1, 'content 1.1', '裴炎子', true);
INSERT INTO Comments (New_id, content, author, visible) VALUES(1, 'content 1.2', '葛正', true);
INSERT INTO Comments (New_id, content, author, visible) VALUES(1, 'content 1.3', '侯力令', true);
INSERT INTO Comments (New_id, content, author, visible) VALUES(1, 'content 1.4', '耿令音', true);
INSERT INTO Comments (New_id, content, author, visible) VALUES(1, 'content 1.5', '燕畅雨', true);
INSERT INTO Comments (New_id, content, author, visible) VALUES(1, 'content 1.6', '侯雯', true);
INSERT INTO Comments (New_id, content, author, visible) VALUES(1, 'content 1.7', '黄新', false);
INSERT INTO Comments (New_id, content, author, visible) VALUES(1, 'content 1.8', '黄樱辰', true);
INSERT INTO Comments (New_id, content, author, visible) VALUES(1, 'content 1.9', '曲源', true);
INSERT INTO Comments (New_id, content, author, visible) VALUES(2, 'content 2.0', '曲奇有', true);
INSERT INTO Comments (New_id, content, author, visible) VALUES(2, 'content 2.1', '董桐铭', true);
INSERT INTO Comments (New_id, content, author, visible) VALUES(2, 'content 2.2', '臧飞子', true);
INSERT INTO Comments (New_id, content, author, visible) VALUES(2, 'content 2.3', '尚力', true);
INSERT INTO Comments (New_id, content, author, visible) VALUES(2, 'content 2.4', '隽雯飞', true);
INSERT INTO Comments (New_id, content, author, visible) VALUES(2, 'content 2.5', '文樱亚', true);
INSERT INTO Comments (New_id, content, author, visible) VALUES(2, 'content 2.6', '严赛', true);
INSERT INTO Comments (New_id, content, author, visible) VALUES(2, 'content 2.7', '付雨', false);
INSERT INTO Comments (New_id, content, author, visible) VALUES(2, 'content 2.8', '晁灯', false);
INSERT INTO Comments (New_id, content, author, visible) VALUES(2, 'content 2.9', '代建晓', true);
INSERT INTO Comments (New_id, content, author, visible) VALUES(3, 'content 3.0', '童千倨', true);
INSERT INTO Comments (New_id, content, author, visible) VALUES(3, 'content 3.1', '童兰', true);
INSERT INTO Comments (New_id, content, author, visible) VALUES(3, 'content 3.2', '高雨', true);
INSERT INTO Comments (New_id, content, author, visible) VALUES(3, 'content 3.3', '安炎力', true);
INSERT INTO Comments (New_id, content, author, visible) VALUES(3, 'content 3.4', '崔家', true);
INSERT INTO Comments (New_id, content, author, visible) VALUES(3, 'content 3.5', '孟宜霖', true);
INSERT INTO Comments (New_id, content, author, visible) VALUES(3, 'content 3.6', '杨诺倨', true);
INSERT INTO Comments (New_id, content, author, visible) VALUES(3, 'content 3.7', '金飞', true);
INSERT INTO Comments (New_id, content, author, visible) VALUES(3, 'content 3.8', '山航', true);
INSERT INTO Comments (New_id, content, author, visible) VALUES(3, 'content 3.9', '燕润帆', true);
INSERT INTO Comments (New_id, content, author, visible) VALUES(4, 'content 4.0', '曹灯振', true);
INSERT INTO Comments (New_id, content, author, visible) VALUES(4, 'content 4.1', '王颖', true);
INSERT INTO Comments (New_id, content, author, visible) VALUES(4, 'content 4.2', '商源洁', true);
INSERT INTO Comments (New_id, content, author, visible) VALUES(4, 'content 4.3', '安炎力', true);
INSERT INTO Comments (New_id, content, author, visible) VALUES(4, 'content 4.4', '於佳正', true);
INSERT INTO Comments (New_id, content, author, visible) VALUES(4, 'content 4.5', '戚睿豪', false);
INSERT INTO Comments (New_id, content, author, visible) VALUES(4, 'content 4.6', '文樱亚', true);
INSERT INTO Comments (New_id, content, author, visible) VALUES(4, 'content 4.7', '江煜云', true);
INSERT INTO Comments (New_id, content, author, visible) VALUES(4, 'content 4.8', '范源本', true);
INSERT INTO Comments (New_id, content, author, visible) VALUES(4, 'content 4.9', '范伟畅', true);
INSERT INTO Comments (New_id, content, author, visible) VALUES(5, 'content 5.0', '邱霖霄', true);
INSERT INTO Comments (New_id, content, author, visible) VALUES(5, 'content 5.1', '昌昕赛', true);
INSERT INTO Comments (New_id, content, author, visible) VALUES(5, 'content 5.2', '余奕音', true);
INSERT INTO Comments (New_id, content, author, visible) VALUES(5, 'content 5.3', '边云腾', true);
INSERT INTO Comments (New_id, content, author, visible) VALUES(5, 'content 5.4', '邱凡', true);
INSERT INTO Comments (New_id, content, author, visible) VALUES(5, 'content 5.5', '张本', false);
INSERT INTO Comments (New_id, content, author, visible) VALUES(5, 'content 5.6', '江煜云', true);
INSERT INTO Comments (New_id, content, author, visible) VALUES(5, 'content 5.7', '盛敏雨', true);
INSERT INTO Comments (New_id, content, author, visible) VALUES(5, 'content 5.8', '吕灯凌', false);
INSERT INTO Comments (New_id, content, author, visible) VALUES(5, 'content 5.9', '曹灯振', true);
INSERT INTO Comments (New_id, content, author, visible) VALUES(6, 'content 6.0', '臧圣圣', true);
INSERT INTO Comments (New_id, content, author, visible) VALUES(6, 'content 6.1', '柳航晓', true);
INSERT INTO Comments (New_id, content, author, visible) VALUES(6, 'content 6.2', '葛正', true);
INSERT INTO Comments (New_id, content, author, visible) VALUES(6, 'content 6.3', '麦源毅', true);
INSERT INTO Comments (New_id, content, author, visible) VALUES(6, 'content 6.4', '权音', true);
INSERT INTO Comments (New_id, content, author, visible) VALUES(6, 'content 6.5', '耿圣有', true);
INSERT INTO Comments (New_id, content, author, visible) VALUES(6, 'content 6.6', '臧宜柏', false);
INSERT INTO Comments (New_id, content, author, visible) VALUES(6, 'content 6.7', '傅硕', true);
INSERT INTO Comments (New_id, content, author, visible) VALUES(6, 'content 6.8', '巩露亚', true);
INSERT INTO Comments (New_id, content, author, visible) VALUES(6, 'content 6.9', '柳昕', true);
INSERT INTO Comments (New_id, content, author, visible) VALUES(7, 'content 7.0', '审萌泽', true);
INSERT INTO Comments (New_id, content, author, visible) VALUES(7, 'content 7.1', '商源洁', true);
INSERT INTO Comments (New_id, content, author, visible) VALUES(7, 'content 7.2', '林赛煜', true);
INSERT INTO Comments (New_id, content, author, visible) VALUES(7, 'content 7.3', '米朋', true);
INSERT INTO Comments (New_id, content, author, visible) VALUES(7, 'content 7.4', '昌龙嘉', true);
INSERT INTO Comments (New_id, content, author, visible) VALUES(7, 'content 7.5', '耿圣有', true);
INSERT INTO Comments (New_id, content, author, visible) VALUES(7, 'content 7.6', '傅雨子', true);
INSERT INTO Comments (New_id, content, author, visible) VALUES(7, 'content 7.7', '姚建', true);
INSERT INTO Comments (New_id, content, author, visible) VALUES(7, 'content 7.8', '臧飞子', true);
INSERT INTO Comments (New_id, content, author, visible) VALUES(7, 'content 7.9', '尚正', true);
INSERT INTO Comments (New_id, content, author, visible) VALUES(8, 'content 8.0', '审诺哲', true);
INSERT INTO Comments (New_id, content, author, visible) VALUES(8, 'content 8.1', '审豪', true);
INSERT INTO Comments (New_id, content, author, visible) VALUES(8, 'content 8.2', '钱迅轩', true);
INSERT INTO Comments (New_id, content, author, visible) VALUES(8, 'content 8.3', '楚奇哲', true);
INSERT INTO Comments (New_id, content, author, visible) VALUES(8, 'content 8.4', '尹天', true);
INSERT INTO Comments (New_id, content, author, visible) VALUES(8, 'content 8.5', '杨炎', true);
INSERT INTO Comments (New_id, content, author, visible) VALUES(8, 'content 8.6', '高旭帆', true);
INSERT INTO Comments (New_id, content, author, visible) VALUES(8, 'content 8.7', '江令樱', true);
INSERT INTO Comments (New_id, content, author, visible) VALUES(8, 'content 8.8', '范昕', true);
INSERT INTO Comments (New_id, content, author, visible) VALUES(8, 'content 8.9', '秦圣', true);
INSERT INTO Comments (New_id, content, author, visible) VALUES(9, 'content 9.0', '周一樱', true);
INSERT INTO Comments (New_id, content, author, visible) VALUES(9, 'content 9.1', '米薪', true);
INSERT INTO Comments (New_id, content, author, visible) VALUES(9, 'content 9.2', '安嘉良', true);
INSERT INTO Comments (New_id, content, author, visible) VALUES(9, 'content 9.3', '文兮奇', true);
INSERT INTO Comments (New_id, content, author, visible) VALUES(9, 'content 9.4', '任建颖', true);
INSERT INTO Comments (New_id, content, author, visible) VALUES(9, 'content 9.5', '余奕音', true);
INSERT INTO Comments (New_id, content, author, visible) VALUES(9, 'content 9.6', '燕润帆', true);
INSERT INTO Comments (New_id, content, author, visible) VALUES(9, 'content 9.7', '昌龙嘉', false);
INSERT INTO Comments (New_id, content, author, visible) VALUES(9, 'content 9.8', '郭哲迅', true);
INSERT INTO Comments (New_id, content, author, visible) VALUES(9, 'content 9.9', '欧铭云', false);
/* 共生成评论100条 */

/* 建立Team信息 */
INSERT INTO Team (name, abstract, gitCnt, memCnt, days, files) VALUES ('NoCov','这里是团队介绍', 100, 5, 30, 100);

/* 建立Transaction信息 */
INSERT INTO Transactions (account, start_time, end_time, info, is_finished) VALUES ('454694196308240604', '20200402,01:38:38', '20200506,12:46:44', 'info 0', false);
INSERT INTO Transactions (account, start_time, end_time, info, is_finished) VALUES ('651103198110239679', '20200220,15:55:18', '20200418,03:30:36', 'info 1', false);
INSERT INTO Transactions (account, start_time, end_time, info, is_finished) VALUES ('352637196102266880', '20200203,20:39:20', '20200524,05:57:19', 'info 2', false);
INSERT INTO Transactions (account, start_time, end_time, info, is_finished) VALUES ('350546197603075646', '20200314,23:33:39', '20200517,06:17:54', 'info 3', true);
INSERT INTO Transactions (account, start_time, end_time, info, is_finished) VALUES ('350546197603075646', '20200331,16:14:42', '20200527,13:44:29', 'info 4', false);
/* 共生产代办事务5条 */

/* 批量生成password_hash，初值为1234 */
UPDATE User SET password_hash = '$2y$13$dg4FlrrcXjMmvWznC3XUhehaTTZ/xfKXNpEYbSt8o3Q/9b9xonHLC' WHERE account = '311078201402163033';
UPDATE User SET password_hash = '$2y$13$dg4FlrrcXjMmvWznC3XUhehaTTZ/xfKXNpEYbSt8o3Q/9b9xonHLC' WHERE account = '444575196904263298';
UPDATE User SET password_hash = '$2y$13$dg4FlrrcXjMmvWznC3XUhehaTTZ/xfKXNpEYbSt8o3Q/9b9xonHLC' WHERE account = '544925197402012396';
UPDATE User SET password_hash = '$2y$13$dg4FlrrcXjMmvWznC3XUhehaTTZ/xfKXNpEYbSt8o3Q/9b9xonHLC' WHERE account = '314989193810283606';
UPDATE User SET password_hash = '$2y$13$dg4FlrrcXjMmvWznC3XUhehaTTZ/xfKXNpEYbSt8o3Q/9b9xonHLC' WHERE account = '331585199212181751';
UPDATE User SET password_hash = '$2y$13$dg4FlrrcXjMmvWznC3XUhehaTTZ/xfKXNpEYbSt8o3Q/9b9xonHLC' WHERE account = '311548192409027368';
UPDATE User SET password_hash = '$2y$13$dg4FlrrcXjMmvWznC3XUhehaTTZ/xfKXNpEYbSt8o3Q/9b9xonHLC' WHERE account = '433271199302190940';
UPDATE User SET password_hash = '$2y$13$dg4FlrrcXjMmvWznC3XUhehaTTZ/xfKXNpEYbSt8o3Q/9b9xonHLC' WHERE account = '343504201010253384';
UPDATE User SET password_hash = '$2y$13$dg4FlrrcXjMmvWznC3XUhehaTTZ/xfKXNpEYbSt8o3Q/9b9xonHLC' WHERE account = '504740198110280211';
UPDATE User SET password_hash = '$2y$13$dg4FlrrcXjMmvWznC3XUhehaTTZ/xfKXNpEYbSt8o3Q/9b9xonHLC' WHERE account = '144693199706221422';
UPDATE User SET password_hash = '$2y$13$dg4FlrrcXjMmvWznC3XUhehaTTZ/xfKXNpEYbSt8o3Q/9b9xonHLC' WHERE account = '313404198901013642';
UPDATE User SET password_hash = '$2y$13$dg4FlrrcXjMmvWznC3XUhehaTTZ/xfKXNpEYbSt8o3Q/9b9xonHLC' WHERE account = '81109119641019878X';
UPDATE User SET password_hash = '$2y$13$dg4FlrrcXjMmvWznC3XUhehaTTZ/xfKXNpEYbSt8o3Q/9b9xonHLC' WHERE account = '651537199502271402';
UPDATE User SET password_hash = '$2y$13$dg4FlrrcXjMmvWznC3XUhehaTTZ/xfKXNpEYbSt8o3Q/9b9xonHLC' WHERE account = '713517199207307346';
UPDATE User SET password_hash = '$2y$13$dg4FlrrcXjMmvWznC3XUhehaTTZ/xfKXNpEYbSt8o3Q/9b9xonHLC' WHERE account = '372916195902251912';
UPDATE User SET password_hash = '$2y$13$dg4FlrrcXjMmvWznC3XUhehaTTZ/xfKXNpEYbSt8o3Q/9b9xonHLC' WHERE account = '712724200608018196';
UPDATE User SET password_hash = '$2y$13$dg4FlrrcXjMmvWznC3XUhehaTTZ/xfKXNpEYbSt8o3Q/9b9xonHLC' WHERE account = '425042195503111668';
UPDATE User SET password_hash = '$2y$13$dg4FlrrcXjMmvWznC3XUhehaTTZ/xfKXNpEYbSt8o3Q/9b9xonHLC' WHERE account = '332384196803056167';
UPDATE User SET password_hash = '$2y$13$dg4FlrrcXjMmvWznC3XUhehaTTZ/xfKXNpEYbSt8o3Q/9b9xonHLC' WHERE account = '15457319370620916X';
UPDATE User SET password_hash = '$2y$13$dg4FlrrcXjMmvWznC3XUhehaTTZ/xfKXNpEYbSt8o3Q/9b9xonHLC' WHERE account = '142921197303114925';
UPDATE User SET password_hash = '$2y$13$dg4FlrrcXjMmvWznC3XUhehaTTZ/xfKXNpEYbSt8o3Q/9b9xonHLC' WHERE account = '454033192601249936';
UPDATE User SET password_hash = '$2y$13$dg4FlrrcXjMmvWznC3XUhehaTTZ/xfKXNpEYbSt8o3Q/9b9xonHLC' WHERE account = '513319199707209715';
UPDATE User SET password_hash = '$2y$13$dg4FlrrcXjMmvWznC3XUhehaTTZ/xfKXNpEYbSt8o3Q/9b9xonHLC' WHERE account = '533364194709088172';
UPDATE User SET password_hash = '$2y$13$dg4FlrrcXjMmvWznC3XUhehaTTZ/xfKXNpEYbSt8o3Q/9b9xonHLC' WHERE account = '514694196002209659';
UPDATE User SET password_hash = '$2y$13$dg4FlrrcXjMmvWznC3XUhehaTTZ/xfKXNpEYbSt8o3Q/9b9xonHLC' WHERE account = '640407198012050912';
UPDATE User SET password_hash = '$2y$13$dg4FlrrcXjMmvWznC3XUhehaTTZ/xfKXNpEYbSt8o3Q/9b9xonHLC' WHERE account = '542052201107257901';
UPDATE User SET password_hash = '$2y$13$dg4FlrrcXjMmvWznC3XUhehaTTZ/xfKXNpEYbSt8o3Q/9b9xonHLC' WHERE account = '332508199501156382';
UPDATE User SET password_hash = '$2y$13$dg4FlrrcXjMmvWznC3XUhehaTTZ/xfKXNpEYbSt8o3Q/9b9xonHLC' WHERE account = '334649197808010509';
UPDATE User SET password_hash = '$2y$13$dg4FlrrcXjMmvWznC3XUhehaTTZ/xfKXNpEYbSt8o3Q/9b9xonHLC' WHERE account = '363443199901088036';
UPDATE User SET password_hash = '$2y$13$dg4FlrrcXjMmvWznC3XUhehaTTZ/xfKXNpEYbSt8o3Q/9b9xonHLC' WHERE account = '532431198307076447';
UPDATE User SET password_hash = '$2y$13$dg4FlrrcXjMmvWznC3XUhehaTTZ/xfKXNpEYbSt8o3Q/9b9xonHLC' WHERE account = '132739199808223387';
UPDATE User SET password_hash = '$2y$13$dg4FlrrcXjMmvWznC3XUhehaTTZ/xfKXNpEYbSt8o3Q/9b9xonHLC' WHERE account = '214769198906208276';
UPDATE User SET password_hash = '$2y$13$dg4FlrrcXjMmvWznC3XUhehaTTZ/xfKXNpEYbSt8o3Q/9b9xonHLC' WHERE account = '131740193901180807';
UPDATE User SET password_hash = '$2y$13$dg4FlrrcXjMmvWznC3XUhehaTTZ/xfKXNpEYbSt8o3Q/9b9xonHLC' WHERE account = '820903195701226166';
UPDATE User SET password_hash = '$2y$13$dg4FlrrcXjMmvWznC3XUhehaTTZ/xfKXNpEYbSt8o3Q/9b9xonHLC' WHERE account = '143278196303237892';
UPDATE User SET password_hash = '$2y$13$dg4FlrrcXjMmvWznC3XUhehaTTZ/xfKXNpEYbSt8o3Q/9b9xonHLC' WHERE account = '414216198110013455';
UPDATE User SET password_hash = '$2y$13$dg4FlrrcXjMmvWznC3XUhehaTTZ/xfKXNpEYbSt8o3Q/9b9xonHLC' WHERE account = '415082192811111950';
UPDATE User SET password_hash = '$2y$13$dg4FlrrcXjMmvWznC3XUhehaTTZ/xfKXNpEYbSt8o3Q/9b9xonHLC' WHERE account = '123179192902170091';
UPDATE User SET password_hash = '$2y$13$dg4FlrrcXjMmvWznC3XUhehaTTZ/xfKXNpEYbSt8o3Q/9b9xonHLC' WHERE account = '330854201105278968';
UPDATE User SET password_hash = '$2y$13$dg4FlrrcXjMmvWznC3XUhehaTTZ/xfKXNpEYbSt8o3Q/9b9xonHLC' WHERE account = '311701198511227691';
UPDATE User SET password_hash = '$2y$13$dg4FlrrcXjMmvWznC3XUhehaTTZ/xfKXNpEYbSt8o3Q/9b9xonHLC' WHERE account = '812973193709089540';
UPDATE User SET password_hash = '$2y$13$dg4FlrrcXjMmvWznC3XUhehaTTZ/xfKXNpEYbSt8o3Q/9b9xonHLC' WHERE account = '504838195202123994';
UPDATE User SET password_hash = '$2y$13$dg4FlrrcXjMmvWznC3XUhehaTTZ/xfKXNpEYbSt8o3Q/9b9xonHLC' WHERE account = '323365197504116726';
UPDATE User SET password_hash = '$2y$13$dg4FlrrcXjMmvWznC3XUhehaTTZ/xfKXNpEYbSt8o3Q/9b9xonHLC' WHERE account = '23185420050519647X';
UPDATE User SET password_hash = '$2y$13$dg4FlrrcXjMmvWznC3XUhehaTTZ/xfKXNpEYbSt8o3Q/9b9xonHLC' WHERE account = '620157197812180554';
UPDATE User SET password_hash = '$2y$13$dg4FlrrcXjMmvWznC3XUhehaTTZ/xfKXNpEYbSt8o3Q/9b9xonHLC' WHERE account = '332836196404296985';
UPDATE User SET password_hash = '$2y$13$dg4FlrrcXjMmvWznC3XUhehaTTZ/xfKXNpEYbSt8o3Q/9b9xonHLC' WHERE account = '410778197409271643';
UPDATE User SET password_hash = '$2y$13$dg4FlrrcXjMmvWznC3XUhehaTTZ/xfKXNpEYbSt8o3Q/9b9xonHLC' WHERE account = '413860193306243550';
UPDATE User SET password_hash = '$2y$13$dg4FlrrcXjMmvWznC3XUhehaTTZ/xfKXNpEYbSt8o3Q/9b9xonHLC' WHERE account = '15087719301016974X';
UPDATE User SET password_hash = '$2y$13$dg4FlrrcXjMmvWznC3XUhehaTTZ/xfKXNpEYbSt8o3Q/9b9xonHLC' WHERE account = '632903198805094630';
UPDATE User SET password_hash = '$2y$13$dg4FlrrcXjMmvWznC3XUhehaTTZ/xfKXNpEYbSt8o3Q/9b9xonHLC' WHERE account = '22086220121106285X';
UPDATE User SET password_hash = '$2y$13$dg4FlrrcXjMmvWznC3XUhehaTTZ/xfKXNpEYbSt8o3Q/9b9xonHLC' WHERE account = '332524197611137293';
UPDATE User SET password_hash = '$2y$13$dg4FlrrcXjMmvWznC3XUhehaTTZ/xfKXNpEYbSt8o3Q/9b9xonHLC' WHERE account = '323480194710070245';
UPDATE User SET password_hash = '$2y$13$dg4FlrrcXjMmvWznC3XUhehaTTZ/xfKXNpEYbSt8o3Q/9b9xonHLC' WHERE account = '421104194805087990';
UPDATE User SET password_hash = '$2y$13$dg4FlrrcXjMmvWznC3XUhehaTTZ/xfKXNpEYbSt8o3Q/9b9xonHLC' WHERE account = '213141197501184735';
UPDATE User SET password_hash = '$2y$13$dg4FlrrcXjMmvWznC3XUhehaTTZ/xfKXNpEYbSt8o3Q/9b9xonHLC' WHERE account = '35032120050710922X';
UPDATE User SET password_hash = '$2y$13$dg4FlrrcXjMmvWznC3XUhehaTTZ/xfKXNpEYbSt8o3Q/9b9xonHLC' WHERE account = '620565195206231716';
UPDATE User SET password_hash = '$2y$13$dg4FlrrcXjMmvWznC3XUhehaTTZ/xfKXNpEYbSt8o3Q/9b9xonHLC' WHERE account = '43293419600827939X';
UPDATE User SET password_hash = '$2y$13$dg4FlrrcXjMmvWznC3XUhehaTTZ/xfKXNpEYbSt8o3Q/9b9xonHLC' WHERE account = '121610199404046489';
UPDATE User SET password_hash = '$2y$13$dg4FlrrcXjMmvWznC3XUhehaTTZ/xfKXNpEYbSt8o3Q/9b9xonHLC' WHERE account = '823112196006018289';
UPDATE User SET password_hash = '$2y$13$dg4FlrrcXjMmvWznC3XUhehaTTZ/xfKXNpEYbSt8o3Q/9b9xonHLC' WHERE account = '352782200701016429';
UPDATE User SET password_hash = '$2y$13$dg4FlrrcXjMmvWznC3XUhehaTTZ/xfKXNpEYbSt8o3Q/9b9xonHLC' WHERE account = '14318719701127915X';
UPDATE User SET password_hash = '$2y$13$dg4FlrrcXjMmvWznC3XUhehaTTZ/xfKXNpEYbSt8o3Q/9b9xonHLC' WHERE account = '342156195103117088';
UPDATE User SET password_hash = '$2y$13$dg4FlrrcXjMmvWznC3XUhehaTTZ/xfKXNpEYbSt8o3Q/9b9xonHLC' WHERE account = '213303193207154410';
UPDATE User SET password_hash = '$2y$13$dg4FlrrcXjMmvWznC3XUhehaTTZ/xfKXNpEYbSt8o3Q/9b9xonHLC' WHERE account = '311447198910119055';
UPDATE User SET password_hash = '$2y$13$dg4FlrrcXjMmvWznC3XUhehaTTZ/xfKXNpEYbSt8o3Q/9b9xonHLC' WHERE account = '114260193112259450';
UPDATE User SET password_hash = '$2y$13$dg4FlrrcXjMmvWznC3XUhehaTTZ/xfKXNpEYbSt8o3Q/9b9xonHLC' WHERE account = '360721195708025758';
UPDATE User SET password_hash = '$2y$13$dg4FlrrcXjMmvWznC3XUhehaTTZ/xfKXNpEYbSt8o3Q/9b9xonHLC' WHERE account = '812332201208176373';
UPDATE User SET password_hash = '$2y$13$dg4FlrrcXjMmvWznC3XUhehaTTZ/xfKXNpEYbSt8o3Q/9b9xonHLC' WHERE account = '354711196511209237';
UPDATE User SET password_hash = '$2y$13$dg4FlrrcXjMmvWznC3XUhehaTTZ/xfKXNpEYbSt8o3Q/9b9xonHLC' WHERE account = '351936192705155557';
UPDATE User SET password_hash = '$2y$13$dg4FlrrcXjMmvWznC3XUhehaTTZ/xfKXNpEYbSt8o3Q/9b9xonHLC' WHERE account = '542909194810074234';
UPDATE User SET password_hash = '$2y$13$dg4FlrrcXjMmvWznC3XUhehaTTZ/xfKXNpEYbSt8o3Q/9b9xonHLC' WHERE account = '543058193708152560';
UPDATE User SET password_hash = '$2y$13$dg4FlrrcXjMmvWznC3XUhehaTTZ/xfKXNpEYbSt8o3Q/9b9xonHLC' WHERE account = '151120195802173760';
UPDATE User SET password_hash = '$2y$13$dg4FlrrcXjMmvWznC3XUhehaTTZ/xfKXNpEYbSt8o3Q/9b9xonHLC' WHERE account = '632439199104243763';
UPDATE User SET password_hash = '$2y$13$dg4FlrrcXjMmvWznC3XUhehaTTZ/xfKXNpEYbSt8o3Q/9b9xonHLC' WHERE account = '502656193807102426';
UPDATE User SET password_hash = '$2y$13$dg4FlrrcXjMmvWznC3XUhehaTTZ/xfKXNpEYbSt8o3Q/9b9xonHLC' WHERE account = '620767200109258570';
UPDATE User SET password_hash = '$2y$13$dg4FlrrcXjMmvWznC3XUhehaTTZ/xfKXNpEYbSt8o3Q/9b9xonHLC' WHERE account = '620852197006264470';
UPDATE User SET password_hash = '$2y$13$dg4FlrrcXjMmvWznC3XUhehaTTZ/xfKXNpEYbSt8o3Q/9b9xonHLC' WHERE account = '211922195704073068';
UPDATE User SET password_hash = '$2y$13$dg4FlrrcXjMmvWznC3XUhehaTTZ/xfKXNpEYbSt8o3Q/9b9xonHLC' WHERE account = '322623198704202189';
UPDATE User SET password_hash = '$2y$13$dg4FlrrcXjMmvWznC3XUhehaTTZ/xfKXNpEYbSt8o3Q/9b9xonHLC' WHERE account = '442535196707268425';
UPDATE User SET password_hash = '$2y$13$dg4FlrrcXjMmvWznC3XUhehaTTZ/xfKXNpEYbSt8o3Q/9b9xonHLC' WHERE account = '632560194209167980';
UPDATE User SET password_hash = '$2y$13$dg4FlrrcXjMmvWznC3XUhehaTTZ/xfKXNpEYbSt8o3Q/9b9xonHLC' WHERE account = '633106195408184915';
UPDATE User SET password_hash = '$2y$13$dg4FlrrcXjMmvWznC3XUhehaTTZ/xfKXNpEYbSt8o3Q/9b9xonHLC' WHERE account = '124424198907227696';
UPDATE User SET password_hash = '$2y$13$dg4FlrrcXjMmvWznC3XUhehaTTZ/xfKXNpEYbSt8o3Q/9b9xonHLC' WHERE account = '151078199508027693';
UPDATE User SET password_hash = '$2y$13$dg4FlrrcXjMmvWznC3XUhehaTTZ/xfKXNpEYbSt8o3Q/9b9xonHLC' WHERE account = '231705194411075302';
UPDATE User SET password_hash = '$2y$13$dg4FlrrcXjMmvWznC3XUhehaTTZ/xfKXNpEYbSt8o3Q/9b9xonHLC' WHERE account = '112766193501257393';
UPDATE User SET password_hash = '$2y$13$dg4FlrrcXjMmvWznC3XUhehaTTZ/xfKXNpEYbSt8o3Q/9b9xonHLC' WHERE account = '624592196112082508';
UPDATE User SET password_hash = '$2y$13$dg4FlrrcXjMmvWznC3XUhehaTTZ/xfKXNpEYbSt8o3Q/9b9xonHLC' WHERE account = '823042199106085147';
UPDATE User SET password_hash = '$2y$13$dg4FlrrcXjMmvWznC3XUhehaTTZ/xfKXNpEYbSt8o3Q/9b9xonHLC' WHERE account = '462784198601157602';
UPDATE User SET password_hash = '$2y$13$dg4FlrrcXjMmvWznC3XUhehaTTZ/xfKXNpEYbSt8o3Q/9b9xonHLC' WHERE account = '621370194304298633';
UPDATE User SET password_hash = '$2y$13$dg4FlrrcXjMmvWznC3XUhehaTTZ/xfKXNpEYbSt8o3Q/9b9xonHLC' WHERE account = '331843198906161911';
UPDATE User SET password_hash = '$2y$13$dg4FlrrcXjMmvWznC3XUhehaTTZ/xfKXNpEYbSt8o3Q/9b9xonHLC' WHERE account = '532124195301304309';
UPDATE User SET password_hash = '$2y$13$dg4FlrrcXjMmvWznC3XUhehaTTZ/xfKXNpEYbSt8o3Q/9b9xonHLC' WHERE account = '233733197112259823';
UPDATE User SET password_hash = '$2y$13$dg4FlrrcXjMmvWznC3XUhehaTTZ/xfKXNpEYbSt8o3Q/9b9xonHLC' WHERE account = '320641196912237768';
UPDATE User SET password_hash = '$2y$13$dg4FlrrcXjMmvWznC3XUhehaTTZ/xfKXNpEYbSt8o3Q/9b9xonHLC' WHERE account = '353330196909193113';
UPDATE User SET password_hash = '$2y$13$dg4FlrrcXjMmvWznC3XUhehaTTZ/xfKXNpEYbSt8o3Q/9b9xonHLC' WHERE account = '71267919670605830X';
UPDATE User SET password_hash = '$2y$13$dg4FlrrcXjMmvWznC3XUhehaTTZ/xfKXNpEYbSt8o3Q/9b9xonHLC' WHERE account = '520166198512021907';
UPDATE User SET password_hash = '$2y$13$dg4FlrrcXjMmvWznC3XUhehaTTZ/xfKXNpEYbSt8o3Q/9b9xonHLC' WHERE account = '823503199110221909';
UPDATE User SET password_hash = '$2y$13$dg4FlrrcXjMmvWznC3XUhehaTTZ/xfKXNpEYbSt8o3Q/9b9xonHLC' WHERE account = '541683194206234146';
UPDATE User SET password_hash = '$2y$13$dg4FlrrcXjMmvWznC3XUhehaTTZ/xfKXNpEYbSt8o3Q/9b9xonHLC' WHERE account = '813743199403086554';
UPDATE User SET password_hash = '$2y$13$dg4FlrrcXjMmvWznC3XUhehaTTZ/xfKXNpEYbSt8o3Q/9b9xonHLC' WHERE account = '530960198706302610';
UPDATE User SET password_hash = '$2y$13$dg4FlrrcXjMmvWznC3XUhehaTTZ/xfKXNpEYbSt8o3Q/9b9xonHLC' WHERE account = '630921192704137376';
UPDATE User SET password_hash = '$2y$13$dg4FlrrcXjMmvWznC3XUhehaTTZ/xfKXNpEYbSt8o3Q/9b9xonHLC' WHERE account = '652817199003153156';
UPDATE User SET password_hash = '$2y$13$dg4FlrrcXjMmvWznC3XUhehaTTZ/xfKXNpEYbSt8o3Q/9b9xonHLC' WHERE account = '510243198812137489';
UPDATE User SET password_hash = '$2y$13$dg4FlrrcXjMmvWznC3XUhehaTTZ/xfKXNpEYbSt8o3Q/9b9xonHLC' WHERE account = '120738192502110583';
UPDATE User SET password_hash = '$2y$13$dg4FlrrcXjMmvWznC3XUhehaTTZ/xfKXNpEYbSt8o3Q/9b9xonHLC' WHERE account = '453648196105033698';
UPDATE User SET password_hash = '$2y$13$dg4FlrrcXjMmvWznC3XUhehaTTZ/xfKXNpEYbSt8o3Q/9b9xonHLC' WHERE account = '823376200612095169';
UPDATE User SET password_hash = '$2y$13$dg4FlrrcXjMmvWznC3XUhehaTTZ/xfKXNpEYbSt8o3Q/9b9xonHLC' WHERE account = '813415198411082467';
UPDATE User SET password_hash = '$2y$13$dg4FlrrcXjMmvWznC3XUhehaTTZ/xfKXNpEYbSt8o3Q/9b9xonHLC' WHERE account = '452164199505281477';
UPDATE User SET password_hash = '$2y$13$dg4FlrrcXjMmvWznC3XUhehaTTZ/xfKXNpEYbSt8o3Q/9b9xonHLC' WHERE account = '33297220011119339X';
UPDATE User SET password_hash = '$2y$13$dg4FlrrcXjMmvWznC3XUhehaTTZ/xfKXNpEYbSt8o3Q/9b9xonHLC' WHERE account = '421295198403102762';
UPDATE User SET password_hash = '$2y$13$dg4FlrrcXjMmvWznC3XUhehaTTZ/xfKXNpEYbSt8o3Q/9b9xonHLC' WHERE account = '222004197911123635';
UPDATE User SET password_hash = '$2y$13$dg4FlrrcXjMmvWznC3XUhehaTTZ/xfKXNpEYbSt8o3Q/9b9xonHLC' WHERE account = '633911199002015509';
UPDATE User SET password_hash = '$2y$13$dg4FlrrcXjMmvWznC3XUhehaTTZ/xfKXNpEYbSt8o3Q/9b9xonHLC' WHERE account = '12327119610701419X';
UPDATE User SET password_hash = '$2y$13$dg4FlrrcXjMmvWznC3XUhehaTTZ/xfKXNpEYbSt8o3Q/9b9xonHLC' WHERE account = '824190198201170319';
UPDATE User SET password_hash = '$2y$13$dg4FlrrcXjMmvWznC3XUhehaTTZ/xfKXNpEYbSt8o3Q/9b9xonHLC' WHERE account = '500428193512012297';
UPDATE User SET password_hash = '$2y$13$dg4FlrrcXjMmvWznC3XUhehaTTZ/xfKXNpEYbSt8o3Q/9b9xonHLC' WHERE account = '522421199606234382';
UPDATE User SET password_hash = '$2y$13$dg4FlrrcXjMmvWznC3XUhehaTTZ/xfKXNpEYbSt8o3Q/9b9xonHLC' WHERE account = '524278196812047688';
UPDATE User SET password_hash = '$2y$13$dg4FlrrcXjMmvWznC3XUhehaTTZ/xfKXNpEYbSt8o3Q/9b9xonHLC' WHERE account = '533722201107074457';
UPDATE User SET password_hash = '$2y$13$dg4FlrrcXjMmvWznC3XUhehaTTZ/xfKXNpEYbSt8o3Q/9b9xonHLC' WHERE account = '534010193505185024';
UPDATE User SET password_hash = '$2y$13$dg4FlrrcXjMmvWznC3XUhehaTTZ/xfKXNpEYbSt8o3Q/9b9xonHLC' WHERE account = '311419199005070196';
UPDATE User SET password_hash = '$2y$13$dg4FlrrcXjMmvWznC3XUhehaTTZ/xfKXNpEYbSt8o3Q/9b9xonHLC' WHERE account = '443732192507052603';
UPDATE User SET password_hash = '$2y$13$dg4FlrrcXjMmvWznC3XUhehaTTZ/xfKXNpEYbSt8o3Q/9b9xonHLC' WHERE account = '650497201210021384';
UPDATE User SET password_hash = '$2y$13$dg4FlrrcXjMmvWznC3XUhehaTTZ/xfKXNpEYbSt8o3Q/9b9xonHLC' WHERE account = '521788193911052766';
UPDATE User SET password_hash = '$2y$13$dg4FlrrcXjMmvWznC3XUhehaTTZ/xfKXNpEYbSt8o3Q/9b9xonHLC' WHERE account = '322927194403298331';
UPDATE User SET password_hash = '$2y$13$dg4FlrrcXjMmvWznC3XUhehaTTZ/xfKXNpEYbSt8o3Q/9b9xonHLC' WHERE account = '311571193011303452';
UPDATE User SET password_hash = '$2y$13$dg4FlrrcXjMmvWznC3XUhehaTTZ/xfKXNpEYbSt8o3Q/9b9xonHLC' WHERE account = '354972200207293414';
UPDATE User SET password_hash = '$2y$13$dg4FlrrcXjMmvWznC3XUhehaTTZ/xfKXNpEYbSt8o3Q/9b9xonHLC' WHERE account = '41356120110920905X';
UPDATE User SET password_hash = '$2y$13$dg4FlrrcXjMmvWznC3XUhehaTTZ/xfKXNpEYbSt8o3Q/9b9xonHLC' WHERE account = '610748200004040199';
UPDATE User SET password_hash = '$2y$13$dg4FlrrcXjMmvWznC3XUhehaTTZ/xfKXNpEYbSt8o3Q/9b9xonHLC' WHERE account = '130734195308252103';
UPDATE User SET password_hash = '$2y$13$dg4FlrrcXjMmvWznC3XUhehaTTZ/xfKXNpEYbSt8o3Q/9b9xonHLC' WHERE account = '154183195912155060';
UPDATE User SET password_hash = '$2y$13$dg4FlrrcXjMmvWznC3XUhehaTTZ/xfKXNpEYbSt8o3Q/9b9xonHLC' WHERE account = '542592196209302221';
UPDATE User SET password_hash = '$2y$13$dg4FlrrcXjMmvWznC3XUhehaTTZ/xfKXNpEYbSt8o3Q/9b9xonHLC' WHERE account = '514150195306141512';
UPDATE User SET password_hash = '$2y$13$dg4FlrrcXjMmvWznC3XUhehaTTZ/xfKXNpEYbSt8o3Q/9b9xonHLC' WHERE account = '443799195412150423';
UPDATE User SET password_hash = '$2y$13$dg4FlrrcXjMmvWznC3XUhehaTTZ/xfKXNpEYbSt8o3Q/9b9xonHLC' WHERE account = '630617194812272203';
UPDATE User SET password_hash = '$2y$13$dg4FlrrcXjMmvWznC3XUhehaTTZ/xfKXNpEYbSt8o3Q/9b9xonHLC' WHERE account = '811621198603314431';
UPDATE User SET password_hash = '$2y$13$dg4FlrrcXjMmvWznC3XUhehaTTZ/xfKXNpEYbSt8o3Q/9b9xonHLC' WHERE account = '333165193602090206';
UPDATE User SET password_hash = '$2y$13$dg4FlrrcXjMmvWznC3XUhehaTTZ/xfKXNpEYbSt8o3Q/9b9xonHLC' WHERE account = '712831200805244417';
UPDATE User SET password_hash = '$2y$13$dg4FlrrcXjMmvWznC3XUhehaTTZ/xfKXNpEYbSt8o3Q/9b9xonHLC' WHERE account = '371716193612250316';
UPDATE User SET password_hash = '$2y$13$dg4FlrrcXjMmvWznC3XUhehaTTZ/xfKXNpEYbSt8o3Q/9b9xonHLC' WHERE account = '313359193705211318';
UPDATE User SET password_hash = '$2y$13$dg4FlrrcXjMmvWznC3XUhehaTTZ/xfKXNpEYbSt8o3Q/9b9xonHLC' WHERE account = '454662195709172448';
UPDATE User SET password_hash = '$2y$13$dg4FlrrcXjMmvWznC3XUhehaTTZ/xfKXNpEYbSt8o3Q/9b9xonHLC' WHERE account = '623417199103086829';
UPDATE User SET password_hash = '$2y$13$dg4FlrrcXjMmvWznC3XUhehaTTZ/xfKXNpEYbSt8o3Q/9b9xonHLC' WHERE account = '81197420040501456X';
UPDATE User SET password_hash = '$2y$13$dg4FlrrcXjMmvWznC3XUhehaTTZ/xfKXNpEYbSt8o3Q/9b9xonHLC' WHERE account = '531077192803061537';
UPDATE User SET password_hash = '$2y$13$dg4FlrrcXjMmvWznC3XUhehaTTZ/xfKXNpEYbSt8o3Q/9b9xonHLC' WHERE account = '12179120061201805X';
UPDATE User SET password_hash = '$2y$13$dg4FlrrcXjMmvWznC3XUhehaTTZ/xfKXNpEYbSt8o3Q/9b9xonHLC' WHERE account = '121160195506125674';
UPDATE User SET password_hash = '$2y$13$dg4FlrrcXjMmvWznC3XUhehaTTZ/xfKXNpEYbSt8o3Q/9b9xonHLC' WHERE account = '353019197311272057';
UPDATE User SET password_hash = '$2y$13$dg4FlrrcXjMmvWznC3XUhehaTTZ/xfKXNpEYbSt8o3Q/9b9xonHLC' WHERE account = '424253201212280083';
UPDATE User SET password_hash = '$2y$13$dg4FlrrcXjMmvWznC3XUhehaTTZ/xfKXNpEYbSt8o3Q/9b9xonHLC' WHERE account = '144416195701035302';
UPDATE User SET password_hash = '$2y$13$dg4FlrrcXjMmvWznC3XUhehaTTZ/xfKXNpEYbSt8o3Q/9b9xonHLC' WHERE account = '642282199710238306';
UPDATE User SET password_hash = '$2y$13$dg4FlrrcXjMmvWznC3XUhehaTTZ/xfKXNpEYbSt8o3Q/9b9xonHLC' WHERE account = '310567197203244149';
UPDATE User SET password_hash = '$2y$13$dg4FlrrcXjMmvWznC3XUhehaTTZ/xfKXNpEYbSt8o3Q/9b9xonHLC' WHERE account = '460815200911132642';
UPDATE User SET password_hash = '$2y$13$dg4FlrrcXjMmvWznC3XUhehaTTZ/xfKXNpEYbSt8o3Q/9b9xonHLC' WHERE account = '423438194902103546';
UPDATE User SET password_hash = '$2y$13$dg4FlrrcXjMmvWznC3XUhehaTTZ/xfKXNpEYbSt8o3Q/9b9xonHLC' WHERE account = '450127197709297283';
UPDATE User SET password_hash = '$2y$13$dg4FlrrcXjMmvWznC3XUhehaTTZ/xfKXNpEYbSt8o3Q/9b9xonHLC' WHERE account = '711182197707203234';
UPDATE User SET password_hash = '$2y$13$dg4FlrrcXjMmvWznC3XUhehaTTZ/xfKXNpEYbSt8o3Q/9b9xonHLC' WHERE account = '111877201204182521';
UPDATE User SET password_hash = '$2y$13$dg4FlrrcXjMmvWznC3XUhehaTTZ/xfKXNpEYbSt8o3Q/9b9xonHLC' WHERE account = '454848198003153568';
UPDATE User SET password_hash = '$2y$13$dg4FlrrcXjMmvWznC3XUhehaTTZ/xfKXNpEYbSt8o3Q/9b9xonHLC' WHERE account = '443249197108318136';
UPDATE User SET password_hash = '$2y$13$dg4FlrrcXjMmvWznC3XUhehaTTZ/xfKXNpEYbSt8o3Q/9b9xonHLC' WHERE account = '634648196005202867';
UPDATE User SET password_hash = '$2y$13$dg4FlrrcXjMmvWznC3XUhehaTTZ/xfKXNpEYbSt8o3Q/9b9xonHLC' WHERE account = '651665193503048800';
UPDATE User SET password_hash = '$2y$13$dg4FlrrcXjMmvWznC3XUhehaTTZ/xfKXNpEYbSt8o3Q/9b9xonHLC' WHERE account = '61235619740215396X';
UPDATE User SET password_hash = '$2y$13$dg4FlrrcXjMmvWznC3XUhehaTTZ/xfKXNpEYbSt8o3Q/9b9xonHLC' WHERE account = '322801195310275498';
UPDATE User SET password_hash = '$2y$13$dg4FlrrcXjMmvWznC3XUhehaTTZ/xfKXNpEYbSt8o3Q/9b9xonHLC' WHERE account = '451331199204214381';
UPDATE User SET password_hash = '$2y$13$dg4FlrrcXjMmvWznC3XUhehaTTZ/xfKXNpEYbSt8o3Q/9b9xonHLC' WHERE account = '410561192710183478';
UPDATE User SET password_hash = '$2y$13$dg4FlrrcXjMmvWznC3XUhehaTTZ/xfKXNpEYbSt8o3Q/9b9xonHLC' WHERE account = '224052199705010271';
UPDATE User SET password_hash = '$2y$13$dg4FlrrcXjMmvWznC3XUhehaTTZ/xfKXNpEYbSt8o3Q/9b9xonHLC' WHERE account = '711724201009301120';
UPDATE User SET password_hash = '$2y$13$dg4FlrrcXjMmvWznC3XUhehaTTZ/xfKXNpEYbSt8o3Q/9b9xonHLC' WHERE account = '34151219851104259X';
UPDATE User SET password_hash = '$2y$13$dg4FlrrcXjMmvWznC3XUhehaTTZ/xfKXNpEYbSt8o3Q/9b9xonHLC' WHERE account = '121230193509270261';
UPDATE User SET password_hash = '$2y$13$dg4FlrrcXjMmvWznC3XUhehaTTZ/xfKXNpEYbSt8o3Q/9b9xonHLC' WHERE account = '214389194602022003';
UPDATE User SET password_hash = '$2y$13$dg4FlrrcXjMmvWznC3XUhehaTTZ/xfKXNpEYbSt8o3Q/9b9xonHLC' WHERE account = '340359199610233158';
UPDATE User SET password_hash = '$2y$13$dg4FlrrcXjMmvWznC3XUhehaTTZ/xfKXNpEYbSt8o3Q/9b9xonHLC' WHERE account = '130278192802087681';
UPDATE User SET password_hash = '$2y$13$dg4FlrrcXjMmvWznC3XUhehaTTZ/xfKXNpEYbSt8o3Q/9b9xonHLC' WHERE account = '512691196107051069';
UPDATE User SET password_hash = '$2y$13$dg4FlrrcXjMmvWznC3XUhehaTTZ/xfKXNpEYbSt8o3Q/9b9xonHLC' WHERE account = '313505192611281113';
UPDATE User SET password_hash = '$2y$13$dg4FlrrcXjMmvWznC3XUhehaTTZ/xfKXNpEYbSt8o3Q/9b9xonHLC' WHERE account = '630274194205217946';
UPDATE User SET password_hash = '$2y$13$dg4FlrrcXjMmvWznC3XUhehaTTZ/xfKXNpEYbSt8o3Q/9b9xonHLC' WHERE account = '374765196706301610';
UPDATE User SET password_hash = '$2y$13$dg4FlrrcXjMmvWznC3XUhehaTTZ/xfKXNpEYbSt8o3Q/9b9xonHLC' WHERE account = '463030197005086758';
UPDATE User SET password_hash = '$2y$13$dg4FlrrcXjMmvWznC3XUhehaTTZ/xfKXNpEYbSt8o3Q/9b9xonHLC' WHERE account = '452810198503266345';
UPDATE User SET password_hash = '$2y$13$dg4FlrrcXjMmvWznC3XUhehaTTZ/xfKXNpEYbSt8o3Q/9b9xonHLC' WHERE account = '324162200506018907';
UPDATE User SET password_hash = '$2y$13$dg4FlrrcXjMmvWznC3XUhehaTTZ/xfKXNpEYbSt8o3Q/9b9xonHLC' WHERE account = '441549195911024844';
UPDATE User SET password_hash = '$2y$13$dg4FlrrcXjMmvWznC3XUhehaTTZ/xfKXNpEYbSt8o3Q/9b9xonHLC' WHERE account = '62181219870911526X';
UPDATE User SET password_hash = '$2y$13$dg4FlrrcXjMmvWznC3XUhehaTTZ/xfKXNpEYbSt8o3Q/9b9xonHLC' WHERE account = '821373196202035639';
UPDATE User SET password_hash = '$2y$13$dg4FlrrcXjMmvWznC3XUhehaTTZ/xfKXNpEYbSt8o3Q/9b9xonHLC' WHERE account = '233234195910181927';
UPDATE User SET password_hash = '$2y$13$dg4FlrrcXjMmvWznC3XUhehaTTZ/xfKXNpEYbSt8o3Q/9b9xonHLC' WHERE account = '544423192804063501';
UPDATE User SET password_hash = '$2y$13$dg4FlrrcXjMmvWznC3XUhehaTTZ/xfKXNpEYbSt8o3Q/9b9xonHLC' WHERE account = '434287197711138868';
UPDATE User SET password_hash = '$2y$13$dg4FlrrcXjMmvWznC3XUhehaTTZ/xfKXNpEYbSt8o3Q/9b9xonHLC' WHERE account = '314509200909062418';
UPDATE User SET password_hash = '$2y$13$dg4FlrrcXjMmvWznC3XUhehaTTZ/xfKXNpEYbSt8o3Q/9b9xonHLC' WHERE account = '121246200504237304';
UPDATE User SET password_hash = '$2y$13$dg4FlrrcXjMmvWznC3XUhehaTTZ/xfKXNpEYbSt8o3Q/9b9xonHLC' WHERE account = '431386195109016007';
UPDATE User SET password_hash = '$2y$13$dg4FlrrcXjMmvWznC3XUhehaTTZ/xfKXNpEYbSt8o3Q/9b9xonHLC' WHERE account = '314873194701270584';
UPDATE User SET password_hash = '$2y$13$dg4FlrrcXjMmvWznC3XUhehaTTZ/xfKXNpEYbSt8o3Q/9b9xonHLC' WHERE account = '211686198909024024';
UPDATE User SET password_hash = '$2y$13$dg4FlrrcXjMmvWznC3XUhehaTTZ/xfKXNpEYbSt8o3Q/9b9xonHLC' WHERE account = '46485619861023210X';
UPDATE User SET password_hash = '$2y$13$dg4FlrrcXjMmvWznC3XUhehaTTZ/xfKXNpEYbSt8o3Q/9b9xonHLC' WHERE account = '820198194302102494';
UPDATE User SET password_hash = '$2y$13$dg4FlrrcXjMmvWznC3XUhehaTTZ/xfKXNpEYbSt8o3Q/9b9xonHLC' WHERE account = '324519199906062618';
UPDATE User SET password_hash = '$2y$13$dg4FlrrcXjMmvWznC3XUhehaTTZ/xfKXNpEYbSt8o3Q/9b9xonHLC' WHERE account = '533192194203267788';
UPDATE User SET password_hash = '$2y$13$dg4FlrrcXjMmvWznC3XUhehaTTZ/xfKXNpEYbSt8o3Q/9b9xonHLC' WHERE account = '360495192307184017';
UPDATE User SET password_hash = '$2y$13$dg4FlrrcXjMmvWznC3XUhehaTTZ/xfKXNpEYbSt8o3Q/9b9xonHLC' WHERE account = '51508519810910191X';
UPDATE User SET password_hash = '$2y$13$dg4FlrrcXjMmvWznC3XUhehaTTZ/xfKXNpEYbSt8o3Q/9b9xonHLC' WHERE account = '523843198908128419';
UPDATE User SET password_hash = '$2y$13$dg4FlrrcXjMmvWznC3XUhehaTTZ/xfKXNpEYbSt8o3Q/9b9xonHLC' WHERE account = '14192219750219380X';
UPDATE User SET password_hash = '$2y$13$dg4FlrrcXjMmvWznC3XUhehaTTZ/xfKXNpEYbSt8o3Q/9b9xonHLC' WHERE account = '823075193208062481';
UPDATE User SET password_hash = '$2y$13$dg4FlrrcXjMmvWznC3XUhehaTTZ/xfKXNpEYbSt8o3Q/9b9xonHLC' WHERE account = '351082200511280616';
UPDATE User SET password_hash = '$2y$13$dg4FlrrcXjMmvWznC3XUhehaTTZ/xfKXNpEYbSt8o3Q/9b9xonHLC' WHERE account = '332144201104138962';
UPDATE User SET password_hash = '$2y$13$dg4FlrrcXjMmvWznC3XUhehaTTZ/xfKXNpEYbSt8o3Q/9b9xonHLC' WHERE account = '330937195912238284';
UPDATE User SET password_hash = '$2y$13$dg4FlrrcXjMmvWznC3XUhehaTTZ/xfKXNpEYbSt8o3Q/9b9xonHLC' WHERE account = '46439419261114232X';
UPDATE User SET password_hash = '$2y$13$dg4FlrrcXjMmvWznC3XUhehaTTZ/xfKXNpEYbSt8o3Q/9b9xonHLC' WHERE account = '361024199812226338';
UPDATE User SET password_hash = '$2y$13$dg4FlrrcXjMmvWznC3XUhehaTTZ/xfKXNpEYbSt8o3Q/9b9xonHLC' WHERE account = '212201195611280620';
UPDATE User SET password_hash = '$2y$13$dg4FlrrcXjMmvWznC3XUhehaTTZ/xfKXNpEYbSt8o3Q/9b9xonHLC' WHERE account = '611737199811220377';
UPDATE User SET password_hash = '$2y$13$dg4FlrrcXjMmvWznC3XUhehaTTZ/xfKXNpEYbSt8o3Q/9b9xonHLC' WHERE account = '822451199606231635';
UPDATE User SET password_hash = '$2y$13$dg4FlrrcXjMmvWznC3XUhehaTTZ/xfKXNpEYbSt8o3Q/9b9xonHLC' WHERE account = '531517193605306893';
UPDATE User SET password_hash = '$2y$13$dg4FlrrcXjMmvWznC3XUhehaTTZ/xfKXNpEYbSt8o3Q/9b9xonHLC' WHERE account = '123161192601095229';
UPDATE User SET password_hash = '$2y$13$dg4FlrrcXjMmvWznC3XUhehaTTZ/xfKXNpEYbSt8o3Q/9b9xonHLC' WHERE account = '623136195204165632';
UPDATE User SET password_hash = '$2y$13$dg4FlrrcXjMmvWznC3XUhehaTTZ/xfKXNpEYbSt8o3Q/9b9xonHLC' WHERE account = '312303196607203251';
UPDATE User SET password_hash = '$2y$13$dg4FlrrcXjMmvWznC3XUhehaTTZ/xfKXNpEYbSt8o3Q/9b9xonHLC' WHERE account = '623179201401059971';
UPDATE User SET password_hash = '$2y$13$dg4FlrrcXjMmvWznC3XUhehaTTZ/xfKXNpEYbSt8o3Q/9b9xonHLC' WHERE account = '345062198803111879';
UPDATE User SET password_hash = '$2y$13$dg4FlrrcXjMmvWznC3XUhehaTTZ/xfKXNpEYbSt8o3Q/9b9xonHLC' WHERE account = '713951193605019003';
UPDATE User SET password_hash = '$2y$13$dg4FlrrcXjMmvWznC3XUhehaTTZ/xfKXNpEYbSt8o3Q/9b9xonHLC' WHERE account = '373253200511085465';
UPDATE User SET password_hash = '$2y$13$dg4FlrrcXjMmvWznC3XUhehaTTZ/xfKXNpEYbSt8o3Q/9b9xonHLC' WHERE account = '153597197510135300';
UPDATE User SET password_hash = '$2y$13$dg4FlrrcXjMmvWznC3XUhehaTTZ/xfKXNpEYbSt8o3Q/9b9xonHLC' WHERE account = '634976193503013786';
UPDATE User SET password_hash = '$2y$13$dg4FlrrcXjMmvWznC3XUhehaTTZ/xfKXNpEYbSt8o3Q/9b9xonHLC' WHERE account = '333822198911037118';
UPDATE User SET password_hash = '$2y$13$dg4FlrrcXjMmvWznC3XUhehaTTZ/xfKXNpEYbSt8o3Q/9b9xonHLC' WHERE account = '430976195403194614';
UPDATE User SET password_hash = '$2y$13$dg4FlrrcXjMmvWznC3XUhehaTTZ/xfKXNpEYbSt8o3Q/9b9xonHLC' WHERE account = '133594196012110240';
UPDATE User SET password_hash = '$2y$13$dg4FlrrcXjMmvWznC3XUhehaTTZ/xfKXNpEYbSt8o3Q/9b9xonHLC' WHERE account = '711033201210202209';
UPDATE User SET password_hash = '$2y$13$dg4FlrrcXjMmvWznC3XUhehaTTZ/xfKXNpEYbSt8o3Q/9b9xonHLC' WHERE account = '333376193104209891';
UPDATE User SET password_hash = '$2y$13$dg4FlrrcXjMmvWznC3XUhehaTTZ/xfKXNpEYbSt8o3Q/9b9xonHLC' WHERE account = '112581194401069708';
UPDATE User SET password_hash = '$2y$13$dg4FlrrcXjMmvWznC3XUhehaTTZ/xfKXNpEYbSt8o3Q/9b9xonHLC' WHERE account = '114077200810167581';
UPDATE User SET password_hash = '$2y$13$dg4FlrrcXjMmvWznC3XUhehaTTZ/xfKXNpEYbSt8o3Q/9b9xonHLC' WHERE account = '352637196102266880';
UPDATE User SET password_hash = '$2y$13$dg4FlrrcXjMmvWznC3XUhehaTTZ/xfKXNpEYbSt8o3Q/9b9xonHLC' WHERE account = '31212919500409800X';
UPDATE User SET password_hash = '$2y$13$dg4FlrrcXjMmvWznC3XUhehaTTZ/xfKXNpEYbSt8o3Q/9b9xonHLC' WHERE account = '32335919450824093X';
UPDATE User SET password_hash = '$2y$13$dg4FlrrcXjMmvWznC3XUhehaTTZ/xfKXNpEYbSt8o3Q/9b9xonHLC' WHERE account = '520366197009010242';
UPDATE User SET password_hash = '$2y$13$dg4FlrrcXjMmvWznC3XUhehaTTZ/xfKXNpEYbSt8o3Q/9b9xonHLC' WHERE account = '624777196101153171';
UPDATE User SET password_hash = '$2y$13$dg4FlrrcXjMmvWznC3XUhehaTTZ/xfKXNpEYbSt8o3Q/9b9xonHLC' WHERE account = '532323200907074683';
UPDATE User SET password_hash = '$2y$13$dg4FlrrcXjMmvWznC3XUhehaTTZ/xfKXNpEYbSt8o3Q/9b9xonHLC' WHERE account = '821701193108027698';
UPDATE User SET password_hash = '$2y$13$dg4FlrrcXjMmvWznC3XUhehaTTZ/xfKXNpEYbSt8o3Q/9b9xonHLC' WHERE account = '651442196308318662';
UPDATE User SET password_hash = '$2y$13$dg4FlrrcXjMmvWznC3XUhehaTTZ/xfKXNpEYbSt8o3Q/9b9xonHLC' WHERE account = '372436193907292697';
UPDATE User SET password_hash = '$2y$13$dg4FlrrcXjMmvWznC3XUhehaTTZ/xfKXNpEYbSt8o3Q/9b9xonHLC' WHERE account = '313051193703278243';
UPDATE User SET password_hash = '$2y$13$dg4FlrrcXjMmvWznC3XUhehaTTZ/xfKXNpEYbSt8o3Q/9b9xonHLC' WHERE account = '342587199007173361';
UPDATE User SET password_hash = '$2y$13$dg4FlrrcXjMmvWznC3XUhehaTTZ/xfKXNpEYbSt8o3Q/9b9xonHLC' WHERE account = '643342197309237824';
UPDATE User SET password_hash = '$2y$13$dg4FlrrcXjMmvWznC3XUhehaTTZ/xfKXNpEYbSt8o3Q/9b9xonHLC' WHERE account = '644109192506249415';
UPDATE User SET password_hash = '$2y$13$dg4FlrrcXjMmvWznC3XUhehaTTZ/xfKXNpEYbSt8o3Q/9b9xonHLC' WHERE account = '324047194012306094';
UPDATE User SET password_hash = '$2y$13$dg4FlrrcXjMmvWznC3XUhehaTTZ/xfKXNpEYbSt8o3Q/9b9xonHLC' WHERE account = '650215196204237900';
UPDATE User SET password_hash = '$2y$13$dg4FlrrcXjMmvWznC3XUhehaTTZ/xfKXNpEYbSt8o3Q/9b9xonHLC' WHERE account = '212738192708289343';
UPDATE User SET password_hash = '$2y$13$dg4FlrrcXjMmvWznC3XUhehaTTZ/xfKXNpEYbSt8o3Q/9b9xonHLC' WHERE account = '50410519460521143X';
UPDATE User SET password_hash = '$2y$13$dg4FlrrcXjMmvWznC3XUhehaTTZ/xfKXNpEYbSt8o3Q/9b9xonHLC' WHERE account = '450393193103023230';
UPDATE User SET password_hash = '$2y$13$dg4FlrrcXjMmvWznC3XUhehaTTZ/xfKXNpEYbSt8o3Q/9b9xonHLC' WHERE account = '633540197912040595';
UPDATE User SET password_hash = '$2y$13$dg4FlrrcXjMmvWznC3XUhehaTTZ/xfKXNpEYbSt8o3Q/9b9xonHLC' WHERE account = '520939197601045360';
UPDATE User SET password_hash = '$2y$13$dg4FlrrcXjMmvWznC3XUhehaTTZ/xfKXNpEYbSt8o3Q/9b9xonHLC' WHERE account = '113995197006127250';
UPDATE User SET password_hash = '$2y$13$dg4FlrrcXjMmvWznC3XUhehaTTZ/xfKXNpEYbSt8o3Q/9b9xonHLC' WHERE account = '613339193403162458';
UPDATE User SET password_hash = '$2y$13$dg4FlrrcXjMmvWznC3XUhehaTTZ/xfKXNpEYbSt8o3Q/9b9xonHLC' WHERE account = '622210195908199393';
UPDATE User SET password_hash = '$2y$13$dg4FlrrcXjMmvWznC3XUhehaTTZ/xfKXNpEYbSt8o3Q/9b9xonHLC' WHERE account = '334935197410102220';
UPDATE User SET password_hash = '$2y$13$dg4FlrrcXjMmvWznC3XUhehaTTZ/xfKXNpEYbSt8o3Q/9b9xonHLC' WHERE account = '444439193710054219';
UPDATE User SET password_hash = '$2y$13$dg4FlrrcXjMmvWznC3XUhehaTTZ/xfKXNpEYbSt8o3Q/9b9xonHLC' WHERE account = '320219194003054699';
UPDATE User SET password_hash = '$2y$13$dg4FlrrcXjMmvWznC3XUhehaTTZ/xfKXNpEYbSt8o3Q/9b9xonHLC' WHERE account = '414449199712130617';
UPDATE User SET password_hash = '$2y$13$dg4FlrrcXjMmvWznC3XUhehaTTZ/xfKXNpEYbSt8o3Q/9b9xonHLC' WHERE account = '614299201204264006';
UPDATE User SET password_hash = '$2y$13$dg4FlrrcXjMmvWznC3XUhehaTTZ/xfKXNpEYbSt8o3Q/9b9xonHLC' WHERE account = '350257194709092121';
UPDATE User SET password_hash = '$2y$13$dg4FlrrcXjMmvWznC3XUhehaTTZ/xfKXNpEYbSt8o3Q/9b9xonHLC' WHERE account = '340334200808173395';
UPDATE User SET password_hash = '$2y$13$dg4FlrrcXjMmvWznC3XUhehaTTZ/xfKXNpEYbSt8o3Q/9b9xonHLC' WHERE account = '444336199104110901';
UPDATE User SET password_hash = '$2y$13$dg4FlrrcXjMmvWznC3XUhehaTTZ/xfKXNpEYbSt8o3Q/9b9xonHLC' WHERE account = '112338199512256249';
UPDATE User SET password_hash = '$2y$13$dg4FlrrcXjMmvWznC3XUhehaTTZ/xfKXNpEYbSt8o3Q/9b9xonHLC' WHERE account = '502532199008106368';
UPDATE User SET password_hash = '$2y$13$dg4FlrrcXjMmvWznC3XUhehaTTZ/xfKXNpEYbSt8o3Q/9b9xonHLC' WHERE account = '434918201304167590';
UPDATE User SET password_hash = '$2y$13$dg4FlrrcXjMmvWznC3XUhehaTTZ/xfKXNpEYbSt8o3Q/9b9xonHLC' WHERE account = '424319198705160341';
UPDATE User SET password_hash = '$2y$13$dg4FlrrcXjMmvWznC3XUhehaTTZ/xfKXNpEYbSt8o3Q/9b9xonHLC' WHERE account = '122730199608077773';
UPDATE User SET password_hash = '$2y$13$dg4FlrrcXjMmvWznC3XUhehaTTZ/xfKXNpEYbSt8o3Q/9b9xonHLC' WHERE account = '223937196306171546';
UPDATE User SET password_hash = '$2y$13$dg4FlrrcXjMmvWznC3XUhehaTTZ/xfKXNpEYbSt8o3Q/9b9xonHLC' WHERE account = '452814192410199191';
UPDATE User SET password_hash = '$2y$13$dg4FlrrcXjMmvWznC3XUhehaTTZ/xfKXNpEYbSt8o3Q/9b9xonHLC' WHERE account = '12364119810125499X';
UPDATE User SET password_hash = '$2y$13$dg4FlrrcXjMmvWznC3XUhehaTTZ/xfKXNpEYbSt8o3Q/9b9xonHLC' WHERE account = '133714196501154393';
UPDATE User SET password_hash = '$2y$13$dg4FlrrcXjMmvWznC3XUhehaTTZ/xfKXNpEYbSt8o3Q/9b9xonHLC' WHERE account = '501480198310162570';
UPDATE User SET password_hash = '$2y$13$dg4FlrrcXjMmvWznC3XUhehaTTZ/xfKXNpEYbSt8o3Q/9b9xonHLC' WHERE account = '710465200312295197';
UPDATE User SET password_hash = '$2y$13$dg4FlrrcXjMmvWznC3XUhehaTTZ/xfKXNpEYbSt8o3Q/9b9xonHLC' WHERE account = '540919197307307944';
UPDATE User SET password_hash = '$2y$13$dg4FlrrcXjMmvWznC3XUhehaTTZ/xfKXNpEYbSt8o3Q/9b9xonHLC' WHERE account = '215077198009106838';
UPDATE User SET password_hash = '$2y$13$dg4FlrrcXjMmvWznC3XUhehaTTZ/xfKXNpEYbSt8o3Q/9b9xonHLC' WHERE account = '324553197105141763';
UPDATE User SET password_hash = '$2y$13$dg4FlrrcXjMmvWznC3XUhehaTTZ/xfKXNpEYbSt8o3Q/9b9xonHLC' WHERE account = '332441199802043994';
UPDATE User SET password_hash = '$2y$13$dg4FlrrcXjMmvWznC3XUhehaTTZ/xfKXNpEYbSt8o3Q/9b9xonHLC' WHERE account = '541254197204086484';
UPDATE User SET password_hash = '$2y$13$dg4FlrrcXjMmvWznC3XUhehaTTZ/xfKXNpEYbSt8o3Q/9b9xonHLC' WHERE account = '212960194009052651';
UPDATE User SET password_hash = '$2y$13$dg4FlrrcXjMmvWznC3XUhehaTTZ/xfKXNpEYbSt8o3Q/9b9xonHLC' WHERE account = '444109198610263703';
UPDATE User SET password_hash = '$2y$13$dg4FlrrcXjMmvWznC3XUhehaTTZ/xfKXNpEYbSt8o3Q/9b9xonHLC' WHERE account = '522196197012130504';
UPDATE User SET password_hash = '$2y$13$dg4FlrrcXjMmvWznC3XUhehaTTZ/xfKXNpEYbSt8o3Q/9b9xonHLC' WHERE account = '533596193402280044';
UPDATE User SET password_hash = '$2y$13$dg4FlrrcXjMmvWznC3XUhehaTTZ/xfKXNpEYbSt8o3Q/9b9xonHLC' WHERE account = '131772199510245046';
UPDATE User SET password_hash = '$2y$13$dg4FlrrcXjMmvWznC3XUhehaTTZ/xfKXNpEYbSt8o3Q/9b9xonHLC' WHERE account = '233836195907233199';
UPDATE User SET password_hash = '$2y$13$dg4FlrrcXjMmvWznC3XUhehaTTZ/xfKXNpEYbSt8o3Q/9b9xonHLC' WHERE account = '540512201109261974';
UPDATE User SET password_hash = '$2y$13$dg4FlrrcXjMmvWznC3XUhehaTTZ/xfKXNpEYbSt8o3Q/9b9xonHLC' WHERE account = '534025193111027231';
UPDATE User SET password_hash = '$2y$13$dg4FlrrcXjMmvWznC3XUhehaTTZ/xfKXNpEYbSt8o3Q/9b9xonHLC' WHERE account = '641416193912077449';
UPDATE User SET password_hash = '$2y$13$dg4FlrrcXjMmvWznC3XUhehaTTZ/xfKXNpEYbSt8o3Q/9b9xonHLC' WHERE account = '463451195107294119';
UPDATE User SET password_hash = '$2y$13$dg4FlrrcXjMmvWznC3XUhehaTTZ/xfKXNpEYbSt8o3Q/9b9xonHLC' WHERE account = '344625199708225712';
UPDATE User SET password_hash = '$2y$13$dg4FlrrcXjMmvWznC3XUhehaTTZ/xfKXNpEYbSt8o3Q/9b9xonHLC' WHERE account = '363209199507139745';
UPDATE User SET password_hash = '$2y$13$dg4FlrrcXjMmvWznC3XUhehaTTZ/xfKXNpEYbSt8o3Q/9b9xonHLC' WHERE account = '213603196006121865';
UPDATE User SET password_hash = '$2y$13$dg4FlrrcXjMmvWznC3XUhehaTTZ/xfKXNpEYbSt8o3Q/9b9xonHLC' WHERE account = '461944194011095835';
UPDATE User SET password_hash = '$2y$13$dg4FlrrcXjMmvWznC3XUhehaTTZ/xfKXNpEYbSt8o3Q/9b9xonHLC' WHERE account = '131070196805210006';
UPDATE User SET password_hash = '$2y$13$dg4FlrrcXjMmvWznC3XUhehaTTZ/xfKXNpEYbSt8o3Q/9b9xonHLC' WHERE account = '422179193807195093';
UPDATE User SET password_hash = '$2y$13$dg4FlrrcXjMmvWznC3XUhehaTTZ/xfKXNpEYbSt8o3Q/9b9xonHLC' WHERE account = '822470199109120332';
UPDATE User SET password_hash = '$2y$13$dg4FlrrcXjMmvWznC3XUhehaTTZ/xfKXNpEYbSt8o3Q/9b9xonHLC' WHERE account = '541285193002255423';
UPDATE User SET password_hash = '$2y$13$dg4FlrrcXjMmvWznC3XUhehaTTZ/xfKXNpEYbSt8o3Q/9b9xonHLC' WHERE account = '65434319880109750X';
UPDATE User SET password_hash = '$2y$13$dg4FlrrcXjMmvWznC3XUhehaTTZ/xfKXNpEYbSt8o3Q/9b9xonHLC' WHERE account = '121271200607055870';
UPDATE User SET password_hash = '$2y$13$dg4FlrrcXjMmvWznC3XUhehaTTZ/xfKXNpEYbSt8o3Q/9b9xonHLC' WHERE account = '143631195106119991';
UPDATE User SET password_hash = '$2y$13$dg4FlrrcXjMmvWznC3XUhehaTTZ/xfKXNpEYbSt8o3Q/9b9xonHLC' WHERE account = '631360195007130879';
UPDATE User SET password_hash = '$2y$13$dg4FlrrcXjMmvWznC3XUhehaTTZ/xfKXNpEYbSt8o3Q/9b9xonHLC' WHERE account = '22013219830816239X';
UPDATE User SET password_hash = '$2y$13$dg4FlrrcXjMmvWznC3XUhehaTTZ/xfKXNpEYbSt8o3Q/9b9xonHLC' WHERE account = '53185919610204029X';
UPDATE User SET password_hash = '$2y$13$dg4FlrrcXjMmvWznC3XUhehaTTZ/xfKXNpEYbSt8o3Q/9b9xonHLC' WHERE account = '821673197704294707';
UPDATE User SET password_hash = '$2y$13$dg4FlrrcXjMmvWznC3XUhehaTTZ/xfKXNpEYbSt8o3Q/9b9xonHLC' WHERE account = '341333194303294410';
UPDATE User SET password_hash = '$2y$13$dg4FlrrcXjMmvWznC3XUhehaTTZ/xfKXNpEYbSt8o3Q/9b9xonHLC' WHERE account = '454694196308240604';
UPDATE User SET password_hash = '$2y$13$dg4FlrrcXjMmvWznC3XUhehaTTZ/xfKXNpEYbSt8o3Q/9b9xonHLC' WHERE account = '370841200603294085';
UPDATE User SET password_hash = '$2y$13$dg4FlrrcXjMmvWznC3XUhehaTTZ/xfKXNpEYbSt8o3Q/9b9xonHLC' WHERE account = '464906194501316116';
UPDATE User SET password_hash = '$2y$13$dg4FlrrcXjMmvWznC3XUhehaTTZ/xfKXNpEYbSt8o3Q/9b9xonHLC' WHERE account = '334678200011181331';
UPDATE User SET password_hash = '$2y$13$dg4FlrrcXjMmvWznC3XUhehaTTZ/xfKXNpEYbSt8o3Q/9b9xonHLC' WHERE account = '42283119640103785X';
UPDATE User SET password_hash = '$2y$13$dg4FlrrcXjMmvWznC3XUhehaTTZ/xfKXNpEYbSt8o3Q/9b9xonHLC' WHERE account = '330609195003075816';
UPDATE User SET password_hash = '$2y$13$dg4FlrrcXjMmvWznC3XUhehaTTZ/xfKXNpEYbSt8o3Q/9b9xonHLC' WHERE account = '432260194202080386';
UPDATE User SET password_hash = '$2y$13$dg4FlrrcXjMmvWznC3XUhehaTTZ/xfKXNpEYbSt8o3Q/9b9xonHLC' WHERE account = '332880195902073193';
UPDATE User SET password_hash = '$2y$13$dg4FlrrcXjMmvWznC3XUhehaTTZ/xfKXNpEYbSt8o3Q/9b9xonHLC' WHERE account = '710687201008130313';
UPDATE User SET password_hash = '$2y$13$dg4FlrrcXjMmvWznC3XUhehaTTZ/xfKXNpEYbSt8o3Q/9b9xonHLC' WHERE account = '37200119720630223X';
UPDATE User SET password_hash = '$2y$13$dg4FlrrcXjMmvWznC3XUhehaTTZ/xfKXNpEYbSt8o3Q/9b9xonHLC' WHERE account = '711824194108107402';
UPDATE User SET password_hash = '$2y$13$dg4FlrrcXjMmvWznC3XUhehaTTZ/xfKXNpEYbSt8o3Q/9b9xonHLC' WHERE account = '521818200602185641';
UPDATE User SET password_hash = '$2y$13$dg4FlrrcXjMmvWznC3XUhehaTTZ/xfKXNpEYbSt8o3Q/9b9xonHLC' WHERE account = '151407195510314905';
UPDATE User SET password_hash = '$2y$13$dg4FlrrcXjMmvWznC3XUhehaTTZ/xfKXNpEYbSt8o3Q/9b9xonHLC' WHERE account = '444839195607233131';
UPDATE User SET password_hash = '$2y$13$dg4FlrrcXjMmvWznC3XUhehaTTZ/xfKXNpEYbSt8o3Q/9b9xonHLC' WHERE account = '360465195101070745';
UPDATE User SET password_hash = '$2y$13$dg4FlrrcXjMmvWznC3XUhehaTTZ/xfKXNpEYbSt8o3Q/9b9xonHLC' WHERE account = '224374201109198422';
UPDATE User SET password_hash = '$2y$13$dg4FlrrcXjMmvWznC3XUhehaTTZ/xfKXNpEYbSt8o3Q/9b9xonHLC' WHERE account = '642671194505067183';
UPDATE User SET password_hash = '$2y$13$dg4FlrrcXjMmvWznC3XUhehaTTZ/xfKXNpEYbSt8o3Q/9b9xonHLC' WHERE account = '234131195206030562';
UPDATE User SET password_hash = '$2y$13$dg4FlrrcXjMmvWznC3XUhehaTTZ/xfKXNpEYbSt8o3Q/9b9xonHLC' WHERE account = '424706199406083576';
UPDATE User SET password_hash = '$2y$13$dg4FlrrcXjMmvWznC3XUhehaTTZ/xfKXNpEYbSt8o3Q/9b9xonHLC' WHERE account = '431985199608274666';
UPDATE User SET password_hash = '$2y$13$dg4FlrrcXjMmvWznC3XUhehaTTZ/xfKXNpEYbSt8o3Q/9b9xonHLC' WHERE account = '823004195703307670';
UPDATE User SET password_hash = '$2y$13$dg4FlrrcXjMmvWznC3XUhehaTTZ/xfKXNpEYbSt8o3Q/9b9xonHLC' WHERE account = '710851197001103336';
UPDATE User SET password_hash = '$2y$13$dg4FlrrcXjMmvWznC3XUhehaTTZ/xfKXNpEYbSt8o3Q/9b9xonHLC' WHERE account = '431636197411202819';
UPDATE User SET password_hash = '$2y$13$dg4FlrrcXjMmvWznC3XUhehaTTZ/xfKXNpEYbSt8o3Q/9b9xonHLC' WHERE account = '61428520110412926X';
UPDATE User SET password_hash = '$2y$13$dg4FlrrcXjMmvWznC3XUhehaTTZ/xfKXNpEYbSt8o3Q/9b9xonHLC' WHERE account = '610139195006269718';
UPDATE User SET password_hash = '$2y$13$dg4FlrrcXjMmvWznC3XUhehaTTZ/xfKXNpEYbSt8o3Q/9b9xonHLC' WHERE account = '215017194110227745';
UPDATE User SET password_hash = '$2y$13$dg4FlrrcXjMmvWznC3XUhehaTTZ/xfKXNpEYbSt8o3Q/9b9xonHLC' WHERE account = '312240195505219928';
UPDATE User SET password_hash = '$2y$13$dg4FlrrcXjMmvWznC3XUhehaTTZ/xfKXNpEYbSt8o3Q/9b9xonHLC' WHERE account = '461722197112254739';
UPDATE User SET password_hash = '$2y$13$dg4FlrrcXjMmvWznC3XUhehaTTZ/xfKXNpEYbSt8o3Q/9b9xonHLC' WHERE account = '131332195904093374';
UPDATE User SET password_hash = '$2y$13$dg4FlrrcXjMmvWznC3XUhehaTTZ/xfKXNpEYbSt8o3Q/9b9xonHLC' WHERE account = '131138200112181536';
UPDATE User SET password_hash = '$2y$13$dg4FlrrcXjMmvWznC3XUhehaTTZ/xfKXNpEYbSt8o3Q/9b9xonHLC' WHERE account = '130108197910024586';
UPDATE User SET password_hash = '$2y$13$dg4FlrrcXjMmvWznC3XUhehaTTZ/xfKXNpEYbSt8o3Q/9b9xonHLC' WHERE account = '432595200909303534';
UPDATE User SET password_hash = '$2y$13$dg4FlrrcXjMmvWznC3XUhehaTTZ/xfKXNpEYbSt8o3Q/9b9xonHLC' WHERE account = '502603200105253091';
UPDATE User SET password_hash = '$2y$13$dg4FlrrcXjMmvWznC3XUhehaTTZ/xfKXNpEYbSt8o3Q/9b9xonHLC' WHERE account = '454744201403315180';
UPDATE User SET password_hash = '$2y$13$dg4FlrrcXjMmvWznC3XUhehaTTZ/xfKXNpEYbSt8o3Q/9b9xonHLC' WHERE account = '222438197307045221';
UPDATE User SET password_hash = '$2y$13$dg4FlrrcXjMmvWznC3XUhehaTTZ/xfKXNpEYbSt8o3Q/9b9xonHLC' WHERE account = '350546197603075646';
UPDATE User SET password_hash = '$2y$13$dg4FlrrcXjMmvWznC3XUhehaTTZ/xfKXNpEYbSt8o3Q/9b9xonHLC' WHERE account = '453161192710088775';
UPDATE User SET password_hash = '$2y$13$dg4FlrrcXjMmvWznC3XUhehaTTZ/xfKXNpEYbSt8o3Q/9b9xonHLC' WHERE account = '352611196010019393';
UPDATE User SET password_hash = '$2y$13$dg4FlrrcXjMmvWznC3XUhehaTTZ/xfKXNpEYbSt8o3Q/9b9xonHLC' WHERE account = '510120198607030448';
UPDATE User SET password_hash = '$2y$13$dg4FlrrcXjMmvWznC3XUhehaTTZ/xfKXNpEYbSt8o3Q/9b9xonHLC' WHERE account = '143206197805034683';
UPDATE User SET password_hash = '$2y$13$dg4FlrrcXjMmvWznC3XUhehaTTZ/xfKXNpEYbSt8o3Q/9b9xonHLC' WHERE account = '640638196705262353';
UPDATE User SET password_hash = '$2y$13$dg4FlrrcXjMmvWznC3XUhehaTTZ/xfKXNpEYbSt8o3Q/9b9xonHLC' WHERE account = '652469197705048522';
UPDATE User SET password_hash = '$2y$13$dg4FlrrcXjMmvWznC3XUhehaTTZ/xfKXNpEYbSt8o3Q/9b9xonHLC' WHERE account = '453616198810232885';
UPDATE User SET password_hash = '$2y$13$dg4FlrrcXjMmvWznC3XUhehaTTZ/xfKXNpEYbSt8o3Q/9b9xonHLC' WHERE account = '631652200007080584';
UPDATE User SET password_hash = '$2y$13$dg4FlrrcXjMmvWznC3XUhehaTTZ/xfKXNpEYbSt8o3Q/9b9xonHLC' WHERE account = '811520196210267948';
UPDATE User SET password_hash = '$2y$13$dg4FlrrcXjMmvWznC3XUhehaTTZ/xfKXNpEYbSt8o3Q/9b9xonHLC' WHERE account = '143386198003292003';
UPDATE User SET password_hash = '$2y$13$dg4FlrrcXjMmvWznC3XUhehaTTZ/xfKXNpEYbSt8o3Q/9b9xonHLC' WHERE account = '412861199906079131';
UPDATE User SET password_hash = '$2y$13$dg4FlrrcXjMmvWznC3XUhehaTTZ/xfKXNpEYbSt8o3Q/9b9xonHLC' WHERE account = '14287619591210671X';
UPDATE User SET password_hash = '$2y$13$dg4FlrrcXjMmvWznC3XUhehaTTZ/xfKXNpEYbSt8o3Q/9b9xonHLC' WHERE account = '622025193609068936';
UPDATE User SET password_hash = '$2y$13$dg4FlrrcXjMmvWznC3XUhehaTTZ/xfKXNpEYbSt8o3Q/9b9xonHLC' WHERE account = '343470192702274367';
UPDATE User SET password_hash = '$2y$13$dg4FlrrcXjMmvWznC3XUhehaTTZ/xfKXNpEYbSt8o3Q/9b9xonHLC' WHERE account = '440697194503184671';
UPDATE User SET password_hash = '$2y$13$dg4FlrrcXjMmvWznC3XUhehaTTZ/xfKXNpEYbSt8o3Q/9b9xonHLC' WHERE account = '512039197107187517';
UPDATE User SET password_hash = '$2y$13$dg4FlrrcXjMmvWznC3XUhehaTTZ/xfKXNpEYbSt8o3Q/9b9xonHLC' WHERE account = '372744200009149013';
UPDATE User SET password_hash = '$2y$13$dg4FlrrcXjMmvWznC3XUhehaTTZ/xfKXNpEYbSt8o3Q/9b9xonHLC' WHERE account = '514912198111144042';
UPDATE User SET password_hash = '$2y$13$dg4FlrrcXjMmvWznC3XUhehaTTZ/xfKXNpEYbSt8o3Q/9b9xonHLC' WHERE account = '15017919671221454X';
UPDATE User SET password_hash = '$2y$13$dg4FlrrcXjMmvWznC3XUhehaTTZ/xfKXNpEYbSt8o3Q/9b9xonHLC' WHERE account = '34344619451022278X';
UPDATE User SET password_hash = '$2y$13$dg4FlrrcXjMmvWznC3XUhehaTTZ/xfKXNpEYbSt8o3Q/9b9xonHLC' WHERE account = '334047198810112441';
UPDATE User SET password_hash = '$2y$13$dg4FlrrcXjMmvWznC3XUhehaTTZ/xfKXNpEYbSt8o3Q/9b9xonHLC' WHERE account = '644464196209222129';
UPDATE User SET password_hash = '$2y$13$dg4FlrrcXjMmvWznC3XUhehaTTZ/xfKXNpEYbSt8o3Q/9b9xonHLC' WHERE account = '135001195202158904';
UPDATE User SET password_hash = '$2y$13$dg4FlrrcXjMmvWznC3XUhehaTTZ/xfKXNpEYbSt8o3Q/9b9xonHLC' WHERE account = '373949192907266237';
UPDATE User SET password_hash = '$2y$13$dg4FlrrcXjMmvWznC3XUhehaTTZ/xfKXNpEYbSt8o3Q/9b9xonHLC' WHERE account = '644607195110187851';
UPDATE User SET password_hash = '$2y$13$dg4FlrrcXjMmvWznC3XUhehaTTZ/xfKXNpEYbSt8o3Q/9b9xonHLC' WHERE account = '333918193908090506';
UPDATE User SET password_hash = '$2y$13$dg4FlrrcXjMmvWznC3XUhehaTTZ/xfKXNpEYbSt8o3Q/9b9xonHLC' WHERE account = '372099195402204570';
UPDATE User SET password_hash = '$2y$13$dg4FlrrcXjMmvWznC3XUhehaTTZ/xfKXNpEYbSt8o3Q/9b9xonHLC' WHERE account = '712377199204240559';
UPDATE User SET password_hash = '$2y$13$dg4FlrrcXjMmvWznC3XUhehaTTZ/xfKXNpEYbSt8o3Q/9b9xonHLC' WHERE account = '14334119340122283X';
UPDATE User SET password_hash = '$2y$13$dg4FlrrcXjMmvWznC3XUhehaTTZ/xfKXNpEYbSt8o3Q/9b9xonHLC' WHERE account = '543696197802091691';
UPDATE User SET password_hash = '$2y$13$dg4FlrrcXjMmvWznC3XUhehaTTZ/xfKXNpEYbSt8o3Q/9b9xonHLC' WHERE account = '333628192511187674';
UPDATE User SET password_hash = '$2y$13$dg4FlrrcXjMmvWznC3XUhehaTTZ/xfKXNpEYbSt8o3Q/9b9xonHLC' WHERE account = '421687192812180897';
UPDATE User SET password_hash = '$2y$13$dg4FlrrcXjMmvWznC3XUhehaTTZ/xfKXNpEYbSt8o3Q/9b9xonHLC' WHERE account = '344353197206223158';
UPDATE User SET password_hash = '$2y$13$dg4FlrrcXjMmvWznC3XUhehaTTZ/xfKXNpEYbSt8o3Q/9b9xonHLC' WHERE account = '450306197412054916';
UPDATE User SET password_hash = '$2y$13$dg4FlrrcXjMmvWznC3XUhehaTTZ/xfKXNpEYbSt8o3Q/9b9xonHLC' WHERE account = '123443199408042621';
UPDATE User SET password_hash = '$2y$13$dg4FlrrcXjMmvWznC3XUhehaTTZ/xfKXNpEYbSt8o3Q/9b9xonHLC' WHERE account = '141022196501199781';
UPDATE User SET password_hash = '$2y$13$dg4FlrrcXjMmvWznC3XUhehaTTZ/xfKXNpEYbSt8o3Q/9b9xonHLC' WHERE account = '510394195811266100';
UPDATE User SET password_hash = '$2y$13$dg4FlrrcXjMmvWznC3XUhehaTTZ/xfKXNpEYbSt8o3Q/9b9xonHLC' WHERE account = '13265119610711500X';
UPDATE User SET password_hash = '$2y$13$dg4FlrrcXjMmvWznC3XUhehaTTZ/xfKXNpEYbSt8o3Q/9b9xonHLC' WHERE account = '123101194002173159';
UPDATE User SET password_hash = '$2y$13$dg4FlrrcXjMmvWznC3XUhehaTTZ/xfKXNpEYbSt8o3Q/9b9xonHLC' WHERE account = '644477192502247407';
UPDATE User SET password_hash = '$2y$13$dg4FlrrcXjMmvWznC3XUhehaTTZ/xfKXNpEYbSt8o3Q/9b9xonHLC' WHERE account = '501004194307116909';
UPDATE User SET password_hash = '$2y$13$dg4FlrrcXjMmvWznC3XUhehaTTZ/xfKXNpEYbSt8o3Q/9b9xonHLC' WHERE account = '620522200302143898';
UPDATE User SET password_hash = '$2y$13$dg4FlrrcXjMmvWznC3XUhehaTTZ/xfKXNpEYbSt8o3Q/9b9xonHLC' WHERE account = '423204200009172947';
UPDATE User SET password_hash = '$2y$13$dg4FlrrcXjMmvWznC3XUhehaTTZ/xfKXNpEYbSt8o3Q/9b9xonHLC' WHERE account = '530618194309305578';
UPDATE User SET password_hash = '$2y$13$dg4FlrrcXjMmvWznC3XUhehaTTZ/xfKXNpEYbSt8o3Q/9b9xonHLC' WHERE account = '373480195306103032';
UPDATE User SET password_hash = '$2y$13$dg4FlrrcXjMmvWznC3XUhehaTTZ/xfKXNpEYbSt8o3Q/9b9xonHLC' WHERE account = '224344200302156353';
UPDATE User SET password_hash = '$2y$13$dg4FlrrcXjMmvWznC3XUhehaTTZ/xfKXNpEYbSt8o3Q/9b9xonHLC' WHERE account = '642440198710134231';
UPDATE User SET password_hash = '$2y$13$dg4FlrrcXjMmvWznC3XUhehaTTZ/xfKXNpEYbSt8o3Q/9b9xonHLC' WHERE account = '543645199211045266';
UPDATE User SET password_hash = '$2y$13$dg4FlrrcXjMmvWznC3XUhehaTTZ/xfKXNpEYbSt8o3Q/9b9xonHLC' WHERE account = '210708196004048624';
UPDATE User SET password_hash = '$2y$13$dg4FlrrcXjMmvWznC3XUhehaTTZ/xfKXNpEYbSt8o3Q/9b9xonHLC' WHERE account = '612028193708240821';
UPDATE User SET password_hash = '$2y$13$dg4FlrrcXjMmvWznC3XUhehaTTZ/xfKXNpEYbSt8o3Q/9b9xonHLC' WHERE account = '461245193101310294';
UPDATE User SET password_hash = '$2y$13$dg4FlrrcXjMmvWznC3XUhehaTTZ/xfKXNpEYbSt8o3Q/9b9xonHLC' WHERE account = '153829194212079396';
UPDATE User SET password_hash = '$2y$13$dg4FlrrcXjMmvWznC3XUhehaTTZ/xfKXNpEYbSt8o3Q/9b9xonHLC' WHERE account = '373521197706166919';
UPDATE User SET password_hash = '$2y$13$dg4FlrrcXjMmvWznC3XUhehaTTZ/xfKXNpEYbSt8o3Q/9b9xonHLC' WHERE account = '223488193407254915';
UPDATE User SET password_hash = '$2y$13$dg4FlrrcXjMmvWznC3XUhehaTTZ/xfKXNpEYbSt8o3Q/9b9xonHLC' WHERE account = '214540198406010396';
UPDATE User SET password_hash = '$2y$13$dg4FlrrcXjMmvWznC3XUhehaTTZ/xfKXNpEYbSt8o3Q/9b9xonHLC' WHERE account = '642799193005175287';
UPDATE User SET password_hash = '$2y$13$dg4FlrrcXjMmvWznC3XUhehaTTZ/xfKXNpEYbSt8o3Q/9b9xonHLC' WHERE account = '712082195101164741';
UPDATE User SET password_hash = '$2y$13$dg4FlrrcXjMmvWznC3XUhehaTTZ/xfKXNpEYbSt8o3Q/9b9xonHLC' WHERE account = '154124196606170516';
UPDATE User SET password_hash = '$2y$13$dg4FlrrcXjMmvWznC3XUhehaTTZ/xfKXNpEYbSt8o3Q/9b9xonHLC' WHERE account = '414815197907085692';
UPDATE User SET password_hash = '$2y$13$dg4FlrrcXjMmvWznC3XUhehaTTZ/xfKXNpEYbSt8o3Q/9b9xonHLC' WHERE account = '641957195902224027';
UPDATE User SET password_hash = '$2y$13$dg4FlrrcXjMmvWznC3XUhehaTTZ/xfKXNpEYbSt8o3Q/9b9xonHLC' WHERE account = '13134619600202191X';
UPDATE User SET password_hash = '$2y$13$dg4FlrrcXjMmvWznC3XUhehaTTZ/xfKXNpEYbSt8o3Q/9b9xonHLC' WHERE account = '414833192401310458';
UPDATE User SET password_hash = '$2y$13$dg4FlrrcXjMmvWznC3XUhehaTTZ/xfKXNpEYbSt8o3Q/9b9xonHLC' WHERE account = '131286193007247274';
UPDATE User SET password_hash = '$2y$13$dg4FlrrcXjMmvWznC3XUhehaTTZ/xfKXNpEYbSt8o3Q/9b9xonHLC' WHERE account = '424889197110040961';
UPDATE User SET password_hash = '$2y$13$dg4FlrrcXjMmvWznC3XUhehaTTZ/xfKXNpEYbSt8o3Q/9b9xonHLC' WHERE account = '624011196501072403';
UPDATE User SET password_hash = '$2y$13$dg4FlrrcXjMmvWznC3XUhehaTTZ/xfKXNpEYbSt8o3Q/9b9xonHLC' WHERE account = '631136194606073068';
UPDATE User SET password_hash = '$2y$13$dg4FlrrcXjMmvWznC3XUhehaTTZ/xfKXNpEYbSt8o3Q/9b9xonHLC' WHERE account = '353915196408134728';
UPDATE User SET password_hash = '$2y$13$dg4FlrrcXjMmvWznC3XUhehaTTZ/xfKXNpEYbSt8o3Q/9b9xonHLC' WHERE account = '110828198101136683';
UPDATE User SET password_hash = '$2y$13$dg4FlrrcXjMmvWznC3XUhehaTTZ/xfKXNpEYbSt8o3Q/9b9xonHLC' WHERE account = '352560192304075029';
UPDATE User SET password_hash = '$2y$13$dg4FlrrcXjMmvWznC3XUhehaTTZ/xfKXNpEYbSt8o3Q/9b9xonHLC' WHERE account = '144295195910301690';
UPDATE User SET password_hash = '$2y$13$dg4FlrrcXjMmvWznC3XUhehaTTZ/xfKXNpEYbSt8o3Q/9b9xonHLC' WHERE account = '813221194102250874';
UPDATE User SET password_hash = '$2y$13$dg4FlrrcXjMmvWznC3XUhehaTTZ/xfKXNpEYbSt8o3Q/9b9xonHLC' WHERE account = '223231199802014370';
UPDATE User SET password_hash = '$2y$13$dg4FlrrcXjMmvWznC3XUhehaTTZ/xfKXNpEYbSt8o3Q/9b9xonHLC' WHERE account = '210401192309027938';
UPDATE User SET password_hash = '$2y$13$dg4FlrrcXjMmvWznC3XUhehaTTZ/xfKXNpEYbSt8o3Q/9b9xonHLC' WHERE account = '520956194511063317';
UPDATE User SET password_hash = '$2y$13$dg4FlrrcXjMmvWznC3XUhehaTTZ/xfKXNpEYbSt8o3Q/9b9xonHLC' WHERE account = '230983193101092060';
UPDATE User SET password_hash = '$2y$13$dg4FlrrcXjMmvWznC3XUhehaTTZ/xfKXNpEYbSt8o3Q/9b9xonHLC' WHERE account = '652028198805013757';
UPDATE User SET password_hash = '$2y$13$dg4FlrrcXjMmvWznC3XUhehaTTZ/xfKXNpEYbSt8o3Q/9b9xonHLC' WHERE account = '121150197209288082';
UPDATE User SET password_hash = '$2y$13$dg4FlrrcXjMmvWznC3XUhehaTTZ/xfKXNpEYbSt8o3Q/9b9xonHLC' WHERE account = '654912195505108543';
UPDATE User SET password_hash = '$2y$13$dg4FlrrcXjMmvWznC3XUhehaTTZ/xfKXNpEYbSt8o3Q/9b9xonHLC' WHERE account = '633730197204166482';
UPDATE User SET password_hash = '$2y$13$dg4FlrrcXjMmvWznC3XUhehaTTZ/xfKXNpEYbSt8o3Q/9b9xonHLC' WHERE account = '540860192411130501';
UPDATE User SET password_hash = '$2y$13$dg4FlrrcXjMmvWznC3XUhehaTTZ/xfKXNpEYbSt8o3Q/9b9xonHLC' WHERE account = '231740200609134315';
UPDATE User SET password_hash = '$2y$13$dg4FlrrcXjMmvWznC3XUhehaTTZ/xfKXNpEYbSt8o3Q/9b9xonHLC' WHERE account = '450873195810126231';
UPDATE User SET password_hash = '$2y$13$dg4FlrrcXjMmvWznC3XUhehaTTZ/xfKXNpEYbSt8o3Q/9b9xonHLC' WHERE account = '443540195309175571';
UPDATE User SET password_hash = '$2y$13$dg4FlrrcXjMmvWznC3XUhehaTTZ/xfKXNpEYbSt8o3Q/9b9xonHLC' WHERE account = '112964196010201403';
UPDATE User SET password_hash = '$2y$13$dg4FlrrcXjMmvWznC3XUhehaTTZ/xfKXNpEYbSt8o3Q/9b9xonHLC' WHERE account = '710415197507073337';
UPDATE User SET password_hash = '$2y$13$dg4FlrrcXjMmvWznC3XUhehaTTZ/xfKXNpEYbSt8o3Q/9b9xonHLC' WHERE account = '531599196104272614';
UPDATE User SET password_hash = '$2y$13$dg4FlrrcXjMmvWznC3XUhehaTTZ/xfKXNpEYbSt8o3Q/9b9xonHLC' WHERE account = '823816196805153112';
UPDATE User SET password_hash = '$2y$13$dg4FlrrcXjMmvWznC3XUhehaTTZ/xfKXNpEYbSt8o3Q/9b9xonHLC' WHERE account = '143199196205288741';
UPDATE User SET password_hash = '$2y$13$dg4FlrrcXjMmvWznC3XUhehaTTZ/xfKXNpEYbSt8o3Q/9b9xonHLC' WHERE account = '434286194911217500';
UPDATE User SET password_hash = '$2y$13$dg4FlrrcXjMmvWznC3XUhehaTTZ/xfKXNpEYbSt8o3Q/9b9xonHLC' WHERE account = '151832196208278211';
UPDATE User SET password_hash = '$2y$13$dg4FlrrcXjMmvWznC3XUhehaTTZ/xfKXNpEYbSt8o3Q/9b9xonHLC' WHERE account = '132511194808139562';
UPDATE User SET password_hash = '$2y$13$dg4FlrrcXjMmvWznC3XUhehaTTZ/xfKXNpEYbSt8o3Q/9b9xonHLC' WHERE account = '323108198504098324';
UPDATE User SET password_hash = '$2y$13$dg4FlrrcXjMmvWznC3XUhehaTTZ/xfKXNpEYbSt8o3Q/9b9xonHLC' WHERE account = '350222201405152646';
UPDATE User SET password_hash = '$2y$13$dg4FlrrcXjMmvWznC3XUhehaTTZ/xfKXNpEYbSt8o3Q/9b9xonHLC' WHERE account = '144033198508032234';
UPDATE User SET password_hash = '$2y$13$dg4FlrrcXjMmvWznC3XUhehaTTZ/xfKXNpEYbSt8o3Q/9b9xonHLC' WHERE account = '822291197207041297';
UPDATE User SET password_hash = '$2y$13$dg4FlrrcXjMmvWznC3XUhehaTTZ/xfKXNpEYbSt8o3Q/9b9xonHLC' WHERE account = '313870200508120177';
UPDATE User SET password_hash = '$2y$13$dg4FlrrcXjMmvWznC3XUhehaTTZ/xfKXNpEYbSt8o3Q/9b9xonHLC' WHERE account = '643311201107016140';
UPDATE User SET password_hash = '$2y$13$dg4FlrrcXjMmvWznC3XUhehaTTZ/xfKXNpEYbSt8o3Q/9b9xonHLC' WHERE account = '33230919970509979X';
UPDATE User SET password_hash = '$2y$13$dg4FlrrcXjMmvWznC3XUhehaTTZ/xfKXNpEYbSt8o3Q/9b9xonHLC' WHERE account = '651103198110239679';
UPDATE User SET password_hash = '$2y$13$dg4FlrrcXjMmvWznC3XUhehaTTZ/xfKXNpEYbSt8o3Q/9b9xonHLC' WHERE account = '514885200509305502';
UPDATE User SET password_hash = '$2y$13$dg4FlrrcXjMmvWznC3XUhehaTTZ/xfKXNpEYbSt8o3Q/9b9xonHLC' WHERE account = '612947194211214823';
UPDATE User SET password_hash = '$2y$13$dg4FlrrcXjMmvWznC3XUhehaTTZ/xfKXNpEYbSt8o3Q/9b9xonHLC' WHERE account = '511152197510178897';
UPDATE User SET password_hash = '$2y$13$dg4FlrrcXjMmvWznC3XUhehaTTZ/xfKXNpEYbSt8o3Q/9b9xonHLC' WHERE account = '341089192407145498';
UPDATE User SET password_hash = '$2y$13$dg4FlrrcXjMmvWznC3XUhehaTTZ/xfKXNpEYbSt8o3Q/9b9xonHLC' WHERE account = '421054199112058929';
UPDATE User SET password_hash = '$2y$13$dg4FlrrcXjMmvWznC3XUhehaTTZ/xfKXNpEYbSt8o3Q/9b9xonHLC' WHERE account = '131558198903079752';
UPDATE User SET password_hash = '$2y$13$dg4FlrrcXjMmvWznC3XUhehaTTZ/xfKXNpEYbSt8o3Q/9b9xonHLC' WHERE account = '354028197303015432';
UPDATE User SET password_hash = '$2y$13$dg4FlrrcXjMmvWznC3XUhehaTTZ/xfKXNpEYbSt8o3Q/9b9xonHLC' WHERE account = '812603194401011511';
UPDATE User SET password_hash = '$2y$13$dg4FlrrcXjMmvWznC3XUhehaTTZ/xfKXNpEYbSt8o3Q/9b9xonHLC' WHERE account = '822068194008057289';
UPDATE User SET password_hash = '$2y$13$dg4FlrrcXjMmvWznC3XUhehaTTZ/xfKXNpEYbSt8o3Q/9b9xonHLC' WHERE account = '231206196611120808';
UPDATE User SET password_hash = '$2y$13$dg4FlrrcXjMmvWznC3XUhehaTTZ/xfKXNpEYbSt8o3Q/9b9xonHLC' WHERE account = '364085193012064010';
UPDATE User SET password_hash = '$2y$13$dg4FlrrcXjMmvWznC3XUhehaTTZ/xfKXNpEYbSt8o3Q/9b9xonHLC' WHERE account = '825090199311211356';
UPDATE User SET password_hash = '$2y$13$dg4FlrrcXjMmvWznC3XUhehaTTZ/xfKXNpEYbSt8o3Q/9b9xonHLC' WHERE account = '320570200509036909';
UPDATE User SET password_hash = '$2y$13$dg4FlrrcXjMmvWznC3XUhehaTTZ/xfKXNpEYbSt8o3Q/9b9xonHLC' WHERE account = '420125194401025696';
UPDATE User SET password_hash = '$2y$13$dg4FlrrcXjMmvWznC3XUhehaTTZ/xfKXNpEYbSt8o3Q/9b9xonHLC' WHERE account = '344621192905177585';
UPDATE User SET password_hash = '$2y$13$dg4FlrrcXjMmvWznC3XUhehaTTZ/xfKXNpEYbSt8o3Q/9b9xonHLC' WHERE account = '323464195603108488';
UPDATE User SET password_hash = '$2y$13$dg4FlrrcXjMmvWznC3XUhehaTTZ/xfKXNpEYbSt8o3Q/9b9xonHLC' WHERE account = '370909194207196048';
UPDATE User SET password_hash = '$2y$13$dg4FlrrcXjMmvWznC3XUhehaTTZ/xfKXNpEYbSt8o3Q/9b9xonHLC' WHERE account = '650463194805082992';
UPDATE User SET password_hash = '$2y$13$dg4FlrrcXjMmvWznC3XUhehaTTZ/xfKXNpEYbSt8o3Q/9b9xonHLC' WHERE account = '463710195011083865';
UPDATE User SET password_hash = '$2y$13$dg4FlrrcXjMmvWznC3XUhehaTTZ/xfKXNpEYbSt8o3Q/9b9xonHLC' WHERE account = '61498219790311927X';
UPDATE User SET password_hash = '$2y$13$dg4FlrrcXjMmvWznC3XUhehaTTZ/xfKXNpEYbSt8o3Q/9b9xonHLC' WHERE account = '233538201105111149';
UPDATE User SET password_hash = '$2y$13$dg4FlrrcXjMmvWznC3XUhehaTTZ/xfKXNpEYbSt8o3Q/9b9xonHLC' WHERE account = '362730196010078525';
UPDATE User SET password_hash = '$2y$13$dg4FlrrcXjMmvWznC3XUhehaTTZ/xfKXNpEYbSt8o3Q/9b9xonHLC' WHERE account = '823966201307027814';
UPDATE User SET password_hash = '$2y$13$dg4FlrrcXjMmvWznC3XUhehaTTZ/xfKXNpEYbSt8o3Q/9b9xonHLC' WHERE account = '611086198304243802';
UPDATE User SET password_hash = '$2y$13$dg4FlrrcXjMmvWznC3XUhehaTTZ/xfKXNpEYbSt8o3Q/9b9xonHLC' WHERE account = '21012219470723183X';
UPDATE User SET password_hash = '$2y$13$dg4FlrrcXjMmvWznC3XUhehaTTZ/xfKXNpEYbSt8o3Q/9b9xonHLC' WHERE account = '121873198412070010';
UPDATE User SET password_hash = '$2y$13$dg4FlrrcXjMmvWznC3XUhehaTTZ/xfKXNpEYbSt8o3Q/9b9xonHLC' WHERE account = '154215194605078831';
UPDATE User SET password_hash = '$2y$13$dg4FlrrcXjMmvWznC3XUhehaTTZ/xfKXNpEYbSt8o3Q/9b9xonHLC' WHERE account = '413398194201295733';
UPDATE User SET password_hash = '$2y$13$dg4FlrrcXjMmvWznC3XUhehaTTZ/xfKXNpEYbSt8o3Q/9b9xonHLC' WHERE account = '140260192602174746';
UPDATE User SET password_hash = '$2y$13$dg4FlrrcXjMmvWznC3XUhehaTTZ/xfKXNpEYbSt8o3Q/9b9xonHLC' WHERE account = '422360192702279353';
UPDATE User SET password_hash = '$2y$13$dg4FlrrcXjMmvWznC3XUhehaTTZ/xfKXNpEYbSt8o3Q/9b9xonHLC' WHERE account = '532489199111012453';
UPDATE User SET password_hash = '$2y$13$dg4FlrrcXjMmvWznC3XUhehaTTZ/xfKXNpEYbSt8o3Q/9b9xonHLC' WHERE account = '233654200711221660';
UPDATE User SET password_hash = '$2y$13$dg4FlrrcXjMmvWznC3XUhehaTTZ/xfKXNpEYbSt8o3Q/9b9xonHLC' WHERE account = '143269194105035106';
UPDATE User SET password_hash = '$2y$13$dg4FlrrcXjMmvWznC3XUhehaTTZ/xfKXNpEYbSt8o3Q/9b9xonHLC' WHERE account = '810702198808203285';
UPDATE User SET password_hash = '$2y$13$dg4FlrrcXjMmvWznC3XUhehaTTZ/xfKXNpEYbSt8o3Q/9b9xonHLC' WHERE account = '312886192808245849';
UPDATE User SET password_hash = '$2y$13$dg4FlrrcXjMmvWznC3XUhehaTTZ/xfKXNpEYbSt8o3Q/9b9xonHLC' WHERE account = '424571200610276549';
UPDATE User SET password_hash = '$2y$13$dg4FlrrcXjMmvWznC3XUhehaTTZ/xfKXNpEYbSt8o3Q/9b9xonHLC' WHERE account = '110231201002185308';
UPDATE User SET password_hash = '$2y$13$dg4FlrrcXjMmvWznC3XUhehaTTZ/xfKXNpEYbSt8o3Q/9b9xonHLC' WHERE account = '141204196601030489';
UPDATE User SET password_hash = '$2y$13$dg4FlrrcXjMmvWznC3XUhehaTTZ/xfKXNpEYbSt8o3Q/9b9xonHLC' WHERE account = '82061019530203603X';
UPDATE User SET password_hash = '$2y$13$dg4FlrrcXjMmvWznC3XUhehaTTZ/xfKXNpEYbSt8o3Q/9b9xonHLC' WHERE account = '463597198503087974';
UPDATE User SET password_hash = '$2y$13$dg4FlrrcXjMmvWznC3XUhehaTTZ/xfKXNpEYbSt8o3Q/9b9xonHLC' WHERE account = '373308200006125167';
UPDATE User SET password_hash = '$2y$13$dg4FlrrcXjMmvWznC3XUhehaTTZ/xfKXNpEYbSt8o3Q/9b9xonHLC' WHERE account = '532471196307066220';
UPDATE User SET password_hash = '$2y$13$dg4FlrrcXjMmvWznC3XUhehaTTZ/xfKXNpEYbSt8o3Q/9b9xonHLC' WHERE account = '372715196312269317';
UPDATE User SET password_hash = '$2y$13$dg4FlrrcXjMmvWznC3XUhehaTTZ/xfKXNpEYbSt8o3Q/9b9xonHLC' WHERE account = '442637196506190172';
UPDATE User SET password_hash = '$2y$13$dg4FlrrcXjMmvWznC3XUhehaTTZ/xfKXNpEYbSt8o3Q/9b9xonHLC' WHERE account = '630435196511308385';
UPDATE User SET password_hash = '$2y$13$dg4FlrrcXjMmvWznC3XUhehaTTZ/xfKXNpEYbSt8o3Q/9b9xonHLC' WHERE account = '511620194108073507';
UPDATE User SET password_hash = '$2y$13$dg4FlrrcXjMmvWznC3XUhehaTTZ/xfKXNpEYbSt8o3Q/9b9xonHLC' WHERE account = '140224195006188504';
UPDATE User SET password_hash = '$2y$13$dg4FlrrcXjMmvWznC3XUhehaTTZ/xfKXNpEYbSt8o3Q/9b9xonHLC' WHERE account = '210291194507219088';
UPDATE User SET password_hash = '$2y$13$dg4FlrrcXjMmvWznC3XUhehaTTZ/xfKXNpEYbSt8o3Q/9b9xonHLC' WHERE account = '114452193905039903';
UPDATE User SET password_hash = '$2y$13$dg4FlrrcXjMmvWznC3XUhehaTTZ/xfKXNpEYbSt8o3Q/9b9xonHLC' WHERE account = '51302719690518077X';
UPDATE User SET password_hash = '$2y$13$dg4FlrrcXjMmvWznC3XUhehaTTZ/xfKXNpEYbSt8o3Q/9b9xonHLC' WHERE account = '814190199308184525';
UPDATE User SET password_hash = '$2y$13$dg4FlrrcXjMmvWznC3XUhehaTTZ/xfKXNpEYbSt8o3Q/9b9xonHLC' WHERE account = '715065192308185268';
UPDATE User SET password_hash = '$2y$13$dg4FlrrcXjMmvWznC3XUhehaTTZ/xfKXNpEYbSt8o3Q/9b9xonHLC' WHERE account = '611431196403303572';
UPDATE User SET password_hash = '$2y$13$dg4FlrrcXjMmvWznC3XUhehaTTZ/xfKXNpEYbSt8o3Q/9b9xonHLC' WHERE account = '141658195302205744';
UPDATE User SET password_hash = '$2y$13$dg4FlrrcXjMmvWznC3XUhehaTTZ/xfKXNpEYbSt8o3Q/9b9xonHLC' WHERE account = '52265719840318317X';
UPDATE User SET password_hash = '$2y$13$dg4FlrrcXjMmvWznC3XUhehaTTZ/xfKXNpEYbSt8o3Q/9b9xonHLC' WHERE account = '711409194007305233';
UPDATE User SET password_hash = '$2y$13$dg4FlrrcXjMmvWznC3XUhehaTTZ/xfKXNpEYbSt8o3Q/9b9xonHLC' WHERE account = '231822193306294244';
UPDATE User SET password_hash = '$2y$13$dg4FlrrcXjMmvWznC3XUhehaTTZ/xfKXNpEYbSt8o3Q/9b9xonHLC' WHERE account = '821155194607028301';
UPDATE User SET password_hash = '$2y$13$dg4FlrrcXjMmvWznC3XUhehaTTZ/xfKXNpEYbSt8o3Q/9b9xonHLC' WHERE account = '634928198812026894';
UPDATE User SET password_hash = '$2y$13$dg4FlrrcXjMmvWznC3XUhehaTTZ/xfKXNpEYbSt8o3Q/9b9xonHLC' WHERE account = '453082197005063850';
UPDATE User SET password_hash = '$2y$13$dg4FlrrcXjMmvWznC3XUhehaTTZ/xfKXNpEYbSt8o3Q/9b9xonHLC' WHERE account = '523353195608189897';
UPDATE User SET password_hash = '$2y$13$dg4FlrrcXjMmvWznC3XUhehaTTZ/xfKXNpEYbSt8o3Q/9b9xonHLC' WHERE account = '420203194106105566';
UPDATE User SET password_hash = '$2y$13$dg4FlrrcXjMmvWznC3XUhehaTTZ/xfKXNpEYbSt8o3Q/9b9xonHLC' WHERE account = '450268201103081725';
UPDATE User SET password_hash = '$2y$13$dg4FlrrcXjMmvWznC3XUhehaTTZ/xfKXNpEYbSt8o3Q/9b9xonHLC' WHERE account = '533538199201255059';
UPDATE User SET password_hash = '$2y$13$dg4FlrrcXjMmvWznC3XUhehaTTZ/xfKXNpEYbSt8o3Q/9b9xonHLC' WHERE account = '154748194604123585';
UPDATE User SET password_hash = '$2y$13$dg4FlrrcXjMmvWznC3XUhehaTTZ/xfKXNpEYbSt8o3Q/9b9xonHLC' WHERE account = '533821192904082340';
UPDATE User SET password_hash = '$2y$13$dg4FlrrcXjMmvWznC3XUhehaTTZ/xfKXNpEYbSt8o3Q/9b9xonHLC' WHERE account = '633735201210251601';
UPDATE User SET password_hash = '$2y$13$dg4FlrrcXjMmvWznC3XUhehaTTZ/xfKXNpEYbSt8o3Q/9b9xonHLC' WHERE account = '520784194006283328';
UPDATE User SET password_hash = '$2y$13$dg4FlrrcXjMmvWznC3XUhehaTTZ/xfKXNpEYbSt8o3Q/9b9xonHLC' WHERE account = '543318198807103454';

/* 建立PriorityType信息 */
INSERT INTO `prioritytype` (`name`, `information`) VALUES ('访问居民数据库', '允许访问居民数据库，新增、修改和删除居民信息'), ('访问职员数据库', '允许访问职员数据库，并对职员信息进行增加、删除和修改'), ('分配权限', '给职员分配权限'), ('发布公告', '查看公告，经审核后进行发布，允许删除公告'), ('编辑公告', '新增要发布的公告'), ('审核评论', '对前台在各新闻和公告中的评论进行审核，审核通过的评论才可以在前台显示'), ('追踪体温异常病例', '查看体温异常者的信息，及时与疑似病例进行联系');
