/* 建立User, Resident, Committee信息 */
INSERT INTO User (account, username, name, sex, age, tel, type) VALUES ('530911194512063279', '沈琦航', '沈琦航', false, '75', '17817494329', 0);
INSERT INTO Resident (account, building, unit, room) VALUES ('530911194512063279', 20, 8, 606);
INSERT INTO User (account, username, name, sex, age, tel, type) VALUES ('515080192612038372', '麦诺奇', '麦诺奇', true, '94', '17693493149', 0);
INSERT INTO Resident (account, building, unit, room) VALUES ('515080192612038372', 4, 1, 406);
INSERT INTO User (account, username, name, sex, age, tel, type) VALUES ('341705195407318772', '文亚', '文亚', false, '66', '18906405601', 0);
INSERT INTO Resident (account, building, unit, room) VALUES ('341705195407318772', 25, 10, 1302);
INSERT INTO User (account, username, name, sex, age, tel, type) VALUES ('65278319270904492X', '董冠辰', '董冠辰', false, '93', '19682750450', 0);
INSERT INTO Resident (account, building, unit, room) VALUES ('65278319270904492X', 30, 5, 906);
INSERT INTO User (account, username, name, sex, age, tel, type) VALUES ('452935192904041221', '毛雨', '毛雨', false, '91', '17561124111', 0);
INSERT INTO Resident (account, building, unit, room) VALUES ('452935192904041221', 63, 2, 203);
INSERT INTO User (account, username, name, sex, age, tel, type) VALUES ('141746196109090087', '孙润', '孙润', true, '59', '18162060505', 0);
INSERT INTO Resident (account, building, unit, room) VALUES ('141746196109090087', 95, 1, 1602);
INSERT INTO User (account, username, name, sex, age, tel, type) VALUES ('451326198709227422', '裴义', '裴义', false, '33', '18550404075', 0);
INSERT INTO Resident (account, building, unit, room) VALUES ('451326198709227422', 25, 4, 1804);
INSERT INTO User (account, username, name, sex, age, tel, type) VALUES ('632431194204304749', '许奇雨', '许奇雨', true, '78', '15637214822', 0);
INSERT INTO Resident (account, building, unit, room) VALUES ('632431194204304749', 86, 9, 503);
INSERT INTO User (account, username, name, sex, age, tel, type) VALUES ('643239200507131002', '秦馨', '秦馨', true, '15', '18518370078', 0);
INSERT INTO Resident (account, building, unit, room) VALUES ('643239200507131002', 80, 1, 2901);
INSERT INTO User (account, username, name, sex, age, tel, type) VALUES ('512666197311232008', '孟睿', '孟睿', false, '47', '13267168101', 0);
INSERT INTO Resident (account, building, unit, room) VALUES ('512666197311232008', 43, 3, 2406);
INSERT INTO User (account, username, name, sex, age, tel, type) VALUES ('411923199701225390', '汪雨兰', '汪雨兰', false, '23', '13758447584', 0);
INSERT INTO Resident (account, building, unit, room) VALUES ('411923199701225390', 65, 6, 2001);
INSERT INTO User (account, username, name, sex, age, tel, type) VALUES ('344773196003228534', '郑云', '郑云', false, '60', '19542637595', 0);
INSERT INTO Resident (account, building, unit, room) VALUES ('344773196003228534', 78, 10, 1706);
INSERT INTO User (account, username, name, sex, age, tel, type) VALUES ('500866201209010778', '胡云义', '胡云义', true, '8', '15216701804', 0);
INSERT INTO Resident (account, building, unit, room) VALUES ('500866201209010778', 81, 3, 2406);
INSERT INTO User (account, username, name, sex, age, tel, type) VALUES ('131349197310242414', '臧赛炜', '臧赛炜', true, '47', '19643962416', 0);
INSERT INTO Resident (account, building, unit, room) VALUES ('131349197310242414', 54, 8, 301);
INSERT INTO User (account, username, name, sex, age, tel, type) VALUES ('511504199304108016', '康可', '康可', false, '27', '19229232619', 0);
INSERT INTO Resident (account, building, unit, room) VALUES ('511504199304108016', 53, 7, 2603);
INSERT INTO User (account, username, name, sex, age, tel, type) VALUES ('621063199209135570', '肖灯雨', '肖灯雨', false, '28', '13202282277', 0);
INSERT INTO Resident (account, building, unit, room) VALUES ('621063199209135570', 26, 2, 2006);
INSERT INTO User (account, username, name, sex, age, tel, type) VALUES ('232398198412062428', '许轩薪', '许轩薪', false, '36', '13246234734', 0);
INSERT INTO Resident (account, building, unit, room) VALUES ('232398198412062428', 14, 1, 1002);
INSERT INTO User (account, username, name, sex, age, tel, type) VALUES ('363869197002266304', '於帆夫', '於帆夫', false, '50', '17688084771', 0);
INSERT INTO Resident (account, building, unit, room) VALUES ('363869197002266304', 72, 3, 705);
INSERT INTO User (account, username, name, sex, age, tel, type) VALUES ('533184195704053127', '陈泽樱', '陈泽樱', true, '63', '13129989100', 0);
INSERT INTO Resident (account, building, unit, room) VALUES ('533184195704053127', 12, 8, 2704);
INSERT INTO User (account, username, name, sex, age, tel, type) VALUES ('231277198812174332', '楚淘正', '楚淘正', true, '32', '19025269975', 0);
INSERT INTO Resident (account, building, unit, room) VALUES ('231277198812174332', 74, 10, 2202);
INSERT INTO User (account, username, name, sex, age, tel, type) VALUES ('122323194201126297', '戚令樱', '戚令樱', true, '78', '15695508212', 0);
INSERT INTO Resident (account, building, unit, room) VALUES ('122323194201126297', 35, 8, 2806);
INSERT INTO User (account, username, name, sex, age, tel, type) VALUES ('421574201007132835', '郭洁炜', '郭洁炜', true, '10', '17570070560', 0);
INSERT INTO Resident (account, building, unit, room) VALUES ('421574201007132835', 35, 6, 605);
INSERT INTO User (account, username, name, sex, age, tel, type) VALUES ('223571194909093696', '葛奇炎', '葛奇炎', true, '71', '13719308771', 0);
INSERT INTO Resident (account, building, unit, room) VALUES ('223571194909093696', 91, 3, 204);
INSERT INTO User (account, username, name, sex, age, tel, type) VALUES ('530718200009281953', '杨锐宜', '杨锐宜', true, '20', '13073044746', 0);
INSERT INTO Resident (account, building, unit, room) VALUES ('530718200009281953', 10, 5, 2502);
INSERT INTO User (account, username, name, sex, age, tel, type) VALUES ('652870193211163218', '仲民', '仲民', true, '88', '18909371596', 0);
INSERT INTO Resident (account, building, unit, room) VALUES ('652870193211163218', 37, 9, 2001);
INSERT INTO User (account, username, name, sex, age, tel, type) VALUES ('610699197504139871', '钟泽', '钟泽', false, '45', '19710522494', 0);
INSERT INTO Resident (account, building, unit, room) VALUES ('610699197504139871', 63, 8, 1006);
INSERT INTO User (account, username, name, sex, age, tel, type) VALUES ('621810193211211685', '毛桐', '毛桐', false, '88', '19538678114', 0);
INSERT INTO Resident (account, building, unit, room) VALUES ('621810193211211685', 56, 7, 603);
INSERT INTO User (account, username, name, sex, age, tel, type) VALUES ('223415200106207158', '靳云铭', '靳云铭', false, '19', '19606833918', 0);
INSERT INTO Resident (account, building, unit, room) VALUES ('223415200106207158', 39, 5, 2803);
INSERT INTO User (account, username, name, sex, age, tel, type) VALUES ('131358199702059368', '邵圆凡', '邵圆凡', false, '23', '14770164649', 0);
INSERT INTO Resident (account, building, unit, room) VALUES ('131358199702059368', 51, 10, 903);
INSERT INTO User (account, username, name, sex, age, tel, type) VALUES ('522507198102042204', '毛铭', '毛铭', false, '39', '17284796882', 0);
INSERT INTO Resident (account, building, unit, room) VALUES ('522507198102042204', 16, 4, 1101);
INSERT INTO User (account, username, name, sex, age, tel, type) VALUES ('234338192605121781', '刘灯灯', '刘灯灯', false, '94', '13568572437', 0);
INSERT INTO Resident (account, building, unit, room) VALUES ('234338192605121781', 8, 10, 1206);
INSERT INTO User (account, username, name, sex, age, tel, type) VALUES ('464972194308258256', '欧哲', '欧哲', true, '77', '18501175722', 0);
INSERT INTO Resident (account, building, unit, room) VALUES ('464972194308258256', 39, 3, 901);
INSERT INTO User (account, username, name, sex, age, tel, type) VALUES ('411117200005240899', '余一佳', '余一佳', true, '20', '15576580903', 0);
INSERT INTO Resident (account, building, unit, room) VALUES ('411117200005240899', 81, 7, 906);
INSERT INTO User (account, username, name, sex, age, tel, type) VALUES ('825013196007275197', '戚朋', '戚朋', false, '60', '15057944402', 0);
INSERT INTO Resident (account, building, unit, room) VALUES ('825013196007275197', 25, 4, 1105);
INSERT INTO User (account, username, name, sex, age, tel, type) VALUES ('323927194609302885', '仲云', '仲云', false, '74', '18732859176', 0);
INSERT INTO Resident (account, building, unit, room) VALUES ('323927194609302885', 64, 10, 1301);
INSERT INTO User (account, username, name, sex, age, tel, type) VALUES ('33447719530904546X', '严豪天', '严豪天', true, '67', '18546019020', 0);
INSERT INTO Resident (account, building, unit, room) VALUES ('33447719530904546X', 42, 8, 2801);
INSERT INTO User (account, username, name, sex, age, tel, type) VALUES ('462740198001064050', '杜炎兰', '杜炎兰', true, '40', '13539024833', 0);
INSERT INTO Resident (account, building, unit, room) VALUES ('462740198001064050', 6, 1, 301);
INSERT INTO User (account, username, name, sex, age, tel, type) VALUES ('502898195005081897', '颜露', '颜露', true, '70', '18302392606', 0);
INSERT INTO Resident (account, building, unit, room) VALUES ('502898195005081897', 53, 5, 1904);
INSERT INTO User (account, username, name, sex, age, tel, type) VALUES ('142340201305044586', '曲千亚', '曲千亚', false, '7', '19992365544', 0);
INSERT INTO Resident (account, building, unit, room) VALUES ('142340201305044586', 46, 1, 2002);
INSERT INTO User (account, username, name, sex, age, tel, type) VALUES ('532351193203205055', '尹冠振', '尹冠振', false, '88', '15060325310', 0);
INSERT INTO Resident (account, building, unit, room) VALUES ('532351193203205055', 54, 9, 304);
INSERT INTO User (account, username, name, sex, age, tel, type) VALUES ('410732199407188889', '许迅', '许迅', true, '26', '18154793041', 0);
INSERT INTO Resident (account, building, unit, room) VALUES ('410732199407188889', 56, 8, 2802);
INSERT INTO User (account, username, name, sex, age, tel, type) VALUES ('143567192409105397', '麦樱言', '麦樱言', false, '96', '18411394222', 0);
INSERT INTO Resident (account, building, unit, room) VALUES ('143567192409105397', 19, 9, 301);
INSERT INTO User (account, username, name, sex, age, tel, type) VALUES ('134522200601021482', '姚瀚帆', '姚瀚帆', false, '14', '17560752103', 0);
INSERT INTO Resident (account, building, unit, room) VALUES ('134522200601021482', 63, 10, 905);
INSERT INTO User (account, username, name, sex, age, tel, type) VALUES ('461737197404269044', '燕昕雨', '燕昕雨', true, '46', '18901813489', 0);
INSERT INTO Resident (account, building, unit, room) VALUES ('461737197404269044', 37, 6, 2706);
INSERT INTO User (account, username, name, sex, age, tel, type) VALUES ('464143197607063383', '臧琦云', '臧琦云', true, '44', '19019395971', 0);
INSERT INTO Resident (account, building, unit, room) VALUES ('464143197607063383', 4, 2, 706);
INSERT INTO User (account, username, name, sex, age, tel, type) VALUES ('433920192805068149', '黄颖子', '黄颖子', true, '92', '16680649747', 0);
INSERT INTO Resident (account, building, unit, room) VALUES ('433920192805068149', 58, 2, 2805);
INSERT INTO User (account, username, name, sex, age, tel, type) VALUES ('650950193403043158', '戚嘉', '戚嘉', true, '86', '19272624270', 0);
INSERT INTO Resident (account, building, unit, room) VALUES ('650950193403043158', 23, 2, 1403);
INSERT INTO User (account, username, name, sex, age, tel, type) VALUES ('531992201005031241', '齐子广', '齐子广', false, '10', '15857533545', 0);
INSERT INTO Resident (account, building, unit, room) VALUES ('531992201005031241', 15, 7, 2605);
INSERT INTO User (account, username, name, sex, age, tel, type) VALUES ('363957198007296796', '仲毅新', '仲毅新', false, '40', '13064975502', 0);
INSERT INTO Resident (account, building, unit, room) VALUES ('363957198007296796', 32, 9, 1402);
INSERT INTO User (account, username, name, sex, age, tel, type) VALUES ('423141198301104989', '郭诺樱', '郭诺樱', false, '37', '13005390772', 0);
INSERT INTO Resident (account, building, unit, room) VALUES ('423141198301104989', 41, 1, 1303);
INSERT INTO User (account, username, name, sex, age, tel, type) VALUES ('441065200812296490', '刘言力', '刘言力', true, '12', '15723516603', 0);
INSERT INTO Resident (account, building, unit, room) VALUES ('441065200812296490', 88, 4, 601);
INSERT INTO User (account, username, name, sex, age, tel, type) VALUES ('823645192511017358', '燕亚', '燕亚', true, '95', '18006736822', 0);
INSERT INTO Resident (account, building, unit, room) VALUES ('823645192511017358', 42, 10, 2603);
INSERT INTO User (account, username, name, sex, age, tel, type) VALUES ('150234194909158655', '路宇亚', '路宇亚', true, '71', '18966161987', 0);
INSERT INTO Resident (account, building, unit, room) VALUES ('150234194909158655', 16, 8, 502);
INSERT INTO User (account, username, name, sex, age, tel, type) VALUES ('443129200305051892', '符建广', '符建广', true, '17', '15511143162', 0);
INSERT INTO Resident (account, building, unit, room) VALUES ('443129200305051892', 61, 10, 305);
INSERT INTO User (account, username, name, sex, age, tel, type) VALUES ('220898192608166811', '符雯', '符雯', true, '94', '15668116103', 0);
INSERT INTO Resident (account, building, unit, room) VALUES ('220898192608166811', 53, 9, 503);
INSERT INTO User (account, username, name, sex, age, tel, type) VALUES ('821048200608090632', '陈宇', '陈宇', true, '14', '18952270381', 0);
INSERT INTO Resident (account, building, unit, room) VALUES ('821048200608090632', 10, 8, 403);
INSERT INTO User (account, username, name, sex, age, tel, type) VALUES ('374958194110085519', '刘薪', '刘薪', false, '79', '19861499079', 0);
INSERT INTO Resident (account, building, unit, room) VALUES ('374958194110085519', 72, 5, 1705);
INSERT INTO User (account, username, name, sex, age, tel, type) VALUES ('412336199903236283', '陆琦兰', '陆琦兰', false, '21', '16653857418', 0);
INSERT INTO Resident (account, building, unit, room) VALUES ('412336199903236283', 79, 2, 2704);
INSERT INTO User (account, username, name, sex, age, tel, type) VALUES ('221790198707010847', '武子建', '武子建', false, '33', '19670919307', 0);
INSERT INTO Resident (account, building, unit, room) VALUES ('221790198707010847', 36, 6, 1501);
INSERT INTO User (account, username, name, sex, age, tel, type) VALUES ('334694196612180066', '侯毅阳', '侯毅阳', false, '54', '18242529505', 0);
INSERT INTO Resident (account, building, unit, room) VALUES ('334694196612180066', 58, 8, 1406);
INSERT INTO User (account, username, name, sex, age, tel, type) VALUES ('153469200011164225', '钟樱阳', '钟樱阳', false, '20', '19910138400', 0);
INSERT INTO Resident (account, building, unit, room) VALUES ('153469200011164225', 54, 5, 2202);
INSERT INTO User (account, username, name, sex, age, tel, type) VALUES ('352060192512018500', '部倨赛', '部倨赛', true, '95', '19252446748', 0);
INSERT INTO Resident (account, building, unit, room) VALUES ('352060192512018500', 89, 3, 1302);
INSERT INTO User (account, username, name, sex, age, tel, type) VALUES ('543826196602181339', '麦正', '麦正', true, '54', '13112014767', 0);
INSERT INTO Resident (account, building, unit, room) VALUES ('543826196602181339', 27, 8, 2601);
INSERT INTO User (account, username, name, sex, age, tel, type) VALUES ('124893197002049167', '任源晓', '任源晓', false, '50', '15207920826', 0);
INSERT INTO Resident (account, building, unit, room) VALUES ('124893197002049167', 97, 3, 2101);
INSERT INTO User (account, username, name, sex, age, tel, type) VALUES ('462446198707078793', '杜炜煜', '杜炜煜', true, '33', '14729718798', 0);
INSERT INTO Resident (account, building, unit, room) VALUES ('462446198707078793', 64, 9, 1803);
INSERT INTO User (account, username, name, sex, age, tel, type) VALUES ('321098199812266050', '季英', '季英', true, '22', '13383223018', 0);
INSERT INTO Resident (account, building, unit, room) VALUES ('321098199812266050', 23, 1, 2903);
INSERT INTO User (account, username, name, sex, age, tel, type) VALUES ('324672198412126341', '武天淘', '武天淘', false, '36', '13623856178', 0);
INSERT INTO Resident (account, building, unit, room) VALUES ('324672198412126341', 80, 7, 2802);
INSERT INTO User (account, username, name, sex, age, tel, type) VALUES ('823221197607018978', '夏锐', '夏锐', true, '44', '18054133213', 0);
INSERT INTO Resident (account, building, unit, room) VALUES ('823221197607018978', 23, 5, 2101);
INSERT INTO User (account, username, name, sex, age, tel, type) VALUES ('353465201312264118', '仲旭霄', '仲旭霄', true, '7', '19840716493', 0);
INSERT INTO Resident (account, building, unit, room) VALUES ('353465201312264118', 48, 10, 2101);
INSERT INTO User (account, username, name, sex, age, tel, type) VALUES ('311459196806282631', '代翔炎', '代翔炎', false, '52', '15178779132', 0);
INSERT INTO Resident (account, building, unit, room) VALUES ('311459196806282631', 65, 6, 504);
INSERT INTO User (account, username, name, sex, age, tel, type) VALUES ('463010194411128893', '尚飞诺', '尚飞诺', true, '76', '18353753803', 0);
INSERT INTO Resident (account, building, unit, room) VALUES ('463010194411128893', 74, 1, 1603);
INSERT INTO User (account, username, name, sex, age, tel, type) VALUES ('521553196110035908', '吉千霄', '吉千霄', true, '59', '15125551105', 0);
INSERT INTO Resident (account, building, unit, room) VALUES ('521553196110035908', 30, 3, 1403);
INSERT INTO User (account, username, name, sex, age, tel, type) VALUES ('114821195010200682', '杨腾杰', '杨腾杰', false, '70', '14504567950', 0);
INSERT INTO Resident (account, building, unit, room) VALUES ('114821195010200682', 86, 9, 705);
INSERT INTO User (account, username, name, sex, age, tel, type) VALUES ('611847195301265343', '邱锐', '邱锐', false, '67', '19635641494', 0);
INSERT INTO Resident (account, building, unit, room) VALUES ('611847195301265343', 72, 6, 505);
INSERT INTO User (account, username, name, sex, age, tel, type) VALUES ('212027194204160997', '许萌', '许萌', true, '78', '14995920527', 0);
INSERT INTO Resident (account, building, unit, room) VALUES ('212027194204160997', 92, 4, 1203);
INSERT INTO User (account, username, name, sex, age, tel, type) VALUES ('411736195601087982', '楚佳凡', '楚佳凡', true, '64', '14503013295', 0);
INSERT INTO Resident (account, building, unit, room) VALUES ('411736195601087982', 22, 9, 1904);
INSERT INTO User (account, username, name, sex, age, tel, type) VALUES ('531112198012017821', '田有腾', '田有腾', false, '40', '14919571341', 0);
INSERT INTO Resident (account, building, unit, room) VALUES ('531112198012017821', 35, 8, 2601);
INSERT INTO User (account, username, name, sex, age, tel, type) VALUES ('344608193808314640', '商本辰', '商本辰', true, '82', '15265099637', 0);
INSERT INTO Resident (account, building, unit, room) VALUES ('344608193808314640', 73, 5, 2801);
INSERT INTO User (account, username, name, sex, age, tel, type) VALUES ('642021201210167255', '吴豪', '吴豪', true, '8', '15914419752', 0);
INSERT INTO Resident (account, building, unit, room) VALUES ('642021201210167255', 99, 3, 1103);
INSERT INTO User (account, username, name, sex, age, tel, type) VALUES ('824196200206050668', '任正', '任正', true, '18', '18485864254', 0);
INSERT INTO Resident (account, building, unit, room) VALUES ('824196200206050668', 14, 3, 2403);
INSERT INTO User (account, username, name, sex, age, tel, type) VALUES ('424762200705176246', '安煜', '安煜', true, '13', '15988513141', 0);
INSERT INTO Resident (account, building, unit, room) VALUES ('424762200705176246', 94, 7, 2605);
INSERT INTO User (account, username, name, sex, age, tel, type) VALUES ('524905200202126431', '曲菲萱', '曲菲萱', false, '18', '15108896292', 0);
INSERT INTO Resident (account, building, unit, room) VALUES ('524905200202126431', 81, 2, 701);
INSERT INTO User (account, username, name, sex, age, tel, type) VALUES ('512858197806042436', '戚兮薪', '戚兮薪', false, '42', '16667316527', 0);
INSERT INTO Resident (account, building, unit, room) VALUES ('512858197806042436', 98, 7, 2501);
INSERT INTO User (account, username, name, sex, age, tel, type) VALUES ('151858200301258619', '钱炜佳', '钱炜佳', true, '17', '15569161487', 0);
INSERT INTO Resident (account, building, unit, room) VALUES ('151858200301258619', 9, 10, 1305);
INSERT INTO User (account, username, name, sex, age, tel, type) VALUES ('14239919500917280X', '肖淘', '肖淘', false, '70', '18168783818', 0);
INSERT INTO Resident (account, building, unit, room) VALUES ('14239919500917280X', 17, 9, 2301);
INSERT INTO User (account, username, name, sex, age, tel, type) VALUES ('612124200006181116', '商泽建', '商泽建', false, '20', '13683209015', 0);
INSERT INTO Resident (account, building, unit, room) VALUES ('612124200006181116', 30, 10, 201);
INSERT INTO User (account, username, name, sex, age, tel, type) VALUES ('622095199907205372', '部雅诺', '部雅诺', true, '21', '17369815085', 0);
INSERT INTO Resident (account, building, unit, room) VALUES ('622095199907205372', 8, 9, 802);
INSERT INTO User (account, username, name, sex, age, tel, type) VALUES ('152121195603165648', '周有', '周有', true, '64', '19936476109', 0);
INSERT INTO Resident (account, building, unit, room) VALUES ('152121195603165648', 59, 2, 2406);
INSERT INTO User (account, username, name, sex, age, tel, type) VALUES ('82179819670322647X', '张晓立', '张晓立', false, '53', '15100988387', 0);
INSERT INTO Resident (account, building, unit, room) VALUES ('82179819670322647X', 71, 10, 1301);
INSERT INTO User (account, username, name, sex, age, tel, type) VALUES ('414560195302075429', '武霖', '武霖', false, '67', '19231555112', 0);
INSERT INTO Resident (account, building, unit, room) VALUES ('414560195302075429', 93, 8, 1104);
INSERT INTO User (account, username, name, sex, age, tel, type) VALUES ('504352197511134800', '冯哲', '冯哲', true, '45', '15547133789', 0);
INSERT INTO Resident (account, building, unit, room) VALUES ('504352197511134800', 14, 6, 1504);
INSERT INTO User (account, username, name, sex, age, tel, type) VALUES ('714770196202260595', '边帆凡', '边帆凡', true, '58', '19586751002', 0);
INSERT INTO Resident (account, building, unit, room) VALUES ('714770196202260595', 57, 10, 1103);
INSERT INTO User (account, username, name, sex, age, tel, type) VALUES ('152828196407253823', '金轩言', '金轩言', false, '56', '17612897106', 0);
INSERT INTO Resident (account, building, unit, room) VALUES ('152828196407253823', 70, 4, 2202);
INSERT INTO User (account, username, name, sex, age, tel, type) VALUES ('152125195510239900', '山子', '山子', false, '65', '17589816805', 0);
INSERT INTO Resident (account, building, unit, room) VALUES ('152125195510239900', 4, 8, 2405);
INSERT INTO User (account, username, name, sex, age, tel, type) VALUES ('352385193611045735', '百里桐睿', '百里桐睿', false, '84', '17377930600', 0);
INSERT INTO Resident (account, building, unit, room) VALUES ('352385193611045735', 68, 1, 1301);
INSERT INTO User (account, username, name, sex, age, tel, type) VALUES ('430509193902278295', '靳旭萱', '靳旭萱', true, '81', '19017991564', 0);
INSERT INTO Resident (account, building, unit, room) VALUES ('430509193902278295', 1, 2, 2102);
INSERT INTO User (account, username, name, sex, age, tel, type) VALUES ('642818193903264592', '尚圆萌', '尚圆萌', true, '81', '15740448723', 0);
INSERT INTO Resident (account, building, unit, room) VALUES ('642818193903264592', 52, 10, 1602);
INSERT INTO User (account, username, name, sex, age, tel, type) VALUES ('312982195908101832', '戚毅圆', '戚毅圆', false, '61', '19667514059', 0);
INSERT INTO Resident (account, building, unit, room) VALUES ('312982195908101832', 19, 9, 2204);
INSERT INTO User (account, username, name, sex, age, tel, type) VALUES ('360363197101101480', '杨嘉杰', '杨嘉杰', false, '49', '19898208405', 0);
INSERT INTO Resident (account, building, unit, room) VALUES ('360363197101101480', 72, 1, 406);
INSERT INTO User (account, username, name, sex, age, tel, type) VALUES ('111990193405209749', '江云佳', '江云佳', true, '86', '16667441520', 0);
INSERT INTO Resident (account, building, unit, room) VALUES ('111990193405209749', 10, 2, 603);
INSERT INTO User (account, username, name, sex, age, tel, type) VALUES ('533967195907140364', '燕毅民', '燕毅民', false, '61', '15054530144', 0);
INSERT INTO Resident (account, building, unit, room) VALUES ('533967195907140364', 73, 8, 2202);
INSERT INTO User (account, username, name, sex, age, tel, type) VALUES ('520599193703145127', '路敏毅', '路敏毅', true, '83', '18506654185', 0);
INSERT INTO Resident (account, building, unit, room) VALUES ('520599193703145127', 19, 3, 1401);
INSERT INTO User (account, username, name, sex, age, tel, type) VALUES ('371750199508241924', '杨佳', '杨佳', true, '25', '18810293270', 0);
INSERT INTO Resident (account, building, unit, room) VALUES ('371750199508241924', 99, 5, 2005);
INSERT INTO User (account, username, name, sex, age, tel, type) VALUES ('653608200011288559', '商迅琦', '商迅琦', false, '20', '19906160566', 0);
INSERT INTO Resident (account, building, unit, room) VALUES ('653608200011288559', 71, 6, 1404);
INSERT INTO User (account, username, name, sex, age, tel, type) VALUES ('533869197907233198', '齐飞桐', '齐飞桐', true, '41', '19567745957', 0);
INSERT INTO Resident (account, building, unit, room) VALUES ('533869197907233198', 6, 5, 205);
INSERT INTO User (account, username, name, sex, age, tel, type) VALUES ('44118919730403065X', '於樱炎', '於樱炎', false, '47', '18124986950', 0);
INSERT INTO Resident (account, building, unit, room) VALUES ('44118919730403065X', 41, 7, 2303);
INSERT INTO User (account, username, name, sex, age, tel, type) VALUES ('54354719860703666X', '郭千', '郭千', false, '34', '19142411877', 0);
INSERT INTO Resident (account, building, unit, room) VALUES ('54354719860703666X', 2, 7, 1503);
INSERT INTO User (account, username, name, sex, age, tel, type) VALUES ('463793201202196440', '崔轩振', '崔轩振', false, '8', '17359140149', 1);
INSERT INTO Committee (account, in_date, is_admin) VALUES ('463793201202196440', '20300507', false);
INSERT INTO User (account, username, name, sex, age, tel, type) VALUES ('530192193908073598', '齐航', '齐航', false, '81', '19210480300', 0);
INSERT INTO Resident (account, building, unit, room) VALUES ('530192193908073598', 93, 4, 2403);
INSERT INTO User (account, username, name, sex, age, tel, type) VALUES ('224943200303202033', '田毅兮', '田毅兮', false, '17', '13376894690', 0);
INSERT INTO Resident (account, building, unit, room) VALUES ('224943200303202033', 37, 5, 803);
INSERT INTO User (account, username, name, sex, age, tel, type) VALUES ('310363196106211352', '隽菲', '隽菲', true, '59', '14558552934', 0);
INSERT INTO Resident (account, building, unit, room) VALUES ('310363196106211352', 84, 3, 505);
INSERT INTO User (account, username, name, sex, age, tel, type) VALUES ('715075196101267998', '文奇柏', '文奇柏', true, '59', '17593477290', 0);
INSERT INTO Resident (account, building, unit, room) VALUES ('715075196101267998', 84, 5, 902);
INSERT INTO User (account, username, name, sex, age, tel, type) VALUES ('350903198707109614', '许晓中', '许晓中', false, '33', '17239977488', 0);
INSERT INTO Resident (account, building, unit, room) VALUES ('350903198707109614', 81, 3, 2206);
INSERT INTO User (account, username, name, sex, age, tel, type) VALUES ('540159197504048183', '胡炜泽', '胡炜泽', true, '45', '13835832406', 0);
INSERT INTO Resident (account, building, unit, room) VALUES ('540159197504048183', 29, 6, 2605);
INSERT INTO User (account, username, name, sex, age, tel, type) VALUES ('423529197501104511', '田兮立', '田兮立', true, '45', '18503298785', 0);
INSERT INTO Resident (account, building, unit, room) VALUES ('423529197501104511', 35, 8, 501);
INSERT INTO User (account, username, name, sex, age, tel, type) VALUES ('343453201411020972', '司马民', '司马民', true, '6', '18272801029', 0);
INSERT INTO Resident (account, building, unit, room) VALUES ('343453201411020972', 44, 10, 505);
INSERT INTO User (account, username, name, sex, age, tel, type) VALUES ('52084719570126619X', '吴丹静', '吴丹静', false, '63', '17228469364', 0);
INSERT INTO Resident (account, building, unit, room) VALUES ('52084719570126619X', 22, 6, 601);
INSERT INTO User (account, username, name, sex, age, tel, type) VALUES ('320649198805237217', '盛炜', '盛炜', true, '32', '19267697971', 0);
INSERT INTO Resident (account, building, unit, room) VALUES ('320649198805237217', 94, 5, 2902);
INSERT INTO User (account, username, name, sex, age, tel, type) VALUES ('153836201007114218', '戚琦腾', '戚琦腾', false, '10', '18443580974', 0);
INSERT INTO Resident (account, building, unit, room) VALUES ('153836201007114218', 92, 4, 803);
INSERT INTO User (account, username, name, sex, age, tel, type) VALUES ('422415197012201597', '巩力', '巩力', false, '50', '15253130027', 1);
INSERT INTO Committee (account, in_date, is_admin) VALUES ('422415197012201597', '20000217', false);
INSERT INTO User (account, username, name, sex, age, tel, type) VALUES ('353528197909073547', '路思倨', '路思倨', false, '41', '19599523694', 0);
INSERT INTO Resident (account, building, unit, room) VALUES ('353528197909073547', 58, 3, 1401);
INSERT INTO User (account, username, name, sex, age, tel, type) VALUES ('360346196612226673', '任英振', '任英振', true, '54', '13718070678', 0);
INSERT INTO Resident (account, building, unit, room) VALUES ('360346196612226673', 25, 5, 1701);
INSERT INTO User (account, username, name, sex, age, tel, type) VALUES ('421640198008108406', '钟诺家', '钟诺家', true, '40', '18979187269', 0);
INSERT INTO Resident (account, building, unit, room) VALUES ('421640198008108406', 70, 3, 703);
INSERT INTO User (account, username, name, sex, age, tel, type) VALUES ('503321200305256108', '钟天正', '钟天正', true, '17', '19791726404', 0);
INSERT INTO Resident (account, building, unit, room) VALUES ('503321200305256108', 83, 1, 2602);
INSERT INTO User (account, username, name, sex, age, tel, type) VALUES ('423233196910217034', '边露', '边露', false, '51', '19819039132', 0);
INSERT INTO Resident (account, building, unit, room) VALUES ('423233196910217034', 54, 2, 1303);
INSERT INTO User (account, username, name, sex, age, tel, type) VALUES ('714472195709259587', '付旭佳', '付旭佳', true, '63', '13867303310', 0);
INSERT INTO Resident (account, building, unit, room) VALUES ('714472195709259587', 24, 3, 1202);
INSERT INTO User (account, username, name, sex, age, tel, type) VALUES ('460611199804239880', '臧民', '臧民', false, '22', '13023351963', 0);
INSERT INTO Resident (account, building, unit, room) VALUES ('460611199804239880', 38, 8, 703);
INSERT INTO User (account, username, name, sex, age, tel, type) VALUES ('234347196509213950', '孙航', '孙航', false, '55', '18134587131', 0);
INSERT INTO Resident (account, building, unit, room) VALUES ('234347196509213950', 38, 6, 1101);
INSERT INTO User (account, username, name, sex, age, tel, type) VALUES ('223592198804251646', '上官诺', '上官诺', true, '32', '13811943020', 0);
INSERT INTO Resident (account, building, unit, room) VALUES ('223592198804251646', 10, 9, 502);
INSERT INTO User (account, username, name, sex, age, tel, type) VALUES ('152602194412283621', '郭霖本', '郭霖本', false, '76', '15664655369', 0);
INSERT INTO Resident (account, building, unit, room) VALUES ('152602194412283621', 71, 7, 1004);
INSERT INTO User (account, username, name, sex, age, tel, type) VALUES ('323941193807125863', '傅泽霖', '傅泽霖', false, '82', '16642982137', 0);
INSERT INTO Resident (account, building, unit, room) VALUES ('323941193807125863', 81, 8, 1002);
INSERT INTO User (account, username, name, sex, age, tel, type) VALUES ('45300119441124551X', '曲雅', '曲雅', true, '76', '17261221898', 0);
INSERT INTO Resident (account, building, unit, room) VALUES ('45300119441124551X', 85, 5, 1002);
INSERT INTO User (account, username, name, sex, age, tel, type) VALUES ('512723198508060414', '沈晓', '沈晓', true, '35', '16610305435', 0);
INSERT INTO Resident (account, building, unit, room) VALUES ('512723198508060414', 7, 1, 2004);
INSERT INTO User (account, username, name, sex, age, tel, type) VALUES ('622422198009304867', '田中', '田中', false, '40', '19520239751', 0);
INSERT INTO Resident (account, building, unit, room) VALUES ('622422198009304867', 57, 9, 1803);
INSERT INTO User (account, username, name, sex, age, tel, type) VALUES ('314688194301118312', '严洁硕', '严洁硕', false, '77', '15708158053', 0);
INSERT INTO Resident (account, building, unit, room) VALUES ('314688194301118312', 91, 4, 1601);
INSERT INTO User (account, username, name, sex, age, tel, type) VALUES ('534684195705230530', '尚凌', '尚凌', false, '63', '17637890758', 0);
INSERT INTO Resident (account, building, unit, room) VALUES ('534684195705230530', 92, 3, 602);
INSERT INTO User (account, username, name, sex, age, tel, type) VALUES ('811660197705291668', '侯煜亚', '侯煜亚', true, '43', '19515114220', 0);
INSERT INTO Resident (account, building, unit, room) VALUES ('811660197705291668', 18, 3, 701);
INSERT INTO User (account, username, name, sex, age, tel, type) VALUES ('712991200711260378', '付有', '付有', false, '13', '18796566474', 0);
INSERT INTO Resident (account, building, unit, room) VALUES ('712991200711260378', 70, 8, 1205);
INSERT INTO User (account, username, name, sex, age, tel, type) VALUES ('612285197104199839', '刘萌', '刘萌', false, '49', '19929632771', 0);
INSERT INTO Resident (account, building, unit, room) VALUES ('612285197104199839', 41, 3, 2603);
INSERT INTO User (account, username, name, sex, age, tel, type) VALUES ('710195200503126639', '山灯萌', '山灯萌', true, '15', '19341150204', 0);
INSERT INTO Resident (account, building, unit, room) VALUES ('710195200503126639', 12, 5, 2101);
INSERT INTO User (account, username, name, sex, age, tel, type) VALUES ('462229194305197964', '牛翔', '牛翔', true, '77', '13819314476', 0);
INSERT INTO Resident (account, building, unit, room) VALUES ('462229194305197964', 92, 9, 1703);
INSERT INTO User (account, username, name, sex, age, tel, type) VALUES ('232094194105031776', '崔亚', '崔亚', true, '79', '15049945418', 0);
INSERT INTO Resident (account, building, unit, room) VALUES ('232094194105031776', 49, 8, 1101);
INSERT INTO User (account, username, name, sex, age, tel, type) VALUES ('413036198704040652', '葛夫飞', '葛夫飞', true, '33', '19903712917', 0);
INSERT INTO Resident (account, building, unit, room) VALUES ('413036198704040652', 84, 5, 2101);
INSERT INTO User (account, username, name, sex, age, tel, type) VALUES ('543919198209136779', '余帆桐', '余帆桐', true, '38', '17339834840', 0);
INSERT INTO Resident (account, building, unit, room) VALUES ('543919198209136779', 17, 4, 604);
INSERT INTO User (account, username, name, sex, age, tel, type) VALUES ('542764198709177736', '余宇', '余宇', true, '33', '13303890417', 0);
INSERT INTO Resident (account, building, unit, room) VALUES ('542764198709177736', 16, 4, 804);
INSERT INTO User (account, username, name, sex, age, tel, type) VALUES ('822133196401133604', '冯圣', '冯圣', false, '56', '15927338478', 0);
INSERT INTO Resident (account, building, unit, room) VALUES ('822133196401133604', 49, 8, 306);
INSERT INTO User (account, username, name, sex, age, tel, type) VALUES ('632860200309172759', '孙中中', '孙中中', true, '17', '18963819634', 0);
INSERT INTO Resident (account, building, unit, room) VALUES ('632860200309172759', 73, 5, 505);
INSERT INTO User (account, username, name, sex, age, tel, type) VALUES ('112708197604020330', '钱润音', '钱润音', false, '44', '16631026674', 0);
INSERT INTO Resident (account, building, unit, room) VALUES ('112708197604020330', 27, 1, 2202);
INSERT INTO User (account, username, name, sex, age, tel, type) VALUES ('51407319370902445X', '吉冠', '吉冠', false, '83', '18996037406', 0);
INSERT INTO Resident (account, building, unit, room) VALUES ('51407319370902445X', 8, 2, 1802);
INSERT INTO User (account, username, name, sex, age, tel, type) VALUES ('314511193301255719', '颜瀚豪', '颜瀚豪', true, '87', '18935802434', 0);
INSERT INTO Resident (account, building, unit, room) VALUES ('314511193301255719', 81, 2, 1304);
INSERT INTO User (account, username, name, sex, age, tel, type) VALUES ('45192619890510230X', '葛一', '葛一', true, '31', '17363612145', 0);
INSERT INTO Resident (account, building, unit, room) VALUES ('45192619890510230X', 24, 6, 1105);
INSERT INTO User (account, username, name, sex, age, tel, type) VALUES ('643822198305020018', '路振', '路振', false, '37', '17800817482', 0);
INSERT INTO Resident (account, building, unit, room) VALUES ('643822198305020018', 61, 2, 502);
INSERT INTO User (account, username, name, sex, age, tel, type) VALUES ('224950197012308752', '赵豪佳', '赵豪佳', true, '50', '19383660587', 0);
INSERT INTO Resident (account, building, unit, room) VALUES ('224950197012308752', 37, 3, 2201);
INSERT INTO User (account, username, name, sex, age, tel, type) VALUES ('23098520090805050X', '晁盈', '晁盈', false, '11', '15688334709', 0);
INSERT INTO Resident (account, building, unit, room) VALUES ('23098520090805050X', 93, 6, 1004);
INSERT INTO User (account, username, name, sex, age, tel, type) VALUES ('331487200901235054', '戚毅静', '戚毅静', false, '11', '13844393752', 0);
INSERT INTO Resident (account, building, unit, room) VALUES ('331487200901235054', 88, 8, 202);
INSERT INTO User (account, username, name, sex, age, tel, type) VALUES ('133525193701251278', '徐颖', '徐颖', true, '83', '19778530287', 0);
INSERT INTO Resident (account, building, unit, room) VALUES ('133525193701251278', 71, 1, 303);
INSERT INTO User (account, username, name, sex, age, tel, type) VALUES ('513802199602043632', '边舒硕', '边舒硕', true, '24', '13285600146', 0);
INSERT INTO Resident (account, building, unit, room) VALUES ('513802199602043632', 1, 7, 1504);
INSERT INTO User (account, username, name, sex, age, tel, type) VALUES ('460322197906189263', '路轩', '路轩', true, '41', '15556228677', 0);
INSERT INTO Resident (account, building, unit, room) VALUES ('460322197906189263', 41, 10, 405);
INSERT INTO User (account, username, name, sex, age, tel, type) VALUES ('330988199108237013', '钱翔子', '钱翔子', true, '29', '13004726487', 0);
INSERT INTO Resident (account, building, unit, room) VALUES ('330988199108237013', 78, 8, 203);
INSERT INTO User (account, username, name, sex, age, tel, type) VALUES ('63272819410828564X', '尹晓睿', '尹晓睿', true, '79', '18357195477', 0);
INSERT INTO Resident (account, building, unit, room) VALUES ('63272819410828564X', 52, 8, 2802);
INSERT INTO User (account, username, name, sex, age, tel, type) VALUES ('813179195406159269', '麦嘉', '麦嘉', true, '66', '15046951101', 0);
INSERT INTO Resident (account, building, unit, room) VALUES ('813179195406159269', 75, 8, 804);
INSERT INTO User (account, username, name, sex, age, tel, type) VALUES ('65136520000707702X', '崔翔', '崔翔', false, '20', '19174584424', 0);
INSERT INTO Resident (account, building, unit, room) VALUES ('65136520000707702X', 56, 3, 1806);
INSERT INTO User (account, username, name, sex, age, tel, type) VALUES ('374145194002099674', '宫朋', '宫朋', true, '80', '18462128240', 0);
INSERT INTO Resident (account, building, unit, room) VALUES ('374145194002099674', 80, 8, 2002);
INSERT INTO User (account, username, name, sex, age, tel, type) VALUES ('453398193003041830', '付千', '付千', false, '90', '18964312601', 0);
INSERT INTO Resident (account, building, unit, room) VALUES ('453398193003041830', 3, 6, 2501);
INSERT INTO User (account, username, name, sex, age, tel, type) VALUES ('51483119391201048X', '牛柏宇', '牛柏宇', false, '81', '13276838206', 0);
INSERT INTO Resident (account, building, unit, room) VALUES ('51483119391201048X', 71, 3, 202);
INSERT INTO User (account, username, name, sex, age, tel, type) VALUES ('532969199102205790', '毕天牧', '毕天牧', true, '29', '17832780631', 0);
INSERT INTO Resident (account, building, unit, room) VALUES ('532969199102205790', 81, 5, 2806);
INSERT INTO User (account, username, name, sex, age, tel, type) VALUES ('14409119631208284X', '邱颖', '邱颖', true, '57', '15714363186', 0);
INSERT INTO Resident (account, building, unit, room) VALUES ('14409119631208284X', 77, 7, 2504);
INSERT INTO User (account, username, name, sex, age, tel, type) VALUES ('514337197403298769', '钟嘉奕', '钟嘉奕', true, '46', '19627037729', 0);
INSERT INTO Resident (account, building, unit, room) VALUES ('514337197403298769', 19, 4, 305);
INSERT INTO User (account, username, name, sex, age, tel, type) VALUES ('612947198705165617', '於夫', '於夫', true, '33', '17891394671', 0);
INSERT INTO Resident (account, building, unit, room) VALUES ('612947198705165617', 58, 9, 404);
INSERT INTO User (account, username, name, sex, age, tel, type) VALUES ('124458194611279112', '耿奕圣', '耿奕圣', true, '74', '18225925692', 0);
INSERT INTO Resident (account, building, unit, room) VALUES ('124458194611279112', 45, 7, 2902);
INSERT INTO User (account, username, name, sex, age, tel, type) VALUES ('823452198203204155', '崔睿', '崔睿', false, '38', '19335667601', 0);
INSERT INTO Resident (account, building, unit, room) VALUES ('823452198203204155', 70, 9, 605);
INSERT INTO User (account, username, name, sex, age, tel, type) VALUES ('124003197111168543', '曲畅令', '曲畅令', true, '49', '17670255594', 0);
INSERT INTO Resident (account, building, unit, room) VALUES ('124003197111168543', 67, 2, 1001);
INSERT INTO User (account, username, name, sex, age, tel, type) VALUES ('420459193603251058', '黄硕', '黄硕', false, '84', '18139784862', 0);
INSERT INTO Resident (account, building, unit, room) VALUES ('420459193603251058', 34, 4, 1503);
INSERT INTO User (account, username, name, sex, age, tel, type) VALUES ('643773201108235178', '高嘉千', '高嘉千', false, '9', '13486426653', 0);
INSERT INTO Resident (account, building, unit, room) VALUES ('643773201108235178', 64, 1, 2706);
INSERT INTO User (account, username, name, sex, age, tel, type) VALUES ('631364199710285125', '邵兰', '邵兰', true, '23', '17341076163', 0);
INSERT INTO Resident (account, building, unit, room) VALUES ('631364199710285125', 60, 6, 1701);
INSERT INTO User (account, username, name, sex, age, tel, type) VALUES ('344933194712313364', '龚炎豪', '龚炎豪', false, '73', '13636594895', 0);
INSERT INTO Resident (account, building, unit, room) VALUES ('344933194712313364', 6, 1, 702);
INSERT INTO User (account, username, name, sex, age, tel, type) VALUES ('151410196101093763', '商依龙', '商依龙', false, '59', '19577375604', 0);
INSERT INTO Resident (account, building, unit, room) VALUES ('151410196101093763', 81, 8, 1806);
INSERT INTO User (account, username, name, sex, age, tel, type) VALUES ('541082195511010637', '董依', '董依', true, '65', '15947725447', 0);
INSERT INTO Resident (account, building, unit, room) VALUES ('541082195511010637', 66, 7, 501);
INSERT INTO User (account, username, name, sex, age, tel, type) VALUES ('823937198604187194', '崔有灯', '崔有灯', true, '34', '19658451201', 0);
INSERT INTO Resident (account, building, unit, room) VALUES ('823937198604187194', 94, 8, 1405);
INSERT INTO User (account, username, name, sex, age, tel, type) VALUES ('311016199307210742', '武雯', '武雯', false, '27', '18083704967', 0);
INSERT INTO Resident (account, building, unit, room) VALUES ('311016199307210742', 7, 1, 1402);
INSERT INTO User (account, username, name, sex, age, tel, type) VALUES ('321554197109280129', '付萱振', '付萱振', false, '49', '13216156619', 0);
INSERT INTO Resident (account, building, unit, room) VALUES ('321554197109280129', 1, 1, 1004);
INSERT INTO User (account, username, name, sex, age, tel, type) VALUES ('323396198911245158', '戚淘薪', '戚淘薪', true, '31', '18475429798', 0);
INSERT INTO Resident (account, building, unit, room) VALUES ('323396198911245158', 42, 8, 2004);
INSERT INTO User (account, username, name, sex, age, tel, type) VALUES ('363139200404171466', '王萌飞', '王萌飞', false, '16', '18842413412', 0);
INSERT INTO Resident (account, building, unit, room) VALUES ('363139200404171466', 32, 2, 906);
INSERT INTO User (account, username, name, sex, age, tel, type) VALUES ('222987195612070405', '陆硕炎', '陆硕炎', false, '64', '15012264608', 0);
INSERT INTO Resident (account, building, unit, room) VALUES ('222987195612070405', 94, 7, 2203);
INSERT INTO User (account, username, name, sex, age, tel, type) VALUES ('650145193111149421', '臧薪有', '臧薪有', true, '89', '13278350284', 0);
INSERT INTO Resident (account, building, unit, room) VALUES ('650145193111149421', 14, 1, 2704);
INSERT INTO User (account, username, name, sex, age, tel, type) VALUES ('430216198804240084', '巩新杰', '巩新杰', true, '32', '19750866905', 0);
INSERT INTO Resident (account, building, unit, room) VALUES ('430216198804240084', 51, 7, 1605);
INSERT INTO User (account, username, name, sex, age, tel, type) VALUES ('460439198903299579', '边英', '边英', true, '31', '19792429089', 0);
INSERT INTO Resident (account, building, unit, room) VALUES ('460439198903299579', 24, 6, 406);
INSERT INTO User (account, username, name, sex, age, tel, type) VALUES ('714458196912234561', '曹言', '曹言', true, '51', '15581926569', 1);
INSERT INTO Committee (account, in_date, is_admin) VALUES ('714458196912234561', '19961206', false);
INSERT INTO User (account, username, name, sex, age, tel, type) VALUES ('653820193202180029', '常腾洁', '常腾洁', false, '88', '17676905538', 0);
INSERT INTO Resident (account, building, unit, room) VALUES ('653820193202180029', 78, 10, 2106);
INSERT INTO User (account, username, name, sex, age, tel, type) VALUES ('410430200103185499', '殷倨', '殷倨', true, '19', '16661337301', 0);
INSERT INTO Resident (account, building, unit, room) VALUES ('410430200103185499', 38, 7, 1804);
INSERT INTO User (account, username, name, sex, age, tel, type) VALUES ('811465196704219067', '刘建', '刘建', true, '53', '18076750882', 0);
INSERT INTO Resident (account, building, unit, room) VALUES ('811465196704219067', 78, 9, 2403);
INSERT INTO User (account, username, name, sex, age, tel, type) VALUES ('813976193512206804', '肖毅', '肖毅', false, '85', '16672010624', 0);
INSERT INTO Resident (account, building, unit, room) VALUES ('813976193512206804', 44, 2, 2901);
INSERT INTO User (account, username, name, sex, age, tel, type) VALUES ('651284194706079488', '部润圣', '部润圣', false, '73', '13439086641', 0);
INSERT INTO Resident (account, building, unit, room) VALUES ('651284194706079488', 12, 9, 2606);
INSERT INTO User (account, username, name, sex, age, tel, type) VALUES ('634066195803075535', '寻旭', '寻旭', false, '62', '13794282195', 0);
INSERT INTO Resident (account, building, unit, room) VALUES ('634066195803075535', 52, 4, 1206);
INSERT INTO User (account, username, name, sex, age, tel, type) VALUES ('611792193604102567', '仲菲', '仲菲', true, '84', '15521035359', 0);
INSERT INTO Resident (account, building, unit, room) VALUES ('611792193604102567', 50, 10, 406);
INSERT INTO User (account, username, name, sex, age, tel, type) VALUES ('713851196809267300', '姚本萱', '姚本萱', true, '52', '18140101419', 0);
INSERT INTO Resident (account, building, unit, room) VALUES ('713851196809267300', 41, 7, 1601);
INSERT INTO User (account, username, name, sex, age, tel, type) VALUES ('110750195002210347', '商琦', '商琦', false, '70', '15944989314', 0);
INSERT INTO Resident (account, building, unit, room) VALUES ('110750195002210347', 34, 7, 2202);
INSERT INTO User (account, username, name, sex, age, tel, type) VALUES ('233779194208233520', '范炜灯', '范炜灯', false, '78', '19671109080', 0);
INSERT INTO Resident (account, building, unit, room) VALUES ('233779194208233520', 30, 10, 2606);
INSERT INTO User (account, username, name, sex, age, tel, type) VALUES ('211233196803172476', '文铭', '文铭', false, '52', '19398992450', 0);
INSERT INTO Resident (account, building, unit, room) VALUES ('211233196803172476', 52, 8, 601);
INSERT INTO User (account, username, name, sex, age, tel, type) VALUES ('460345200905287184', '秦立凌', '秦立凌', true, '11', '18706603929', 0);
INSERT INTO Resident (account, building, unit, room) VALUES ('460345200905287184', 52, 6, 802);
INSERT INTO User (account, username, name, sex, age, tel, type) VALUES ('233601200012040866', '金中霖', '金中霖', false, '20', '13463077014', 0);
INSERT INTO Resident (account, building, unit, room) VALUES ('233601200012040866', 100, 5, 206);
INSERT INTO User (account, username, name, sex, age, tel, type) VALUES ('412744200812031544', '晁奇颖', '晁奇颖', true, '12', '13832992855', 0);
INSERT INTO Resident (account, building, unit, room) VALUES ('412744200812031544', 78, 2, 1005);
INSERT INTO User (account, username, name, sex, age, tel, type) VALUES ('821165192409169424', '管音嘉', '管音嘉', false, '96', '19697988501', 0);
INSERT INTO Resident (account, building, unit, room) VALUES ('821165192409169424', 75, 1, 2403);
INSERT INTO User (account, username, name, sex, age, tel, type) VALUES ('81272419730927755X', '李琦', '李琦', true, '47', '17365953796', 0);
INSERT INTO Resident (account, building, unit, room) VALUES ('81272419730927755X', 100, 3, 2601);
INSERT INTO User (account, username, name, sex, age, tel, type) VALUES ('633385198604296409', '许菲', '许菲', true, '34', '19977848990', 0);
INSERT INTO Resident (account, building, unit, room) VALUES ('633385198604296409', 47, 10, 2801);
INSERT INTO User (account, username, name, sex, age, tel, type) VALUES ('501714195106289956', '金帆', '金帆', true, '69', '19349753684', 0);
INSERT INTO Resident (account, building, unit, room) VALUES ('501714195106289956', 11, 8, 1601);
INSERT INTO User (account, username, name, sex, age, tel, type) VALUES ('41093720090914970X', '范义', '范义', true, '11', '19536145152', 0);
INSERT INTO Resident (account, building, unit, room) VALUES ('41093720090914970X', 97, 3, 606);
INSERT INTO User (account, username, name, sex, age, tel, type) VALUES ('614999196002034515', '傅敏晓', '傅敏晓', false, '60', '13117890155', 0);
INSERT INTO Resident (account, building, unit, room) VALUES ('614999196002034515', 80, 9, 1201);
INSERT INTO User (account, username, name, sex, age, tel, type) VALUES ('143901198312302647', '姚雯英', '姚雯英', false, '37', '15242252356', 0);
INSERT INTO Resident (account, building, unit, room) VALUES ('143901198312302647', 17, 7, 1305);
INSERT INTO User (account, username, name, sex, age, tel, type) VALUES ('810682197003093489', '钟源桐', '钟源桐', true, '50', '19162078025', 0);
INSERT INTO Resident (account, building, unit, room) VALUES ('810682197003093489', 7, 5, 1905);
INSERT INTO User (account, username, name, sex, age, tel, type) VALUES ('114584193410131690', '龚迅可', '龚迅可', false, '86', '19080920018', 0);
INSERT INTO Resident (account, building, unit, room) VALUES ('114584193410131690', 69, 3, 1605);
INSERT INTO User (account, username, name, sex, age, tel, type) VALUES ('414586200004270040', '吴淘灯', '吴淘灯', true, '20', '15063387499', 0);
INSERT INTO Resident (account, building, unit, room) VALUES ('414586200004270040', 32, 4, 2606);
INSERT INTO User (account, username, name, sex, age, tel, type) VALUES ('453787199006090401', '寻帆樱', '寻帆樱', true, '30', '15238725507', 0);
INSERT INTO Resident (account, building, unit, room) VALUES ('453787199006090401', 12, 8, 601);
INSERT INTO User (account, username, name, sex, age, tel, type) VALUES ('214741194101212982', '李一泽', '李一泽', true, '79', '13193808510', 0);
INSERT INTO Resident (account, building, unit, room) VALUES ('214741194101212982', 67, 7, 2405);
INSERT INTO User (account, username, name, sex, age, tel, type) VALUES ('63108820080629906X', '韩兮千', '韩兮千', true, '12', '18019458481', 0);
INSERT INTO Resident (account, building, unit, room) VALUES ('63108820080629906X', 55, 7, 1801);
INSERT INTO User (account, username, name, sex, age, tel, type) VALUES ('464893199710266037', '张亚宇', '张亚宇', true, '23', '19668443947', 0);
INSERT INTO Resident (account, building, unit, room) VALUES ('464893199710266037', 3, 1, 1302);
INSERT INTO User (account, username, name, sex, age, tel, type) VALUES ('361592193701302807', '上官霄', '上官霄', true, '83', '15536955803', 0);
INSERT INTO Resident (account, building, unit, room) VALUES ('361592193701302807', 77, 3, 1906);
INSERT INTO User (account, username, name, sex, age, tel, type) VALUES ('51499119921229001X', '常伟雨', '常伟雨', false, '28', '18088994393', 0);
INSERT INTO Resident (account, building, unit, room) VALUES ('51499119921229001X', 19, 2, 801);
INSERT INTO User (account, username, name, sex, age, tel, type) VALUES ('130525194301141855', '盛樱', '盛樱', false, '77', '18797772280', 0);
INSERT INTO Resident (account, building, unit, room) VALUES ('130525194301141855', 13, 8, 803);
INSERT INTO User (account, username, name, sex, age, tel, type) VALUES ('232625201207096724', '欧正', '欧正', true, '8', '13500750062', 0);
INSERT INTO Resident (account, building, unit, room) VALUES ('232625201207096724', 95, 10, 205);
INSERT INTO User (account, username, name, sex, age, tel, type) VALUES ('344104200210225590', '东方伟航', '东方伟航', false, '18', '19255691583', 0);
INSERT INTO Resident (account, building, unit, room) VALUES ('344104200210225590', 35, 3, 405);
INSERT INTO User (account, username, name, sex, age, tel, type) VALUES ('514402193402032148', '姚晓新', '姚晓新', false, '86', '18958067397', 0);
INSERT INTO Resident (account, building, unit, room) VALUES ('514402193402032148', 41, 1, 1101);
INSERT INTO User (account, username, name, sex, age, tel, type) VALUES ('825064193102286535', '邵宇可', '邵宇可', true, '89', '14730052048', 0);
INSERT INTO Resident (account, building, unit, room) VALUES ('825064193102286535', 77, 4, 2105);
INSERT INTO User (account, username, name, sex, age, tel, type) VALUES ('821633192803317606', '路朋', '路朋', false, '92', '15168841414', 0);
INSERT INTO Resident (account, building, unit, room) VALUES ('821633192803317606', 100, 8, 1401);
INSERT INTO User (account, username, name, sex, age, tel, type) VALUES ('642534198211097213', '夏龙思', '夏龙思', false, '38', '18365659975', 0);
INSERT INTO Resident (account, building, unit, room) VALUES ('642534198211097213', 28, 1, 1006);
INSERT INTO User (account, username, name, sex, age, tel, type) VALUES ('520247192412168344', '董昕', '董昕', true, '96', '13335933584', 0);
INSERT INTO Resident (account, building, unit, room) VALUES ('520247192412168344', 12, 7, 1904);
INSERT INTO User (account, username, name, sex, age, tel, type) VALUES ('214277194201020333', '燕天', '燕天', true, '78', '15161151013', 0);
INSERT INTO Resident (account, building, unit, room) VALUES ('214277194201020333', 47, 7, 2902);
INSERT INTO User (account, username, name, sex, age, tel, type) VALUES ('642491199709049474', '米旭泽', '米旭泽', false, '23', '13297213584', 0);
INSERT INTO Resident (account, building, unit, room) VALUES ('642491199709049474', 97, 1, 606);
INSERT INTO User (account, username, name, sex, age, tel, type) VALUES ('641254194706178767', '曲本灯', '曲本灯', false, '73', '19076200820', 0);
INSERT INTO Resident (account, building, unit, room) VALUES ('641254194706178767', 4, 2, 2701);
INSERT INTO User (account, username, name, sex, age, tel, type) VALUES ('441735198710144825', '史立丹', '史立丹', true, '33', '18682888148', 0);
INSERT INTO Resident (account, building, unit, room) VALUES ('441735198710144825', 100, 3, 1905);
INSERT INTO User (account, username, name, sex, age, tel, type) VALUES ('623391197310301791', '江子', '江子', true, '47', '13499205561', 0);
INSERT INTO Resident (account, building, unit, room) VALUES ('623391197310301791', 51, 6, 403);
INSERT INTO User (account, username, name, sex, age, tel, type) VALUES ('441742195805296349', '鲁萌圆', '鲁萌圆', true, '62', '13573684956', 0);
INSERT INTO Resident (account, building, unit, room) VALUES ('441742195805296349', 1, 2, 1104);
INSERT INTO User (account, username, name, sex, age, tel, type) VALUES ('43494519550713212X', '曲露静', '曲露静', true, '65', '13115258021', 0);
INSERT INTO Resident (account, building, unit, room) VALUES ('43494519550713212X', 22, 1, 705);
INSERT INTO User (account, username, name, sex, age, tel, type) VALUES ('641487194305184258', '孟薪凡', '孟薪凡', false, '77', '19129642379', 0);
INSERT INTO Resident (account, building, unit, room) VALUES ('641487194305184258', 53, 6, 2005);
INSERT INTO User (account, username, name, sex, age, tel, type) VALUES ('614122198809063916', '龚赛毅', '龚赛毅', false, '32', '13805154923', 0);
INSERT INTO Resident (account, building, unit, room) VALUES ('614122198809063916', 97, 5, 304);
INSERT INTO User (account, username, name, sex, age, tel, type) VALUES ('413984196608214384', '孟嘉', '孟嘉', true, '54', '19057323851', 0);
INSERT INTO Resident (account, building, unit, room) VALUES ('413984196608214384', 90, 9, 703);
INSERT INTO User (account, username, name, sex, age, tel, type) VALUES ('464862199102119808', '代立', '代立', false, '29', '14745025917', 0);
INSERT INTO Resident (account, building, unit, room) VALUES ('464862199102119808', 8, 4, 804);
INSERT INTO User (account, username, name, sex, age, tel, type) VALUES ('513635199607185216', '董一圆', '董一圆', false, '24', '15326318349', 0);
INSERT INTO Resident (account, building, unit, room) VALUES ('513635199607185216', 59, 3, 901);
INSERT INTO User (account, username, name, sex, age, tel, type) VALUES ('541949199104235602', '杨依凡', '杨依凡', true, '29', '17513869909', 0);
INSERT INTO Resident (account, building, unit, room) VALUES ('541949199104235602', 63, 1, 204);
INSERT INTO User (account, username, name, sex, age, tel, type) VALUES ('42218919481120470X', '严亚良', '严亚良', true, '72', '15806414143', 0);
INSERT INTO Resident (account, building, unit, room) VALUES ('42218919481120470X', 26, 8, 1701);
INSERT INTO User (account, username, name, sex, age, tel, type) VALUES ('821108195203149648', '盛静', '盛静', true, '68', '17698313617', 0);
INSERT INTO Resident (account, building, unit, room) VALUES ('821108195203149648', 23, 6, 2305);
INSERT INTO User (account, username, name, sex, age, tel, type) VALUES ('620835195911306982', '柳静豪', '柳静豪', false, '61', '19662513463', 0);
INSERT INTO Resident (account, building, unit, room) VALUES ('620835195911306982', 25, 8, 2506);
INSERT INTO User (account, username, name, sex, age, tel, type) VALUES ('652439198508152054', '符本晓', '符本晓', true, '35', '19726602402', 0);
INSERT INTO Resident (account, building, unit, room) VALUES ('652439198508152054', 12, 3, 1205);
INSERT INTO User (account, username, name, sex, age, tel, type) VALUES ('640998192505097223', '臧立', '臧立', true, '95', '17889446651', 0);
INSERT INTO Resident (account, building, unit, room) VALUES ('640998192505097223', 46, 9, 1304);
INSERT INTO User (account, username, name, sex, age, tel, type) VALUES ('430112201403112597', '葛新洁', '葛新洁', true, '6', '19946871333', 0);
INSERT INTO Resident (account, building, unit, room) VALUES ('430112201403112597', 47, 2, 706);
INSERT INTO User (account, username, name, sex, age, tel, type) VALUES ('611437195312067447', '郭奕雨', '郭奕雨', true, '67', '19324428523', 0);
INSERT INTO Resident (account, building, unit, room) VALUES ('611437195312067447', 66, 8, 2401);
INSERT INTO User (account, username, name, sex, age, tel, type) VALUES ('232401193111158065', '仲凌', '仲凌', false, '89', '13217491993', 0);
INSERT INTO Resident (account, building, unit, room) VALUES ('232401193111158065', 78, 1, 2904);
INSERT INTO User (account, username, name, sex, age, tel, type) VALUES ('230581198201289014', '龚航', '龚航', true, '38', '15297335887', 0);
INSERT INTO Resident (account, building, unit, room) VALUES ('230581198201289014', 54, 4, 1106);
INSERT INTO User (account, username, name, sex, age, tel, type) VALUES ('523089192606096011', '部馨', '部馨', true, '94', '13920427426', 0);
INSERT INTO Resident (account, building, unit, room) VALUES ('523089192606096011', 6, 5, 1405);
INSERT INTO User (account, username, name, sex, age, tel, type) VALUES ('43230119600710668X', '张淘琦', '张淘琦', true, '60', '13354315659', 0);
INSERT INTO Resident (account, building, unit, room) VALUES ('43230119600710668X', 53, 5, 2903);
INSERT INTO User (account, username, name, sex, age, tel, type) VALUES ('443828199902087318', '胡新', '胡新', true, '21', '19065747712', 0);
INSERT INTO Resident (account, building, unit, room) VALUES ('443828199902087318', 76, 9, 902);
INSERT INTO User (account, username, name, sex, age, tel, type) VALUES ('442881200104277099', '周源帆', '周源帆', true, '19', '13816429585', 0);
INSERT INTO Resident (account, building, unit, room) VALUES ('442881200104277099', 53, 8, 1705);
INSERT INTO User (account, username, name, sex, age, tel, type) VALUES ('345030195105039024', '岳霄千', '岳霄千', true, '69', '15079197059', 0);
INSERT INTO Resident (account, building, unit, room) VALUES ('345030195105039024', 64, 5, 502);
INSERT INTO User (account, username, name, sex, age, tel, type) VALUES ('50103519340123226X', '肖露', '肖露', false, '86', '17328542136', 0);
INSERT INTO Resident (account, building, unit, room) VALUES ('50103519340123226X', 46, 4, 1301);
INSERT INTO User (account, username, name, sex, age, tel, type) VALUES ('503040197102184269', '张凡敏', '张凡敏', true, '49', '14916416173', 0);
INSERT INTO Resident (account, building, unit, room) VALUES ('503040197102184269', 5, 8, 1706);
INSERT INTO User (account, username, name, sex, age, tel, type) VALUES ('813869196905301866', '耿令', '耿令', false, '51', '17886768343', 0);
INSERT INTO Resident (account, building, unit, room) VALUES ('813869196905301866', 84, 5, 2506);
INSERT INTO User (account, username, name, sex, age, tel, type) VALUES ('124967195602207290', '戚锐广', '戚锐广', false, '64', '13746410556', 0);
INSERT INTO Resident (account, building, unit, room) VALUES ('124967195602207290', 39, 1, 2702);
INSERT INTO User (account, username, name, sex, age, tel, type) VALUES ('412285198309016038', '商兰夫', '商兰夫', true, '37', '13892544233', 0);
INSERT INTO Resident (account, building, unit, room) VALUES ('412285198309016038', 85, 2, 1301);
INSERT INTO User (account, username, name, sex, age, tel, type) VALUES ('411218197012030396', '郑凡盈', '郑凡盈', true, '50', '18627002665', 0);
INSERT INTO Resident (account, building, unit, room) VALUES ('411218197012030396', 91, 8, 1203);
INSERT INTO User (account, username, name, sex, age, tel, type) VALUES ('442761197504225631', '宋可', '宋可', true, '45', '13164130148', 0);
INSERT INTO Resident (account, building, unit, room) VALUES ('442761197504225631', 16, 10, 2404);
INSERT INTO User (account, username, name, sex, age, tel, type) VALUES ('112569195908069399', '周琦立', '周琦立', false, '61', '19804807512', 0);
INSERT INTO Resident (account, building, unit, room) VALUES ('112569195908069399', 16, 1, 2003);
INSERT INTO User (account, username, name, sex, age, tel, type) VALUES ('321007193208186497', '商润', '商润', false, '88', '15224203039', 0);
INSERT INTO Resident (account, building, unit, room) VALUES ('321007193208186497', 7, 5, 904);
INSERT INTO User (account, username, name, sex, age, tel, type) VALUES ('321672194906087757', '麦腾', '麦腾', true, '71', '17294876344', 0);
INSERT INTO Resident (account, building, unit, room) VALUES ('321672194906087757', 55, 1, 303);
INSERT INTO User (account, username, name, sex, age, tel, type) VALUES ('151075197610050415', '於倨锐', '於倨锐', true, '44', '19964911024', 0);
INSERT INTO Resident (account, building, unit, room) VALUES ('151075197610050415', 61, 5, 2606);
INSERT INTO User (account, username, name, sex, age, tel, type) VALUES ('643126196603030234', '宋露', '宋露', true, '54', '15300832446', 0);
INSERT INTO Resident (account, building, unit, room) VALUES ('643126196603030234', 16, 9, 2105);
INSERT INTO User (account, username, name, sex, age, tel, type) VALUES ('320643194605184362', '边广本', '边广本', true, '74', '15113740691', 0);
INSERT INTO Resident (account, building, unit, room) VALUES ('320643194605184362', 54, 7, 2504);
INSERT INTO User (account, username, name, sex, age, tel, type) VALUES ('123680199605301940', '秦薪力', '秦薪力', false, '24', '15229270576', 0);
INSERT INTO Resident (account, building, unit, room) VALUES ('123680199605301940', 46, 8, 2304);
INSERT INTO User (account, username, name, sex, age, tel, type) VALUES ('500882197307047062', '文馨可', '文馨可', true, '47', '18948090768', 0);
INSERT INTO Resident (account, building, unit, room) VALUES ('500882197307047062', 72, 8, 301);
INSERT INTO User (account, username, name, sex, age, tel, type) VALUES ('530241195011038682', '曹迅', '曹迅', true, '70', '18879565440', 0);
INSERT INTO Resident (account, building, unit, room) VALUES ('530241195011038682', 13, 9, 2402);
INSERT INTO User (account, username, name, sex, age, tel, type) VALUES ('373548192607297643', '戚可立', '戚可立', false, '94', '15321765841', 0);
INSERT INTO Resident (account, building, unit, room) VALUES ('373548192607297643', 10, 4, 1804);
INSERT INTO User (account, username, name, sex, age, tel, type) VALUES ('823736200203310678', '巩本圣', '巩本圣', true, '18', '19195413181', 0);
INSERT INTO Resident (account, building, unit, room) VALUES ('823736200203310678', 38, 8, 2502);
INSERT INTO User (account, username, name, sex, age, tel, type) VALUES ('143625195509103668', '杜硕朋', '杜硕朋', false, '65', '15125223816', 0);
INSERT INTO Resident (account, building, unit, room) VALUES ('143625195509103668', 26, 2, 1806);
INSERT INTO User (account, username, name, sex, age, tel, type) VALUES ('411104200803063952', '宫兮', '宫兮', true, '12', '18295971645', 0);
INSERT INTO Resident (account, building, unit, room) VALUES ('411104200803063952', 12, 7, 301);
INSERT INTO User (account, username, name, sex, age, tel, type) VALUES ('211226199008080413', '杜哲', '杜哲', true, '30', '18942406820', 0);
INSERT INTO Resident (account, building, unit, room) VALUES ('211226199008080413', 36, 5, 905);
INSERT INTO User (account, username, name, sex, age, tel, type) VALUES ('373281199904037706', '康奕灯', '康奕灯', true, '21', '18925332358', 0);
INSERT INTO Resident (account, building, unit, room) VALUES ('373281199904037706', 59, 4, 2305);
INSERT INTO User (account, username, name, sex, age, tel, type) VALUES ('464778193501240385', '孙露', '孙露', true, '85', '19561999673', 0);
INSERT INTO Resident (account, building, unit, room) VALUES ('464778193501240385', 40, 1, 2006);
INSERT INTO User (account, username, name, sex, age, tel, type) VALUES ('611131195701038361', '宋伟', '宋伟', true, '63', '13301211690', 0);
INSERT INTO Resident (account, building, unit, room) VALUES ('611131195701038361', 78, 5, 1602);
INSERT INTO User (account, username, name, sex, age, tel, type) VALUES ('453448199601201675', '韩雅瀚', '韩雅瀚', true, '24', '18812864724', 0);
INSERT INTO Resident (account, building, unit, room) VALUES ('453448199601201675', 21, 3, 905);
INSERT INTO User (account, username, name, sex, age, tel, type) VALUES ('513074197706142321', '崔夫', '崔夫', true, '43', '18692203385', 0);
INSERT INTO Resident (account, building, unit, room) VALUES ('513074197706142321', 49, 5, 2605);
INSERT INTO User (account, username, name, sex, age, tel, type) VALUES ('313517193703049653', '杨赛霄', '杨赛霄', false, '83', '19928746855', 0);
INSERT INTO Resident (account, building, unit, room) VALUES ('313517193703049653', 29, 8, 404);
INSERT INTO User (account, username, name, sex, age, tel, type) VALUES ('543887192608093432', '常家', '常家', false, '94', '15539729397', 0);
INSERT INTO Resident (account, building, unit, room) VALUES ('543887192608093432', 64, 4, 2702);
INSERT INTO User (account, username, name, sex, age, tel, type) VALUES ('333328200303130262', '欧阳轩', '欧阳轩', false, '17', '18743773102', 0);
INSERT INTO Resident (account, building, unit, room) VALUES ('333328200303130262', 20, 7, 2403);
INSERT INTO User (account, username, name, sex, age, tel, type) VALUES ('320843197907236950', '陆煜锐', '陆煜锐', true, '41', '18409798920', 0);
INSERT INTO Resident (account, building, unit, room) VALUES ('320843197907236950', 41, 8, 1103);
INSERT INTO User (account, username, name, sex, age, tel, type) VALUES ('413201195401033665', '山桐', '山桐', false, '66', '13012427506', 0);
INSERT INTO Resident (account, building, unit, room) VALUES ('413201195401033665', 21, 10, 1201);
INSERT INTO User (account, username, name, sex, age, tel, type) VALUES ('131492194304224086', '龚翔建', '龚翔建', false, '77', '18680188123', 0);
INSERT INTO Resident (account, building, unit, room) VALUES ('131492194304224086', 41, 7, 505);
INSERT INTO User (account, username, name, sex, age, tel, type) VALUES ('640316201402109866', '侯雯', '侯雯', false, '6', '17341067569', 0);
INSERT INTO Resident (account, building, unit, room) VALUES ('640316201402109866', 2, 1, 2705);
INSERT INTO User (account, username, name, sex, age, tel, type) VALUES ('112179201012054136', '姚萱淘', '姚萱淘', false, '10', '18412051149', 0);
INSERT INTO Resident (account, building, unit, room) VALUES ('112179201012054136', 45, 4, 2601);
INSERT INTO User (account, username, name, sex, age, tel, type) VALUES ('411943198902250446', '陈雨铭', '陈雨铭', true, '31', '17389625787', 0);
INSERT INTO Resident (account, building, unit, room) VALUES ('411943198902250446', 52, 7, 1105);
INSERT INTO User (account, username, name, sex, age, tel, type) VALUES ('133731200303179010', '邱伟', '邱伟', true, '17', '13222936026', 0);
INSERT INTO Resident (account, building, unit, room) VALUES ('133731200303179010', 44, 10, 605);
INSERT INTO User (account, username, name, sex, age, tel, type) VALUES ('370803201407250063', '任有萱', '任有萱', false, '6', '18221249278', 0);
INSERT INTO Resident (account, building, unit, room) VALUES ('370803201407250063', 47, 7, 2603);
INSERT INTO User (account, username, name, sex, age, tel, type) VALUES ('511409193409146065', '吕振萱', '吕振萱', false, '86', '18605592062', 0);
INSERT INTO Resident (account, building, unit, room) VALUES ('511409193409146065', 47, 6, 1601);
INSERT INTO User (account, username, name, sex, age, tel, type) VALUES ('533556194010180831', '姚正', '姚正', false, '80', '19171374652', 0);
INSERT INTO Resident (account, building, unit, room) VALUES ('533556194010180831', 68, 9, 2804);
INSERT INTO User (account, username, name, sex, age, tel, type) VALUES ('52130919600828636X', '孙辰', '孙辰', true, '60', '14508781674', 0);
INSERT INTO Resident (account, building, unit, room) VALUES ('52130919600828636X', 21, 7, 2305);
INSERT INTO User (account, username, name, sex, age, tel, type) VALUES ('814188193111040890', '邱润薪', '邱润薪', true, '89', '18685524764', 0);
INSERT INTO Resident (account, building, unit, room) VALUES ('814188193111040890', 31, 9, 2903);
INSERT INTO User (account, username, name, sex, age, tel, type) VALUES ('110568199904167400', '韩柏', '韩柏', true, '21', '14505852620', 0);
INSERT INTO Resident (account, building, unit, room) VALUES ('110568199904167400', 28, 10, 503);
INSERT INTO User (account, username, name, sex, age, tel, type) VALUES ('824934193704015644', '孟嘉', '孟嘉', false, '83', '13805720926', 0);
INSERT INTO Resident (account, building, unit, room) VALUES ('824934193704015644', 71, 10, 1803);
INSERT INTO User (account, username, name, sex, age, tel, type) VALUES ('153563199602257438', '麦柏英', '麦柏英', false, '24', '17251443861', 0);
INSERT INTO Resident (account, building, unit, room) VALUES ('153563199602257438', 21, 8, 1403);
INSERT INTO User (account, username, name, sex, age, tel, type) VALUES ('330264198802205436', '巩振航', '巩振航', false, '32', '17286372469', 0);
INSERT INTO Resident (account, building, unit, room) VALUES ('330264198802205436', 88, 6, 2305);
INSERT INTO User (account, username, name, sex, age, tel, type) VALUES ('333664198504089543', '尚静一', '尚静一', true, '35', '15553237758', 0);
INSERT INTO Resident (account, building, unit, room) VALUES ('333664198504089543', 30, 5, 606);
INSERT INTO User (account, username, name, sex, age, tel, type) VALUES ('452959200205319539', '金迅子', '金迅子', false, '18', '14920117589', 0);
INSERT INTO Resident (account, building, unit, room) VALUES ('452959200205319539', 54, 1, 1003);
INSERT INTO User (account, username, name, sex, age, tel, type) VALUES ('520864199901146577', '昌菲', '昌菲', true, '21', '18713151026', 0);
INSERT INTO Resident (account, building, unit, room) VALUES ('520864199901146577', 19, 10, 1802);
INSERT INTO User (account, username, name, sex, age, tel, type) VALUES ('213827200710043480', '孟兮广', '孟兮广', false, '13', '17501102770', 0);
INSERT INTO Resident (account, building, unit, room) VALUES ('213827200710043480', 2, 1, 702);
INSERT INTO User (account, username, name, sex, age, tel, type) VALUES ('123592200010247169', '毛毅琦', '毛毅琦', true, '20', '15733774678', 0);
INSERT INTO Resident (account, building, unit, room) VALUES ('123592200010247169', 75, 9, 501);
INSERT INTO User (account, username, name, sex, age, tel, type) VALUES ('502833199704284239', '张昕炜', '张昕炜', true, '23', '14528231777', 0);
INSERT INTO Resident (account, building, unit, room) VALUES ('502833199704284239', 1, 1, 1904);
INSERT INTO User (account, username, name, sex, age, tel, type) VALUES ('12357919940721569X', '付飞凡', '付飞凡', false, '26', '18907332553', 0);
INSERT INTO Resident (account, building, unit, room) VALUES ('12357919940721569X', 59, 5, 906);
INSERT INTO User (account, username, name, sex, age, tel, type) VALUES ('321746196701127590', '米畅义', '米畅义', false, '53', '16693006584', 0);
INSERT INTO Resident (account, building, unit, room) VALUES ('321746196701127590', 27, 7, 203);
INSERT INTO User (account, username, name, sex, age, tel, type) VALUES ('412971196101037542', '宫云静', '宫云静', true, '59', '15939944158', 0);
INSERT INTO Resident (account, building, unit, room) VALUES ('412971196101037542', 26, 6, 205);
INSERT INTO User (account, username, name, sex, age, tel, type) VALUES ('632494197803015529', '夏瀚昕', '夏瀚昕', true, '42', '14952228975', 0);
INSERT INTO Resident (account, building, unit, room) VALUES ('632494197803015529', 25, 7, 2806);
INSERT INTO User (account, username, name, sex, age, tel, type) VALUES ('622901194111246711', '郑义凡', '郑义凡', false, '79', '13247194114', 0);
INSERT INTO Resident (account, building, unit, room) VALUES ('622901194111246711', 61, 9, 1804);
INSERT INTO User (account, username, name, sex, age, tel, type) VALUES ('132211196001174491', '寻奕桐', '寻奕桐', false, '60', '13542583871', 0);
INSERT INTO Resident (account, building, unit, room) VALUES ('132211196001174491', 85, 9, 2005);
INSERT INTO User (account, username, name, sex, age, tel, type) VALUES ('52314220140927907X', '傅广', '傅广', false, '6', '17592194773', 0);
INSERT INTO Resident (account, building, unit, room) VALUES ('52314220140927907X', 48, 2, 602);
INSERT INTO User (account, username, name, sex, age, tel, type) VALUES ('220941200108106347', '孙赛本', '孙赛本', false, '19', '17830897843', 0);
INSERT INTO Resident (account, building, unit, room) VALUES ('220941200108106347', 78, 9, 1102);
INSERT INTO User (account, username, name, sex, age, tel, type) VALUES ('344814193008301810', '肖雅敏', '肖雅敏', true, '90', '13833402640', 0);
INSERT INTO Resident (account, building, unit, room) VALUES ('344814193008301810', 24, 6, 1703);
INSERT INTO User (account, username, name, sex, age, tel, type) VALUES ('220227197011141741', '林柏', '林柏', false, '50', '17881868068', 0);
INSERT INTO Resident (account, building, unit, room) VALUES ('220227197011141741', 50, 4, 2306);
INSERT INTO User (account, username, name, sex, age, tel, type) VALUES ('462167193102212055', '毛圆冠', '毛圆冠', true, '89', '13284923474', 0);
INSERT INTO Resident (account, building, unit, room) VALUES ('462167193102212055', 75, 5, 1404);
INSERT INTO User (account, username, name, sex, age, tel, type) VALUES ('821959194408093989', '侯硕', '侯硕', true, '76', '17567250561', 0);
INSERT INTO Resident (account, building, unit, room) VALUES ('821959194408093989', 58, 6, 1105);
INSERT INTO User (account, username, name, sex, age, tel, type) VALUES ('822406196112026417', '燕霄伟', '燕霄伟', true, '59', '14934314126', 0);
INSERT INTO Resident (account, building, unit, room) VALUES ('822406196112026417', 87, 6, 2202);
INSERT INTO User (account, username, name, sex, age, tel, type) VALUES ('814268194105130356', '宋龙天', '宋龙天', false, '79', '15237857009', 0);
INSERT INTO Resident (account, building, unit, room) VALUES ('814268194105130356', 94, 2, 1103);
INSERT INTO User (account, username, name, sex, age, tel, type) VALUES ('532609193302116894', '巩阳诺', '巩阳诺', true, '87', '15661333576', 0);
INSERT INTO Resident (account, building, unit, room) VALUES ('532609193302116894', 41, 3, 1704);
INSERT INTO User (account, username, name, sex, age, tel, type) VALUES ('320309197001065421', '吴杰哲', '吴杰哲', true, '50', '17695418440', 0);
INSERT INTO Resident (account, building, unit, room) VALUES ('320309197001065421', 57, 6, 905);
INSERT INTO User (account, username, name, sex, age, tel, type) VALUES ('521572197205254294', '史炜凡', '史炜凡', false, '48', '18422953991', 0);
INSERT INTO Resident (account, building, unit, room) VALUES ('521572197205254294', 35, 8, 1101);
INSERT INTO User (account, username, name, sex, age, tel, type) VALUES ('232948192801153200', '冯睿', '冯睿', false, '92', '13832522613', 0);
INSERT INTO Resident (account, building, unit, room) VALUES ('232948192801153200', 46, 2, 2004);
INSERT INTO User (account, username, name, sex, age, tel, type) VALUES ('374163201302242364', '符圆', '符圆', true, '7', '13047375661', 0);
INSERT INTO Resident (account, building, unit, room) VALUES ('374163201302242364', 81, 3, 602);
INSERT INTO User (account, username, name, sex, age, tel, type) VALUES ('51046020000211539X', '孟圣', '孟圣', true, '20', '13396484145', 0);
INSERT INTO Resident (account, building, unit, room) VALUES ('51046020000211539X', 62, 8, 503);
INSERT INTO User (account, username, name, sex, age, tel, type) VALUES ('714001199104048713', '邱炜', '邱炜', true, '29', '17659143880', 0);
INSERT INTO Resident (account, building, unit, room) VALUES ('714001199104048713', 11, 9, 2501);
INSERT INTO User (account, username, name, sex, age, tel, type) VALUES ('322304200506205523', '韩晓煜', '韩晓煜', false, '15', '19986767872', 0);
INSERT INTO Resident (account, building, unit, room) VALUES ('322304200506205523', 5, 10, 1506);
INSERT INTO User (account, username, name, sex, age, tel, type) VALUES ('453341196211121360', '侯家立', '侯家立', true, '58', '18825823527', 0);
INSERT INTO Resident (account, building, unit, room) VALUES ('453341196211121360', 48, 9, 2806);
INSERT INTO User (account, username, name, sex, age, tel, type) VALUES ('374706195206077940', '边颖馨', '边颖馨', false, '68', '13221024869', 0);
INSERT INTO Resident (account, building, unit, room) VALUES ('374706195206077940', 5, 9, 1601);
INSERT INTO User (account, username, name, sex, age, tel, type) VALUES ('542918192410185601', '司马煜', '司马煜', true, '96', '13150084988', 0);
INSERT INTO Resident (account, building, unit, room) VALUES ('542918192410185601', 32, 10, 303);
INSERT INTO User (account, username, name, sex, age, tel, type) VALUES ('353234194610104941', '隽新', '隽新', false, '74', '19712649065', 0);
INSERT INTO Resident (account, building, unit, room) VALUES ('353234194610104941', 34, 4, 704);
INSERT INTO User (account, username, name, sex, age, tel, type) VALUES ('442136197212118918', '楚音源', '楚音源', false, '48', '17853126753', 0);
INSERT INTO Resident (account, building, unit, room) VALUES ('442136197212118918', 75, 1, 2806);
INSERT INTO User (account, username, name, sex, age, tel, type) VALUES ('111506200711094530', '部朋源', '部朋源', false, '13', '18091616664', 0);
INSERT INTO Resident (account, building, unit, room) VALUES ('111506200711094530', 93, 9, 701);
INSERT INTO User (account, username, name, sex, age, tel, type) VALUES ('324656198205162889', '秦奇豪', '秦奇豪', true, '38', '19846827300', 0);
INSERT INTO Resident (account, building, unit, room) VALUES ('324656198205162889', 73, 8, 402);
INSERT INTO User (account, username, name, sex, age, tel, type) VALUES ('821437199101299427', '边霖宇', '边霖宇', true, '29', '18476066027', 0);
INSERT INTO Resident (account, building, unit, room) VALUES ('821437199101299427', 90, 2, 1302);
INSERT INTO User (account, username, name, sex, age, tel, type) VALUES ('363315194006287634', '边立凌', '边立凌', false, '80', '15528867148', 0);
INSERT INTO Resident (account, building, unit, room) VALUES ('363315194006287634', 76, 4, 1501);
INSERT INTO User (account, username, name, sex, age, tel, type) VALUES ('424119199004024621', '山炎凡', '山炎凡', true, '30', '15871399520', 0);
INSERT INTO Resident (account, building, unit, room) VALUES ('424119199004024621', 29, 2, 1805);
INSERT INTO User (account, username, name, sex, age, tel, type) VALUES ('330642201303133970', '杨锐言', '杨锐言', true, '7', '13128567911', 0);
INSERT INTO Resident (account, building, unit, room) VALUES ('330642201303133970', 64, 4, 1101);
INSERT INTO User (account, username, name, sex, age, tel, type) VALUES ('821989195112121718', '钟家亚', '钟家亚', false, '69', '19253209647', 0);
INSERT INTO Resident (account, building, unit, room) VALUES ('821989195112121718', 4, 8, 702);
INSERT INTO User (account, username, name, sex, age, tel, type) VALUES ('713983196602023004', '杜凡一', '杜凡一', true, '54', '17571957276', 0);
INSERT INTO Resident (account, building, unit, room) VALUES ('713983196602023004', 16, 1, 1004);
INSERT INTO User (account, username, name, sex, age, tel, type) VALUES ('224306199511303933', '吉天洁', '吉天洁', true, '25', '13154708593', 0);
INSERT INTO Resident (account, building, unit, room) VALUES ('224306199511303933', 77, 9, 1104);
INSERT INTO User (account, username, name, sex, age, tel, type) VALUES ('213359198108310958', '严豪旭', '严豪旭', false, '39', '17512510936', 0);
INSERT INTO Resident (account, building, unit, room) VALUES ('213359198108310958', 51, 5, 906);
INSERT INTO User (account, username, name, sex, age, tel, type) VALUES ('452579197409263757', '汪伟', '汪伟', false, '46', '19158212574', 0);
INSERT INTO Resident (account, building, unit, room) VALUES ('452579197409263757', 24, 5, 1604);
INSERT INTO User (account, username, name, sex, age, tel, type) VALUES ('434043196911154354', '晁英舒', '晁英舒', false, '51', '19272316129', 0);
INSERT INTO Resident (account, building, unit, room) VALUES ('434043196911154354', 54, 6, 1901);
INSERT INTO User (account, username, name, sex, age, tel, type) VALUES ('711936199705244780', '侯夫', '侯夫', false, '23', '14769407443', 0);
INSERT INTO Resident (account, building, unit, room) VALUES ('711936199705244780', 58, 5, 2702);
INSERT INTO User (account, username, name, sex, age, tel, type) VALUES ('542330200706235494', '巩睿樱', '巩睿樱', true, '13', '19335249643', 0);
INSERT INTO Resident (account, building, unit, room) VALUES ('542330200706235494', 32, 5, 1002);
INSERT INTO User (account, username, name, sex, age, tel, type) VALUES ('421334200903308864', '黄炎', '黄炎', true, '11', '13839944508', 0);
INSERT INTO Resident (account, building, unit, room) VALUES ('421334200903308864', 21, 10, 2706);
INSERT INTO User (account, username, name, sex, age, tel, type) VALUES ('464256195810133417', '符雯', '符雯', false, '62', '15521909304', 0);
INSERT INTO Resident (account, building, unit, room) VALUES ('464256195810133417', 37, 3, 2105);
INSERT INTO User (account, username, name, sex, age, tel, type) VALUES ('223198200108088203', '冯家子', '冯家子', true, '19', '15851182932', 0);
INSERT INTO Resident (account, building, unit, room) VALUES ('223198200108088203', 69, 6, 205);
INSERT INTO User (account, username, name, sex, age, tel, type) VALUES ('350513192312213506', '崔炎', '崔炎', true, '97', '19111981841', 0);
INSERT INTO Resident (account, building, unit, room) VALUES ('350513192312213506', 13, 5, 404);
INSERT INTO User (account, username, name, sex, age, tel, type) VALUES ('412582193510033441', '曲千', '曲千', false, '85', '19813844150', 0);
INSERT INTO Resident (account, building, unit, room) VALUES ('412582193510033441', 98, 9, 203);
INSERT INTO User (account, username, name, sex, age, tel, type) VALUES ('150198200711210246', '黄兰', '黄兰', false, '13', '19111725691', 0);
INSERT INTO Resident (account, building, unit, room) VALUES ('150198200711210246', 35, 8, 1505);
INSERT INTO User (account, username, name, sex, age, tel, type) VALUES ('114152199109083786', '吕洁硕', '吕洁硕', true, '29', '15034620947', 0);
INSERT INTO Resident (account, building, unit, room) VALUES ('114152199109083786', 33, 7, 1506);
INSERT INTO User (account, username, name, sex, age, tel, type) VALUES ('14227719941104640X', '宋广英', '宋广英', false, '26', '18232665120', 0);
INSERT INTO Resident (account, building, unit, room) VALUES ('14227719941104640X', 71, 10, 2002);
INSERT INTO User (account, username, name, sex, age, tel, type) VALUES ('131118192811277154', '尚炜', '尚炜', false, '92', '13135411975', 0);
INSERT INTO Resident (account, building, unit, room) VALUES ('131118192811277154', 23, 3, 1703);
INSERT INTO User (account, username, name, sex, age, tel, type) VALUES ('813190201108181110', '黄云佳', '黄云佳', true, '9', '18269753693', 0);
INSERT INTO Resident (account, building, unit, room) VALUES ('813190201108181110', 59, 4, 2106);
INSERT INTO User (account, username, name, sex, age, tel, type) VALUES ('504877192409116211', '金天', '金天', false, '96', '18999145504', 0);
INSERT INTO Resident (account, building, unit, room) VALUES ('504877192409116211', 7, 8, 2003);
INSERT INTO User (account, username, name, sex, age, tel, type) VALUES ('630289198812126683', '裴依', '裴依', false, '32', '19158928042', 0);
INSERT INTO Resident (account, building, unit, room) VALUES ('630289198812126683', 84, 9, 2506);
INSERT INTO User (account, username, name, sex, age, tel, type) VALUES ('413001200606074767', '巩牧柏', '巩牧柏', false, '14', '14923741098', 0);
INSERT INTO Resident (account, building, unit, room) VALUES ('413001200606074767', 1, 9, 1206);
INSERT INTO User (account, username, name, sex, age, tel, type) VALUES ('610477195510022034', '付音', '付音', false, '65', '19610796337', 0);
INSERT INTO Resident (account, building, unit, room) VALUES ('610477195510022034', 31, 6, 1402);
INSERT INTO User (account, username, name, sex, age, tel, type) VALUES ('653375194404109055', '殷腾', '殷腾', false, '76', '14904559713', 0);
INSERT INTO Resident (account, building, unit, room) VALUES ('653375194404109055', 1, 2, 1302);
INSERT INTO User (account, username, name, sex, age, tel, type) VALUES ('512049200611102968', '季雅馨', '季雅馨', false, '14', '18853441658', 0);
INSERT INTO Resident (account, building, unit, room) VALUES ('512049200611102968', 95, 4, 704);
INSERT INTO User (account, username, name, sex, age, tel, type) VALUES ('36280819700220323X', '张杰', '张杰', false, '50', '18824832883', 0);
INSERT INTO Resident (account, building, unit, room) VALUES ('36280819700220323X', 39, 6, 2202);
INSERT INTO User (account, username, name, sex, age, tel, type) VALUES ('131105196907017217', '牛飞桐', '牛飞桐', true, '51', '15346050479', 0);
INSERT INTO Resident (account, building, unit, room) VALUES ('131105196907017217', 58, 6, 206);
INSERT INTO User (account, username, name, sex, age, tel, type) VALUES ('121799196004209670', '武民晓', '武民晓', false, '60', '15863634639', 0);
INSERT INTO Resident (account, building, unit, room) VALUES ('121799196004209670', 84, 2, 2706);
INSERT INTO User (account, username, name, sex, age, tel, type) VALUES ('323328198407166694', '曹硕铭', '曹硕铭', false, '36', '13998661431', 0);
INSERT INTO Resident (account, building, unit, room) VALUES ('323328198407166694', 43, 1, 1905);
INSERT INTO User (account, username, name, sex, age, tel, type) VALUES ('350217198808075163', '楚音依', '楚音依', false, '32', '19738541828', 0);
INSERT INTO Resident (account, building, unit, room) VALUES ('350217198808075163', 82, 2, 504);
INSERT INTO User (account, username, name, sex, age, tel, type) VALUES ('422269195307188871', '江宜龙', '江宜龙', true, '67', '13812580259', 0);
INSERT INTO Resident (account, building, unit, room) VALUES ('422269195307188871', 90, 2, 2806);
INSERT INTO User (account, username, name, sex, age, tel, type) VALUES ('640504200707267034', '童霖哲', '童霖哲', false, '13', '19014399534', 0);
INSERT INTO Resident (account, building, unit, room) VALUES ('640504200707267034', 50, 6, 2101);
INSERT INTO User (account, username, name, sex, age, tel, type) VALUES ('534477196810148685', '宋本露', '宋本露', false, '52', '15600924155', 0);
INSERT INTO Resident (account, building, unit, room) VALUES ('534477196810148685', 49, 7, 2404);
INSERT INTO User (account, username, name, sex, age, tel, type) VALUES ('421147200603310875', '江千', '江千', false, '14', '13759495375', 0);
INSERT INTO Resident (account, building, unit, room) VALUES ('421147200603310875', 67, 5, 1202);
INSERT INTO User (account, username, name, sex, age, tel, type) VALUES ('453264198811082427', '陈奕炎', '陈奕炎', true, '32', '13138450644', 0);
INSERT INTO Resident (account, building, unit, room) VALUES ('453264198811082427', 89, 7, 2406);
INSERT INTO User (account, username, name, sex, age, tel, type) VALUES ('422149193612039257', '戚飞', '戚飞', false, '84', '13749121874', 0);
INSERT INTO Resident (account, building, unit, room) VALUES ('422149193612039257', 32, 6, 2803);
INSERT INTO User (account, username, name, sex, age, tel, type) VALUES ('504383199911257270', '燕凌硕', '燕凌硕', true, '21', '17870793967', 0);
INSERT INTO Resident (account, building, unit, room) VALUES ('504383199911257270', 8, 10, 2901);
INSERT INTO User (account, username, name, sex, age, tel, type) VALUES ('214762197101023514', '毛民', '毛民', true, '49', '15678006299', 0);
INSERT INTO Resident (account, building, unit, room) VALUES ('214762197101023514', 24, 2, 1504);
INSERT INTO User (account, username, name, sex, age, tel, type) VALUES ('361591195601054718', '郭兮思', '郭兮思', false, '64', '15229927185', 0);
INSERT INTO Resident (account, building, unit, room) VALUES ('361591195601054718', 56, 4, 1104);
INSERT INTO User (account, username, name, sex, age, tel, type) VALUES ('623259201210017735', '司马新炜', '司马新炜', false, '8', '13444515483', 0);
INSERT INTO Resident (account, building, unit, room) VALUES ('623259201210017735', 18, 1, 2301);
INSERT INTO User (account, username, name, sex, age, tel, type) VALUES ('234220192902259276', '晁晓', '晁晓', true, '91', '17538039979', 0);
INSERT INTO Resident (account, building, unit, room) VALUES ('234220192902259276', 53, 1, 905);
INSERT INTO User (account, username, name, sex, age, tel, type) VALUES ('504529199004038230', '裴赛民', '裴赛民', true, '30', '19160235493', 0);
INSERT INTO Resident (account, building, unit, room) VALUES ('504529199004038230', 97, 9, 902);
INSERT INTO User (account, username, name, sex, age, tel, type) VALUES ('372313193109161087', '齐伟', '齐伟', false, '89', '14507083179', 0);
INSERT INTO Resident (account, building, unit, room) VALUES ('372313193109161087', 51, 1, 1405);
INSERT INTO User (account, username, name, sex, age, tel, type) VALUES ('143984196712249883', '安宜帆', '安宜帆', true, '53', '15726898675', 0);
INSERT INTO Resident (account, building, unit, room) VALUES ('143984196712249883', 64, 10, 2203);
INSERT INTO User (account, username, name, sex, age, tel, type) VALUES ('644011194406263740', '钱露铭', '钱露铭', false, '76', '18090484277', 0);
INSERT INTO Resident (account, building, unit, room) VALUES ('644011194406263740', 7, 10, 602);
INSERT INTO User (account, username, name, sex, age, tel, type) VALUES ('131068196409226357', '董迅辰', '董迅辰', false, '56', '18490420074', 0);
INSERT INTO Resident (account, building, unit, room) VALUES ('131068196409226357', 12, 7, 203);
INSERT INTO User (account, username, name, sex, age, tel, type) VALUES ('821251200901205939', '燕轩', '燕轩', true, '11', '15509619778', 0);
INSERT INTO Resident (account, building, unit, room) VALUES ('821251200901205939', 99, 5, 905);
INSERT INTO User (account, username, name, sex, age, tel, type) VALUES ('812699197009205127', '臧炜', '臧炜', true, '50', '16670717614', 0);
INSERT INTO Resident (account, building, unit, room) VALUES ('812699197009205127', 85, 6, 1403);
INSERT INTO User (account, username, name, sex, age, tel, type) VALUES ('37417319730714474X', '孙腾', '孙腾', true, '47', '18201222317', 0);
INSERT INTO Resident (account, building, unit, room) VALUES ('37417319730714474X', 40, 4, 703);
INSERT INTO User (account, username, name, sex, age, tel, type) VALUES ('351241195611101435', '姚薪', '姚薪', true, '64', '17203313127', 0);
INSERT INTO Resident (account, building, unit, room) VALUES ('351241195611101435', 45, 9, 2605);
INSERT INTO User (account, username, name, sex, age, tel, type) VALUES ('325061198907181649', '於建轩', '於建轩', false, '31', '18743134814', 0);
INSERT INTO Resident (account, building, unit, room) VALUES ('325061198907181649', 92, 10, 702);
INSERT INTO User (account, username, name, sex, age, tel, type) VALUES ('644410197809126297', '麦千', '麦千', true, '42', '13473462749', 0);
INSERT INTO Resident (account, building, unit, room) VALUES ('644410197809126297', 92, 5, 804);
INSERT INTO User (account, username, name, sex, age, tel, type) VALUES ('711030196609036179', '范豪言', '范豪言', false, '54', '13768263791', 0);
INSERT INTO Resident (account, building, unit, room) VALUES ('711030196609036179', 81, 3, 505);
INSERT INTO User (account, username, name, sex, age, tel, type) VALUES ('110639198507039736', '汪言', '汪言', false, '35', '17677688357', 0);
INSERT INTO Resident (account, building, unit, room) VALUES ('110639198507039736', 89, 4, 805);
INSERT INTO User (account, username, name, sex, age, tel, type) VALUES ('111810198102205092', '裴千天', '裴千天', true, '39', '13906426503', 0);
INSERT INTO Resident (account, building, unit, room) VALUES ('111810198102205092', 2, 7, 2605);
INSERT INTO User (account, username, name, sex, age, tel, type) VALUES ('321106194705315513', '耿有帆', '耿有帆', true, '73', '14786498166', 0);
INSERT INTO Resident (account, building, unit, room) VALUES ('321106194705315513', 1, 8, 1403);
INSERT INTO User (account, username, name, sex, age, tel, type) VALUES ('235066199009050635', '汪圆晓', '汪圆晓', true, '30', '18135147769', 0);
INSERT INTO Resident (account, building, unit, room) VALUES ('235066199009050635', 10, 6, 606);
INSERT INTO User (account, username, name, sex, age, tel, type) VALUES ('233744200906083725', '宋琦薪', '宋琦薪', true, '11', '18924744174', 0);
INSERT INTO Resident (account, building, unit, room) VALUES ('233744200906083725', 47, 7, 2806);
INSERT INTO User (account, username, name, sex, age, tel, type) VALUES ('711932197410196608', '钱瀚', '钱瀚', false, '46', '18569968277', 0);
INSERT INTO Resident (account, building, unit, room) VALUES ('711932197410196608', 38, 4, 1604);
INSERT INTO User (account, username, name, sex, age, tel, type) VALUES ('233099198104018710', '任兮', '任兮', false, '39', '13949884579', 0);
INSERT INTO Resident (account, building, unit, room) VALUES ('233099198104018710', 46, 1, 2904);
INSERT INTO User (account, username, name, sex, age, tel, type) VALUES ('341249200104060654', '安伟千', '安伟千', true, '19', '13031695377', 0);
INSERT INTO Resident (account, building, unit, room) VALUES ('341249200104060654', 94, 1, 2903);
INSERT INTO User (account, username, name, sex, age, tel, type) VALUES ('424538198803289814', '金淘飞', '金淘飞', false, '32', '13497404176', 0);
INSERT INTO Resident (account, building, unit, room) VALUES ('424538198803289814', 54, 10, 505);
INSERT INTO User (account, username, name, sex, age, tel, type) VALUES ('443283200303037242', '冯民天', '冯民天', false, '17', '19685148043', 0);
INSERT INTO Resident (account, building, unit, room) VALUES ('443283200303037242', 92, 2, 1305);
INSERT INTO User (account, username, name, sex, age, tel, type) VALUES ('624397194309168495', '周倨雨', '周倨雨', true, '77', '18489042292', 0);
INSERT INTO Resident (account, building, unit, room) VALUES ('624397194309168495', 54, 3, 506);
INSERT INTO User (account, username, name, sex, age, tel, type) VALUES ('373516198801210201', '文新', '文新', false, '32', '15637282626', 0);
INSERT INTO Resident (account, building, unit, room) VALUES ('373516198801210201', 40, 8, 206);
INSERT INTO User (account, username, name, sex, age, tel, type) VALUES ('711149193206251891', '冯子', '冯子', false, '88', '18313594576', 0);
INSERT INTO Resident (account, building, unit, room) VALUES ('711149193206251891', 52, 6, 1103);
INSERT INTO User (account, username, name, sex, age, tel, type) VALUES ('650192197909035247', '江宜', '江宜', true, '41', '17338727047', 0);
INSERT INTO Resident (account, building, unit, room) VALUES ('650192197909035247', 14, 9, 1304);
INSERT INTO User (account, username, name, sex, age, tel, type) VALUES ('341853198009166615', '任丹诺', '任丹诺', true, '40', '19338001249', 0);
INSERT INTO Resident (account, building, unit, room) VALUES ('341853198009166615', 24, 4, 805);
INSERT INTO User (account, username, name, sex, age, tel, type) VALUES ('413908194605182702', '齐龙航', '齐龙航', false, '74', '17390166594', 0);
INSERT INTO Resident (account, building, unit, room) VALUES ('413908194605182702', 89, 9, 2903);
INSERT INTO User (account, username, name, sex, age, tel, type) VALUES ('533520193902206438', '董静凌', '董静凌', true, '81', '13747732197', 0);
INSERT INTO Resident (account, building, unit, room) VALUES ('533520193902206438', 47, 1, 2602);
INSERT INTO User (account, username, name, sex, age, tel, type) VALUES ('50108919550928279X', '路晓', '路晓', false, '65', '13996377216', 0);
INSERT INTO Resident (account, building, unit, room) VALUES ('50108919550928279X', 41, 2, 302);
INSERT INTO User (account, username, name, sex, age, tel, type) VALUES ('510642200307088708', '黄天思', '黄天思', false, '17', '17647464622', 0);
INSERT INTO Resident (account, building, unit, room) VALUES ('510642200307088708', 27, 9, 2905);
INSERT INTO User (account, username, name, sex, age, tel, type) VALUES ('210739195806199931', '齐雯天', '齐雯天', true, '62', '13814224438', 0);
INSERT INTO Resident (account, building, unit, room) VALUES ('210739195806199931', 27, 1, 2504);
INSERT INTO User (account, username, name, sex, age, tel, type) VALUES ('532538195506042772', '宋一家', '宋一家', true, '65', '13463716545', 0);
INSERT INTO Resident (account, building, unit, room) VALUES ('532538195506042772', 30, 5, 1801);
INSERT INTO User (account, username, name, sex, age, tel, type) VALUES ('420740194410296948', '路瀚薪', '路瀚薪', false, '76', '18936869423', 0);
INSERT INTO Resident (account, building, unit, room) VALUES ('420740194410296948', 17, 9, 602);
INSERT INTO User (account, username, name, sex, age, tel, type) VALUES ('613242192709303865', '侯兰朋', '侯兰朋', false, '93', '16696724341', 0);
INSERT INTO Resident (account, building, unit, room) VALUES ('613242192709303865', 94, 2, 204);
INSERT INTO User (account, username, name, sex, age, tel, type) VALUES ('512399194611237088', '欧义舒', '欧义舒', false, '74', '13944516340', 0);
INSERT INTO Resident (account, building, unit, room) VALUES ('512399194611237088', 73, 10, 2104);
INSERT INTO User (account, username, name, sex, age, tel, type) VALUES ('223406193408226897', '尚静', '尚静', true, '86', '17297430597', 0);
INSERT INTO Resident (account, building, unit, room) VALUES ('223406193408226897', 51, 10, 406);
INSERT INTO User (account, username, name, sex, age, tel, type) VALUES ('544886200702049097', '仲倨硕', '仲倨硕', false, '13', '19037628072', 0);
INSERT INTO Resident (account, building, unit, room) VALUES ('544886200702049097', 75, 1, 1006);
INSERT INTO User (account, username, name, sex, age, tel, type) VALUES ('634375200602012735', '盛炎亚', '盛炎亚', true, '14', '19985235256', 0);
INSERT INTO Resident (account, building, unit, room) VALUES ('634375200602012735', 59, 4, 1503);
INSERT INTO User (account, username, name, sex, age, tel, type) VALUES ('140348196005245543', '秦琦', '秦琦', true, '60', '19306539594', 0);
INSERT INTO Resident (account, building, unit, room) VALUES ('140348196005245543', 79, 9, 902);
INSERT INTO User (account, username, name, sex, age, tel, type) VALUES ('610859197811101205', '百里锐令', '百里锐令', false, '42', '17608212840', 0);
INSERT INTO Resident (account, building, unit, room) VALUES ('610859197811101205', 73, 4, 203);
INSERT INTO User (account, username, name, sex, age, tel, type) VALUES ('810356196412271750', '孙音圆', '孙音圆', true, '56', '15220333656', 0);
INSERT INTO Resident (account, building, unit, room) VALUES ('810356196412271750', 47, 9, 2201);
INSERT INTO User (account, username, name, sex, age, tel, type) VALUES ('611895194901267842', '常圆', '常圆', true, '71', '15263858980', 0);
INSERT INTO Resident (account, building, unit, room) VALUES ('611895194901267842', 87, 3, 606);
INSERT INTO User (account, username, name, sex, age, tel, type) VALUES ('144179198802287354', '部凌', '部凌', true, '32', '19907636694', 0);
INSERT INTO Resident (account, building, unit, room) VALUES ('144179198802287354', 11, 1, 306);
INSERT INTO User (account, username, name, sex, age, tel, type) VALUES ('123837196604124813', '夏敏云', '夏敏云', true, '54', '19684679788', 0);
INSERT INTO Resident (account, building, unit, room) VALUES ('123837196604124813', 44, 4, 2306);
INSERT INTO User (account, username, name, sex, age, tel, type) VALUES ('21264719660614735X', '任英', '任英', true, '54', '14553215070', 0);
INSERT INTO Resident (account, building, unit, room) VALUES ('21264719660614735X', 73, 9, 1003);
INSERT INTO User (account, username, name, sex, age, tel, type) VALUES ('503369196309159185', '边畅', '边畅', true, '57', '14533771446', 0);
INSERT INTO Resident (account, building, unit, room) VALUES ('503369196309159185', 96, 6, 903);
INSERT INTO User (account, username, name, sex, age, tel, type) VALUES ('154283192310033196', '侯有', '侯有', true, '97', '19507620695', 0);
INSERT INTO Resident (account, building, unit, room) VALUES ('154283192310033196', 77, 5, 2601);
INSERT INTO User (account, username, name, sex, age, tel, type) VALUES ('821081192607188942', '颜雨云', '颜雨云', false, '94', '18545915334', 0);
INSERT INTO Resident (account, building, unit, room) VALUES ('821081192607188942', 95, 8, 1903);
INSERT INTO User (account, username, name, sex, age, tel, type) VALUES ('362608201112216016', '崔敏', '崔敏', false, '9', '18239472871', 0);
INSERT INTO Resident (account, building, unit, room) VALUES ('362608201112216016', 93, 10, 604);
INSERT INTO User (account, username, name, sex, age, tel, type) VALUES ('611939193105017790', '陆轩盈', '陆轩盈', false, '89', '15392086905', 0);
INSERT INTO Resident (account, building, unit, room) VALUES ('611939193105017790', 93, 2, 1001);
INSERT INTO User (account, username, name, sex, age, tel, type) VALUES ('821014198003183571', '牛天毅', '牛天毅', true, '40', '13281720564', 0);
INSERT INTO Resident (account, building, unit, room) VALUES ('821014198003183571', 36, 5, 1706);
INSERT INTO User (account, username, name, sex, age, tel, type) VALUES ('813336198503022249', '秦义可', '秦义可', true, '35', '15067800106', 0);
INSERT INTO Resident (account, building, unit, room) VALUES ('813336198503022249', 29, 4, 1804);
INSERT INTO User (account, username, name, sex, age, tel, type) VALUES ('821946195402014747', '葛颖', '葛颖', true, '66', '19839704258', 0);
INSERT INTO Resident (account, building, unit, room) VALUES ('821946195402014747', 64, 10, 305);
INSERT INTO User (account, username, name, sex, age, tel, type) VALUES ('624244194412266166', '殷伟静', '殷伟静', false, '76', '13752311876', 0);
INSERT INTO Resident (account, building, unit, room) VALUES ('624244194412266166', 47, 8, 2206);
INSERT INTO User (account, username, name, sex, age, tel, type) VALUES ('541143199310232412', '尹睿', '尹睿', true, '27', '18279917188', 0);
INSERT INTO Resident (account, building, unit, room) VALUES ('541143199310232412', 60, 2, 1205);
INSERT INTO User (account, username, name, sex, age, tel, type) VALUES ('452504200711229420', '钱思', '钱思', true, '13', '18771057960', 0);
INSERT INTO Resident (account, building, unit, room) VALUES ('452504200711229420', 15, 9, 1104);
INSERT INTO User (account, username, name, sex, age, tel, type) VALUES ('544852192407308673', '路依', '路依', false, '96', '15156833381', 0);
INSERT INTO Resident (account, building, unit, room) VALUES ('544852192407308673', 62, 5, 2406);
INSERT INTO User (account, username, name, sex, age, tel, type) VALUES ('620628200609133126', '钱言', '钱言', false, '14', '13577825072', 0);
INSERT INTO Resident (account, building, unit, room) VALUES ('620628200609133126', 69, 4, 205);
INSERT INTO User (account, username, name, sex, age, tel, type) VALUES ('153298192509148639', '路旭', '路旭', true, '95', '13336178279', 0);
INSERT INTO Resident (account, building, unit, room) VALUES ('153298192509148639', 25, 4, 2101);
INSERT INTO User (account, username, name, sex, age, tel, type) VALUES ('523743197009262897', '毕朋龙', '毕朋龙', false, '50', '15034841880', 0);
INSERT INTO Resident (account, building, unit, room) VALUES ('523743197009262897', 4, 10, 604);
INSERT INTO User (account, username, name, sex, age, tel, type) VALUES ('210572195502125749', '赵牧圆', '赵牧圆', true, '65', '15047160746', 0);
INSERT INTO Resident (account, building, unit, room) VALUES ('210572195502125749', 92, 5, 206);
INSERT INTO User (account, username, name, sex, age, tel, type) VALUES ('543543199304300293', '曲赛冠', '曲赛冠', true, '27', '19883910858', 0);
INSERT INTO Resident (account, building, unit, room) VALUES ('543543199304300293', 49, 9, 2704);
INSERT INTO User (account, username, name, sex, age, tel, type) VALUES ('221022201003171466', '康龙佳', '康龙佳', false, '10', '17842340832', 0);
INSERT INTO Resident (account, building, unit, room) VALUES ('221022201003171466', 43, 6, 405);
INSERT INTO User (account, username, name, sex, age, tel, type) VALUES ('502815201112225006', '邱云炎', '邱云炎', true, '9', '18458849924', 0);
INSERT INTO Resident (account, building, unit, room) VALUES ('502815201112225006', 6, 8, 1302);
INSERT INTO User (account, username, name, sex, age, tel, type) VALUES ('613135194011044899', '东方萱', '东方萱', true, '80', '15606581881', 0);
INSERT INTO Resident (account, building, unit, room) VALUES ('613135194011044899', 47, 1, 2801);
INSERT INTO User (account, username, name, sex, age, tel, type) VALUES ('412165196910096421', '寻樱琦', '寻樱琦', true, '51', '18518814068', 0);
INSERT INTO Resident (account, building, unit, room) VALUES ('412165196910096421', 57, 9, 703);
INSERT INTO User (account, username, name, sex, age, tel, type) VALUES ('544878198404246890', '常立', '常立', false, '36', '14511255826', 0);
INSERT INTO Resident (account, building, unit, room) VALUES ('544878198404246890', 42, 5, 303);
INSERT INTO User (account, username, name, sex, age, tel, type) VALUES ('360776198008132794', '武航伟', '武航伟', true, '40', '19679211963', 0);
INSERT INTO Resident (account, building, unit, room) VALUES ('360776198008132794', 90, 1, 705);
INSERT INTO User (account, username, name, sex, age, tel, type) VALUES ('544328193904195896', '宋龙泽', '宋龙泽', false, '81', '19174981425', 0);
INSERT INTO Resident (account, building, unit, room) VALUES ('544328193904195896', 22, 2, 2503);
INSERT INTO User (account, username, name, sex, age, tel, type) VALUES ('210627198607047711', '汪民', '汪民', true, '34', '13022776826', 0);
INSERT INTO Resident (account, building, unit, room) VALUES ('210627198607047711', 4, 5, 402);
INSERT INTO User (account, username, name, sex, age, tel, type) VALUES ('35315619941221228X', '徐言本', '徐言本', false, '26', '19251529617', 0);
INSERT INTO Resident (account, building, unit, room) VALUES ('35315619941221228X', 14, 4, 2002);
INSERT INTO User (account, username, name, sex, age, tel, type) VALUES ('544590194706262693', '姚腾', '姚腾', false, '73', '15681272145', 0);
INSERT INTO Resident (account, building, unit, room) VALUES ('544590194706262693', 44, 1, 202);
INSERT INTO User (account, username, name, sex, age, tel, type) VALUES ('464453194101043787', '武龙', '武龙', false, '79', '18214328258', 1);
INSERT INTO Committee (account, in_date, is_admin) VALUES ('464453194101043787', '19660303', false);
INSERT INTO User (account, username, name, sex, age, tel, type) VALUES ('423647197904226470', '钟瀚迅', '钟瀚迅', false, '41', '13238601642', 0);
INSERT INTO Resident (account, building, unit, room) VALUES ('423647197904226470', 83, 6, 1803);
INSERT INTO User (account, username, name, sex, age, tel, type) VALUES ('154321193703151385', '符千建', '符千建', false, '83', '15605687189', 0);
INSERT INTO Resident (account, building, unit, room) VALUES ('154321193703151385', 53, 1, 2106);
INSERT INTO User (account, username, name, sex, age, tel, type) VALUES ('362163199009072889', '曹翔', '曹翔', false, '30', '13566278175', 0);
INSERT INTO Resident (account, building, unit, room) VALUES ('362163199009072889', 43, 5, 2103);
INSERT INTO User (account, username, name, sex, age, tel, type) VALUES ('310173198302235919', '路润琦', '路润琦', false, '37', '14575900742', 0);
INSERT INTO Resident (account, building, unit, room) VALUES ('310173198302235919', 41, 3, 602);
INSERT INTO User (account, username, name, sex, age, tel, type) VALUES ('631769197901318991', '姚豪云', '姚豪云', false, '41', '14908050606', 0);
INSERT INTO Resident (account, building, unit, room) VALUES ('631769197901318991', 98, 1, 2104);
INSERT INTO User (account, username, name, sex, age, tel, type) VALUES ('333049197710193120', '部豪佳', '部豪佳', true, '43', '18830176080', 0);
INSERT INTO Resident (account, building, unit, room) VALUES ('333049197710193120', 79, 8, 1401);
INSERT INTO User (account, username, name, sex, age, tel, type) VALUES ('512368193704105353', '康良', '康良', true, '83', '13308756843', 0);
INSERT INTO Resident (account, building, unit, room) VALUES ('512368193704105353', 44, 2, 802);
INSERT INTO User (account, username, name, sex, age, tel, type) VALUES ('352253194608047883', '崔炜思', '崔炜思', false, '74', '15172510970', 0);
INSERT INTO Resident (account, building, unit, room) VALUES ('352253194608047883', 4, 10, 904);
INSERT INTO User (account, username, name, sex, age, tel, type) VALUES ('541874195908051999', '韩樱', '韩樱', false, '61', '16686298097', 0);
INSERT INTO Resident (account, building, unit, room) VALUES ('541874195908051999', 33, 7, 2304);
INSERT INTO User (account, username, name, sex, age, tel, type) VALUES ('511018199012116211', '陈良雯', '陈良雯', true, '30', '19527221016', 0);
INSERT INTO Resident (account, building, unit, room) VALUES ('511018199012116211', 80, 3, 2102);
INSERT INTO User (account, username, name, sex, age, tel, type) VALUES ('123729193708109559', '任静', '任静', true, '83', '17691657625', 0);
INSERT INTO Resident (account, building, unit, room) VALUES ('123729193708109559', 36, 4, 902);
INSERT INTO User (account, username, name, sex, age, tel, type) VALUES ('443171193206181522', '欧圣奇', '欧圣奇', true, '88', '15734171409', 0);
INSERT INTO Resident (account, building, unit, room) VALUES ('443171193206181522', 54, 1, 304);
INSERT INTO User (account, username, name, sex, age, tel, type) VALUES ('211115201408311747', '尚可中', '尚可中', true, '6', '18327303896', 0);
INSERT INTO Resident (account, building, unit, room) VALUES ('211115201408311747', 93, 9, 606);
INSERT INTO User (account, username, name, sex, age, tel, type) VALUES ('372128192807125928', '宫赛飞', '宫赛飞', false, '92', '13887085433', 0);
INSERT INTO Resident (account, building, unit, room) VALUES ('372128192807125928', 16, 5, 2606);
INSERT INTO User (account, username, name, sex, age, tel, type) VALUES ('540975201201218587', '文宇', '文宇', true, '8', '18710975932', 0);
INSERT INTO Resident (account, building, unit, room) VALUES ('540975201201218587', 85, 6, 1601);
INSERT INTO User (account, username, name, sex, age, tel, type) VALUES ('454875196209108309', '孟杰炎', '孟杰炎', false, '58', '19967548005', 0);
INSERT INTO Resident (account, building, unit, room) VALUES ('454875196209108309', 94, 7, 202);
INSERT INTO User (account, username, name, sex, age, tel, type) VALUES ('23230819330526705X', '鲁家馨', '鲁家馨', true, '87', '15657925885', 0);
INSERT INTO Resident (account, building, unit, room) VALUES ('23230819330526705X', 56, 2, 2401);
INSERT INTO User (account, username, name, sex, age, tel, type) VALUES ('541532201102244935', '商翔昕', '商翔昕', false, '9', '19574006912', 0);
INSERT INTO Resident (account, building, unit, room) VALUES ('541532201102244935', 74, 3, 2001);
INSERT INTO User (account, username, name, sex, age, tel, type) VALUES ('504244195502122023', '葛昕', '葛昕', false, '65', '18635403756', 0);
INSERT INTO Resident (account, building, unit, room) VALUES ('504244195502122023', 39, 10, 1005);
INSERT INTO User (account, username, name, sex, age, tel, type) VALUES ('421973196808117572', '裴令圣', '裴令圣', true, '52', '18483919269', 0);
INSERT INTO Resident (account, building, unit, room) VALUES ('421973196808117572', 66, 1, 1902);
INSERT INTO User (account, username, name, sex, age, tel, type) VALUES ('412977201103130105', '吴可馨', '吴可馨', true, '9', '19773540617', 0);
INSERT INTO Resident (account, building, unit, room) VALUES ('412977201103130105', 100, 4, 2804);
INSERT INTO User (account, username, name, sex, age, tel, type) VALUES ('622303200812318013', '武萱晓', '武萱晓', true, '12', '13356464975', 0);
INSERT INTO Resident (account, building, unit, room) VALUES ('622303200812318013', 58, 10, 502);
INSERT INTO User (account, username, name, sex, age, tel, type) VALUES ('344986199205072932', '毕睿英', '毕睿英', false, '28', '15084727703', 0);
INSERT INTO Resident (account, building, unit, room) VALUES ('344986199205072932', 22, 8, 1305);
INSERT INTO User (account, username, name, sex, age, tel, type) VALUES ('422931201111188420', '审家', '审家', true, '9', '18517510179', 0);
INSERT INTO Resident (account, building, unit, room) VALUES ('422931201111188420', 18, 5, 1901);
INSERT INTO User (account, username, name, sex, age, tel, type) VALUES ('420391195411183649', '傅锐', '傅锐', true, '66', '16637869358', 0);
INSERT INTO Resident (account, building, unit, room) VALUES ('420391195411183649', 93, 6, 2406);
INSERT INTO User (account, username, name, sex, age, tel, type) VALUES ('541014196903031214', '史帆本', '史帆本', false, '51', '13399518169', 0);
INSERT INTO Resident (account, building, unit, room) VALUES ('541014196903031214', 73, 1, 2106);
INSERT INTO User (account, username, name, sex, age, tel, type) VALUES ('530941194903302092', '周一', '周一', true, '71', '18840568139', 0);
INSERT INTO Resident (account, building, unit, room) VALUES ('530941194903302092', 21, 9, 502);
INSERT INTO User (account, username, name, sex, age, tel, type) VALUES ('534607195501010107', '董思源', '董思源', false, '65', '18850700449', 0);
INSERT INTO Resident (account, building, unit, room) VALUES ('534607195501010107', 37, 4, 2104);
INSERT INTO User (account, username, name, sex, age, tel, type) VALUES ('350548192711176531', '寻牧颖', '寻牧颖', false, '93', '19167876158', 0);
INSERT INTO Resident (account, building, unit, room) VALUES ('350548192711176531', 81, 6, 2703);
INSERT INTO User (account, username, name, sex, age, tel, type) VALUES ('31011419601219023X', '黄敏润', '黄敏润', false, '60', '15588424347', 0);
INSERT INTO Resident (account, building, unit, room) VALUES ('31011419601219023X', 57, 1, 2103);
INSERT INTO User (account, username, name, sex, age, tel, type) VALUES ('501892193102175139', '童雅', '童雅', false, '89', '14573168674', 0);
INSERT INTO Resident (account, building, unit, room) VALUES ('501892193102175139', 27, 1, 702);
INSERT INTO User (account, username, name, sex, age, tel, type) VALUES ('642076199309144620', '钱伟', '钱伟', true, '27', '15588840605', 0);
INSERT INTO Resident (account, building, unit, room) VALUES ('642076199309144620', 79, 10, 1404);
INSERT INTO User (account, username, name, sex, age, tel, type) VALUES ('372557193303108061', '陈毅力', '陈毅力', true, '87', '13361355225', 0);
INSERT INTO Resident (account, building, unit, room) VALUES ('372557193303108061', 92, 5, 1405);
INSERT INTO User (account, username, name, sex, age, tel, type) VALUES ('711912196809220983', '周飞静', '周飞静', false, '52', '19974194942', 0);
INSERT INTO Resident (account, building, unit, room) VALUES ('711912196809220983', 90, 10, 2105);
INSERT INTO User (account, username, name, sex, age, tel, type) VALUES ('231867192701161577', '邵家腾', '邵家腾', false, '93', '13225132138', 0);
INSERT INTO Resident (account, building, unit, room) VALUES ('231867192701161577', 28, 1, 2505);
INSERT INTO User (account, username, name, sex, age, tel, type) VALUES ('323781196103141615', '范宜兰', '范宜兰', true, '59', '13345351680', 0);
INSERT INTO Resident (account, building, unit, room) VALUES ('323781196103141615', 39, 10, 1905);
INSERT INTO User (account, username, name, sex, age, tel, type) VALUES ('314704200112017447', '江龙睿', '江龙睿', true, '19', '19913988010', 0);
INSERT INTO Resident (account, building, unit, room) VALUES ('314704200112017447', 59, 9, 1101);
INSERT INTO User (account, username, name, sex, age, tel, type) VALUES ('45485920120222426X', '巩炎', '巩炎', true, '8', '19308029939', 0);
INSERT INTO Resident (account, building, unit, room) VALUES ('45485920120222426X', 73, 8, 1004);
INSERT INTO User (account, username, name, sex, age, tel, type) VALUES ('113011192301313017', '许可', '许可', false, '97', '15967031295', 0);
INSERT INTO Resident (account, building, unit, room) VALUES ('113011192301313017', 2, 3, 806);
INSERT INTO User (account, username, name, sex, age, tel, type) VALUES ('41122219560615323X', '山航', '山航', true, '64', '15272995654', 0);
INSERT INTO Resident (account, building, unit, room) VALUES ('41122219560615323X', 51, 9, 2401);
INSERT INTO User (account, username, name, sex, age, tel, type) VALUES ('620766199412172906', '寻萱', '寻萱', false, '26', '15020436610', 0);
INSERT INTO Resident (account, building, unit, room) VALUES ('620766199412172906', 28, 9, 2705);
INSERT INTO User (account, username, name, sex, age, tel, type) VALUES ('811252201109288436', '陈振铭', '陈振铭', true, '9', '19712361711', 0);
INSERT INTO Resident (account, building, unit, room) VALUES ('811252201109288436', 90, 9, 2505);
INSERT INTO User (account, username, name, sex, age, tel, type) VALUES ('822591196005018639', '权杰萌', '权杰萌', true, '60', '19095730966', 0);
INSERT INTO Resident (account, building, unit, room) VALUES ('822591196005018639', 75, 4, 2505);
INSERT INTO User (account, username, name, sex, age, tel, type) VALUES ('652125193909059892', '任琦硕', '任琦硕', true, '81', '15372566200', 0);
INSERT INTO Resident (account, building, unit, room) VALUES ('652125193909059892', 9, 8, 2405);
INSERT INTO User (account, username, name, sex, age, tel, type) VALUES ('654240196706103669', '岳飞', '岳飞', false, '53', '19275896929', 1);
INSERT INTO Committee (account, in_date, is_admin) VALUES ('654240196706103669', '19960810', false);
INSERT INTO User (account, username, name, sex, age, tel, type) VALUES ('714822199011110594', '安颖朋', '安颖朋', false, '30', '18390672008', 0);
INSERT INTO Resident (account, building, unit, room) VALUES ('714822199011110594', 30, 4, 2203);
INSERT INTO User (account, username, name, sex, age, tel, type) VALUES ('534224195804116029', '齐奕诺', '齐奕诺', false, '62', '15972819863', 0);
INSERT INTO Resident (account, building, unit, room) VALUES ('534224195804116029', 59, 2, 2902);
INSERT INTO User (account, username, name, sex, age, tel, type) VALUES ('643945192709286782', '江瀚润', '江瀚润', true, '93', '18684885003', 0);
INSERT INTO Resident (account, building, unit, room) VALUES ('643945192709286782', 13, 5, 1903);
INSERT INTO User (account, username, name, sex, age, tel, type) VALUES ('814008198005302362', '臧新', '臧新', true, '40', '15244453924', 0);
INSERT INTO Resident (account, building, unit, room) VALUES ('814008198005302362', 16, 7, 1204);
/* 共生成用户500个*/

/* 建立Health信息 */
INSERT INTO Health (id, account, last_date, last_time, temperature) VALUES (0, '530911194512063279', '20200514', '15:21:19', 35.1);
INSERT INTO Health (id, account, last_date, last_time, temperature) VALUES (1, '515080192612038372', '20200524', '11:56:43', 35.3);
INSERT INTO Health (id, account, last_date, last_time, temperature) VALUES (2, '341705195407318772', '20200317', '02:32:46', 36.8);
INSERT INTO Health (id, account, last_date, last_time, temperature) VALUES (3, '65278319270904492X', '20200416', '11:00:49', 37.4);
INSERT INTO Health (id, account, last_date, last_time, temperature) VALUES (4, '452935192904041221', '20200324', '13:03:18', 36.1);
INSERT INTO Health (id, account, last_date, last_time, temperature) VALUES (5, '141746196109090087', '20200219', '15:04:21', 36.9);
INSERT INTO Health (id, account, last_date, last_time, temperature) VALUES (6, '451326198709227422', '20200429', '01:25:21', 35.4);
INSERT INTO Health (id, account, last_date, last_time, temperature) VALUES (7, '632431194204304749', '20200531', '08:29:59', 35.7);
INSERT INTO Health (id, account, last_date, last_time, temperature) VALUES (8, '643239200507131002', '20200216', '06:37:27', 37.3);
INSERT INTO Health (id, account, last_date, last_time, temperature) VALUES (9, '512666197311232008', '20200205', '16:50:49', 36);
INSERT INTO Health (id, account, last_date, last_time, temperature) VALUES (10, '411923199701225390', '20200521', '06:33:14', 36.5);
INSERT INTO Health (id, account, last_date, last_time, temperature) VALUES (11, '344773196003228534', '20200531', '22:39:24', 35.1);
INSERT INTO Health (id, account, last_date, last_time, temperature) VALUES (12, '500866201209010778', '20200415', '02:51:49', 35.5);
INSERT INTO Health (id, account, last_date, last_time, temperature) VALUES (13, '131349197310242414', '20200302', '21:02:41', 35.1);
INSERT INTO Health (id, account, last_date, last_time, temperature) VALUES (14, '511504199304108016', '20200302', '02:30:39', 35.1);
INSERT INTO Health (id, account, last_date, last_time, temperature) VALUES (15, '621063199209135570', '20200327', '05:42:52', 35);
INSERT INTO Health (id, account, last_date, last_time, temperature) VALUES (16, '232398198412062428', '20200328', '00:16:25', 36.4);
INSERT INTO Health (id, account, last_date, last_time, temperature) VALUES (17, '363869197002266304', '20200416', '08:23:08', 37.3);
INSERT INTO Health (id, account, last_date, last_time, temperature) VALUES (18, '533184195704053127', '20200527', '21:57:43', 35.4);
INSERT INTO Health (id, account, last_date, last_time, temperature) VALUES (19, '231277198812174332', '20200321', '05:47:08', 35.9);
INSERT INTO Health (id, account, last_date, last_time, temperature) VALUES (20, '122323194201126297', '20200224', '17:04:30', 35.3);
INSERT INTO Health (id, account, last_date, last_time, temperature) VALUES (21, '421574201007132835', '20200221', '15:34:18', 36.4);
INSERT INTO Health (id, account, last_date, last_time, temperature) VALUES (22, '223571194909093696', '20200303', '23:01:39', 36.3);
INSERT INTO Health (id, account, last_date, last_time, temperature) VALUES (23, '530718200009281953', '20200204', '14:29:35', 35.7);
INSERT INTO Health (id, account, last_date, last_time, temperature) VALUES (24, '652870193211163218', '20200520', '22:32:48', 36.7);
INSERT INTO Health (id, account, last_date, last_time, temperature) VALUES (25, '610699197504139871', '20200324', '03:42:52', 35.4);
INSERT INTO Health (id, account, last_date, last_time, temperature) VALUES (26, '621810193211211685', '20200211', '07:16:09', 36.2);
INSERT INTO Health (id, account, last_date, last_time, temperature) VALUES (27, '223415200106207158', '20200318', '07:05:33', 36.1);
INSERT INTO Health (id, account, last_date, last_time, temperature) VALUES (28, '131358199702059368', '20200531', '20:16:19', 36.1);
INSERT INTO Health (id, account, last_date, last_time, temperature) VALUES (29, '522507198102042204', '20200226', '12:36:33', 36.8);
INSERT INTO Health (id, account, last_date, last_time, temperature) VALUES (30, '234338192605121781', '20200502', '14:54:56', 35.9);
INSERT INTO Health (id, account, last_date, last_time, temperature) VALUES (31, '464972194308258256', '20200217', '10:03:03', 37.2);
INSERT INTO Health (id, account, last_date, last_time, temperature) VALUES (32, '411117200005240899', '20200529', '06:39:16', 37.4);
INSERT INTO Health (id, account, last_date, last_time, temperature) VALUES (33, '825013196007275197', '20200304', '10:15:01', 37);
INSERT INTO Health (id, account, last_date, last_time, temperature) VALUES (34, '323927194609302885', '20200418', '05:48:24', 37.2);
INSERT INTO Health (id, account, last_date, last_time, temperature) VALUES (35, '33447719530904546X', '20200331', '21:02:08', 36.9);
INSERT INTO Health (id, account, last_date, last_time, temperature) VALUES (36, '462740198001064050', '20200219', '19:18:22', 35.9);
INSERT INTO Health (id, account, last_date, last_time, temperature) VALUES (37, '502898195005081897', '20200304', '04:36:20', 35.9);
INSERT INTO Health (id, account, last_date, last_time, temperature) VALUES (38, '142340201305044586', '20200420', '02:10:38', 35.7);
INSERT INTO Health (id, account, last_date, last_time, temperature) VALUES (39, '532351193203205055', '20200325', '09:23:16', 35.6);
INSERT INTO Health (id, account, last_date, last_time, temperature) VALUES (40, '410732199407188889', '20200205', '10:45:17', 35.1);
INSERT INTO Health (id, account, last_date, last_time, temperature) VALUES (41, '143567192409105397', '20200502', '03:03:47', 35.1);
INSERT INTO Health (id, account, last_date, last_time, temperature) VALUES (42, '134522200601021482', '20200330', '13:59:01', 36.9);
INSERT INTO Health (id, account, last_date, last_time, temperature) VALUES (43, '461737197404269044', '20200517', '13:01:07', 37.2);
INSERT INTO Health (id, account, last_date, last_time, temperature) VALUES (44, '464143197607063383', '20200311', '12:34:38', 37);
INSERT INTO Health (id, account, last_date, last_time, temperature) VALUES (45, '433920192805068149', '20200530', '23:39:25', 36.4);
INSERT INTO Health (id, account, last_date, last_time, temperature) VALUES (46, '650950193403043158', '20200413', '00:36:13', 37.3);
INSERT INTO Health (id, account, last_date, last_time, temperature) VALUES (47, '531992201005031241', '20200210', '11:33:02', 35.8);
INSERT INTO Health (id, account, last_date, last_time, temperature) VALUES (48, '363957198007296796', '20200522', '17:44:32', 37);
INSERT INTO Health (id, account, last_date, last_time, temperature) VALUES (49, '423141198301104989', '20200420', '00:33:35', 36.9);
INSERT INTO Health (id, account, last_date, last_time, temperature) VALUES (50, '441065200812296490', '20200402', '01:08:07', 37.3);
INSERT INTO Health (id, account, last_date, last_time, temperature) VALUES (51, '823645192511017358', '20200516', '17:39:16', 35.1);
INSERT INTO Health (id, account, last_date, last_time, temperature) VALUES (52, '150234194909158655', '20200203', '09:57:11', 35.5);
INSERT INTO Health (id, account, last_date, last_time, temperature) VALUES (53, '443129200305051892', '20200522', '22:20:12', 36.2);
INSERT INTO Health (id, account, last_date, last_time, temperature) VALUES (54, '220898192608166811', '20200517', '10:04:57', 36.9);
INSERT INTO Health (id, account, last_date, last_time, temperature) VALUES (55, '821048200608090632', '20200204', '16:18:30', 35.9);
INSERT INTO Health (id, account, last_date, last_time, temperature) VALUES (56, '374958194110085519', '20200413', '04:10:35', 37);
INSERT INTO Health (id, account, last_date, last_time, temperature) VALUES (57, '412336199903236283', '20200407', '17:01:28', 37.4);
INSERT INTO Health (id, account, last_date, last_time, temperature) VALUES (58, '221790198707010847', '20200223', '09:47:14', 35.7);
INSERT INTO Health (id, account, last_date, last_time, temperature) VALUES (59, '334694196612180066', '20200518', '08:26:43', 36.5);
INSERT INTO Health (id, account, last_date, last_time, temperature) VALUES (60, '153469200011164225', '20200311', '09:06:17', 35.6);
INSERT INTO Health (id, account, last_date, last_time, temperature) VALUES (61, '352060192512018500', '20200226', '00:19:39', 35);
INSERT INTO Health (id, account, last_date, last_time, temperature) VALUES (62, '543826196602181339', '20200316', '14:38:03', 35.3);
INSERT INTO Health (id, account, last_date, last_time, temperature) VALUES (63, '124893197002049167', '20200305', '01:56:27', 35.1);
INSERT INTO Health (id, account, last_date, last_time, temperature) VALUES (64, '462446198707078793', '20200516', '09:50:52', 35.7);
INSERT INTO Health (id, account, last_date, last_time, temperature) VALUES (65, '321098199812266050', '20200215', '12:39:42', 35.5);
INSERT INTO Health (id, account, last_date, last_time, temperature) VALUES (66, '324672198412126341', '20200504', '03:09:22', 35.8);
INSERT INTO Health (id, account, last_date, last_time, temperature) VALUES (67, '823221197607018978', '20200330', '03:52:02', 35.5);
INSERT INTO Health (id, account, last_date, last_time, temperature) VALUES (68, '353465201312264118', '20200424', '12:21:45', 36);
INSERT INTO Health (id, account, last_date, last_time, temperature) VALUES (69, '311459196806282631', '20200405', '05:36:20', 35.3);
INSERT INTO Health (id, account, last_date, last_time, temperature) VALUES (70, '463010194411128893', '20200331', '23:55:02', 36.1);
INSERT INTO Health (id, account, last_date, last_time, temperature) VALUES (71, '521553196110035908', '20200227', '21:21:53', 35.7);
INSERT INTO Health (id, account, last_date, last_time, temperature) VALUES (72, '114821195010200682', '20200327', '18:00:59', 36.8);
INSERT INTO Health (id, account, last_date, last_time, temperature) VALUES (73, '611847195301265343', '20200526', '03:52:22', 35.7);
INSERT INTO Health (id, account, last_date, last_time, temperature) VALUES (74, '212027194204160997', '20200210', '17:45:20', 36.8);
INSERT INTO Health (id, account, last_date, last_time, temperature) VALUES (75, '411736195601087982', '20200205', '08:36:47', 36.1);
INSERT INTO Health (id, account, last_date, last_time, temperature) VALUES (76, '531112198012017821', '20200307', '19:38:42', 36.5);
INSERT INTO Health (id, account, last_date, last_time, temperature) VALUES (77, '344608193808314640', '20200307', '14:00:06', 35.9);
INSERT INTO Health (id, account, last_date, last_time, temperature) VALUES (78, '642021201210167255', '20200401', '02:06:58', 36.6);
INSERT INTO Health (id, account, last_date, last_time, temperature) VALUES (79, '824196200206050668', '20200517', '20:37:36', 35.2);
INSERT INTO Health (id, account, last_date, last_time, temperature) VALUES (80, '424762200705176246', '20200314', '22:52:34', 36.7);
INSERT INTO Health (id, account, last_date, last_time, temperature) VALUES (81, '524905200202126431', '20200530', '21:42:42', 35.7);
INSERT INTO Health (id, account, last_date, last_time, temperature) VALUES (82, '512858197806042436', '20200311', '02:55:59', 37.1);
INSERT INTO Health (id, account, last_date, last_time, temperature) VALUES (83, '151858200301258619', '20200331', '17:58:09', 35.7);
INSERT INTO Health (id, account, last_date, last_time, temperature) VALUES (84, '14239919500917280X', '20200301', '05:34:20', 35);
INSERT INTO Health (id, account, last_date, last_time, temperature) VALUES (85, '612124200006181116', '20200401', '02:58:22', 35.4);
INSERT INTO Health (id, account, last_date, last_time, temperature) VALUES (86, '622095199907205372', '20200316', '17:55:24', 37.3);
INSERT INTO Health (id, account, last_date, last_time, temperature) VALUES (87, '152121195603165648', '20200215', '07:42:53', 35.2);
INSERT INTO Health (id, account, last_date, last_time, temperature) VALUES (88, '82179819670322647X', '20200309', '06:27:15', 36.1);
INSERT INTO Health (id, account, last_date, last_time, temperature) VALUES (89, '414560195302075429', '20200222', '11:35:56', 37.4);
INSERT INTO Health (id, account, last_date, last_time, temperature) VALUES (90, '504352197511134800', '20200210', '14:03:59', 36.8);
INSERT INTO Health (id, account, last_date, last_time, temperature) VALUES (91, '714770196202260595', '20200409', '05:31:48', 35.2);
INSERT INTO Health (id, account, last_date, last_time, temperature) VALUES (92, '152828196407253823', '20200403', '18:48:31', 36.4);
INSERT INTO Health (id, account, last_date, last_time, temperature) VALUES (93, '152125195510239900', '20200210', '00:34:58', 35.2);
INSERT INTO Health (id, account, last_date, last_time, temperature) VALUES (94, '352385193611045735', '20200219', '02:19:23', 36.5);
INSERT INTO Health (id, account, last_date, last_time, temperature) VALUES (95, '430509193902278295', '20200429', '13:42:15', 37.2);
INSERT INTO Health (id, account, last_date, last_time, temperature) VALUES (96, '642818193903264592', '20200525', '01:04:25', 37.1);
INSERT INTO Health (id, account, last_date, last_time, temperature) VALUES (97, '312982195908101832', '20200427', '11:43:11', 36.5);
INSERT INTO Health (id, account, last_date, last_time, temperature) VALUES (98, '360363197101101480', '20200203', '14:38:12', 36.2);
INSERT INTO Health (id, account, last_date, last_time, temperature) VALUES (99, '111990193405209749', '20200312', '05:50:05', 36.9);
INSERT INTO Health (id, account, last_date, last_time, temperature) VALUES (100, '533967195907140364', '20200319', '18:48:36', 36.9);
INSERT INTO Health (id, account, last_date, last_time, temperature) VALUES (101, '520599193703145127', '20200529', '03:25:44', 36.3);
INSERT INTO Health (id, account, last_date, last_time, temperature) VALUES (102, '371750199508241924', '20200309', '15:08:35', 36);
INSERT INTO Health (id, account, last_date, last_time, temperature) VALUES (103, '653608200011288559', '20200422', '22:36:58', 36.3);
INSERT INTO Health (id, account, last_date, last_time, temperature) VALUES (104, '533869197907233198', '20200428', '23:43:40', 35.2);
INSERT INTO Health (id, account, last_date, last_time, temperature) VALUES (105, '44118919730403065X', '20200409', '07:28:40', 37.1);
INSERT INTO Health (id, account, last_date, last_time, temperature) VALUES (106, '54354719860703666X', '20200406', '00:54:27', 36.3);
INSERT INTO Health (id, account, last_date, last_time, temperature) VALUES (107, '463793201202196440', '20200301', '15:27:23', 37.3);
INSERT INTO Health (id, account, last_date, last_time, temperature) VALUES (108, '530192193908073598', '20200226', '06:22:18', 36.3);
INSERT INTO Health (id, account, last_date, last_time, temperature) VALUES (109, '224943200303202033', '20200226', '08:17:07', 36.4);
INSERT INTO Health (id, account, last_date, last_time, temperature) VALUES (110, '310363196106211352', '20200507', '08:12:56', 36.8);
INSERT INTO Health (id, account, last_date, last_time, temperature) VALUES (111, '715075196101267998', '20200528', '02:20:50', 37.1);
INSERT INTO Health (id, account, last_date, last_time, temperature) VALUES (112, '350903198707109614', '20200524', '08:37:41', 36.9);
INSERT INTO Health (id, account, last_date, last_time, temperature) VALUES (113, '540159197504048183', '20200528', '14:56:38', 36.5);
INSERT INTO Health (id, account, last_date, last_time, temperature) VALUES (114, '423529197501104511', '20200209', '06:21:42', 35.2);
INSERT INTO Health (id, account, last_date, last_time, temperature) VALUES (115, '343453201411020972', '20200416', '13:58:18', 35.6);
INSERT INTO Health (id, account, last_date, last_time, temperature) VALUES (116, '52084719570126619X', '20200319', '20:07:57', 36.8);
INSERT INTO Health (id, account, last_date, last_time, temperature) VALUES (117, '320649198805237217', '20200315', '01:56:55', 35.3);
INSERT INTO Health (id, account, last_date, last_time, temperature) VALUES (118, '153836201007114218', '20200408', '11:38:06', 35.5);
INSERT INTO Health (id, account, last_date, last_time, temperature) VALUES (119, '422415197012201597', '20200214', '02:02:44', 35.6);
INSERT INTO Health (id, account, last_date, last_time, temperature) VALUES (120, '353528197909073547', '20200220', '20:53:03', 35);
INSERT INTO Health (id, account, last_date, last_time, temperature) VALUES (121, '360346196612226673', '20200329', '08:38:09', 35.7);
INSERT INTO Health (id, account, last_date, last_time, temperature) VALUES (122, '421640198008108406', '20200222', '23:23:32', 35.9);
INSERT INTO Health (id, account, last_date, last_time, temperature) VALUES (123, '503321200305256108', '20200310', '06:40:06', 35.2);
INSERT INTO Health (id, account, last_date, last_time, temperature) VALUES (124, '423233196910217034', '20200509', '07:42:34', 37.2);
INSERT INTO Health (id, account, last_date, last_time, temperature) VALUES (125, '714472195709259587', '20200210', '13:17:45', 37.3);
INSERT INTO Health (id, account, last_date, last_time, temperature) VALUES (126, '460611199804239880', '20200521', '18:15:10', 35.7);
INSERT INTO Health (id, account, last_date, last_time, temperature) VALUES (127, '234347196509213950', '20200217', '12:39:51', 36.6);
INSERT INTO Health (id, account, last_date, last_time, temperature) VALUES (128, '223592198804251646', '20200515', '20:35:10', 36.2);
INSERT INTO Health (id, account, last_date, last_time, temperature) VALUES (129, '152602194412283621', '20200301', '22:30:37', 36.8);
INSERT INTO Health (id, account, last_date, last_time, temperature) VALUES (130, '323941193807125863', '20200302', '04:26:54', 36.6);
INSERT INTO Health (id, account, last_date, last_time, temperature) VALUES (131, '45300119441124551X', '20200328', '03:16:23', 37.3);
INSERT INTO Health (id, account, last_date, last_time, temperature) VALUES (132, '512723198508060414', '20200507', '04:43:11', 37.3);
INSERT INTO Health (id, account, last_date, last_time, temperature) VALUES (133, '622422198009304867', '20200227', '20:57:32', 35.1);
INSERT INTO Health (id, account, last_date, last_time, temperature) VALUES (134, '314688194301118312', '20200316', '04:45:39', 35.9);
INSERT INTO Health (id, account, last_date, last_time, temperature) VALUES (135, '534684195705230530', '20200225', '02:18:47', 35.1);
INSERT INTO Health (id, account, last_date, last_time, temperature) VALUES (136, '811660197705291668', '20200505', '07:59:38', 37.4);
INSERT INTO Health (id, account, last_date, last_time, temperature) VALUES (137, '712991200711260378', '20200413', '07:05:58', 35.8);
INSERT INTO Health (id, account, last_date, last_time, temperature) VALUES (138, '612285197104199839', '20200217', '12:48:38', 35.1);
INSERT INTO Health (id, account, last_date, last_time, temperature) VALUES (139, '710195200503126639', '20200420', '03:10:26', 36.3);
INSERT INTO Health (id, account, last_date, last_time, temperature) VALUES (140, '462229194305197964', '20200216', '20:50:50', 35.1);
INSERT INTO Health (id, account, last_date, last_time, temperature) VALUES (141, '232094194105031776', '20200425', '06:42:36', 36);
INSERT INTO Health (id, account, last_date, last_time, temperature) VALUES (142, '413036198704040652', '20200211', '02:14:37', 37.1);
INSERT INTO Health (id, account, last_date, last_time, temperature) VALUES (143, '543919198209136779', '20200401', '12:55:53', 36.1);
INSERT INTO Health (id, account, last_date, last_time, temperature) VALUES (144, '542764198709177736', '20200307', '13:17:16', 36.1);
INSERT INTO Health (id, account, last_date, last_time, temperature) VALUES (145, '822133196401133604', '20200226', '03:33:37', 35.7);
INSERT INTO Health (id, account, last_date, last_time, temperature) VALUES (146, '632860200309172759', '20200211', '07:56:34', 37.3);
INSERT INTO Health (id, account, last_date, last_time, temperature) VALUES (147, '112708197604020330', '20200206', '05:50:42', 35.3);
INSERT INTO Health (id, account, last_date, last_time, temperature) VALUES (148, '51407319370902445X', '20200411', '00:40:34', 35.3);
INSERT INTO Health (id, account, last_date, last_time, temperature) VALUES (149, '314511193301255719', '20200209', '12:26:01', 36.9);
INSERT INTO Health (id, account, last_date, last_time, temperature) VALUES (150, '45192619890510230X', '20200211', '10:33:29', 36);
INSERT INTO Health (id, account, last_date, last_time, temperature) VALUES (151, '643822198305020018', '20200327', '16:31:43', 36.7);
INSERT INTO Health (id, account, last_date, last_time, temperature) VALUES (152, '224950197012308752', '20200522', '14:30:15', 35.1);
INSERT INTO Health (id, account, last_date, last_time, temperature) VALUES (153, '23098520090805050X', '20200528', '18:12:37', 35.1);
INSERT INTO Health (id, account, last_date, last_time, temperature) VALUES (154, '331487200901235054', '20200205', '21:14:25', 36.6);
INSERT INTO Health (id, account, last_date, last_time, temperature) VALUES (155, '133525193701251278', '20200221', '12:05:52', 35.9);
INSERT INTO Health (id, account, last_date, last_time, temperature) VALUES (156, '513802199602043632', '20200303', '07:00:32', 36);
INSERT INTO Health (id, account, last_date, last_time, temperature) VALUES (157, '460322197906189263', '20200218', '13:56:16', 36.4);
INSERT INTO Health (id, account, last_date, last_time, temperature) VALUES (158, '330988199108237013', '20200320', '14:39:42', 36);
INSERT INTO Health (id, account, last_date, last_time, temperature) VALUES (159, '63272819410828564X', '20200301', '00:08:15', 37.1);
INSERT INTO Health (id, account, last_date, last_time, temperature) VALUES (160, '813179195406159269', '20200505', '19:49:23', 35.1);
INSERT INTO Health (id, account, last_date, last_time, temperature) VALUES (161, '65136520000707702X', '20200531', '13:22:14', 36.8);
INSERT INTO Health (id, account, last_date, last_time, temperature) VALUES (162, '374145194002099674', '20200524', '22:03:00', 35.6);
INSERT INTO Health (id, account, last_date, last_time, temperature) VALUES (163, '453398193003041830', '20200303', '13:05:06', 36.4);
INSERT INTO Health (id, account, last_date, last_time, temperature) VALUES (164, '51483119391201048X', '20200331', '10:18:47', 35.2);
INSERT INTO Health (id, account, last_date, last_time, temperature) VALUES (165, '532969199102205790', '20200313', '17:41:00', 36.5);
INSERT INTO Health (id, account, last_date, last_time, temperature) VALUES (166, '14409119631208284X', '20200208', '05:15:24', 36.4);
INSERT INTO Health (id, account, last_date, last_time, temperature) VALUES (167, '514337197403298769', '20200408', '11:40:44', 37);
INSERT INTO Health (id, account, last_date, last_time, temperature) VALUES (168, '612947198705165617', '20200206', '19:14:16', 37.3);
INSERT INTO Health (id, account, last_date, last_time, temperature) VALUES (169, '124458194611279112', '20200304', '19:09:41', 37.5);
INSERT INTO Health (id, account, last_date, last_time, temperature) VALUES (170, '823452198203204155', '20200417', '03:46:09', 35.3);
INSERT INTO Health (id, account, last_date, last_time, temperature) VALUES (171, '124003197111168543', '20200514', '02:33:58', 35);
INSERT INTO Health (id, account, last_date, last_time, temperature) VALUES (172, '420459193603251058', '20200518', '07:22:19', 35.9);
INSERT INTO Health (id, account, last_date, last_time, temperature) VALUES (173, '643773201108235178', '20200217', '01:43:05', 35.9);
INSERT INTO Health (id, account, last_date, last_time, temperature) VALUES (174, '631364199710285125', '20200213', '08:24:03', 35.6);
INSERT INTO Health (id, account, last_date, last_time, temperature) VALUES (175, '344933194712313364', '20200325', '01:26:51', 35.7);
INSERT INTO Health (id, account, last_date, last_time, temperature) VALUES (176, '151410196101093763', '20200406', '06:14:18', 35.7);
INSERT INTO Health (id, account, last_date, last_time, temperature) VALUES (177, '541082195511010637', '20200228', '20:55:56', 36.2);
INSERT INTO Health (id, account, last_date, last_time, temperature) VALUES (178, '823937198604187194', '20200511', '19:51:42', 35.2);
INSERT INTO Health (id, account, last_date, last_time, temperature) VALUES (179, '311016199307210742', '20200409', '17:02:47', 36.7);
INSERT INTO Health (id, account, last_date, last_time, temperature) VALUES (180, '321554197109280129', '20200402', '00:41:12', 35.3);
INSERT INTO Health (id, account, last_date, last_time, temperature) VALUES (181, '323396198911245158', '20200505', '03:48:03', 35.8);
INSERT INTO Health (id, account, last_date, last_time, temperature) VALUES (182, '363139200404171466', '20200406', '13:01:47', 36.6);
INSERT INTO Health (id, account, last_date, last_time, temperature) VALUES (183, '222987195612070405', '20200325', '19:11:42', 36.2);
INSERT INTO Health (id, account, last_date, last_time, temperature) VALUES (184, '650145193111149421', '20200424', '20:39:06', 37.6);
INSERT INTO Health (id, account, last_date, last_time, temperature) VALUES (185, '430216198804240084', '20200224', '16:55:29', 35.3);
INSERT INTO Health (id, account, last_date, last_time, temperature) VALUES (186, '460439198903299579', '20200329', '14:34:30', 35.1);
INSERT INTO Health (id, account, last_date, last_time, temperature) VALUES (187, '714458196912234561', '20200507', '05:57:13', 37);
INSERT INTO Health (id, account, last_date, last_time, temperature) VALUES (188, '653820193202180029', '20200412', '04:02:34', 36.5);
INSERT INTO Health (id, account, last_date, last_time, temperature) VALUES (189, '410430200103185499', '20200210', '01:35:39', 37.3);
INSERT INTO Health (id, account, last_date, last_time, temperature) VALUES (190, '811465196704219067', '20200211', '22:51:05', 36.6);
INSERT INTO Health (id, account, last_date, last_time, temperature) VALUES (191, '813976193512206804', '20200424', '23:06:59', 35.4);
INSERT INTO Health (id, account, last_date, last_time, temperature) VALUES (192, '651284194706079488', '20200513', '06:43:19', 36.6);
INSERT INTO Health (id, account, last_date, last_time, temperature) VALUES (193, '634066195803075535', '20200427', '16:21:20', 37.2);
INSERT INTO Health (id, account, last_date, last_time, temperature) VALUES (194, '611792193604102567', '20200224', '13:32:22', 36.9);
INSERT INTO Health (id, account, last_date, last_time, temperature) VALUES (195, '713851196809267300', '20200220', '19:47:29', 37);
INSERT INTO Health (id, account, last_date, last_time, temperature) VALUES (196, '110750195002210347', '20200207', '19:01:30', 35);
INSERT INTO Health (id, account, last_date, last_time, temperature) VALUES (197, '233779194208233520', '20200424', '11:57:32', 37.4);
INSERT INTO Health (id, account, last_date, last_time, temperature) VALUES (198, '211233196803172476', '20200213', '02:56:12', 36.7);
INSERT INTO Health (id, account, last_date, last_time, temperature) VALUES (199, '460345200905287184', '20200331', '07:11:57', 35.5);
INSERT INTO Health (id, account, last_date, last_time, temperature) VALUES (200, '233601200012040866', '20200331', '19:42:26', 35.9);
INSERT INTO Health (id, account, last_date, last_time, temperature) VALUES (201, '412744200812031544', '20200320', '02:46:47', 36.3);
INSERT INTO Health (id, account, last_date, last_time, temperature) VALUES (202, '821165192409169424', '20200224', '07:51:08', 36.6);
INSERT INTO Health (id, account, last_date, last_time, temperature) VALUES (203, '81272419730927755X', '20200514', '21:11:13', 35.6);
INSERT INTO Health (id, account, last_date, last_time, temperature) VALUES (204, '633385198604296409', '20200428', '22:10:07', 35.6);
INSERT INTO Health (id, account, last_date, last_time, temperature) VALUES (205, '501714195106289956', '20200415', '23:32:26', 37.3);
INSERT INTO Health (id, account, last_date, last_time, temperature) VALUES (206, '41093720090914970X', '20200310', '02:03:28', 37.1);
INSERT INTO Health (id, account, last_date, last_time, temperature) VALUES (207, '614999196002034515', '20200205', '03:22:17', 36.5);
INSERT INTO Health (id, account, last_date, last_time, temperature) VALUES (208, '143901198312302647', '20200211', '11:38:05', 35.3);
INSERT INTO Health (id, account, last_date, last_time, temperature) VALUES (209, '810682197003093489', '20200331', '17:05:52', 36.6);
INSERT INTO Health (id, account, last_date, last_time, temperature) VALUES (210, '114584193410131690', '20200420', '12:09:30', 36.8);
INSERT INTO Health (id, account, last_date, last_time, temperature) VALUES (211, '414586200004270040', '20200204', '10:38:47', 36);
INSERT INTO Health (id, account, last_date, last_time, temperature) VALUES (212, '453787199006090401', '20200405', '20:22:13', 36.2);
INSERT INTO Health (id, account, last_date, last_time, temperature) VALUES (213, '214741194101212982', '20200410', '07:06:09', 35.7);
INSERT INTO Health (id, account, last_date, last_time, temperature) VALUES (214, '63108820080629906X', '20200519', '12:12:10', 36.1);
INSERT INTO Health (id, account, last_date, last_time, temperature) VALUES (215, '464893199710266037', '20200318', '17:39:05', 35.8);
INSERT INTO Health (id, account, last_date, last_time, temperature) VALUES (216, '361592193701302807', '20200330', '23:41:54', 36.2);
INSERT INTO Health (id, account, last_date, last_time, temperature) VALUES (217, '51499119921229001X', '20200412', '10:42:02', 37.4);
INSERT INTO Health (id, account, last_date, last_time, temperature) VALUES (218, '130525194301141855', '20200302', '20:50:27', 36.8);
INSERT INTO Health (id, account, last_date, last_time, temperature) VALUES (219, '232625201207096724', '20200322', '02:38:27', 37.4);
INSERT INTO Health (id, account, last_date, last_time, temperature) VALUES (220, '344104200210225590', '20200218', '05:00:12', 37.4);
INSERT INTO Health (id, account, last_date, last_time, temperature) VALUES (221, '514402193402032148', '20200218', '18:42:10', 36.2);
INSERT INTO Health (id, account, last_date, last_time, temperature) VALUES (222, '825064193102286535', '20200515', '18:03:45', 37.4);
INSERT INTO Health (id, account, last_date, last_time, temperature) VALUES (223, '821633192803317606', '20200206', '11:07:11', 35.7);
INSERT INTO Health (id, account, last_date, last_time, temperature) VALUES (224, '642534198211097213', '20200528', '05:54:16', 37.1);
INSERT INTO Health (id, account, last_date, last_time, temperature) VALUES (225, '520247192412168344', '20200325', '22:57:09', 37.3);
INSERT INTO Health (id, account, last_date, last_time, temperature) VALUES (226, '214277194201020333', '20200319', '15:04:40', 35.9);
INSERT INTO Health (id, account, last_date, last_time, temperature) VALUES (227, '642491199709049474', '20200209', '21:41:55', 36.3);
INSERT INTO Health (id, account, last_date, last_time, temperature) VALUES (228, '641254194706178767', '20200423', '09:56:53', 36.5);
INSERT INTO Health (id, account, last_date, last_time, temperature) VALUES (229, '441735198710144825', '20200519', '08:49:23', 35.9);
INSERT INTO Health (id, account, last_date, last_time, temperature) VALUES (230, '623391197310301791', '20200528', '11:53:21', 36.7);
INSERT INTO Health (id, account, last_date, last_time, temperature) VALUES (231, '441742195805296349', '20200509', '00:53:34', 36.2);
INSERT INTO Health (id, account, last_date, last_time, temperature) VALUES (232, '43494519550713212X', '20200401', '23:33:47', 36.4);
INSERT INTO Health (id, account, last_date, last_time, temperature) VALUES (233, '641487194305184258', '20200215', '06:06:41', 35.9);
INSERT INTO Health (id, account, last_date, last_time, temperature) VALUES (234, '614122198809063916', '20200418', '22:33:59', 35.2);
INSERT INTO Health (id, account, last_date, last_time, temperature) VALUES (235, '413984196608214384', '20200213', '12:18:37', 35.9);
INSERT INTO Health (id, account, last_date, last_time, temperature) VALUES (236, '464862199102119808', '20200407', '08:34:23', 37.2);
INSERT INTO Health (id, account, last_date, last_time, temperature) VALUES (237, '513635199607185216', '20200209', '17:13:19', 35.7);
INSERT INTO Health (id, account, last_date, last_time, temperature) VALUES (238, '541949199104235602', '20200411', '00:13:18', 36.8);
INSERT INTO Health (id, account, last_date, last_time, temperature) VALUES (239, '42218919481120470X', '20200207', '08:45:11', 37.3);
INSERT INTO Health (id, account, last_date, last_time, temperature) VALUES (240, '821108195203149648', '20200401', '12:43:08', 37);
INSERT INTO Health (id, account, last_date, last_time, temperature) VALUES (241, '620835195911306982', '20200327', '01:22:39', 35.1);
INSERT INTO Health (id, account, last_date, last_time, temperature) VALUES (242, '652439198508152054', '20200306', '16:20:14', 35.3);
INSERT INTO Health (id, account, last_date, last_time, temperature) VALUES (243, '640998192505097223', '20200406', '06:05:44', 35.5);
INSERT INTO Health (id, account, last_date, last_time, temperature) VALUES (244, '430112201403112597', '20200501', '03:47:54', 36);
INSERT INTO Health (id, account, last_date, last_time, temperature) VALUES (245, '611437195312067447', '20200326', '22:48:43', 35.3);
INSERT INTO Health (id, account, last_date, last_time, temperature) VALUES (246, '232401193111158065', '20200310', '23:11:00', 36.8);
INSERT INTO Health (id, account, last_date, last_time, temperature) VALUES (247, '230581198201289014', '20200426', '12:59:09', 37.2);
INSERT INTO Health (id, account, last_date, last_time, temperature) VALUES (248, '523089192606096011', '20200209', '13:38:46', 35.3);
INSERT INTO Health (id, account, last_date, last_time, temperature) VALUES (249, '43230119600710668X', '20200207', '16:00:22', 35.3);
INSERT INTO Health (id, account, last_date, last_time, temperature) VALUES (250, '443828199902087318', '20200302', '05:05:15', 37.4);
INSERT INTO Health (id, account, last_date, last_time, temperature) VALUES (251, '442881200104277099', '20200216', '03:19:56', 36.4);
INSERT INTO Health (id, account, last_date, last_time, temperature) VALUES (252, '345030195105039024', '20200316', '17:05:27', 36.7);
INSERT INTO Health (id, account, last_date, last_time, temperature) VALUES (253, '50103519340123226X', '20200218', '22:21:12', 36.8);
INSERT INTO Health (id, account, last_date, last_time, temperature) VALUES (254, '503040197102184269', '20200319', '02:35:48', 35.3);
INSERT INTO Health (id, account, last_date, last_time, temperature) VALUES (255, '813869196905301866', '20200316', '03:24:59', 35.7);
INSERT INTO Health (id, account, last_date, last_time, temperature) VALUES (256, '124967195602207290', '20200508', '17:24:21', 36.2);
INSERT INTO Health (id, account, last_date, last_time, temperature) VALUES (257, '412285198309016038', '20200526', '01:20:58', 36.8);
INSERT INTO Health (id, account, last_date, last_time, temperature) VALUES (258, '411218197012030396', '20200425', '06:09:46', 36.5);
INSERT INTO Health (id, account, last_date, last_time, temperature) VALUES (259, '442761197504225631', '20200213', '03:51:42', 35.5);
INSERT INTO Health (id, account, last_date, last_time, temperature) VALUES (260, '112569195908069399', '20200321', '11:15:56', 36.6);
INSERT INTO Health (id, account, last_date, last_time, temperature) VALUES (261, '321007193208186497', '20200206', '17:29:35', 35.5);
INSERT INTO Health (id, account, last_date, last_time, temperature) VALUES (262, '321672194906087757', '20200501', '08:26:57', 35.8);
INSERT INTO Health (id, account, last_date, last_time, temperature) VALUES (263, '151075197610050415', '20200328', '05:59:00', 35.4);
INSERT INTO Health (id, account, last_date, last_time, temperature) VALUES (264, '643126196603030234', '20200512', '23:00:21', 37.3);
INSERT INTO Health (id, account, last_date, last_time, temperature) VALUES (265, '320643194605184362', '20200228', '22:31:40', 35.9);
INSERT INTO Health (id, account, last_date, last_time, temperature) VALUES (266, '123680199605301940', '20200307', '09:55:41', 35.4);
INSERT INTO Health (id, account, last_date, last_time, temperature) VALUES (267, '500882197307047062', '20200304', '23:57:17', 37.4);
INSERT INTO Health (id, account, last_date, last_time, temperature) VALUES (268, '530241195011038682', '20200326', '07:46:39', 36.9);
INSERT INTO Health (id, account, last_date, last_time, temperature) VALUES (269, '373548192607297643', '20200407', '00:06:35', 35.5);
INSERT INTO Health (id, account, last_date, last_time, temperature) VALUES (270, '823736200203310678', '20200425', '10:23:39', 36.8);
INSERT INTO Health (id, account, last_date, last_time, temperature) VALUES (271, '143625195509103668', '20200530', '18:04:05', 35.2);
INSERT INTO Health (id, account, last_date, last_time, temperature) VALUES (272, '411104200803063952', '20200211', '02:47:27', 36.1);
INSERT INTO Health (id, account, last_date, last_time, temperature) VALUES (273, '211226199008080413', '20200419', '22:00:34', 35.2);
INSERT INTO Health (id, account, last_date, last_time, temperature) VALUES (274, '373281199904037706', '20200213', '08:35:54', 35);
INSERT INTO Health (id, account, last_date, last_time, temperature) VALUES (275, '464778193501240385', '20200513', '06:21:09', 36.3);
INSERT INTO Health (id, account, last_date, last_time, temperature) VALUES (276, '611131195701038361', '20200524', '23:24:23', 35.9);
INSERT INTO Health (id, account, last_date, last_time, temperature) VALUES (277, '453448199601201675', '20200204', '09:58:45', 36.9);
INSERT INTO Health (id, account, last_date, last_time, temperature) VALUES (278, '513074197706142321', '20200413', '06:26:27', 35.7);
INSERT INTO Health (id, account, last_date, last_time, temperature) VALUES (279, '313517193703049653', '20200406', '10:16:00', 36.8);
INSERT INTO Health (id, account, last_date, last_time, temperature) VALUES (280, '543887192608093432', '20200501', '07:52:05', 35.8);
INSERT INTO Health (id, account, last_date, last_time, temperature) VALUES (281, '333328200303130262', '20200302', '17:55:02', 36.8);
INSERT INTO Health (id, account, last_date, last_time, temperature) VALUES (282, '320843197907236950', '20200314', '11:49:04', 36.2);
INSERT INTO Health (id, account, last_date, last_time, temperature) VALUES (283, '413201195401033665', '20200524', '08:20:50', 36.3);
INSERT INTO Health (id, account, last_date, last_time, temperature) VALUES (284, '131492194304224086', '20200522', '10:47:33', 35.6);
INSERT INTO Health (id, account, last_date, last_time, temperature) VALUES (285, '640316201402109866', '20200222', '14:52:55', 37.1);
INSERT INTO Health (id, account, last_date, last_time, temperature) VALUES (286, '112179201012054136', '20200203', '22:40:31', 35.2);
INSERT INTO Health (id, account, last_date, last_time, temperature) VALUES (287, '411943198902250446', '20200420', '06:53:48', 35);
INSERT INTO Health (id, account, last_date, last_time, temperature) VALUES (288, '133731200303179010', '20200505', '08:27:58', 37.4);
INSERT INTO Health (id, account, last_date, last_time, temperature) VALUES (289, '370803201407250063', '20200422', '00:36:04', 35.3);
INSERT INTO Health (id, account, last_date, last_time, temperature) VALUES (290, '511409193409146065', '20200509', '08:58:12', 36.6);
INSERT INTO Health (id, account, last_date, last_time, temperature) VALUES (291, '533556194010180831', '20200218', '05:37:48', 35.8);
INSERT INTO Health (id, account, last_date, last_time, temperature) VALUES (292, '52130919600828636X', '20200515', '00:26:03', 35.8);
INSERT INTO Health (id, account, last_date, last_time, temperature) VALUES (293, '814188193111040890', '20200317', '15:25:39', 35);
INSERT INTO Health (id, account, last_date, last_time, temperature) VALUES (294, '110568199904167400', '20200507', '17:47:17', 37.1);
INSERT INTO Health (id, account, last_date, last_time, temperature) VALUES (295, '824934193704015644', '20200227', '05:57:29', 37.3);
INSERT INTO Health (id, account, last_date, last_time, temperature) VALUES (296, '153563199602257438', '20200215', '04:24:31', 35);
INSERT INTO Health (id, account, last_date, last_time, temperature) VALUES (297, '330264198802205436', '20200509', '10:19:58', 36);
INSERT INTO Health (id, account, last_date, last_time, temperature) VALUES (298, '333664198504089543', '20200530', '09:16:56', 37.2);
INSERT INTO Health (id, account, last_date, last_time, temperature) VALUES (299, '452959200205319539', '20200413', '14:36:28', 35.2);
INSERT INTO Health (id, account, last_date, last_time, temperature) VALUES (300, '520864199901146577', '20200310', '18:06:47', 37);
INSERT INTO Health (id, account, last_date, last_time, temperature) VALUES (301, '213827200710043480', '20200201', '10:31:40', 36.5);
INSERT INTO Health (id, account, last_date, last_time, temperature) VALUES (302, '123592200010247169', '20200505', '23:37:57', 36.6);
INSERT INTO Health (id, account, last_date, last_time, temperature) VALUES (303, '502833199704284239', '20200416', '07:16:59', 35.4);
INSERT INTO Health (id, account, last_date, last_time, temperature) VALUES (304, '12357919940721569X', '20200413', '03:11:17', 35.8);
INSERT INTO Health (id, account, last_date, last_time, temperature) VALUES (305, '321746196701127590', '20200429', '23:17:54', 35.8);
INSERT INTO Health (id, account, last_date, last_time, temperature) VALUES (306, '412971196101037542', '20200504', '21:13:02', 35.7);
INSERT INTO Health (id, account, last_date, last_time, temperature) VALUES (307, '632494197803015529', '20200328', '18:53:09', 35.5);
INSERT INTO Health (id, account, last_date, last_time, temperature) VALUES (308, '622901194111246711', '20200213', '15:24:05', 36.4);
INSERT INTO Health (id, account, last_date, last_time, temperature) VALUES (309, '132211196001174491', '20200515', '09:56:47', 35.6);
INSERT INTO Health (id, account, last_date, last_time, temperature) VALUES (310, '52314220140927907X', '20200226', '09:17:45', 36.3);
INSERT INTO Health (id, account, last_date, last_time, temperature) VALUES (311, '220941200108106347', '20200409', '05:04:03', 37.4);
INSERT INTO Health (id, account, last_date, last_time, temperature) VALUES (312, '344814193008301810', '20200408', '21:41:01', 36.9);
INSERT INTO Health (id, account, last_date, last_time, temperature) VALUES (313, '220227197011141741', '20200527', '23:53:55', 35.8);
INSERT INTO Health (id, account, last_date, last_time, temperature) VALUES (314, '462167193102212055', '20200329', '20:13:33', 36.1);
INSERT INTO Health (id, account, last_date, last_time, temperature) VALUES (315, '821959194408093989', '20200417', '17:53:24', 35.8);
INSERT INTO Health (id, account, last_date, last_time, temperature) VALUES (316, '822406196112026417', '20200205', '07:01:55', 35.3);
INSERT INTO Health (id, account, last_date, last_time, temperature) VALUES (317, '814268194105130356', '20200205', '11:28:34', 35.8);
INSERT INTO Health (id, account, last_date, last_time, temperature) VALUES (318, '532609193302116894', '20200513', '14:28:19', 36.3);
INSERT INTO Health (id, account, last_date, last_time, temperature) VALUES (319, '320309197001065421', '20200519', '22:19:52', 35.7);
INSERT INTO Health (id, account, last_date, last_time, temperature) VALUES (320, '521572197205254294', '20200503', '11:21:14', 36.4);
INSERT INTO Health (id, account, last_date, last_time, temperature) VALUES (321, '232948192801153200', '20200206', '03:19:33', 37.4);
INSERT INTO Health (id, account, last_date, last_time, temperature) VALUES (322, '374163201302242364', '20200226', '23:34:06', 37.4);
INSERT INTO Health (id, account, last_date, last_time, temperature) VALUES (323, '51046020000211539X', '20200515', '03:10:47', 35.9);
INSERT INTO Health (id, account, last_date, last_time, temperature) VALUES (324, '714001199104048713', '20200318', '02:32:15', 35.3);
INSERT INTO Health (id, account, last_date, last_time, temperature) VALUES (325, '322304200506205523', '20200412', '00:49:43', 37.4);
INSERT INTO Health (id, account, last_date, last_time, temperature) VALUES (326, '453341196211121360', '20200427', '22:08:38', 35.9);
INSERT INTO Health (id, account, last_date, last_time, temperature) VALUES (327, '374706195206077940', '20200420', '02:52:18', 36.2);
INSERT INTO Health (id, account, last_date, last_time, temperature) VALUES (328, '542918192410185601', '20200312', '20:03:25', 37.3);
INSERT INTO Health (id, account, last_date, last_time, temperature) VALUES (329, '353234194610104941', '20200518', '10:44:44', 35.8);
INSERT INTO Health (id, account, last_date, last_time, temperature) VALUES (330, '442136197212118918', '20200317', '20:50:35', 37.4);
INSERT INTO Health (id, account, last_date, last_time, temperature) VALUES (331, '111506200711094530', '20200507', '01:19:28', 36.6);
INSERT INTO Health (id, account, last_date, last_time, temperature) VALUES (332, '324656198205162889', '20200207', '17:46:20', 35.1);
INSERT INTO Health (id, account, last_date, last_time, temperature) VALUES (333, '821437199101299427', '20200417', '16:41:57', 37.4);
INSERT INTO Health (id, account, last_date, last_time, temperature) VALUES (334, '363315194006287634', '20200207', '09:15:10', 36.7);
INSERT INTO Health (id, account, last_date, last_time, temperature) VALUES (335, '424119199004024621', '20200412', '01:55:09', 36);
INSERT INTO Health (id, account, last_date, last_time, temperature) VALUES (336, '330642201303133970', '20200220', '16:00:04', 35.3);
INSERT INTO Health (id, account, last_date, last_time, temperature) VALUES (337, '821989195112121718', '20200520', '04:35:37', 35.5);
INSERT INTO Health (id, account, last_date, last_time, temperature) VALUES (338, '713983196602023004', '20200506', '21:20:46', 36.7);
INSERT INTO Health (id, account, last_date, last_time, temperature) VALUES (339, '224306199511303933', '20200530', '18:53:02', 35.3);
INSERT INTO Health (id, account, last_date, last_time, temperature) VALUES (340, '213359198108310958', '20200224', '10:01:06', 36.2);
INSERT INTO Health (id, account, last_date, last_time, temperature) VALUES (341, '452579197409263757', '20200418', '12:02:56', 36.2);
INSERT INTO Health (id, account, last_date, last_time, temperature) VALUES (342, '434043196911154354', '20200413', '16:41:20', 36.7);
INSERT INTO Health (id, account, last_date, last_time, temperature) VALUES (343, '711936199705244780', '20200404', '11:28:34', 35.3);
INSERT INTO Health (id, account, last_date, last_time, temperature) VALUES (344, '542330200706235494', '20200329', '15:19:57', 35);
INSERT INTO Health (id, account, last_date, last_time, temperature) VALUES (345, '421334200903308864', '20200225', '09:00:39', 35.2);
INSERT INTO Health (id, account, last_date, last_time, temperature) VALUES (346, '464256195810133417', '20200302', '02:20:34', 35.3);
INSERT INTO Health (id, account, last_date, last_time, temperature) VALUES (347, '223198200108088203', '20200207', '14:09:53', 36.1);
INSERT INTO Health (id, account, last_date, last_time, temperature) VALUES (348, '350513192312213506', '20200315', '23:15:41', 35.6);
INSERT INTO Health (id, account, last_date, last_time, temperature) VALUES (349, '412582193510033441', '20200209', '11:27:25', 36.7);
INSERT INTO Health (id, account, last_date, last_time, temperature) VALUES (350, '150198200711210246', '20200310', '02:12:10', 36.7);
INSERT INTO Health (id, account, last_date, last_time, temperature) VALUES (351, '114152199109083786', '20200314', '09:28:20', 37.4);
INSERT INTO Health (id, account, last_date, last_time, temperature) VALUES (352, '14227719941104640X', '20200410', '02:20:27', 36);
INSERT INTO Health (id, account, last_date, last_time, temperature) VALUES (353, '131118192811277154', '20200503', '18:19:42', 35.9);
INSERT INTO Health (id, account, last_date, last_time, temperature) VALUES (354, '813190201108181110', '20200423', '01:27:44', 35.7);
INSERT INTO Health (id, account, last_date, last_time, temperature) VALUES (355, '504877192409116211', '20200501', '21:52:38', 35.6);
INSERT INTO Health (id, account, last_date, last_time, temperature) VALUES (356, '630289198812126683', '20200203', '00:03:02', 35.6);
INSERT INTO Health (id, account, last_date, last_time, temperature) VALUES (357, '413001200606074767', '20200506', '13:45:03', 35.7);
INSERT INTO Health (id, account, last_date, last_time, temperature) VALUES (358, '610477195510022034', '20200402', '23:58:14', 38.1);
INSERT INTO Health (id, account, last_date, last_time, temperature) VALUES (359, '653375194404109055', '20200217', '10:02:27', 37);
INSERT INTO Health (id, account, last_date, last_time, temperature) VALUES (360, '512049200611102968', '20200428', '00:55:18', 35.6);
INSERT INTO Health (id, account, last_date, last_time, temperature) VALUES (361, '36280819700220323X', '20200404', '14:56:15', 35);
INSERT INTO Health (id, account, last_date, last_time, temperature) VALUES (362, '131105196907017217', '20200521', '20:56:02', 35.8);
INSERT INTO Health (id, account, last_date, last_time, temperature) VALUES (363, '121799196004209670', '20200508', '00:33:31', 35.3);
INSERT INTO Health (id, account, last_date, last_time, temperature) VALUES (364, '323328198407166694', '20200208', '03:50:24', 36);
INSERT INTO Health (id, account, last_date, last_time, temperature) VALUES (365, '350217198808075163', '20200213', '03:54:26', 37);
INSERT INTO Health (id, account, last_date, last_time, temperature) VALUES (366, '422269195307188871', '20200201', '15:38:44', 35.2);
INSERT INTO Health (id, account, last_date, last_time, temperature) VALUES (367, '640504200707267034', '20200329', '15:06:59', 36.6);
INSERT INTO Health (id, account, last_date, last_time, temperature) VALUES (368, '534477196810148685', '20200422', '17:32:55', 35.3);
INSERT INTO Health (id, account, last_date, last_time, temperature) VALUES (369, '421147200603310875', '20200512', '21:56:16', 36.5);
INSERT INTO Health (id, account, last_date, last_time, temperature) VALUES (370, '453264198811082427', '20200409', '10:07:22', 36.2);
INSERT INTO Health (id, account, last_date, last_time, temperature) VALUES (371, '422149193612039257', '20200311', '22:33:02', 36.9);
INSERT INTO Health (id, account, last_date, last_time, temperature) VALUES (372, '504383199911257270', '20200314', '02:34:43', 36.5);
INSERT INTO Health (id, account, last_date, last_time, temperature) VALUES (373, '214762197101023514', '20200303', '11:20:30', 35);
INSERT INTO Health (id, account, last_date, last_time, temperature) VALUES (374, '361591195601054718', '20200523', '03:04:10', 37.4);
INSERT INTO Health (id, account, last_date, last_time, temperature) VALUES (375, '623259201210017735', '20200531', '22:41:41', 35.4);
INSERT INTO Health (id, account, last_date, last_time, temperature) VALUES (376, '234220192902259276', '20200516', '22:56:53', 35.4);
INSERT INTO Health (id, account, last_date, last_time, temperature) VALUES (377, '504529199004038230', '20200424', '15:34:07', 36.8);
INSERT INTO Health (id, account, last_date, last_time, temperature) VALUES (378, '372313193109161087', '20200408', '03:40:31', 35.6);
INSERT INTO Health (id, account, last_date, last_time, temperature) VALUES (379, '143984196712249883', '20200503', '07:30:35', 35.2);
INSERT INTO Health (id, account, last_date, last_time, temperature) VALUES (380, '644011194406263740', '20200509', '12:41:07', 36.6);
INSERT INTO Health (id, account, last_date, last_time, temperature) VALUES (381, '131068196409226357', '20200201', '23:02:44', 35.1);
INSERT INTO Health (id, account, last_date, last_time, temperature) VALUES (382, '821251200901205939', '20200215', '02:20:30', 35.1);
INSERT INTO Health (id, account, last_date, last_time, temperature) VALUES (383, '812699197009205127', '20200416', '09:57:28', 37.1);
INSERT INTO Health (id, account, last_date, last_time, temperature) VALUES (384, '37417319730714474X', '20200426', '05:42:52', 35.8);
INSERT INTO Health (id, account, last_date, last_time, temperature) VALUES (385, '351241195611101435', '20200308', '20:19:56', 37.3);
INSERT INTO Health (id, account, last_date, last_time, temperature) VALUES (386, '325061198907181649', '20200512', '23:40:14', 35.8);
INSERT INTO Health (id, account, last_date, last_time, temperature) VALUES (387, '644410197809126297', '20200521', '11:54:44', 36.8);
INSERT INTO Health (id, account, last_date, last_time, temperature) VALUES (388, '711030196609036179', '20200401', '17:54:41', 37.2);
INSERT INTO Health (id, account, last_date, last_time, temperature) VALUES (389, '110639198507039736', '20200202', '07:41:47', 36.8);
INSERT INTO Health (id, account, last_date, last_time, temperature) VALUES (390, '111810198102205092', '20200401', '20:19:23', 35);
INSERT INTO Health (id, account, last_date, last_time, temperature) VALUES (391, '321106194705315513', '20200408', '15:40:28', 37.1);
INSERT INTO Health (id, account, last_date, last_time, temperature) VALUES (392, '235066199009050635', '20200405', '16:34:28', 35.2);
INSERT INTO Health (id, account, last_date, last_time, temperature) VALUES (393, '233744200906083725', '20200412', '13:09:53', 35.4);
INSERT INTO Health (id, account, last_date, last_time, temperature) VALUES (394, '711932197410196608', '20200327', '07:45:25', 36.7);
INSERT INTO Health (id, account, last_date, last_time, temperature) VALUES (395, '233099198104018710', '20200226', '03:16:47', 35);
INSERT INTO Health (id, account, last_date, last_time, temperature) VALUES (396, '341249200104060654', '20200515', '10:54:16', 35.9);
INSERT INTO Health (id, account, last_date, last_time, temperature) VALUES (397, '424538198803289814', '20200407', '17:15:31', 36.3);
INSERT INTO Health (id, account, last_date, last_time, temperature) VALUES (398, '443283200303037242', '20200320', '17:48:01', 35.6);
INSERT INTO Health (id, account, last_date, last_time, temperature) VALUES (399, '624397194309168495', '20200226', '16:02:37', 36.7);
INSERT INTO Health (id, account, last_date, last_time, temperature) VALUES (400, '373516198801210201', '20200208', '22:01:06', 36.8);
INSERT INTO Health (id, account, last_date, last_time, temperature) VALUES (401, '711149193206251891', '20200217', '01:34:08', 35.9);
INSERT INTO Health (id, account, last_date, last_time, temperature) VALUES (402, '650192197909035247', '20200320', '10:10:58', 37.1);
INSERT INTO Health (id, account, last_date, last_time, temperature) VALUES (403, '341853198009166615', '20200418', '06:12:19', 37.2);
INSERT INTO Health (id, account, last_date, last_time, temperature) VALUES (404, '413908194605182702', '20200330', '06:07:12', 35.3);
INSERT INTO Health (id, account, last_date, last_time, temperature) VALUES (405, '533520193902206438', '20200208', '15:11:36', 35.5);
INSERT INTO Health (id, account, last_date, last_time, temperature) VALUES (406, '50108919550928279X', '20200327', '18:39:33', 35.4);
INSERT INTO Health (id, account, last_date, last_time, temperature) VALUES (407, '510642200307088708', '20200529', '05:09:40', 35.1);
INSERT INTO Health (id, account, last_date, last_time, temperature) VALUES (408, '210739195806199931', '20200407', '00:53:20', 37);
INSERT INTO Health (id, account, last_date, last_time, temperature) VALUES (409, '532538195506042772', '20200512', '17:49:52', 35.6);
INSERT INTO Health (id, account, last_date, last_time, temperature) VALUES (410, '420740194410296948', '20200410', '08:16:32', 36.8);
INSERT INTO Health (id, account, last_date, last_time, temperature) VALUES (411, '613242192709303865', '20200428', '12:07:44', 36.8);
INSERT INTO Health (id, account, last_date, last_time, temperature) VALUES (412, '512399194611237088', '20200213', '05:31:30', 37.4);
INSERT INTO Health (id, account, last_date, last_time, temperature) VALUES (413, '223406193408226897', '20200201', '00:33:39', 37.3);
INSERT INTO Health (id, account, last_date, last_time, temperature) VALUES (414, '544886200702049097', '20200508', '22:56:33', 35.2);
INSERT INTO Health (id, account, last_date, last_time, temperature) VALUES (415, '634375200602012735', '20200529', '12:43:40', 35.4);
INSERT INTO Health (id, account, last_date, last_time, temperature) VALUES (416, '140348196005245543', '20200429', '05:32:52', 36.1);
INSERT INTO Health (id, account, last_date, last_time, temperature) VALUES (417, '610859197811101205', '20200215', '03:06:21', 36.6);
INSERT INTO Health (id, account, last_date, last_time, temperature) VALUES (418, '810356196412271750', '20200220', '18:40:00', 35.2);
INSERT INTO Health (id, account, last_date, last_time, temperature) VALUES (419, '611895194901267842', '20200530', '05:36:23', 37.4);
INSERT INTO Health (id, account, last_date, last_time, temperature) VALUES (420, '144179198802287354', '20200330', '07:33:12', 35.2);
INSERT INTO Health (id, account, last_date, last_time, temperature) VALUES (421, '123837196604124813', '20200317', '12:49:19', 36.2);
INSERT INTO Health (id, account, last_date, last_time, temperature) VALUES (422, '21264719660614735X', '20200325', '21:24:19', 37.1);
INSERT INTO Health (id, account, last_date, last_time, temperature) VALUES (423, '503369196309159185', '20200328', '07:07:29', 36);
INSERT INTO Health (id, account, last_date, last_time, temperature) VALUES (424, '154283192310033196', '20200530', '04:06:10', 35.7);
INSERT INTO Health (id, account, last_date, last_time, temperature) VALUES (425, '821081192607188942', '20200407', '01:42:47', 35.2);
INSERT INTO Health (id, account, last_date, last_time, temperature) VALUES (426, '362608201112216016', '20200526', '15:31:16', 35.8);
INSERT INTO Health (id, account, last_date, last_time, temperature) VALUES (427, '611939193105017790', '20200311', '10:03:47', 36.1);
INSERT INTO Health (id, account, last_date, last_time, temperature) VALUES (428, '821014198003183571', '20200412', '13:54:12', 35.3);
INSERT INTO Health (id, account, last_date, last_time, temperature) VALUES (429, '813336198503022249', '20200217', '03:04:28', 35.9);
INSERT INTO Health (id, account, last_date, last_time, temperature) VALUES (430, '821946195402014747', '20200327', '15:06:55', 36);
INSERT INTO Health (id, account, last_date, last_time, temperature) VALUES (431, '624244194412266166', '20200525', '14:09:19', 35.1);
INSERT INTO Health (id, account, last_date, last_time, temperature) VALUES (432, '541143199310232412', '20200418', '00:37:44', 35.5);
INSERT INTO Health (id, account, last_date, last_time, temperature) VALUES (433, '452504200711229420', '20200312', '18:55:11', 37.3);
INSERT INTO Health (id, account, last_date, last_time, temperature) VALUES (434, '544852192407308673', '20200206', '07:24:58', 36.3);
INSERT INTO Health (id, account, last_date, last_time, temperature) VALUES (435, '620628200609133126', '20200218', '02:04:16', 35.3);
INSERT INTO Health (id, account, last_date, last_time, temperature) VALUES (436, '153298192509148639', '20200314', '05:08:50', 36.3);
INSERT INTO Health (id, account, last_date, last_time, temperature) VALUES (437, '523743197009262897', '20200520', '06:53:38', 35.8);
INSERT INTO Health (id, account, last_date, last_time, temperature) VALUES (438, '210572195502125749', '20200510', '21:46:59', 35.3);
INSERT INTO Health (id, account, last_date, last_time, temperature) VALUES (439, '543543199304300293', '20200503', '23:49:47', 35);
INSERT INTO Health (id, account, last_date, last_time, temperature) VALUES (440, '221022201003171466', '20200301', '06:23:20', 35.8);
INSERT INTO Health (id, account, last_date, last_time, temperature) VALUES (441, '502815201112225006', '20200321', '23:03:00', 35.9);
INSERT INTO Health (id, account, last_date, last_time, temperature) VALUES (442, '613135194011044899', '20200401', '18:35:09', 35.7);
INSERT INTO Health (id, account, last_date, last_time, temperature) VALUES (443, '412165196910096421', '20200323', '13:12:30', 37);
INSERT INTO Health (id, account, last_date, last_time, temperature) VALUES (444, '544878198404246890', '20200428', '01:05:04', 35.6);
INSERT INTO Health (id, account, last_date, last_time, temperature) VALUES (445, '360776198008132794', '20200213', '20:04:34', 36.3);
INSERT INTO Health (id, account, last_date, last_time, temperature) VALUES (446, '544328193904195896', '20200318', '06:20:37', 36.9);
INSERT INTO Health (id, account, last_date, last_time, temperature) VALUES (447, '210627198607047711', '20200325', '12:20:56', 35.8);
INSERT INTO Health (id, account, last_date, last_time, temperature) VALUES (448, '35315619941221228X', '20200407', '08:19:29', 35.1);
INSERT INTO Health (id, account, last_date, last_time, temperature) VALUES (449, '544590194706262693', '20200424', '22:18:14', 36.3);
INSERT INTO Health (id, account, last_date, last_time, temperature) VALUES (450, '464453194101043787', '20200303', '16:33:18', 36.2);
INSERT INTO Health (id, account, last_date, last_time, temperature) VALUES (451, '423647197904226470', '20200519', '04:02:41', 35.6);
INSERT INTO Health (id, account, last_date, last_time, temperature) VALUES (452, '154321193703151385', '20200518', '01:12:52', 36.2);
INSERT INTO Health (id, account, last_date, last_time, temperature) VALUES (453, '362163199009072889', '20200502', '13:21:54', 36.9);
INSERT INTO Health (id, account, last_date, last_time, temperature) VALUES (454, '310173198302235919', '20200318', '02:41:12', 35.1);
INSERT INTO Health (id, account, last_date, last_time, temperature) VALUES (455, '631769197901318991', '20200509', '04:25:46', 35.8);
INSERT INTO Health (id, account, last_date, last_time, temperature) VALUES (456, '333049197710193120', '20200206', '05:49:39', 36.7);
INSERT INTO Health (id, account, last_date, last_time, temperature) VALUES (457, '512368193704105353', '20200318', '17:54:06', 35.4);
INSERT INTO Health (id, account, last_date, last_time, temperature) VALUES (458, '352253194608047883', '20200304', '18:33:35', 36.7);
INSERT INTO Health (id, account, last_date, last_time, temperature) VALUES (459, '541874195908051999', '20200405', '21:50:22', 35);
INSERT INTO Health (id, account, last_date, last_time, temperature) VALUES (460, '511018199012116211', '20200418', '19:18:29', 36);
INSERT INTO Health (id, account, last_date, last_time, temperature) VALUES (461, '123729193708109559', '20200406', '18:33:24', 37);
INSERT INTO Health (id, account, last_date, last_time, temperature) VALUES (462, '443171193206181522', '20200421', '01:44:04', 36.5);
INSERT INTO Health (id, account, last_date, last_time, temperature) VALUES (463, '211115201408311747', '20200518', '23:24:14', 37.1);
INSERT INTO Health (id, account, last_date, last_time, temperature) VALUES (464, '372128192807125928', '20200205', '21:50:23', 37.4);
INSERT INTO Health (id, account, last_date, last_time, temperature) VALUES (465, '540975201201218587', '20200326', '23:13:58', 35.4);
INSERT INTO Health (id, account, last_date, last_time, temperature) VALUES (466, '454875196209108309', '20200522', '23:11:38', 36.7);
INSERT INTO Health (id, account, last_date, last_time, temperature) VALUES (467, '23230819330526705X', '20200421', '18:28:08', 36.3);
INSERT INTO Health (id, account, last_date, last_time, temperature) VALUES (468, '541532201102244935', '20200421', '01:49:51', 35);
INSERT INTO Health (id, account, last_date, last_time, temperature) VALUES (469, '504244195502122023', '20200515', '09:31:44', 37.1);
INSERT INTO Health (id, account, last_date, last_time, temperature) VALUES (470, '421973196808117572', '20200201', '12:29:30', 36.6);
INSERT INTO Health (id, account, last_date, last_time, temperature) VALUES (471, '412977201103130105', '20200212', '14:10:18', 35.7);
INSERT INTO Health (id, account, last_date, last_time, temperature) VALUES (472, '622303200812318013', '20200220', '16:36:24', 36.8);
INSERT INTO Health (id, account, last_date, last_time, temperature) VALUES (473, '344986199205072932', '20200413', '00:30:48', 37.4);
INSERT INTO Health (id, account, last_date, last_time, temperature) VALUES (474, '422931201111188420', '20200417', '07:43:14', 35.5);
INSERT INTO Health (id, account, last_date, last_time, temperature) VALUES (475, '420391195411183649', '20200225', '18:05:08', 37.2);
INSERT INTO Health (id, account, last_date, last_time, temperature) VALUES (476, '541014196903031214', '20200528', '02:35:06', 38.1);
INSERT INTO Health (id, account, last_date, last_time, temperature) VALUES (477, '530941194903302092', '20200205', '12:55:36', 35.8);
INSERT INTO Health (id, account, last_date, last_time, temperature) VALUES (478, '534607195501010107', '20200227', '02:45:48', 36.9);
INSERT INTO Health (id, account, last_date, last_time, temperature) VALUES (479, '350548192711176531', '20200421', '23:45:48', 38.3);
INSERT INTO Health (id, account, last_date, last_time, temperature) VALUES (480, '31011419601219023X', '20200411', '07:13:06', 37);
INSERT INTO Health (id, account, last_date, last_time, temperature) VALUES (481, '501892193102175139', '20200329', '05:57:52', 37.4);
INSERT INTO Health (id, account, last_date, last_time, temperature) VALUES (482, '642076199309144620', '20200415', '19:30:24', 35.6);
INSERT INTO Health (id, account, last_date, last_time, temperature) VALUES (483, '372557193303108061', '20200408', '22:31:04', 36.4);
INSERT INTO Health (id, account, last_date, last_time, temperature) VALUES (484, '711912196809220983', '20200320', '06:11:11', 37.1);
INSERT INTO Health (id, account, last_date, last_time, temperature) VALUES (485, '231867192701161577', '20200228', '02:29:42', 35.8);
INSERT INTO Health (id, account, last_date, last_time, temperature) VALUES (486, '323781196103141615', '20200304', '03:14:16', 36.7);
INSERT INTO Health (id, account, last_date, last_time, temperature) VALUES (487, '314704200112017447', '20200311', '05:03:35', 36.7);
INSERT INTO Health (id, account, last_date, last_time, temperature) VALUES (488, '45485920120222426X', '20200323', '09:56:05', 35.3);
INSERT INTO Health (id, account, last_date, last_time, temperature) VALUES (489, '113011192301313017', '20200314', '21:51:20', 36.7);
INSERT INTO Health (id, account, last_date, last_time, temperature) VALUES (490, '41122219560615323X', '20200222', '10:03:38', 37.4);
INSERT INTO Health (id, account, last_date, last_time, temperature) VALUES (491, '620766199412172906', '20200402', '04:05:06', 38.2);
INSERT INTO Health (id, account, last_date, last_time, temperature) VALUES (492, '811252201109288436', '20200301', '22:09:21', 36.2);
INSERT INTO Health (id, account, last_date, last_time, temperature) VALUES (493, '822591196005018639', '20200220', '04:10:37', 35.1);
INSERT INTO Health (id, account, last_date, last_time, temperature) VALUES (494, '652125193909059892', '20200521', '07:10:22', 36.3);
INSERT INTO Health (id, account, last_date, last_time, temperature) VALUES (495, '654240196706103669', '20200414', '21:23:52', 36.6);
INSERT INTO Health (id, account, last_date, last_time, temperature) VALUES (496, '714822199011110594', '20200403', '06:42:02', 36.4);
INSERT INTO Health (id, account, last_date, last_time, temperature) VALUES (497, '534224195804116029', '20200414', '08:38:30', 36.6);
INSERT INTO Health (id, account, last_date, last_time, temperature) VALUES (498, '643945192709286782', '20200415', '12:42:06', 36.5);
INSERT INTO Health (id, account, last_date, last_time, temperature) VALUES (499, '814008198005302362', '20200224', '14:28:57', 35.7);
/* 共生成病人6个 */

/* 建立News信息 */
INSERT INTO News (id, account, date, time, title, abstract, content, cnt, visible) VALUES(0, '714458196912234561', '20200313', '12:45:08', 'title 0', 'abstract 0', 'content 0', 165, true);
INSERT INTO News (id, account, date, time, title, abstract, content, cnt, visible) VALUES(1, '463793201202196440', '20200327', '06:15:37', 'title 1', 'abstract 1', 'content 1', 486, true);
INSERT INTO News (id, account, date, time, title, abstract, content, cnt, visible) VALUES(2, '654240196706103669', '20200530', '08:47:44', 'title 2', 'abstract 2', 'content 2', 166, true);
INSERT INTO News (id, account, date, time, title, abstract, content, cnt, visible) VALUES(3, '463793201202196440', '20200203', '17:27:00', 'title 3', 'abstract 3', 'content 3', 197, true);
INSERT INTO News (id, account, date, time, title, abstract, content, cnt, visible) VALUES(4, '654240196706103669', '20200425', '12:59:17', 'title 4', 'abstract 4', 'content 4', 100, false);
INSERT INTO News (id, account, date, time, title, abstract, content, cnt, visible) VALUES(5, '464453194101043787', '20200421', '13:58:58', 'title 5', 'abstract 5', 'content 5', 434, true);
INSERT INTO News (id, account, date, time, title, abstract, content, cnt, visible) VALUES(6, '463793201202196440', '20200316', '07:54:34', 'title 6', 'abstract 6', 'content 6', 414, true);
INSERT INTO News (id, account, date, time, title, abstract, content, cnt, visible) VALUES(7, '654240196706103669', '20200527', '01:16:28', 'title 7', 'abstract 7', 'content 7', 460, true);
INSERT INTO News (id, account, date, time, title, abstract, content, cnt, visible) VALUES(8, '463793201202196440', '20200501', '20:41:34', 'title 8', 'abstract 8', 'content 8', 357, true);
INSERT INTO News (id, account, date, time, title, abstract, content, cnt, visible) VALUES(9, '464453194101043787', '20200302', '23:39:49', 'title 9', 'abstract 9', 'content 9', 180, true);
/* 共生成新闻10个 */

/* 建立Comments信息 */
INSERT INTO Comments (id, New_id, content, author, visible) VALUES(0, 0, 'content 0.0', '任静', true);
INSERT INTO Comments (id, New_id, content, author, visible) VALUES(1, 0, 'content 0.1', '任有萱', true);
INSERT INTO Comments (id, New_id, content, author, visible) VALUES(2, 0, 'content 0.2', '钱思', true);
INSERT INTO Comments (id, New_id, content, author, visible) VALUES(3, 0, 'content 0.3', '付音', true);
INSERT INTO Comments (id, New_id, content, author, visible) VALUES(4, 0, 'content 0.4', '夏瀚昕', true);
INSERT INTO Comments (id, New_id, content, author, visible) VALUES(5, 0, 'content 0.5', '姚正', false);
INSERT INTO Comments (id, New_id, content, author, visible) VALUES(6, 0, 'content 0.6', '尚凌', true);
INSERT INTO Comments (id, New_id, content, author, visible) VALUES(7, 0, 'content 0.7', '金天', true);
INSERT INTO Comments (id, New_id, content, author, visible) VALUES(8, 0, 'content 0.8', '齐航', true);
INSERT INTO Comments (id, New_id, content, author, visible) VALUES(9, 0, 'content 0.9', '孟嘉', true);
INSERT INTO Comments (id, New_id, content, author, visible) VALUES(10, 1, 'content 1.0', '於夫', true);
INSERT INTO Comments (id, New_id, content, author, visible) VALUES(11, 1, 'content 1.1', '田有腾', true);
INSERT INTO Comments (id, New_id, content, author, visible) VALUES(12, 1, 'content 1.2', '商本辰', true);
INSERT INTO Comments (id, New_id, content, author, visible) VALUES(13, 1, 'content 1.3', '杨锐宜', true);
INSERT INTO Comments (id, New_id, content, author, visible) VALUES(14, 1, 'content 1.4', '赵牧圆', false);
INSERT INTO Comments (id, New_id, content, author, visible) VALUES(15, 1, 'content 1.5', '孟睿', true);
INSERT INTO Comments (id, New_id, content, author, visible) VALUES(16, 1, 'content 1.6', '崔夫', true);
INSERT INTO Comments (id, New_id, content, author, visible) VALUES(17, 1, 'content 1.7', '尹睿', false);
INSERT INTO Comments (id, New_id, content, author, visible) VALUES(18, 1, 'content 1.8', '寻奕桐', true);
INSERT INTO Comments (id, New_id, content, author, visible) VALUES(19, 1, 'content 1.9', '毕天牧', true);
INSERT INTO Comments (id, New_id, content, author, visible) VALUES(20, 2, 'content 2.0', '钟泽', true);
INSERT INTO Comments (id, New_id, content, author, visible) VALUES(21, 2, 'content 2.1', '肖淘', true);
INSERT INTO Comments (id, New_id, content, author, visible) VALUES(22, 2, 'content 2.2', '严亚良', true);
INSERT INTO Comments (id, New_id, content, author, visible) VALUES(23, 2, 'content 2.3', '姚晓新', false);
INSERT INTO Comments (id, New_id, content, author, visible) VALUES(24, 2, 'content 2.4', '邵兰', false);
INSERT INTO Comments (id, New_id, content, author, visible) VALUES(25, 2, 'content 2.5', '陆琦兰', true);
INSERT INTO Comments (id, New_id, content, author, visible) VALUES(26, 2, 'content 2.6', '边帆凡', true);
INSERT INTO Comments (id, New_id, content, author, visible) VALUES(27, 2, 'content 2.7', '刘薪', true);
INSERT INTO Comments (id, New_id, content, author, visible) VALUES(28, 2, 'content 2.8', '童雅', true);
INSERT INTO Comments (id, New_id, content, author, visible) VALUES(29, 2, 'content 2.9', '毛雨', true);
INSERT INTO Comments (id, New_id, content, author, visible) VALUES(30, 3, 'content 3.0', '严豪天', true);
INSERT INTO Comments (id, New_id, content, author, visible) VALUES(31, 3, 'content 3.1', '龚迅可', true);
INSERT INTO Comments (id, New_id, content, author, visible) VALUES(32, 3, 'content 3.2', '周飞静', true);
INSERT INTO Comments (id, New_id, content, author, visible) VALUES(33, 3, 'content 3.3', '宋可', true);
INSERT INTO Comments (id, New_id, content, author, visible) VALUES(34, 3, 'content 3.4', '宋龙天', true);
INSERT INTO Comments (id, New_id, content, author, visible) VALUES(35, 3, 'content 3.5', '山航', true);
INSERT INTO Comments (id, New_id, content, author, visible) VALUES(36, 3, 'content 3.6', '戚毅静', true);
INSERT INTO Comments (id, New_id, content, author, visible) VALUES(37, 3, 'content 3.7', '吴杰哲', true);
INSERT INTO Comments (id, New_id, content, author, visible) VALUES(38, 3, 'content 3.8', '符雯', true);
INSERT INTO Comments (id, New_id, content, author, visible) VALUES(39, 3, 'content 3.9', '郑云', false);
INSERT INTO Comments (id, New_id, content, author, visible) VALUES(40, 4, 'content 4.0', '文新', true);
INSERT INTO Comments (id, New_id, content, author, visible) VALUES(41, 4, 'content 4.1', '崔轩振', true);
INSERT INTO Comments (id, New_id, content, author, visible) VALUES(42, 4, 'content 4.2', '边英', true);
INSERT INTO Comments (id, New_id, content, author, visible) VALUES(43, 4, 'content 4.3', '秦薪力', true);
INSERT INTO Comments (id, New_id, content, author, visible) VALUES(44, 4, 'content 4.4', '安宜帆', true);
INSERT INTO Comments (id, New_id, content, author, visible) VALUES(45, 4, 'content 4.5', '楚淘正', true);
INSERT INTO Comments (id, New_id, content, author, visible) VALUES(46, 4, 'content 4.6', '裴令圣', true);
INSERT INTO Comments (id, New_id, content, author, visible) VALUES(47, 4, 'content 4.7', '钱翔子', true);
INSERT INTO Comments (id, New_id, content, author, visible) VALUES(48, 4, 'content 4.8', '周琦立', true);
INSERT INTO Comments (id, New_id, content, author, visible) VALUES(49, 4, 'content 4.9', '邱颖', true);
INSERT INTO Comments (id, New_id, content, author, visible) VALUES(50, 5, 'content 5.0', '裴千天', true);
INSERT INTO Comments (id, New_id, content, author, visible) VALUES(51, 5, 'content 5.1', '肖毅', true);
INSERT INTO Comments (id, New_id, content, author, visible) VALUES(52, 5, 'content 5.2', '韩樱', true);
INSERT INTO Comments (id, New_id, content, author, visible) VALUES(53, 5, 'content 5.3', '邱润薪', true);
INSERT INTO Comments (id, New_id, content, author, visible) VALUES(54, 5, 'content 5.4', '楚佳凡', true);
INSERT INTO Comments (id, New_id, content, author, visible) VALUES(55, 5, 'content 5.5', '宫赛飞', true);
INSERT INTO Comments (id, New_id, content, author, visible) VALUES(56, 5, 'content 5.6', '戚毅圆', true);
INSERT INTO Comments (id, New_id, content, author, visible) VALUES(57, 5, 'content 5.7', '付有', true);
INSERT INTO Comments (id, New_id, content, author, visible) VALUES(58, 5, 'content 5.8', '崔睿', false);
INSERT INTO Comments (id, New_id, content, author, visible) VALUES(59, 5, 'content 5.9', '於帆夫', true);
INSERT INTO Comments (id, New_id, content, author, visible) VALUES(60, 6, 'content 6.0', '燕亚', true);
INSERT INTO Comments (id, New_id, content, author, visible) VALUES(61, 6, 'content 6.1', '毕睿英', true);
INSERT INTO Comments (id, New_id, content, author, visible) VALUES(62, 6, 'content 6.2', '山灯萌', true);
INSERT INTO Comments (id, New_id, content, author, visible) VALUES(63, 6, 'content 6.3', '钱瀚', true);
INSERT INTO Comments (id, New_id, content, author, visible) VALUES(64, 6, 'content 6.4', '仲毅新', true);
INSERT INTO Comments (id, New_id, content, author, visible) VALUES(65, 6, 'content 6.5', '代翔炎', true);
INSERT INTO Comments (id, New_id, content, author, visible) VALUES(66, 6, 'content 6.6', '麦柏英', true);
INSERT INTO Comments (id, New_id, content, author, visible) VALUES(67, 6, 'content 6.7', '江瀚润', true);
INSERT INTO Comments (id, New_id, content, author, visible) VALUES(68, 6, 'content 6.8', '董冠辰', false);
INSERT INTO Comments (id, New_id, content, author, visible) VALUES(69, 6, 'content 6.9', '龚翔建', true);
INSERT INTO Comments (id, New_id, content, author, visible) VALUES(70, 7, 'content 7.0', '曲赛冠', true);
INSERT INTO Comments (id, New_id, content, author, visible) VALUES(71, 7, 'content 7.1', '孙腾', true);
INSERT INTO Comments (id, New_id, content, author, visible) VALUES(72, 7, 'content 7.2', '边立凌', true);
INSERT INTO Comments (id, New_id, content, author, visible) VALUES(73, 7, 'content 7.3', '汪民', true);
INSERT INTO Comments (id, New_id, content, author, visible) VALUES(74, 7, 'content 7.4', '吴可馨', true);
INSERT INTO Comments (id, New_id, content, author, visible) VALUES(75, 7, 'content 7.5', '曹翔', false);
INSERT INTO Comments (id, New_id, content, author, visible) VALUES(76, 7, 'content 7.6', '齐飞桐', true);
INSERT INTO Comments (id, New_id, content, author, visible) VALUES(77, 7, 'content 7.7', '戚令樱', true);
INSERT INTO Comments (id, New_id, content, author, visible) VALUES(78, 7, 'content 7.8', '路振', true);
INSERT INTO Comments (id, New_id, content, author, visible) VALUES(79, 7, 'content 7.9', '戚令樱', true);
INSERT INTO Comments (id, New_id, content, author, visible) VALUES(80, 8, 'content 8.0', '臧琦云', false);
INSERT INTO Comments (id, New_id, content, author, visible) VALUES(81, 8, 'content 8.1', '麦柏英', true);
INSERT INTO Comments (id, New_id, content, author, visible) VALUES(82, 8, 'content 8.2', '刘言力', false);
INSERT INTO Comments (id, New_id, content, author, visible) VALUES(83, 8, 'content 8.3', '钱思', true);
INSERT INTO Comments (id, New_id, content, author, visible) VALUES(84, 8, 'content 8.4', '秦奇豪', true);
INSERT INTO Comments (id, New_id, content, author, visible) VALUES(85, 8, 'content 8.5', '吕振萱', true);
INSERT INTO Comments (id, New_id, content, author, visible) VALUES(86, 8, 'content 8.6', '殷倨', true);
INSERT INTO Comments (id, New_id, content, author, visible) VALUES(87, 8, 'content 8.7', '寻牧颖', true);
INSERT INTO Comments (id, New_id, content, author, visible) VALUES(88, 8, 'content 8.8', '严亚良', true);
INSERT INTO Comments (id, New_id, content, author, visible) VALUES(89, 8, 'content 8.9', '宫朋', true);
INSERT INTO Comments (id, New_id, content, author, visible) VALUES(90, 9, 'content 9.0', '商泽建', true);
INSERT INTO Comments (id, New_id, content, author, visible) VALUES(91, 9, 'content 9.1', '陆煜锐', true);
INSERT INTO Comments (id, New_id, content, author, visible) VALUES(92, 9, 'content 9.2', '任源晓', true);
INSERT INTO Comments (id, New_id, content, author, visible) VALUES(93, 9, 'content 9.3', '江子', true);
INSERT INTO Comments (id, New_id, content, author, visible) VALUES(94, 9, 'content 9.4', '范宜兰', true);
INSERT INTO Comments (id, New_id, content, author, visible) VALUES(95, 9, 'content 9.5', '汪雨兰', false);
INSERT INTO Comments (id, New_id, content, author, visible) VALUES(96, 9, 'content 9.6', '宫兮', true);
INSERT INTO Comments (id, New_id, content, author, visible) VALUES(97, 9, 'content 9.7', '汪圆晓', true);
INSERT INTO Comments (id, New_id, content, author, visible) VALUES(98, 9, 'content 9.8', '代立', true);
INSERT INTO Comments (id, New_id, content, author, visible) VALUES(99, 9, 'content 9.9', '崔敏', true);
/* 共生成评论100条 */

/* 建立Team信息 */
INSERT INTO Team (id, name, abstract, gitCnt, memCnt, days, files) VALUES (1, 'NoCov','这里是团队介绍', 100, 5, 30, 100);

/* 建立Transaction信息 */
INSERT INTO Transactions (id, account, start_time, end_time, info, is_finished) VALUES(0, '714770196202260595', '20200218,14:09:27', '20200405,14:45:59', 'info 0', false);
INSERT INTO Transactions (id, account, start_time, end_time, info, is_finished) VALUES(1, '323927194609302885', '20200324,19:09:23', '20200519,13:13:14', 'info 1', false);
INSERT INTO Transactions (id, account, start_time, end_time, info, is_finished) VALUES(2, '324672198412126341', '20200204,12:03:18', '20200514,01:52:19', 'info 2', false);
INSERT INTO Transactions (id, account, start_time, end_time, info, is_finished) VALUES(3, '312982195908101832', '20200408,11:18:41', '20200415,19:54:44', 'info 3', false);
INSERT INTO Transactions (id, account, start_time, end_time, info, is_finished) VALUES(4, '452959200205319539', '20200301,03:02:29', '20200402,17:06:47', 'info 4', false);
/* 共生产代办事务5条 */

/* 批量生成password_hash，初值为1234 */
UPDATE User SET password_hash = '$2y$13$dg4FlrrcXjMmvWznC3XUhehaTTZ/xfKXNpEYbSt8o3Q/9b9xonHLC' WHERE account = '530911194512063279';
UPDATE User SET password_hash = '$2y$13$dg4FlrrcXjMmvWznC3XUhehaTTZ/xfKXNpEYbSt8o3Q/9b9xonHLC' WHERE account = '515080192612038372';
UPDATE User SET password_hash = '$2y$13$dg4FlrrcXjMmvWznC3XUhehaTTZ/xfKXNpEYbSt8o3Q/9b9xonHLC' WHERE account = '341705195407318772';
UPDATE User SET password_hash = '$2y$13$dg4FlrrcXjMmvWznC3XUhehaTTZ/xfKXNpEYbSt8o3Q/9b9xonHLC' WHERE account = '65278319270904492X';
UPDATE User SET password_hash = '$2y$13$dg4FlrrcXjMmvWznC3XUhehaTTZ/xfKXNpEYbSt8o3Q/9b9xonHLC' WHERE account = '452935192904041221';
UPDATE User SET password_hash = '$2y$13$dg4FlrrcXjMmvWznC3XUhehaTTZ/xfKXNpEYbSt8o3Q/9b9xonHLC' WHERE account = '141746196109090087';
UPDATE User SET password_hash = '$2y$13$dg4FlrrcXjMmvWznC3XUhehaTTZ/xfKXNpEYbSt8o3Q/9b9xonHLC' WHERE account = '451326198709227422';
UPDATE User SET password_hash = '$2y$13$dg4FlrrcXjMmvWznC3XUhehaTTZ/xfKXNpEYbSt8o3Q/9b9xonHLC' WHERE account = '632431194204304749';
UPDATE User SET password_hash = '$2y$13$dg4FlrrcXjMmvWznC3XUhehaTTZ/xfKXNpEYbSt8o3Q/9b9xonHLC' WHERE account = '643239200507131002';
UPDATE User SET password_hash = '$2y$13$dg4FlrrcXjMmvWznC3XUhehaTTZ/xfKXNpEYbSt8o3Q/9b9xonHLC' WHERE account = '512666197311232008';
UPDATE User SET password_hash = '$2y$13$dg4FlrrcXjMmvWznC3XUhehaTTZ/xfKXNpEYbSt8o3Q/9b9xonHLC' WHERE account = '411923199701225390';
UPDATE User SET password_hash = '$2y$13$dg4FlrrcXjMmvWznC3XUhehaTTZ/xfKXNpEYbSt8o3Q/9b9xonHLC' WHERE account = '344773196003228534';
UPDATE User SET password_hash = '$2y$13$dg4FlrrcXjMmvWznC3XUhehaTTZ/xfKXNpEYbSt8o3Q/9b9xonHLC' WHERE account = '500866201209010778';
UPDATE User SET password_hash = '$2y$13$dg4FlrrcXjMmvWznC3XUhehaTTZ/xfKXNpEYbSt8o3Q/9b9xonHLC' WHERE account = '131349197310242414';
UPDATE User SET password_hash = '$2y$13$dg4FlrrcXjMmvWznC3XUhehaTTZ/xfKXNpEYbSt8o3Q/9b9xonHLC' WHERE account = '511504199304108016';
UPDATE User SET password_hash = '$2y$13$dg4FlrrcXjMmvWznC3XUhehaTTZ/xfKXNpEYbSt8o3Q/9b9xonHLC' WHERE account = '621063199209135570';
UPDATE User SET password_hash = '$2y$13$dg4FlrrcXjMmvWznC3XUhehaTTZ/xfKXNpEYbSt8o3Q/9b9xonHLC' WHERE account = '232398198412062428';
UPDATE User SET password_hash = '$2y$13$dg4FlrrcXjMmvWznC3XUhehaTTZ/xfKXNpEYbSt8o3Q/9b9xonHLC' WHERE account = '363869197002266304';
UPDATE User SET password_hash = '$2y$13$dg4FlrrcXjMmvWznC3XUhehaTTZ/xfKXNpEYbSt8o3Q/9b9xonHLC' WHERE account = '533184195704053127';
UPDATE User SET password_hash = '$2y$13$dg4FlrrcXjMmvWznC3XUhehaTTZ/xfKXNpEYbSt8o3Q/9b9xonHLC' WHERE account = '231277198812174332';
UPDATE User SET password_hash = '$2y$13$dg4FlrrcXjMmvWznC3XUhehaTTZ/xfKXNpEYbSt8o3Q/9b9xonHLC' WHERE account = '122323194201126297';
UPDATE User SET password_hash = '$2y$13$dg4FlrrcXjMmvWznC3XUhehaTTZ/xfKXNpEYbSt8o3Q/9b9xonHLC' WHERE account = '421574201007132835';
UPDATE User SET password_hash = '$2y$13$dg4FlrrcXjMmvWznC3XUhehaTTZ/xfKXNpEYbSt8o3Q/9b9xonHLC' WHERE account = '223571194909093696';
UPDATE User SET password_hash = '$2y$13$dg4FlrrcXjMmvWznC3XUhehaTTZ/xfKXNpEYbSt8o3Q/9b9xonHLC' WHERE account = '530718200009281953';
UPDATE User SET password_hash = '$2y$13$dg4FlrrcXjMmvWznC3XUhehaTTZ/xfKXNpEYbSt8o3Q/9b9xonHLC' WHERE account = '652870193211163218';
UPDATE User SET password_hash = '$2y$13$dg4FlrrcXjMmvWznC3XUhehaTTZ/xfKXNpEYbSt8o3Q/9b9xonHLC' WHERE account = '610699197504139871';
UPDATE User SET password_hash = '$2y$13$dg4FlrrcXjMmvWznC3XUhehaTTZ/xfKXNpEYbSt8o3Q/9b9xonHLC' WHERE account = '621810193211211685';
UPDATE User SET password_hash = '$2y$13$dg4FlrrcXjMmvWznC3XUhehaTTZ/xfKXNpEYbSt8o3Q/9b9xonHLC' WHERE account = '223415200106207158';
UPDATE User SET password_hash = '$2y$13$dg4FlrrcXjMmvWznC3XUhehaTTZ/xfKXNpEYbSt8o3Q/9b9xonHLC' WHERE account = '131358199702059368';
UPDATE User SET password_hash = '$2y$13$dg4FlrrcXjMmvWznC3XUhehaTTZ/xfKXNpEYbSt8o3Q/9b9xonHLC' WHERE account = '522507198102042204';
UPDATE User SET password_hash = '$2y$13$dg4FlrrcXjMmvWznC3XUhehaTTZ/xfKXNpEYbSt8o3Q/9b9xonHLC' WHERE account = '234338192605121781';
UPDATE User SET password_hash = '$2y$13$dg4FlrrcXjMmvWznC3XUhehaTTZ/xfKXNpEYbSt8o3Q/9b9xonHLC' WHERE account = '464972194308258256';
UPDATE User SET password_hash = '$2y$13$dg4FlrrcXjMmvWznC3XUhehaTTZ/xfKXNpEYbSt8o3Q/9b9xonHLC' WHERE account = '411117200005240899';
UPDATE User SET password_hash = '$2y$13$dg4FlrrcXjMmvWznC3XUhehaTTZ/xfKXNpEYbSt8o3Q/9b9xonHLC' WHERE account = '825013196007275197';
UPDATE User SET password_hash = '$2y$13$dg4FlrrcXjMmvWznC3XUhehaTTZ/xfKXNpEYbSt8o3Q/9b9xonHLC' WHERE account = '323927194609302885';
UPDATE User SET password_hash = '$2y$13$dg4FlrrcXjMmvWznC3XUhehaTTZ/xfKXNpEYbSt8o3Q/9b9xonHLC' WHERE account = '33447719530904546X';
UPDATE User SET password_hash = '$2y$13$dg4FlrrcXjMmvWznC3XUhehaTTZ/xfKXNpEYbSt8o3Q/9b9xonHLC' WHERE account = '462740198001064050';
UPDATE User SET password_hash = '$2y$13$dg4FlrrcXjMmvWznC3XUhehaTTZ/xfKXNpEYbSt8o3Q/9b9xonHLC' WHERE account = '502898195005081897';
UPDATE User SET password_hash = '$2y$13$dg4FlrrcXjMmvWznC3XUhehaTTZ/xfKXNpEYbSt8o3Q/9b9xonHLC' WHERE account = '142340201305044586';
UPDATE User SET password_hash = '$2y$13$dg4FlrrcXjMmvWznC3XUhehaTTZ/xfKXNpEYbSt8o3Q/9b9xonHLC' WHERE account = '532351193203205055';
UPDATE User SET password_hash = '$2y$13$dg4FlrrcXjMmvWznC3XUhehaTTZ/xfKXNpEYbSt8o3Q/9b9xonHLC' WHERE account = '410732199407188889';
UPDATE User SET password_hash = '$2y$13$dg4FlrrcXjMmvWznC3XUhehaTTZ/xfKXNpEYbSt8o3Q/9b9xonHLC' WHERE account = '143567192409105397';
UPDATE User SET password_hash = '$2y$13$dg4FlrrcXjMmvWznC3XUhehaTTZ/xfKXNpEYbSt8o3Q/9b9xonHLC' WHERE account = '134522200601021482';
UPDATE User SET password_hash = '$2y$13$dg4FlrrcXjMmvWznC3XUhehaTTZ/xfKXNpEYbSt8o3Q/9b9xonHLC' WHERE account = '461737197404269044';
UPDATE User SET password_hash = '$2y$13$dg4FlrrcXjMmvWznC3XUhehaTTZ/xfKXNpEYbSt8o3Q/9b9xonHLC' WHERE account = '464143197607063383';
UPDATE User SET password_hash = '$2y$13$dg4FlrrcXjMmvWznC3XUhehaTTZ/xfKXNpEYbSt8o3Q/9b9xonHLC' WHERE account = '433920192805068149';
UPDATE User SET password_hash = '$2y$13$dg4FlrrcXjMmvWznC3XUhehaTTZ/xfKXNpEYbSt8o3Q/9b9xonHLC' WHERE account = '650950193403043158';
UPDATE User SET password_hash = '$2y$13$dg4FlrrcXjMmvWznC3XUhehaTTZ/xfKXNpEYbSt8o3Q/9b9xonHLC' WHERE account = '531992201005031241';
UPDATE User SET password_hash = '$2y$13$dg4FlrrcXjMmvWznC3XUhehaTTZ/xfKXNpEYbSt8o3Q/9b9xonHLC' WHERE account = '363957198007296796';
UPDATE User SET password_hash = '$2y$13$dg4FlrrcXjMmvWznC3XUhehaTTZ/xfKXNpEYbSt8o3Q/9b9xonHLC' WHERE account = '423141198301104989';
UPDATE User SET password_hash = '$2y$13$dg4FlrrcXjMmvWznC3XUhehaTTZ/xfKXNpEYbSt8o3Q/9b9xonHLC' WHERE account = '441065200812296490';
UPDATE User SET password_hash = '$2y$13$dg4FlrrcXjMmvWznC3XUhehaTTZ/xfKXNpEYbSt8o3Q/9b9xonHLC' WHERE account = '823645192511017358';
UPDATE User SET password_hash = '$2y$13$dg4FlrrcXjMmvWznC3XUhehaTTZ/xfKXNpEYbSt8o3Q/9b9xonHLC' WHERE account = '150234194909158655';
UPDATE User SET password_hash = '$2y$13$dg4FlrrcXjMmvWznC3XUhehaTTZ/xfKXNpEYbSt8o3Q/9b9xonHLC' WHERE account = '443129200305051892';
UPDATE User SET password_hash = '$2y$13$dg4FlrrcXjMmvWznC3XUhehaTTZ/xfKXNpEYbSt8o3Q/9b9xonHLC' WHERE account = '220898192608166811';
UPDATE User SET password_hash = '$2y$13$dg4FlrrcXjMmvWznC3XUhehaTTZ/xfKXNpEYbSt8o3Q/9b9xonHLC' WHERE account = '821048200608090632';
UPDATE User SET password_hash = '$2y$13$dg4FlrrcXjMmvWznC3XUhehaTTZ/xfKXNpEYbSt8o3Q/9b9xonHLC' WHERE account = '374958194110085519';
UPDATE User SET password_hash = '$2y$13$dg4FlrrcXjMmvWznC3XUhehaTTZ/xfKXNpEYbSt8o3Q/9b9xonHLC' WHERE account = '412336199903236283';
UPDATE User SET password_hash = '$2y$13$dg4FlrrcXjMmvWznC3XUhehaTTZ/xfKXNpEYbSt8o3Q/9b9xonHLC' WHERE account = '221790198707010847';
UPDATE User SET password_hash = '$2y$13$dg4FlrrcXjMmvWznC3XUhehaTTZ/xfKXNpEYbSt8o3Q/9b9xonHLC' WHERE account = '334694196612180066';
UPDATE User SET password_hash = '$2y$13$dg4FlrrcXjMmvWznC3XUhehaTTZ/xfKXNpEYbSt8o3Q/9b9xonHLC' WHERE account = '153469200011164225';
UPDATE User SET password_hash = '$2y$13$dg4FlrrcXjMmvWznC3XUhehaTTZ/xfKXNpEYbSt8o3Q/9b9xonHLC' WHERE account = '352060192512018500';
UPDATE User SET password_hash = '$2y$13$dg4FlrrcXjMmvWznC3XUhehaTTZ/xfKXNpEYbSt8o3Q/9b9xonHLC' WHERE account = '543826196602181339';
UPDATE User SET password_hash = '$2y$13$dg4FlrrcXjMmvWznC3XUhehaTTZ/xfKXNpEYbSt8o3Q/9b9xonHLC' WHERE account = '124893197002049167';
UPDATE User SET password_hash = '$2y$13$dg4FlrrcXjMmvWznC3XUhehaTTZ/xfKXNpEYbSt8o3Q/9b9xonHLC' WHERE account = '462446198707078793';
UPDATE User SET password_hash = '$2y$13$dg4FlrrcXjMmvWznC3XUhehaTTZ/xfKXNpEYbSt8o3Q/9b9xonHLC' WHERE account = '321098199812266050';
UPDATE User SET password_hash = '$2y$13$dg4FlrrcXjMmvWznC3XUhehaTTZ/xfKXNpEYbSt8o3Q/9b9xonHLC' WHERE account = '324672198412126341';
UPDATE User SET password_hash = '$2y$13$dg4FlrrcXjMmvWznC3XUhehaTTZ/xfKXNpEYbSt8o3Q/9b9xonHLC' WHERE account = '823221197607018978';
UPDATE User SET password_hash = '$2y$13$dg4FlrrcXjMmvWznC3XUhehaTTZ/xfKXNpEYbSt8o3Q/9b9xonHLC' WHERE account = '353465201312264118';
UPDATE User SET password_hash = '$2y$13$dg4FlrrcXjMmvWznC3XUhehaTTZ/xfKXNpEYbSt8o3Q/9b9xonHLC' WHERE account = '311459196806282631';
UPDATE User SET password_hash = '$2y$13$dg4FlrrcXjMmvWznC3XUhehaTTZ/xfKXNpEYbSt8o3Q/9b9xonHLC' WHERE account = '463010194411128893';
UPDATE User SET password_hash = '$2y$13$dg4FlrrcXjMmvWznC3XUhehaTTZ/xfKXNpEYbSt8o3Q/9b9xonHLC' WHERE account = '521553196110035908';
UPDATE User SET password_hash = '$2y$13$dg4FlrrcXjMmvWznC3XUhehaTTZ/xfKXNpEYbSt8o3Q/9b9xonHLC' WHERE account = '114821195010200682';
UPDATE User SET password_hash = '$2y$13$dg4FlrrcXjMmvWznC3XUhehaTTZ/xfKXNpEYbSt8o3Q/9b9xonHLC' WHERE account = '611847195301265343';
UPDATE User SET password_hash = '$2y$13$dg4FlrrcXjMmvWznC3XUhehaTTZ/xfKXNpEYbSt8o3Q/9b9xonHLC' WHERE account = '212027194204160997';
UPDATE User SET password_hash = '$2y$13$dg4FlrrcXjMmvWznC3XUhehaTTZ/xfKXNpEYbSt8o3Q/9b9xonHLC' WHERE account = '411736195601087982';
UPDATE User SET password_hash = '$2y$13$dg4FlrrcXjMmvWznC3XUhehaTTZ/xfKXNpEYbSt8o3Q/9b9xonHLC' WHERE account = '531112198012017821';
UPDATE User SET password_hash = '$2y$13$dg4FlrrcXjMmvWznC3XUhehaTTZ/xfKXNpEYbSt8o3Q/9b9xonHLC' WHERE account = '344608193808314640';
UPDATE User SET password_hash = '$2y$13$dg4FlrrcXjMmvWznC3XUhehaTTZ/xfKXNpEYbSt8o3Q/9b9xonHLC' WHERE account = '642021201210167255';
UPDATE User SET password_hash = '$2y$13$dg4FlrrcXjMmvWznC3XUhehaTTZ/xfKXNpEYbSt8o3Q/9b9xonHLC' WHERE account = '824196200206050668';
UPDATE User SET password_hash = '$2y$13$dg4FlrrcXjMmvWznC3XUhehaTTZ/xfKXNpEYbSt8o3Q/9b9xonHLC' WHERE account = '424762200705176246';
UPDATE User SET password_hash = '$2y$13$dg4FlrrcXjMmvWznC3XUhehaTTZ/xfKXNpEYbSt8o3Q/9b9xonHLC' WHERE account = '524905200202126431';
UPDATE User SET password_hash = '$2y$13$dg4FlrrcXjMmvWznC3XUhehaTTZ/xfKXNpEYbSt8o3Q/9b9xonHLC' WHERE account = '512858197806042436';
UPDATE User SET password_hash = '$2y$13$dg4FlrrcXjMmvWznC3XUhehaTTZ/xfKXNpEYbSt8o3Q/9b9xonHLC' WHERE account = '151858200301258619';
UPDATE User SET password_hash = '$2y$13$dg4FlrrcXjMmvWznC3XUhehaTTZ/xfKXNpEYbSt8o3Q/9b9xonHLC' WHERE account = '14239919500917280X';
UPDATE User SET password_hash = '$2y$13$dg4FlrrcXjMmvWznC3XUhehaTTZ/xfKXNpEYbSt8o3Q/9b9xonHLC' WHERE account = '612124200006181116';
UPDATE User SET password_hash = '$2y$13$dg4FlrrcXjMmvWznC3XUhehaTTZ/xfKXNpEYbSt8o3Q/9b9xonHLC' WHERE account = '622095199907205372';
UPDATE User SET password_hash = '$2y$13$dg4FlrrcXjMmvWznC3XUhehaTTZ/xfKXNpEYbSt8o3Q/9b9xonHLC' WHERE account = '152121195603165648';
UPDATE User SET password_hash = '$2y$13$dg4FlrrcXjMmvWznC3XUhehaTTZ/xfKXNpEYbSt8o3Q/9b9xonHLC' WHERE account = '82179819670322647X';
UPDATE User SET password_hash = '$2y$13$dg4FlrrcXjMmvWznC3XUhehaTTZ/xfKXNpEYbSt8o3Q/9b9xonHLC' WHERE account = '414560195302075429';
UPDATE User SET password_hash = '$2y$13$dg4FlrrcXjMmvWznC3XUhehaTTZ/xfKXNpEYbSt8o3Q/9b9xonHLC' WHERE account = '504352197511134800';
UPDATE User SET password_hash = '$2y$13$dg4FlrrcXjMmvWznC3XUhehaTTZ/xfKXNpEYbSt8o3Q/9b9xonHLC' WHERE account = '714770196202260595';
UPDATE User SET password_hash = '$2y$13$dg4FlrrcXjMmvWznC3XUhehaTTZ/xfKXNpEYbSt8o3Q/9b9xonHLC' WHERE account = '152828196407253823';
UPDATE User SET password_hash = '$2y$13$dg4FlrrcXjMmvWznC3XUhehaTTZ/xfKXNpEYbSt8o3Q/9b9xonHLC' WHERE account = '152125195510239900';
UPDATE User SET password_hash = '$2y$13$dg4FlrrcXjMmvWznC3XUhehaTTZ/xfKXNpEYbSt8o3Q/9b9xonHLC' WHERE account = '352385193611045735';
UPDATE User SET password_hash = '$2y$13$dg4FlrrcXjMmvWznC3XUhehaTTZ/xfKXNpEYbSt8o3Q/9b9xonHLC' WHERE account = '430509193902278295';
UPDATE User SET password_hash = '$2y$13$dg4FlrrcXjMmvWznC3XUhehaTTZ/xfKXNpEYbSt8o3Q/9b9xonHLC' WHERE account = '642818193903264592';
UPDATE User SET password_hash = '$2y$13$dg4FlrrcXjMmvWznC3XUhehaTTZ/xfKXNpEYbSt8o3Q/9b9xonHLC' WHERE account = '312982195908101832';
UPDATE User SET password_hash = '$2y$13$dg4FlrrcXjMmvWznC3XUhehaTTZ/xfKXNpEYbSt8o3Q/9b9xonHLC' WHERE account = '360363197101101480';
UPDATE User SET password_hash = '$2y$13$dg4FlrrcXjMmvWznC3XUhehaTTZ/xfKXNpEYbSt8o3Q/9b9xonHLC' WHERE account = '111990193405209749';
UPDATE User SET password_hash = '$2y$13$dg4FlrrcXjMmvWznC3XUhehaTTZ/xfKXNpEYbSt8o3Q/9b9xonHLC' WHERE account = '533967195907140364';
UPDATE User SET password_hash = '$2y$13$dg4FlrrcXjMmvWznC3XUhehaTTZ/xfKXNpEYbSt8o3Q/9b9xonHLC' WHERE account = '520599193703145127';
UPDATE User SET password_hash = '$2y$13$dg4FlrrcXjMmvWznC3XUhehaTTZ/xfKXNpEYbSt8o3Q/9b9xonHLC' WHERE account = '371750199508241924';
UPDATE User SET password_hash = '$2y$13$dg4FlrrcXjMmvWznC3XUhehaTTZ/xfKXNpEYbSt8o3Q/9b9xonHLC' WHERE account = '653608200011288559';
UPDATE User SET password_hash = '$2y$13$dg4FlrrcXjMmvWznC3XUhehaTTZ/xfKXNpEYbSt8o3Q/9b9xonHLC' WHERE account = '533869197907233198';
UPDATE User SET password_hash = '$2y$13$dg4FlrrcXjMmvWznC3XUhehaTTZ/xfKXNpEYbSt8o3Q/9b9xonHLC' WHERE account = '44118919730403065X';
UPDATE User SET password_hash = '$2y$13$dg4FlrrcXjMmvWznC3XUhehaTTZ/xfKXNpEYbSt8o3Q/9b9xonHLC' WHERE account = '54354719860703666X';
UPDATE User SET password_hash = '$2y$13$dg4FlrrcXjMmvWznC3XUhehaTTZ/xfKXNpEYbSt8o3Q/9b9xonHLC' WHERE account = '463793201202196440';
UPDATE User SET password_hash = '$2y$13$dg4FlrrcXjMmvWznC3XUhehaTTZ/xfKXNpEYbSt8o3Q/9b9xonHLC' WHERE account = '530192193908073598';
UPDATE User SET password_hash = '$2y$13$dg4FlrrcXjMmvWznC3XUhehaTTZ/xfKXNpEYbSt8o3Q/9b9xonHLC' WHERE account = '224943200303202033';
UPDATE User SET password_hash = '$2y$13$dg4FlrrcXjMmvWznC3XUhehaTTZ/xfKXNpEYbSt8o3Q/9b9xonHLC' WHERE account = '310363196106211352';
UPDATE User SET password_hash = '$2y$13$dg4FlrrcXjMmvWznC3XUhehaTTZ/xfKXNpEYbSt8o3Q/9b9xonHLC' WHERE account = '715075196101267998';
UPDATE User SET password_hash = '$2y$13$dg4FlrrcXjMmvWznC3XUhehaTTZ/xfKXNpEYbSt8o3Q/9b9xonHLC' WHERE account = '350903198707109614';
UPDATE User SET password_hash = '$2y$13$dg4FlrrcXjMmvWznC3XUhehaTTZ/xfKXNpEYbSt8o3Q/9b9xonHLC' WHERE account = '540159197504048183';
UPDATE User SET password_hash = '$2y$13$dg4FlrrcXjMmvWznC3XUhehaTTZ/xfKXNpEYbSt8o3Q/9b9xonHLC' WHERE account = '423529197501104511';
UPDATE User SET password_hash = '$2y$13$dg4FlrrcXjMmvWznC3XUhehaTTZ/xfKXNpEYbSt8o3Q/9b9xonHLC' WHERE account = '343453201411020972';
UPDATE User SET password_hash = '$2y$13$dg4FlrrcXjMmvWznC3XUhehaTTZ/xfKXNpEYbSt8o3Q/9b9xonHLC' WHERE account = '52084719570126619X';
UPDATE User SET password_hash = '$2y$13$dg4FlrrcXjMmvWznC3XUhehaTTZ/xfKXNpEYbSt8o3Q/9b9xonHLC' WHERE account = '320649198805237217';
UPDATE User SET password_hash = '$2y$13$dg4FlrrcXjMmvWznC3XUhehaTTZ/xfKXNpEYbSt8o3Q/9b9xonHLC' WHERE account = '153836201007114218';
UPDATE User SET password_hash = '$2y$13$dg4FlrrcXjMmvWznC3XUhehaTTZ/xfKXNpEYbSt8o3Q/9b9xonHLC' WHERE account = '422415197012201597';
UPDATE User SET password_hash = '$2y$13$dg4FlrrcXjMmvWznC3XUhehaTTZ/xfKXNpEYbSt8o3Q/9b9xonHLC' WHERE account = '353528197909073547';
UPDATE User SET password_hash = '$2y$13$dg4FlrrcXjMmvWznC3XUhehaTTZ/xfKXNpEYbSt8o3Q/9b9xonHLC' WHERE account = '360346196612226673';
UPDATE User SET password_hash = '$2y$13$dg4FlrrcXjMmvWznC3XUhehaTTZ/xfKXNpEYbSt8o3Q/9b9xonHLC' WHERE account = '421640198008108406';
UPDATE User SET password_hash = '$2y$13$dg4FlrrcXjMmvWznC3XUhehaTTZ/xfKXNpEYbSt8o3Q/9b9xonHLC' WHERE account = '503321200305256108';
UPDATE User SET password_hash = '$2y$13$dg4FlrrcXjMmvWznC3XUhehaTTZ/xfKXNpEYbSt8o3Q/9b9xonHLC' WHERE account = '423233196910217034';
UPDATE User SET password_hash = '$2y$13$dg4FlrrcXjMmvWznC3XUhehaTTZ/xfKXNpEYbSt8o3Q/9b9xonHLC' WHERE account = '714472195709259587';
UPDATE User SET password_hash = '$2y$13$dg4FlrrcXjMmvWznC3XUhehaTTZ/xfKXNpEYbSt8o3Q/9b9xonHLC' WHERE account = '460611199804239880';
UPDATE User SET password_hash = '$2y$13$dg4FlrrcXjMmvWznC3XUhehaTTZ/xfKXNpEYbSt8o3Q/9b9xonHLC' WHERE account = '234347196509213950';
UPDATE User SET password_hash = '$2y$13$dg4FlrrcXjMmvWznC3XUhehaTTZ/xfKXNpEYbSt8o3Q/9b9xonHLC' WHERE account = '223592198804251646';
UPDATE User SET password_hash = '$2y$13$dg4FlrrcXjMmvWznC3XUhehaTTZ/xfKXNpEYbSt8o3Q/9b9xonHLC' WHERE account = '152602194412283621';
UPDATE User SET password_hash = '$2y$13$dg4FlrrcXjMmvWznC3XUhehaTTZ/xfKXNpEYbSt8o3Q/9b9xonHLC' WHERE account = '323941193807125863';
UPDATE User SET password_hash = '$2y$13$dg4FlrrcXjMmvWznC3XUhehaTTZ/xfKXNpEYbSt8o3Q/9b9xonHLC' WHERE account = '45300119441124551X';
UPDATE User SET password_hash = '$2y$13$dg4FlrrcXjMmvWznC3XUhehaTTZ/xfKXNpEYbSt8o3Q/9b9xonHLC' WHERE account = '512723198508060414';
UPDATE User SET password_hash = '$2y$13$dg4FlrrcXjMmvWznC3XUhehaTTZ/xfKXNpEYbSt8o3Q/9b9xonHLC' WHERE account = '622422198009304867';
UPDATE User SET password_hash = '$2y$13$dg4FlrrcXjMmvWznC3XUhehaTTZ/xfKXNpEYbSt8o3Q/9b9xonHLC' WHERE account = '314688194301118312';
UPDATE User SET password_hash = '$2y$13$dg4FlrrcXjMmvWznC3XUhehaTTZ/xfKXNpEYbSt8o3Q/9b9xonHLC' WHERE account = '534684195705230530';
UPDATE User SET password_hash = '$2y$13$dg4FlrrcXjMmvWznC3XUhehaTTZ/xfKXNpEYbSt8o3Q/9b9xonHLC' WHERE account = '811660197705291668';
UPDATE User SET password_hash = '$2y$13$dg4FlrrcXjMmvWznC3XUhehaTTZ/xfKXNpEYbSt8o3Q/9b9xonHLC' WHERE account = '712991200711260378';
UPDATE User SET password_hash = '$2y$13$dg4FlrrcXjMmvWznC3XUhehaTTZ/xfKXNpEYbSt8o3Q/9b9xonHLC' WHERE account = '612285197104199839';
UPDATE User SET password_hash = '$2y$13$dg4FlrrcXjMmvWznC3XUhehaTTZ/xfKXNpEYbSt8o3Q/9b9xonHLC' WHERE account = '710195200503126639';
UPDATE User SET password_hash = '$2y$13$dg4FlrrcXjMmvWznC3XUhehaTTZ/xfKXNpEYbSt8o3Q/9b9xonHLC' WHERE account = '462229194305197964';
UPDATE User SET password_hash = '$2y$13$dg4FlrrcXjMmvWznC3XUhehaTTZ/xfKXNpEYbSt8o3Q/9b9xonHLC' WHERE account = '232094194105031776';
UPDATE User SET password_hash = '$2y$13$dg4FlrrcXjMmvWznC3XUhehaTTZ/xfKXNpEYbSt8o3Q/9b9xonHLC' WHERE account = '413036198704040652';
UPDATE User SET password_hash = '$2y$13$dg4FlrrcXjMmvWznC3XUhehaTTZ/xfKXNpEYbSt8o3Q/9b9xonHLC' WHERE account = '543919198209136779';
UPDATE User SET password_hash = '$2y$13$dg4FlrrcXjMmvWznC3XUhehaTTZ/xfKXNpEYbSt8o3Q/9b9xonHLC' WHERE account = '542764198709177736';
UPDATE User SET password_hash = '$2y$13$dg4FlrrcXjMmvWznC3XUhehaTTZ/xfKXNpEYbSt8o3Q/9b9xonHLC' WHERE account = '822133196401133604';
UPDATE User SET password_hash = '$2y$13$dg4FlrrcXjMmvWznC3XUhehaTTZ/xfKXNpEYbSt8o3Q/9b9xonHLC' WHERE account = '632860200309172759';
UPDATE User SET password_hash = '$2y$13$dg4FlrrcXjMmvWznC3XUhehaTTZ/xfKXNpEYbSt8o3Q/9b9xonHLC' WHERE account = '112708197604020330';
UPDATE User SET password_hash = '$2y$13$dg4FlrrcXjMmvWznC3XUhehaTTZ/xfKXNpEYbSt8o3Q/9b9xonHLC' WHERE account = '51407319370902445X';
UPDATE User SET password_hash = '$2y$13$dg4FlrrcXjMmvWznC3XUhehaTTZ/xfKXNpEYbSt8o3Q/9b9xonHLC' WHERE account = '314511193301255719';
UPDATE User SET password_hash = '$2y$13$dg4FlrrcXjMmvWznC3XUhehaTTZ/xfKXNpEYbSt8o3Q/9b9xonHLC' WHERE account = '45192619890510230X';
UPDATE User SET password_hash = '$2y$13$dg4FlrrcXjMmvWznC3XUhehaTTZ/xfKXNpEYbSt8o3Q/9b9xonHLC' WHERE account = '643822198305020018';
UPDATE User SET password_hash = '$2y$13$dg4FlrrcXjMmvWznC3XUhehaTTZ/xfKXNpEYbSt8o3Q/9b9xonHLC' WHERE account = '224950197012308752';
UPDATE User SET password_hash = '$2y$13$dg4FlrrcXjMmvWznC3XUhehaTTZ/xfKXNpEYbSt8o3Q/9b9xonHLC' WHERE account = '23098520090805050X';
UPDATE User SET password_hash = '$2y$13$dg4FlrrcXjMmvWznC3XUhehaTTZ/xfKXNpEYbSt8o3Q/9b9xonHLC' WHERE account = '331487200901235054';
UPDATE User SET password_hash = '$2y$13$dg4FlrrcXjMmvWznC3XUhehaTTZ/xfKXNpEYbSt8o3Q/9b9xonHLC' WHERE account = '133525193701251278';
UPDATE User SET password_hash = '$2y$13$dg4FlrrcXjMmvWznC3XUhehaTTZ/xfKXNpEYbSt8o3Q/9b9xonHLC' WHERE account = '513802199602043632';
UPDATE User SET password_hash = '$2y$13$dg4FlrrcXjMmvWznC3XUhehaTTZ/xfKXNpEYbSt8o3Q/9b9xonHLC' WHERE account = '460322197906189263';
UPDATE User SET password_hash = '$2y$13$dg4FlrrcXjMmvWznC3XUhehaTTZ/xfKXNpEYbSt8o3Q/9b9xonHLC' WHERE account = '330988199108237013';
UPDATE User SET password_hash = '$2y$13$dg4FlrrcXjMmvWznC3XUhehaTTZ/xfKXNpEYbSt8o3Q/9b9xonHLC' WHERE account = '63272819410828564X';
UPDATE User SET password_hash = '$2y$13$dg4FlrrcXjMmvWznC3XUhehaTTZ/xfKXNpEYbSt8o3Q/9b9xonHLC' WHERE account = '813179195406159269';
UPDATE User SET password_hash = '$2y$13$dg4FlrrcXjMmvWznC3XUhehaTTZ/xfKXNpEYbSt8o3Q/9b9xonHLC' WHERE account = '65136520000707702X';
UPDATE User SET password_hash = '$2y$13$dg4FlrrcXjMmvWznC3XUhehaTTZ/xfKXNpEYbSt8o3Q/9b9xonHLC' WHERE account = '374145194002099674';
UPDATE User SET password_hash = '$2y$13$dg4FlrrcXjMmvWznC3XUhehaTTZ/xfKXNpEYbSt8o3Q/9b9xonHLC' WHERE account = '453398193003041830';
UPDATE User SET password_hash = '$2y$13$dg4FlrrcXjMmvWznC3XUhehaTTZ/xfKXNpEYbSt8o3Q/9b9xonHLC' WHERE account = '51483119391201048X';
UPDATE User SET password_hash = '$2y$13$dg4FlrrcXjMmvWznC3XUhehaTTZ/xfKXNpEYbSt8o3Q/9b9xonHLC' WHERE account = '532969199102205790';
UPDATE User SET password_hash = '$2y$13$dg4FlrrcXjMmvWznC3XUhehaTTZ/xfKXNpEYbSt8o3Q/9b9xonHLC' WHERE account = '14409119631208284X';
UPDATE User SET password_hash = '$2y$13$dg4FlrrcXjMmvWznC3XUhehaTTZ/xfKXNpEYbSt8o3Q/9b9xonHLC' WHERE account = '514337197403298769';
UPDATE User SET password_hash = '$2y$13$dg4FlrrcXjMmvWznC3XUhehaTTZ/xfKXNpEYbSt8o3Q/9b9xonHLC' WHERE account = '612947198705165617';
UPDATE User SET password_hash = '$2y$13$dg4FlrrcXjMmvWznC3XUhehaTTZ/xfKXNpEYbSt8o3Q/9b9xonHLC' WHERE account = '124458194611279112';
UPDATE User SET password_hash = '$2y$13$dg4FlrrcXjMmvWznC3XUhehaTTZ/xfKXNpEYbSt8o3Q/9b9xonHLC' WHERE account = '823452198203204155';
UPDATE User SET password_hash = '$2y$13$dg4FlrrcXjMmvWznC3XUhehaTTZ/xfKXNpEYbSt8o3Q/9b9xonHLC' WHERE account = '124003197111168543';
UPDATE User SET password_hash = '$2y$13$dg4FlrrcXjMmvWznC3XUhehaTTZ/xfKXNpEYbSt8o3Q/9b9xonHLC' WHERE account = '420459193603251058';
UPDATE User SET password_hash = '$2y$13$dg4FlrrcXjMmvWznC3XUhehaTTZ/xfKXNpEYbSt8o3Q/9b9xonHLC' WHERE account = '643773201108235178';
UPDATE User SET password_hash = '$2y$13$dg4FlrrcXjMmvWznC3XUhehaTTZ/xfKXNpEYbSt8o3Q/9b9xonHLC' WHERE account = '631364199710285125';
UPDATE User SET password_hash = '$2y$13$dg4FlrrcXjMmvWznC3XUhehaTTZ/xfKXNpEYbSt8o3Q/9b9xonHLC' WHERE account = '344933194712313364';
UPDATE User SET password_hash = '$2y$13$dg4FlrrcXjMmvWznC3XUhehaTTZ/xfKXNpEYbSt8o3Q/9b9xonHLC' WHERE account = '151410196101093763';
UPDATE User SET password_hash = '$2y$13$dg4FlrrcXjMmvWznC3XUhehaTTZ/xfKXNpEYbSt8o3Q/9b9xonHLC' WHERE account = '541082195511010637';
UPDATE User SET password_hash = '$2y$13$dg4FlrrcXjMmvWznC3XUhehaTTZ/xfKXNpEYbSt8o3Q/9b9xonHLC' WHERE account = '823937198604187194';
UPDATE User SET password_hash = '$2y$13$dg4FlrrcXjMmvWznC3XUhehaTTZ/xfKXNpEYbSt8o3Q/9b9xonHLC' WHERE account = '311016199307210742';
UPDATE User SET password_hash = '$2y$13$dg4FlrrcXjMmvWznC3XUhehaTTZ/xfKXNpEYbSt8o3Q/9b9xonHLC' WHERE account = '321554197109280129';
UPDATE User SET password_hash = '$2y$13$dg4FlrrcXjMmvWznC3XUhehaTTZ/xfKXNpEYbSt8o3Q/9b9xonHLC' WHERE account = '323396198911245158';
UPDATE User SET password_hash = '$2y$13$dg4FlrrcXjMmvWznC3XUhehaTTZ/xfKXNpEYbSt8o3Q/9b9xonHLC' WHERE account = '363139200404171466';
UPDATE User SET password_hash = '$2y$13$dg4FlrrcXjMmvWznC3XUhehaTTZ/xfKXNpEYbSt8o3Q/9b9xonHLC' WHERE account = '222987195612070405';
UPDATE User SET password_hash = '$2y$13$dg4FlrrcXjMmvWznC3XUhehaTTZ/xfKXNpEYbSt8o3Q/9b9xonHLC' WHERE account = '650145193111149421';
UPDATE User SET password_hash = '$2y$13$dg4FlrrcXjMmvWznC3XUhehaTTZ/xfKXNpEYbSt8o3Q/9b9xonHLC' WHERE account = '430216198804240084';
UPDATE User SET password_hash = '$2y$13$dg4FlrrcXjMmvWznC3XUhehaTTZ/xfKXNpEYbSt8o3Q/9b9xonHLC' WHERE account = '460439198903299579';
UPDATE User SET password_hash = '$2y$13$dg4FlrrcXjMmvWznC3XUhehaTTZ/xfKXNpEYbSt8o3Q/9b9xonHLC' WHERE account = '714458196912234561';
UPDATE User SET password_hash = '$2y$13$dg4FlrrcXjMmvWznC3XUhehaTTZ/xfKXNpEYbSt8o3Q/9b9xonHLC' WHERE account = '653820193202180029';
UPDATE User SET password_hash = '$2y$13$dg4FlrrcXjMmvWznC3XUhehaTTZ/xfKXNpEYbSt8o3Q/9b9xonHLC' WHERE account = '410430200103185499';
UPDATE User SET password_hash = '$2y$13$dg4FlrrcXjMmvWznC3XUhehaTTZ/xfKXNpEYbSt8o3Q/9b9xonHLC' WHERE account = '811465196704219067';
UPDATE User SET password_hash = '$2y$13$dg4FlrrcXjMmvWznC3XUhehaTTZ/xfKXNpEYbSt8o3Q/9b9xonHLC' WHERE account = '813976193512206804';
UPDATE User SET password_hash = '$2y$13$dg4FlrrcXjMmvWznC3XUhehaTTZ/xfKXNpEYbSt8o3Q/9b9xonHLC' WHERE account = '651284194706079488';
UPDATE User SET password_hash = '$2y$13$dg4FlrrcXjMmvWznC3XUhehaTTZ/xfKXNpEYbSt8o3Q/9b9xonHLC' WHERE account = '634066195803075535';
UPDATE User SET password_hash = '$2y$13$dg4FlrrcXjMmvWznC3XUhehaTTZ/xfKXNpEYbSt8o3Q/9b9xonHLC' WHERE account = '611792193604102567';
UPDATE User SET password_hash = '$2y$13$dg4FlrrcXjMmvWznC3XUhehaTTZ/xfKXNpEYbSt8o3Q/9b9xonHLC' WHERE account = '713851196809267300';
UPDATE User SET password_hash = '$2y$13$dg4FlrrcXjMmvWznC3XUhehaTTZ/xfKXNpEYbSt8o3Q/9b9xonHLC' WHERE account = '110750195002210347';
UPDATE User SET password_hash = '$2y$13$dg4FlrrcXjMmvWznC3XUhehaTTZ/xfKXNpEYbSt8o3Q/9b9xonHLC' WHERE account = '233779194208233520';
UPDATE User SET password_hash = '$2y$13$dg4FlrrcXjMmvWznC3XUhehaTTZ/xfKXNpEYbSt8o3Q/9b9xonHLC' WHERE account = '211233196803172476';
UPDATE User SET password_hash = '$2y$13$dg4FlrrcXjMmvWznC3XUhehaTTZ/xfKXNpEYbSt8o3Q/9b9xonHLC' WHERE account = '460345200905287184';
UPDATE User SET password_hash = '$2y$13$dg4FlrrcXjMmvWznC3XUhehaTTZ/xfKXNpEYbSt8o3Q/9b9xonHLC' WHERE account = '233601200012040866';
UPDATE User SET password_hash = '$2y$13$dg4FlrrcXjMmvWznC3XUhehaTTZ/xfKXNpEYbSt8o3Q/9b9xonHLC' WHERE account = '412744200812031544';
UPDATE User SET password_hash = '$2y$13$dg4FlrrcXjMmvWznC3XUhehaTTZ/xfKXNpEYbSt8o3Q/9b9xonHLC' WHERE account = '821165192409169424';
UPDATE User SET password_hash = '$2y$13$dg4FlrrcXjMmvWznC3XUhehaTTZ/xfKXNpEYbSt8o3Q/9b9xonHLC' WHERE account = '81272419730927755X';
UPDATE User SET password_hash = '$2y$13$dg4FlrrcXjMmvWznC3XUhehaTTZ/xfKXNpEYbSt8o3Q/9b9xonHLC' WHERE account = '633385198604296409';
UPDATE User SET password_hash = '$2y$13$dg4FlrrcXjMmvWznC3XUhehaTTZ/xfKXNpEYbSt8o3Q/9b9xonHLC' WHERE account = '501714195106289956';
UPDATE User SET password_hash = '$2y$13$dg4FlrrcXjMmvWznC3XUhehaTTZ/xfKXNpEYbSt8o3Q/9b9xonHLC' WHERE account = '41093720090914970X';
UPDATE User SET password_hash = '$2y$13$dg4FlrrcXjMmvWznC3XUhehaTTZ/xfKXNpEYbSt8o3Q/9b9xonHLC' WHERE account = '614999196002034515';
UPDATE User SET password_hash = '$2y$13$dg4FlrrcXjMmvWznC3XUhehaTTZ/xfKXNpEYbSt8o3Q/9b9xonHLC' WHERE account = '143901198312302647';
UPDATE User SET password_hash = '$2y$13$dg4FlrrcXjMmvWznC3XUhehaTTZ/xfKXNpEYbSt8o3Q/9b9xonHLC' WHERE account = '810682197003093489';
UPDATE User SET password_hash = '$2y$13$dg4FlrrcXjMmvWznC3XUhehaTTZ/xfKXNpEYbSt8o3Q/9b9xonHLC' WHERE account = '114584193410131690';
UPDATE User SET password_hash = '$2y$13$dg4FlrrcXjMmvWznC3XUhehaTTZ/xfKXNpEYbSt8o3Q/9b9xonHLC' WHERE account = '414586200004270040';
UPDATE User SET password_hash = '$2y$13$dg4FlrrcXjMmvWznC3XUhehaTTZ/xfKXNpEYbSt8o3Q/9b9xonHLC' WHERE account = '453787199006090401';
UPDATE User SET password_hash = '$2y$13$dg4FlrrcXjMmvWznC3XUhehaTTZ/xfKXNpEYbSt8o3Q/9b9xonHLC' WHERE account = '214741194101212982';
UPDATE User SET password_hash = '$2y$13$dg4FlrrcXjMmvWznC3XUhehaTTZ/xfKXNpEYbSt8o3Q/9b9xonHLC' WHERE account = '63108820080629906X';
UPDATE User SET password_hash = '$2y$13$dg4FlrrcXjMmvWznC3XUhehaTTZ/xfKXNpEYbSt8o3Q/9b9xonHLC' WHERE account = '464893199710266037';
UPDATE User SET password_hash = '$2y$13$dg4FlrrcXjMmvWznC3XUhehaTTZ/xfKXNpEYbSt8o3Q/9b9xonHLC' WHERE account = '361592193701302807';
UPDATE User SET password_hash = '$2y$13$dg4FlrrcXjMmvWznC3XUhehaTTZ/xfKXNpEYbSt8o3Q/9b9xonHLC' WHERE account = '51499119921229001X';
UPDATE User SET password_hash = '$2y$13$dg4FlrrcXjMmvWznC3XUhehaTTZ/xfKXNpEYbSt8o3Q/9b9xonHLC' WHERE account = '130525194301141855';
UPDATE User SET password_hash = '$2y$13$dg4FlrrcXjMmvWznC3XUhehaTTZ/xfKXNpEYbSt8o3Q/9b9xonHLC' WHERE account = '232625201207096724';
UPDATE User SET password_hash = '$2y$13$dg4FlrrcXjMmvWznC3XUhehaTTZ/xfKXNpEYbSt8o3Q/9b9xonHLC' WHERE account = '344104200210225590';
UPDATE User SET password_hash = '$2y$13$dg4FlrrcXjMmvWznC3XUhehaTTZ/xfKXNpEYbSt8o3Q/9b9xonHLC' WHERE account = '514402193402032148';
UPDATE User SET password_hash = '$2y$13$dg4FlrrcXjMmvWznC3XUhehaTTZ/xfKXNpEYbSt8o3Q/9b9xonHLC' WHERE account = '825064193102286535';
UPDATE User SET password_hash = '$2y$13$dg4FlrrcXjMmvWznC3XUhehaTTZ/xfKXNpEYbSt8o3Q/9b9xonHLC' WHERE account = '821633192803317606';
UPDATE User SET password_hash = '$2y$13$dg4FlrrcXjMmvWznC3XUhehaTTZ/xfKXNpEYbSt8o3Q/9b9xonHLC' WHERE account = '642534198211097213';
UPDATE User SET password_hash = '$2y$13$dg4FlrrcXjMmvWznC3XUhehaTTZ/xfKXNpEYbSt8o3Q/9b9xonHLC' WHERE account = '520247192412168344';
UPDATE User SET password_hash = '$2y$13$dg4FlrrcXjMmvWznC3XUhehaTTZ/xfKXNpEYbSt8o3Q/9b9xonHLC' WHERE account = '214277194201020333';
UPDATE User SET password_hash = '$2y$13$dg4FlrrcXjMmvWznC3XUhehaTTZ/xfKXNpEYbSt8o3Q/9b9xonHLC' WHERE account = '642491199709049474';
UPDATE User SET password_hash = '$2y$13$dg4FlrrcXjMmvWznC3XUhehaTTZ/xfKXNpEYbSt8o3Q/9b9xonHLC' WHERE account = '641254194706178767';
UPDATE User SET password_hash = '$2y$13$dg4FlrrcXjMmvWznC3XUhehaTTZ/xfKXNpEYbSt8o3Q/9b9xonHLC' WHERE account = '441735198710144825';
UPDATE User SET password_hash = '$2y$13$dg4FlrrcXjMmvWznC3XUhehaTTZ/xfKXNpEYbSt8o3Q/9b9xonHLC' WHERE account = '623391197310301791';
UPDATE User SET password_hash = '$2y$13$dg4FlrrcXjMmvWznC3XUhehaTTZ/xfKXNpEYbSt8o3Q/9b9xonHLC' WHERE account = '441742195805296349';
UPDATE User SET password_hash = '$2y$13$dg4FlrrcXjMmvWznC3XUhehaTTZ/xfKXNpEYbSt8o3Q/9b9xonHLC' WHERE account = '43494519550713212X';
UPDATE User SET password_hash = '$2y$13$dg4FlrrcXjMmvWznC3XUhehaTTZ/xfKXNpEYbSt8o3Q/9b9xonHLC' WHERE account = '641487194305184258';
UPDATE User SET password_hash = '$2y$13$dg4FlrrcXjMmvWznC3XUhehaTTZ/xfKXNpEYbSt8o3Q/9b9xonHLC' WHERE account = '614122198809063916';
UPDATE User SET password_hash = '$2y$13$dg4FlrrcXjMmvWznC3XUhehaTTZ/xfKXNpEYbSt8o3Q/9b9xonHLC' WHERE account = '413984196608214384';
UPDATE User SET password_hash = '$2y$13$dg4FlrrcXjMmvWznC3XUhehaTTZ/xfKXNpEYbSt8o3Q/9b9xonHLC' WHERE account = '464862199102119808';
UPDATE User SET password_hash = '$2y$13$dg4FlrrcXjMmvWznC3XUhehaTTZ/xfKXNpEYbSt8o3Q/9b9xonHLC' WHERE account = '513635199607185216';
UPDATE User SET password_hash = '$2y$13$dg4FlrrcXjMmvWznC3XUhehaTTZ/xfKXNpEYbSt8o3Q/9b9xonHLC' WHERE account = '541949199104235602';
UPDATE User SET password_hash = '$2y$13$dg4FlrrcXjMmvWznC3XUhehaTTZ/xfKXNpEYbSt8o3Q/9b9xonHLC' WHERE account = '42218919481120470X';
UPDATE User SET password_hash = '$2y$13$dg4FlrrcXjMmvWznC3XUhehaTTZ/xfKXNpEYbSt8o3Q/9b9xonHLC' WHERE account = '821108195203149648';
UPDATE User SET password_hash = '$2y$13$dg4FlrrcXjMmvWznC3XUhehaTTZ/xfKXNpEYbSt8o3Q/9b9xonHLC' WHERE account = '620835195911306982';
UPDATE User SET password_hash = '$2y$13$dg4FlrrcXjMmvWznC3XUhehaTTZ/xfKXNpEYbSt8o3Q/9b9xonHLC' WHERE account = '652439198508152054';
UPDATE User SET password_hash = '$2y$13$dg4FlrrcXjMmvWznC3XUhehaTTZ/xfKXNpEYbSt8o3Q/9b9xonHLC' WHERE account = '640998192505097223';
UPDATE User SET password_hash = '$2y$13$dg4FlrrcXjMmvWznC3XUhehaTTZ/xfKXNpEYbSt8o3Q/9b9xonHLC' WHERE account = '430112201403112597';
UPDATE User SET password_hash = '$2y$13$dg4FlrrcXjMmvWznC3XUhehaTTZ/xfKXNpEYbSt8o3Q/9b9xonHLC' WHERE account = '611437195312067447';
UPDATE User SET password_hash = '$2y$13$dg4FlrrcXjMmvWznC3XUhehaTTZ/xfKXNpEYbSt8o3Q/9b9xonHLC' WHERE account = '232401193111158065';
UPDATE User SET password_hash = '$2y$13$dg4FlrrcXjMmvWznC3XUhehaTTZ/xfKXNpEYbSt8o3Q/9b9xonHLC' WHERE account = '230581198201289014';
UPDATE User SET password_hash = '$2y$13$dg4FlrrcXjMmvWznC3XUhehaTTZ/xfKXNpEYbSt8o3Q/9b9xonHLC' WHERE account = '523089192606096011';
UPDATE User SET password_hash = '$2y$13$dg4FlrrcXjMmvWznC3XUhehaTTZ/xfKXNpEYbSt8o3Q/9b9xonHLC' WHERE account = '43230119600710668X';
UPDATE User SET password_hash = '$2y$13$dg4FlrrcXjMmvWznC3XUhehaTTZ/xfKXNpEYbSt8o3Q/9b9xonHLC' WHERE account = '443828199902087318';
UPDATE User SET password_hash = '$2y$13$dg4FlrrcXjMmvWznC3XUhehaTTZ/xfKXNpEYbSt8o3Q/9b9xonHLC' WHERE account = '442881200104277099';
UPDATE User SET password_hash = '$2y$13$dg4FlrrcXjMmvWznC3XUhehaTTZ/xfKXNpEYbSt8o3Q/9b9xonHLC' WHERE account = '345030195105039024';
UPDATE User SET password_hash = '$2y$13$dg4FlrrcXjMmvWznC3XUhehaTTZ/xfKXNpEYbSt8o3Q/9b9xonHLC' WHERE account = '50103519340123226X';
UPDATE User SET password_hash = '$2y$13$dg4FlrrcXjMmvWznC3XUhehaTTZ/xfKXNpEYbSt8o3Q/9b9xonHLC' WHERE account = '503040197102184269';
UPDATE User SET password_hash = '$2y$13$dg4FlrrcXjMmvWznC3XUhehaTTZ/xfKXNpEYbSt8o3Q/9b9xonHLC' WHERE account = '813869196905301866';
UPDATE User SET password_hash = '$2y$13$dg4FlrrcXjMmvWznC3XUhehaTTZ/xfKXNpEYbSt8o3Q/9b9xonHLC' WHERE account = '124967195602207290';
UPDATE User SET password_hash = '$2y$13$dg4FlrrcXjMmvWznC3XUhehaTTZ/xfKXNpEYbSt8o3Q/9b9xonHLC' WHERE account = '412285198309016038';
UPDATE User SET password_hash = '$2y$13$dg4FlrrcXjMmvWznC3XUhehaTTZ/xfKXNpEYbSt8o3Q/9b9xonHLC' WHERE account = '411218197012030396';
UPDATE User SET password_hash = '$2y$13$dg4FlrrcXjMmvWznC3XUhehaTTZ/xfKXNpEYbSt8o3Q/9b9xonHLC' WHERE account = '442761197504225631';
UPDATE User SET password_hash = '$2y$13$dg4FlrrcXjMmvWznC3XUhehaTTZ/xfKXNpEYbSt8o3Q/9b9xonHLC' WHERE account = '112569195908069399';
UPDATE User SET password_hash = '$2y$13$dg4FlrrcXjMmvWznC3XUhehaTTZ/xfKXNpEYbSt8o3Q/9b9xonHLC' WHERE account = '321007193208186497';
UPDATE User SET password_hash = '$2y$13$dg4FlrrcXjMmvWznC3XUhehaTTZ/xfKXNpEYbSt8o3Q/9b9xonHLC' WHERE account = '321672194906087757';
UPDATE User SET password_hash = '$2y$13$dg4FlrrcXjMmvWznC3XUhehaTTZ/xfKXNpEYbSt8o3Q/9b9xonHLC' WHERE account = '151075197610050415';
UPDATE User SET password_hash = '$2y$13$dg4FlrrcXjMmvWznC3XUhehaTTZ/xfKXNpEYbSt8o3Q/9b9xonHLC' WHERE account = '643126196603030234';
UPDATE User SET password_hash = '$2y$13$dg4FlrrcXjMmvWznC3XUhehaTTZ/xfKXNpEYbSt8o3Q/9b9xonHLC' WHERE account = '320643194605184362';
UPDATE User SET password_hash = '$2y$13$dg4FlrrcXjMmvWznC3XUhehaTTZ/xfKXNpEYbSt8o3Q/9b9xonHLC' WHERE account = '123680199605301940';
UPDATE User SET password_hash = '$2y$13$dg4FlrrcXjMmvWznC3XUhehaTTZ/xfKXNpEYbSt8o3Q/9b9xonHLC' WHERE account = '500882197307047062';
UPDATE User SET password_hash = '$2y$13$dg4FlrrcXjMmvWznC3XUhehaTTZ/xfKXNpEYbSt8o3Q/9b9xonHLC' WHERE account = '530241195011038682';
UPDATE User SET password_hash = '$2y$13$dg4FlrrcXjMmvWznC3XUhehaTTZ/xfKXNpEYbSt8o3Q/9b9xonHLC' WHERE account = '373548192607297643';
UPDATE User SET password_hash = '$2y$13$dg4FlrrcXjMmvWznC3XUhehaTTZ/xfKXNpEYbSt8o3Q/9b9xonHLC' WHERE account = '823736200203310678';
UPDATE User SET password_hash = '$2y$13$dg4FlrrcXjMmvWznC3XUhehaTTZ/xfKXNpEYbSt8o3Q/9b9xonHLC' WHERE account = '143625195509103668';
UPDATE User SET password_hash = '$2y$13$dg4FlrrcXjMmvWznC3XUhehaTTZ/xfKXNpEYbSt8o3Q/9b9xonHLC' WHERE account = '411104200803063952';
UPDATE User SET password_hash = '$2y$13$dg4FlrrcXjMmvWznC3XUhehaTTZ/xfKXNpEYbSt8o3Q/9b9xonHLC' WHERE account = '211226199008080413';
UPDATE User SET password_hash = '$2y$13$dg4FlrrcXjMmvWznC3XUhehaTTZ/xfKXNpEYbSt8o3Q/9b9xonHLC' WHERE account = '373281199904037706';
UPDATE User SET password_hash = '$2y$13$dg4FlrrcXjMmvWznC3XUhehaTTZ/xfKXNpEYbSt8o3Q/9b9xonHLC' WHERE account = '464778193501240385';
UPDATE User SET password_hash = '$2y$13$dg4FlrrcXjMmvWznC3XUhehaTTZ/xfKXNpEYbSt8o3Q/9b9xonHLC' WHERE account = '611131195701038361';
UPDATE User SET password_hash = '$2y$13$dg4FlrrcXjMmvWznC3XUhehaTTZ/xfKXNpEYbSt8o3Q/9b9xonHLC' WHERE account = '453448199601201675';
UPDATE User SET password_hash = '$2y$13$dg4FlrrcXjMmvWznC3XUhehaTTZ/xfKXNpEYbSt8o3Q/9b9xonHLC' WHERE account = '513074197706142321';
UPDATE User SET password_hash = '$2y$13$dg4FlrrcXjMmvWznC3XUhehaTTZ/xfKXNpEYbSt8o3Q/9b9xonHLC' WHERE account = '313517193703049653';
UPDATE User SET password_hash = '$2y$13$dg4FlrrcXjMmvWznC3XUhehaTTZ/xfKXNpEYbSt8o3Q/9b9xonHLC' WHERE account = '543887192608093432';
UPDATE User SET password_hash = '$2y$13$dg4FlrrcXjMmvWznC3XUhehaTTZ/xfKXNpEYbSt8o3Q/9b9xonHLC' WHERE account = '333328200303130262';
UPDATE User SET password_hash = '$2y$13$dg4FlrrcXjMmvWznC3XUhehaTTZ/xfKXNpEYbSt8o3Q/9b9xonHLC' WHERE account = '320843197907236950';
UPDATE User SET password_hash = '$2y$13$dg4FlrrcXjMmvWznC3XUhehaTTZ/xfKXNpEYbSt8o3Q/9b9xonHLC' WHERE account = '413201195401033665';
UPDATE User SET password_hash = '$2y$13$dg4FlrrcXjMmvWznC3XUhehaTTZ/xfKXNpEYbSt8o3Q/9b9xonHLC' WHERE account = '131492194304224086';
UPDATE User SET password_hash = '$2y$13$dg4FlrrcXjMmvWznC3XUhehaTTZ/xfKXNpEYbSt8o3Q/9b9xonHLC' WHERE account = '640316201402109866';
UPDATE User SET password_hash = '$2y$13$dg4FlrrcXjMmvWznC3XUhehaTTZ/xfKXNpEYbSt8o3Q/9b9xonHLC' WHERE account = '112179201012054136';
UPDATE User SET password_hash = '$2y$13$dg4FlrrcXjMmvWznC3XUhehaTTZ/xfKXNpEYbSt8o3Q/9b9xonHLC' WHERE account = '411943198902250446';
UPDATE User SET password_hash = '$2y$13$dg4FlrrcXjMmvWznC3XUhehaTTZ/xfKXNpEYbSt8o3Q/9b9xonHLC' WHERE account = '133731200303179010';
UPDATE User SET password_hash = '$2y$13$dg4FlrrcXjMmvWznC3XUhehaTTZ/xfKXNpEYbSt8o3Q/9b9xonHLC' WHERE account = '370803201407250063';
UPDATE User SET password_hash = '$2y$13$dg4FlrrcXjMmvWznC3XUhehaTTZ/xfKXNpEYbSt8o3Q/9b9xonHLC' WHERE account = '511409193409146065';
UPDATE User SET password_hash = '$2y$13$dg4FlrrcXjMmvWznC3XUhehaTTZ/xfKXNpEYbSt8o3Q/9b9xonHLC' WHERE account = '533556194010180831';
UPDATE User SET password_hash = '$2y$13$dg4FlrrcXjMmvWznC3XUhehaTTZ/xfKXNpEYbSt8o3Q/9b9xonHLC' WHERE account = '52130919600828636X';
UPDATE User SET password_hash = '$2y$13$dg4FlrrcXjMmvWznC3XUhehaTTZ/xfKXNpEYbSt8o3Q/9b9xonHLC' WHERE account = '814188193111040890';
UPDATE User SET password_hash = '$2y$13$dg4FlrrcXjMmvWznC3XUhehaTTZ/xfKXNpEYbSt8o3Q/9b9xonHLC' WHERE account = '110568199904167400';
UPDATE User SET password_hash = '$2y$13$dg4FlrrcXjMmvWznC3XUhehaTTZ/xfKXNpEYbSt8o3Q/9b9xonHLC' WHERE account = '824934193704015644';
UPDATE User SET password_hash = '$2y$13$dg4FlrrcXjMmvWznC3XUhehaTTZ/xfKXNpEYbSt8o3Q/9b9xonHLC' WHERE account = '153563199602257438';
UPDATE User SET password_hash = '$2y$13$dg4FlrrcXjMmvWznC3XUhehaTTZ/xfKXNpEYbSt8o3Q/9b9xonHLC' WHERE account = '330264198802205436';
UPDATE User SET password_hash = '$2y$13$dg4FlrrcXjMmvWznC3XUhehaTTZ/xfKXNpEYbSt8o3Q/9b9xonHLC' WHERE account = '333664198504089543';
UPDATE User SET password_hash = '$2y$13$dg4FlrrcXjMmvWznC3XUhehaTTZ/xfKXNpEYbSt8o3Q/9b9xonHLC' WHERE account = '452959200205319539';
UPDATE User SET password_hash = '$2y$13$dg4FlrrcXjMmvWznC3XUhehaTTZ/xfKXNpEYbSt8o3Q/9b9xonHLC' WHERE account = '520864199901146577';
UPDATE User SET password_hash = '$2y$13$dg4FlrrcXjMmvWznC3XUhehaTTZ/xfKXNpEYbSt8o3Q/9b9xonHLC' WHERE account = '213827200710043480';
UPDATE User SET password_hash = '$2y$13$dg4FlrrcXjMmvWznC3XUhehaTTZ/xfKXNpEYbSt8o3Q/9b9xonHLC' WHERE account = '123592200010247169';
UPDATE User SET password_hash = '$2y$13$dg4FlrrcXjMmvWznC3XUhehaTTZ/xfKXNpEYbSt8o3Q/9b9xonHLC' WHERE account = '502833199704284239';
UPDATE User SET password_hash = '$2y$13$dg4FlrrcXjMmvWznC3XUhehaTTZ/xfKXNpEYbSt8o3Q/9b9xonHLC' WHERE account = '12357919940721569X';
UPDATE User SET password_hash = '$2y$13$dg4FlrrcXjMmvWznC3XUhehaTTZ/xfKXNpEYbSt8o3Q/9b9xonHLC' WHERE account = '321746196701127590';
UPDATE User SET password_hash = '$2y$13$dg4FlrrcXjMmvWznC3XUhehaTTZ/xfKXNpEYbSt8o3Q/9b9xonHLC' WHERE account = '412971196101037542';
UPDATE User SET password_hash = '$2y$13$dg4FlrrcXjMmvWznC3XUhehaTTZ/xfKXNpEYbSt8o3Q/9b9xonHLC' WHERE account = '632494197803015529';
UPDATE User SET password_hash = '$2y$13$dg4FlrrcXjMmvWznC3XUhehaTTZ/xfKXNpEYbSt8o3Q/9b9xonHLC' WHERE account = '622901194111246711';
UPDATE User SET password_hash = '$2y$13$dg4FlrrcXjMmvWznC3XUhehaTTZ/xfKXNpEYbSt8o3Q/9b9xonHLC' WHERE account = '132211196001174491';
UPDATE User SET password_hash = '$2y$13$dg4FlrrcXjMmvWznC3XUhehaTTZ/xfKXNpEYbSt8o3Q/9b9xonHLC' WHERE account = '52314220140927907X';
UPDATE User SET password_hash = '$2y$13$dg4FlrrcXjMmvWznC3XUhehaTTZ/xfKXNpEYbSt8o3Q/9b9xonHLC' WHERE account = '220941200108106347';
UPDATE User SET password_hash = '$2y$13$dg4FlrrcXjMmvWznC3XUhehaTTZ/xfKXNpEYbSt8o3Q/9b9xonHLC' WHERE account = '344814193008301810';
UPDATE User SET password_hash = '$2y$13$dg4FlrrcXjMmvWznC3XUhehaTTZ/xfKXNpEYbSt8o3Q/9b9xonHLC' WHERE account = '220227197011141741';
UPDATE User SET password_hash = '$2y$13$dg4FlrrcXjMmvWznC3XUhehaTTZ/xfKXNpEYbSt8o3Q/9b9xonHLC' WHERE account = '462167193102212055';
UPDATE User SET password_hash = '$2y$13$dg4FlrrcXjMmvWznC3XUhehaTTZ/xfKXNpEYbSt8o3Q/9b9xonHLC' WHERE account = '821959194408093989';
UPDATE User SET password_hash = '$2y$13$dg4FlrrcXjMmvWznC3XUhehaTTZ/xfKXNpEYbSt8o3Q/9b9xonHLC' WHERE account = '822406196112026417';
UPDATE User SET password_hash = '$2y$13$dg4FlrrcXjMmvWznC3XUhehaTTZ/xfKXNpEYbSt8o3Q/9b9xonHLC' WHERE account = '814268194105130356';
UPDATE User SET password_hash = '$2y$13$dg4FlrrcXjMmvWznC3XUhehaTTZ/xfKXNpEYbSt8o3Q/9b9xonHLC' WHERE account = '532609193302116894';
UPDATE User SET password_hash = '$2y$13$dg4FlrrcXjMmvWznC3XUhehaTTZ/xfKXNpEYbSt8o3Q/9b9xonHLC' WHERE account = '320309197001065421';
UPDATE User SET password_hash = '$2y$13$dg4FlrrcXjMmvWznC3XUhehaTTZ/xfKXNpEYbSt8o3Q/9b9xonHLC' WHERE account = '521572197205254294';
UPDATE User SET password_hash = '$2y$13$dg4FlrrcXjMmvWznC3XUhehaTTZ/xfKXNpEYbSt8o3Q/9b9xonHLC' WHERE account = '232948192801153200';
UPDATE User SET password_hash = '$2y$13$dg4FlrrcXjMmvWznC3XUhehaTTZ/xfKXNpEYbSt8o3Q/9b9xonHLC' WHERE account = '374163201302242364';
UPDATE User SET password_hash = '$2y$13$dg4FlrrcXjMmvWznC3XUhehaTTZ/xfKXNpEYbSt8o3Q/9b9xonHLC' WHERE account = '51046020000211539X';
UPDATE User SET password_hash = '$2y$13$dg4FlrrcXjMmvWznC3XUhehaTTZ/xfKXNpEYbSt8o3Q/9b9xonHLC' WHERE account = '714001199104048713';
UPDATE User SET password_hash = '$2y$13$dg4FlrrcXjMmvWznC3XUhehaTTZ/xfKXNpEYbSt8o3Q/9b9xonHLC' WHERE account = '322304200506205523';
UPDATE User SET password_hash = '$2y$13$dg4FlrrcXjMmvWznC3XUhehaTTZ/xfKXNpEYbSt8o3Q/9b9xonHLC' WHERE account = '453341196211121360';
UPDATE User SET password_hash = '$2y$13$dg4FlrrcXjMmvWznC3XUhehaTTZ/xfKXNpEYbSt8o3Q/9b9xonHLC' WHERE account = '374706195206077940';
UPDATE User SET password_hash = '$2y$13$dg4FlrrcXjMmvWznC3XUhehaTTZ/xfKXNpEYbSt8o3Q/9b9xonHLC' WHERE account = '542918192410185601';
UPDATE User SET password_hash = '$2y$13$dg4FlrrcXjMmvWznC3XUhehaTTZ/xfKXNpEYbSt8o3Q/9b9xonHLC' WHERE account = '353234194610104941';
UPDATE User SET password_hash = '$2y$13$dg4FlrrcXjMmvWznC3XUhehaTTZ/xfKXNpEYbSt8o3Q/9b9xonHLC' WHERE account = '442136197212118918';
UPDATE User SET password_hash = '$2y$13$dg4FlrrcXjMmvWznC3XUhehaTTZ/xfKXNpEYbSt8o3Q/9b9xonHLC' WHERE account = '111506200711094530';
UPDATE User SET password_hash = '$2y$13$dg4FlrrcXjMmvWznC3XUhehaTTZ/xfKXNpEYbSt8o3Q/9b9xonHLC' WHERE account = '324656198205162889';
UPDATE User SET password_hash = '$2y$13$dg4FlrrcXjMmvWznC3XUhehaTTZ/xfKXNpEYbSt8o3Q/9b9xonHLC' WHERE account = '821437199101299427';
UPDATE User SET password_hash = '$2y$13$dg4FlrrcXjMmvWznC3XUhehaTTZ/xfKXNpEYbSt8o3Q/9b9xonHLC' WHERE account = '363315194006287634';
UPDATE User SET password_hash = '$2y$13$dg4FlrrcXjMmvWznC3XUhehaTTZ/xfKXNpEYbSt8o3Q/9b9xonHLC' WHERE account = '424119199004024621';
UPDATE User SET password_hash = '$2y$13$dg4FlrrcXjMmvWznC3XUhehaTTZ/xfKXNpEYbSt8o3Q/9b9xonHLC' WHERE account = '330642201303133970';
UPDATE User SET password_hash = '$2y$13$dg4FlrrcXjMmvWznC3XUhehaTTZ/xfKXNpEYbSt8o3Q/9b9xonHLC' WHERE account = '821989195112121718';
UPDATE User SET password_hash = '$2y$13$dg4FlrrcXjMmvWznC3XUhehaTTZ/xfKXNpEYbSt8o3Q/9b9xonHLC' WHERE account = '713983196602023004';
UPDATE User SET password_hash = '$2y$13$dg4FlrrcXjMmvWznC3XUhehaTTZ/xfKXNpEYbSt8o3Q/9b9xonHLC' WHERE account = '224306199511303933';
UPDATE User SET password_hash = '$2y$13$dg4FlrrcXjMmvWznC3XUhehaTTZ/xfKXNpEYbSt8o3Q/9b9xonHLC' WHERE account = '213359198108310958';
UPDATE User SET password_hash = '$2y$13$dg4FlrrcXjMmvWznC3XUhehaTTZ/xfKXNpEYbSt8o3Q/9b9xonHLC' WHERE account = '452579197409263757';
UPDATE User SET password_hash = '$2y$13$dg4FlrrcXjMmvWznC3XUhehaTTZ/xfKXNpEYbSt8o3Q/9b9xonHLC' WHERE account = '434043196911154354';
UPDATE User SET password_hash = '$2y$13$dg4FlrrcXjMmvWznC3XUhehaTTZ/xfKXNpEYbSt8o3Q/9b9xonHLC' WHERE account = '711936199705244780';
UPDATE User SET password_hash = '$2y$13$dg4FlrrcXjMmvWznC3XUhehaTTZ/xfKXNpEYbSt8o3Q/9b9xonHLC' WHERE account = '542330200706235494';
UPDATE User SET password_hash = '$2y$13$dg4FlrrcXjMmvWznC3XUhehaTTZ/xfKXNpEYbSt8o3Q/9b9xonHLC' WHERE account = '421334200903308864';
UPDATE User SET password_hash = '$2y$13$dg4FlrrcXjMmvWznC3XUhehaTTZ/xfKXNpEYbSt8o3Q/9b9xonHLC' WHERE account = '464256195810133417';
UPDATE User SET password_hash = '$2y$13$dg4FlrrcXjMmvWznC3XUhehaTTZ/xfKXNpEYbSt8o3Q/9b9xonHLC' WHERE account = '223198200108088203';
UPDATE User SET password_hash = '$2y$13$dg4FlrrcXjMmvWznC3XUhehaTTZ/xfKXNpEYbSt8o3Q/9b9xonHLC' WHERE account = '350513192312213506';
UPDATE User SET password_hash = '$2y$13$dg4FlrrcXjMmvWznC3XUhehaTTZ/xfKXNpEYbSt8o3Q/9b9xonHLC' WHERE account = '412582193510033441';
UPDATE User SET password_hash = '$2y$13$dg4FlrrcXjMmvWznC3XUhehaTTZ/xfKXNpEYbSt8o3Q/9b9xonHLC' WHERE account = '150198200711210246';
UPDATE User SET password_hash = '$2y$13$dg4FlrrcXjMmvWznC3XUhehaTTZ/xfKXNpEYbSt8o3Q/9b9xonHLC' WHERE account = '114152199109083786';
UPDATE User SET password_hash = '$2y$13$dg4FlrrcXjMmvWznC3XUhehaTTZ/xfKXNpEYbSt8o3Q/9b9xonHLC' WHERE account = '14227719941104640X';
UPDATE User SET password_hash = '$2y$13$dg4FlrrcXjMmvWznC3XUhehaTTZ/xfKXNpEYbSt8o3Q/9b9xonHLC' WHERE account = '131118192811277154';
UPDATE User SET password_hash = '$2y$13$dg4FlrrcXjMmvWznC3XUhehaTTZ/xfKXNpEYbSt8o3Q/9b9xonHLC' WHERE account = '813190201108181110';
UPDATE User SET password_hash = '$2y$13$dg4FlrrcXjMmvWznC3XUhehaTTZ/xfKXNpEYbSt8o3Q/9b9xonHLC' WHERE account = '504877192409116211';
UPDATE User SET password_hash = '$2y$13$dg4FlrrcXjMmvWznC3XUhehaTTZ/xfKXNpEYbSt8o3Q/9b9xonHLC' WHERE account = '630289198812126683';
UPDATE User SET password_hash = '$2y$13$dg4FlrrcXjMmvWznC3XUhehaTTZ/xfKXNpEYbSt8o3Q/9b9xonHLC' WHERE account = '413001200606074767';
UPDATE User SET password_hash = '$2y$13$dg4FlrrcXjMmvWznC3XUhehaTTZ/xfKXNpEYbSt8o3Q/9b9xonHLC' WHERE account = '610477195510022034';
UPDATE User SET password_hash = '$2y$13$dg4FlrrcXjMmvWznC3XUhehaTTZ/xfKXNpEYbSt8o3Q/9b9xonHLC' WHERE account = '653375194404109055';
UPDATE User SET password_hash = '$2y$13$dg4FlrrcXjMmvWznC3XUhehaTTZ/xfKXNpEYbSt8o3Q/9b9xonHLC' WHERE account = '512049200611102968';
UPDATE User SET password_hash = '$2y$13$dg4FlrrcXjMmvWznC3XUhehaTTZ/xfKXNpEYbSt8o3Q/9b9xonHLC' WHERE account = '36280819700220323X';
UPDATE User SET password_hash = '$2y$13$dg4FlrrcXjMmvWznC3XUhehaTTZ/xfKXNpEYbSt8o3Q/9b9xonHLC' WHERE account = '131105196907017217';
UPDATE User SET password_hash = '$2y$13$dg4FlrrcXjMmvWznC3XUhehaTTZ/xfKXNpEYbSt8o3Q/9b9xonHLC' WHERE account = '121799196004209670';
UPDATE User SET password_hash = '$2y$13$dg4FlrrcXjMmvWznC3XUhehaTTZ/xfKXNpEYbSt8o3Q/9b9xonHLC' WHERE account = '323328198407166694';
UPDATE User SET password_hash = '$2y$13$dg4FlrrcXjMmvWznC3XUhehaTTZ/xfKXNpEYbSt8o3Q/9b9xonHLC' WHERE account = '350217198808075163';
UPDATE User SET password_hash = '$2y$13$dg4FlrrcXjMmvWznC3XUhehaTTZ/xfKXNpEYbSt8o3Q/9b9xonHLC' WHERE account = '422269195307188871';
UPDATE User SET password_hash = '$2y$13$dg4FlrrcXjMmvWznC3XUhehaTTZ/xfKXNpEYbSt8o3Q/9b9xonHLC' WHERE account = '640504200707267034';
UPDATE User SET password_hash = '$2y$13$dg4FlrrcXjMmvWznC3XUhehaTTZ/xfKXNpEYbSt8o3Q/9b9xonHLC' WHERE account = '534477196810148685';
UPDATE User SET password_hash = '$2y$13$dg4FlrrcXjMmvWznC3XUhehaTTZ/xfKXNpEYbSt8o3Q/9b9xonHLC' WHERE account = '421147200603310875';
UPDATE User SET password_hash = '$2y$13$dg4FlrrcXjMmvWznC3XUhehaTTZ/xfKXNpEYbSt8o3Q/9b9xonHLC' WHERE account = '453264198811082427';
UPDATE User SET password_hash = '$2y$13$dg4FlrrcXjMmvWznC3XUhehaTTZ/xfKXNpEYbSt8o3Q/9b9xonHLC' WHERE account = '422149193612039257';
UPDATE User SET password_hash = '$2y$13$dg4FlrrcXjMmvWznC3XUhehaTTZ/xfKXNpEYbSt8o3Q/9b9xonHLC' WHERE account = '504383199911257270';
UPDATE User SET password_hash = '$2y$13$dg4FlrrcXjMmvWznC3XUhehaTTZ/xfKXNpEYbSt8o3Q/9b9xonHLC' WHERE account = '214762197101023514';
UPDATE User SET password_hash = '$2y$13$dg4FlrrcXjMmvWznC3XUhehaTTZ/xfKXNpEYbSt8o3Q/9b9xonHLC' WHERE account = '361591195601054718';
UPDATE User SET password_hash = '$2y$13$dg4FlrrcXjMmvWznC3XUhehaTTZ/xfKXNpEYbSt8o3Q/9b9xonHLC' WHERE account = '623259201210017735';
UPDATE User SET password_hash = '$2y$13$dg4FlrrcXjMmvWznC3XUhehaTTZ/xfKXNpEYbSt8o3Q/9b9xonHLC' WHERE account = '234220192902259276';
UPDATE User SET password_hash = '$2y$13$dg4FlrrcXjMmvWznC3XUhehaTTZ/xfKXNpEYbSt8o3Q/9b9xonHLC' WHERE account = '504529199004038230';
UPDATE User SET password_hash = '$2y$13$dg4FlrrcXjMmvWznC3XUhehaTTZ/xfKXNpEYbSt8o3Q/9b9xonHLC' WHERE account = '372313193109161087';
UPDATE User SET password_hash = '$2y$13$dg4FlrrcXjMmvWznC3XUhehaTTZ/xfKXNpEYbSt8o3Q/9b9xonHLC' WHERE account = '143984196712249883';
UPDATE User SET password_hash = '$2y$13$dg4FlrrcXjMmvWznC3XUhehaTTZ/xfKXNpEYbSt8o3Q/9b9xonHLC' WHERE account = '644011194406263740';
UPDATE User SET password_hash = '$2y$13$dg4FlrrcXjMmvWznC3XUhehaTTZ/xfKXNpEYbSt8o3Q/9b9xonHLC' WHERE account = '131068196409226357';
UPDATE User SET password_hash = '$2y$13$dg4FlrrcXjMmvWznC3XUhehaTTZ/xfKXNpEYbSt8o3Q/9b9xonHLC' WHERE account = '821251200901205939';
UPDATE User SET password_hash = '$2y$13$dg4FlrrcXjMmvWznC3XUhehaTTZ/xfKXNpEYbSt8o3Q/9b9xonHLC' WHERE account = '812699197009205127';
UPDATE User SET password_hash = '$2y$13$dg4FlrrcXjMmvWznC3XUhehaTTZ/xfKXNpEYbSt8o3Q/9b9xonHLC' WHERE account = '37417319730714474X';
UPDATE User SET password_hash = '$2y$13$dg4FlrrcXjMmvWznC3XUhehaTTZ/xfKXNpEYbSt8o3Q/9b9xonHLC' WHERE account = '351241195611101435';
UPDATE User SET password_hash = '$2y$13$dg4FlrrcXjMmvWznC3XUhehaTTZ/xfKXNpEYbSt8o3Q/9b9xonHLC' WHERE account = '325061198907181649';
UPDATE User SET password_hash = '$2y$13$dg4FlrrcXjMmvWznC3XUhehaTTZ/xfKXNpEYbSt8o3Q/9b9xonHLC' WHERE account = '644410197809126297';
UPDATE User SET password_hash = '$2y$13$dg4FlrrcXjMmvWznC3XUhehaTTZ/xfKXNpEYbSt8o3Q/9b9xonHLC' WHERE account = '711030196609036179';
UPDATE User SET password_hash = '$2y$13$dg4FlrrcXjMmvWznC3XUhehaTTZ/xfKXNpEYbSt8o3Q/9b9xonHLC' WHERE account = '110639198507039736';
UPDATE User SET password_hash = '$2y$13$dg4FlrrcXjMmvWznC3XUhehaTTZ/xfKXNpEYbSt8o3Q/9b9xonHLC' WHERE account = '111810198102205092';
UPDATE User SET password_hash = '$2y$13$dg4FlrrcXjMmvWznC3XUhehaTTZ/xfKXNpEYbSt8o3Q/9b9xonHLC' WHERE account = '321106194705315513';
UPDATE User SET password_hash = '$2y$13$dg4FlrrcXjMmvWznC3XUhehaTTZ/xfKXNpEYbSt8o3Q/9b9xonHLC' WHERE account = '235066199009050635';
UPDATE User SET password_hash = '$2y$13$dg4FlrrcXjMmvWznC3XUhehaTTZ/xfKXNpEYbSt8o3Q/9b9xonHLC' WHERE account = '233744200906083725';
UPDATE User SET password_hash = '$2y$13$dg4FlrrcXjMmvWznC3XUhehaTTZ/xfKXNpEYbSt8o3Q/9b9xonHLC' WHERE account = '711932197410196608';
UPDATE User SET password_hash = '$2y$13$dg4FlrrcXjMmvWznC3XUhehaTTZ/xfKXNpEYbSt8o3Q/9b9xonHLC' WHERE account = '233099198104018710';
UPDATE User SET password_hash = '$2y$13$dg4FlrrcXjMmvWznC3XUhehaTTZ/xfKXNpEYbSt8o3Q/9b9xonHLC' WHERE account = '341249200104060654';
UPDATE User SET password_hash = '$2y$13$dg4FlrrcXjMmvWznC3XUhehaTTZ/xfKXNpEYbSt8o3Q/9b9xonHLC' WHERE account = '424538198803289814';
UPDATE User SET password_hash = '$2y$13$dg4FlrrcXjMmvWznC3XUhehaTTZ/xfKXNpEYbSt8o3Q/9b9xonHLC' WHERE account = '443283200303037242';
UPDATE User SET password_hash = '$2y$13$dg4FlrrcXjMmvWznC3XUhehaTTZ/xfKXNpEYbSt8o3Q/9b9xonHLC' WHERE account = '624397194309168495';
UPDATE User SET password_hash = '$2y$13$dg4FlrrcXjMmvWznC3XUhehaTTZ/xfKXNpEYbSt8o3Q/9b9xonHLC' WHERE account = '373516198801210201';
UPDATE User SET password_hash = '$2y$13$dg4FlrrcXjMmvWznC3XUhehaTTZ/xfKXNpEYbSt8o3Q/9b9xonHLC' WHERE account = '711149193206251891';
UPDATE User SET password_hash = '$2y$13$dg4FlrrcXjMmvWznC3XUhehaTTZ/xfKXNpEYbSt8o3Q/9b9xonHLC' WHERE account = '650192197909035247';
UPDATE User SET password_hash = '$2y$13$dg4FlrrcXjMmvWznC3XUhehaTTZ/xfKXNpEYbSt8o3Q/9b9xonHLC' WHERE account = '341853198009166615';
UPDATE User SET password_hash = '$2y$13$dg4FlrrcXjMmvWznC3XUhehaTTZ/xfKXNpEYbSt8o3Q/9b9xonHLC' WHERE account = '413908194605182702';
UPDATE User SET password_hash = '$2y$13$dg4FlrrcXjMmvWznC3XUhehaTTZ/xfKXNpEYbSt8o3Q/9b9xonHLC' WHERE account = '533520193902206438';
UPDATE User SET password_hash = '$2y$13$dg4FlrrcXjMmvWznC3XUhehaTTZ/xfKXNpEYbSt8o3Q/9b9xonHLC' WHERE account = '50108919550928279X';
UPDATE User SET password_hash = '$2y$13$dg4FlrrcXjMmvWznC3XUhehaTTZ/xfKXNpEYbSt8o3Q/9b9xonHLC' WHERE account = '510642200307088708';
UPDATE User SET password_hash = '$2y$13$dg4FlrrcXjMmvWznC3XUhehaTTZ/xfKXNpEYbSt8o3Q/9b9xonHLC' WHERE account = '210739195806199931';
UPDATE User SET password_hash = '$2y$13$dg4FlrrcXjMmvWznC3XUhehaTTZ/xfKXNpEYbSt8o3Q/9b9xonHLC' WHERE account = '532538195506042772';
UPDATE User SET password_hash = '$2y$13$dg4FlrrcXjMmvWznC3XUhehaTTZ/xfKXNpEYbSt8o3Q/9b9xonHLC' WHERE account = '420740194410296948';
UPDATE User SET password_hash = '$2y$13$dg4FlrrcXjMmvWznC3XUhehaTTZ/xfKXNpEYbSt8o3Q/9b9xonHLC' WHERE account = '613242192709303865';
UPDATE User SET password_hash = '$2y$13$dg4FlrrcXjMmvWznC3XUhehaTTZ/xfKXNpEYbSt8o3Q/9b9xonHLC' WHERE account = '512399194611237088';
UPDATE User SET password_hash = '$2y$13$dg4FlrrcXjMmvWznC3XUhehaTTZ/xfKXNpEYbSt8o3Q/9b9xonHLC' WHERE account = '223406193408226897';
UPDATE User SET password_hash = '$2y$13$dg4FlrrcXjMmvWznC3XUhehaTTZ/xfKXNpEYbSt8o3Q/9b9xonHLC' WHERE account = '544886200702049097';
UPDATE User SET password_hash = '$2y$13$dg4FlrrcXjMmvWznC3XUhehaTTZ/xfKXNpEYbSt8o3Q/9b9xonHLC' WHERE account = '634375200602012735';
UPDATE User SET password_hash = '$2y$13$dg4FlrrcXjMmvWznC3XUhehaTTZ/xfKXNpEYbSt8o3Q/9b9xonHLC' WHERE account = '140348196005245543';
UPDATE User SET password_hash = '$2y$13$dg4FlrrcXjMmvWznC3XUhehaTTZ/xfKXNpEYbSt8o3Q/9b9xonHLC' WHERE account = '610859197811101205';
UPDATE User SET password_hash = '$2y$13$dg4FlrrcXjMmvWznC3XUhehaTTZ/xfKXNpEYbSt8o3Q/9b9xonHLC' WHERE account = '810356196412271750';
UPDATE User SET password_hash = '$2y$13$dg4FlrrcXjMmvWznC3XUhehaTTZ/xfKXNpEYbSt8o3Q/9b9xonHLC' WHERE account = '611895194901267842';
UPDATE User SET password_hash = '$2y$13$dg4FlrrcXjMmvWznC3XUhehaTTZ/xfKXNpEYbSt8o3Q/9b9xonHLC' WHERE account = '144179198802287354';
UPDATE User SET password_hash = '$2y$13$dg4FlrrcXjMmvWznC3XUhehaTTZ/xfKXNpEYbSt8o3Q/9b9xonHLC' WHERE account = '123837196604124813';
UPDATE User SET password_hash = '$2y$13$dg4FlrrcXjMmvWznC3XUhehaTTZ/xfKXNpEYbSt8o3Q/9b9xonHLC' WHERE account = '21264719660614735X';
UPDATE User SET password_hash = '$2y$13$dg4FlrrcXjMmvWznC3XUhehaTTZ/xfKXNpEYbSt8o3Q/9b9xonHLC' WHERE account = '503369196309159185';
UPDATE User SET password_hash = '$2y$13$dg4FlrrcXjMmvWznC3XUhehaTTZ/xfKXNpEYbSt8o3Q/9b9xonHLC' WHERE account = '154283192310033196';
UPDATE User SET password_hash = '$2y$13$dg4FlrrcXjMmvWznC3XUhehaTTZ/xfKXNpEYbSt8o3Q/9b9xonHLC' WHERE account = '821081192607188942';
UPDATE User SET password_hash = '$2y$13$dg4FlrrcXjMmvWznC3XUhehaTTZ/xfKXNpEYbSt8o3Q/9b9xonHLC' WHERE account = '362608201112216016';
UPDATE User SET password_hash = '$2y$13$dg4FlrrcXjMmvWznC3XUhehaTTZ/xfKXNpEYbSt8o3Q/9b9xonHLC' WHERE account = '611939193105017790';
UPDATE User SET password_hash = '$2y$13$dg4FlrrcXjMmvWznC3XUhehaTTZ/xfKXNpEYbSt8o3Q/9b9xonHLC' WHERE account = '821014198003183571';
UPDATE User SET password_hash = '$2y$13$dg4FlrrcXjMmvWznC3XUhehaTTZ/xfKXNpEYbSt8o3Q/9b9xonHLC' WHERE account = '813336198503022249';
UPDATE User SET password_hash = '$2y$13$dg4FlrrcXjMmvWznC3XUhehaTTZ/xfKXNpEYbSt8o3Q/9b9xonHLC' WHERE account = '821946195402014747';
UPDATE User SET password_hash = '$2y$13$dg4FlrrcXjMmvWznC3XUhehaTTZ/xfKXNpEYbSt8o3Q/9b9xonHLC' WHERE account = '624244194412266166';
UPDATE User SET password_hash = '$2y$13$dg4FlrrcXjMmvWznC3XUhehaTTZ/xfKXNpEYbSt8o3Q/9b9xonHLC' WHERE account = '541143199310232412';
UPDATE User SET password_hash = '$2y$13$dg4FlrrcXjMmvWznC3XUhehaTTZ/xfKXNpEYbSt8o3Q/9b9xonHLC' WHERE account = '452504200711229420';
UPDATE User SET password_hash = '$2y$13$dg4FlrrcXjMmvWznC3XUhehaTTZ/xfKXNpEYbSt8o3Q/9b9xonHLC' WHERE account = '544852192407308673';
UPDATE User SET password_hash = '$2y$13$dg4FlrrcXjMmvWznC3XUhehaTTZ/xfKXNpEYbSt8o3Q/9b9xonHLC' WHERE account = '620628200609133126';
UPDATE User SET password_hash = '$2y$13$dg4FlrrcXjMmvWznC3XUhehaTTZ/xfKXNpEYbSt8o3Q/9b9xonHLC' WHERE account = '153298192509148639';
UPDATE User SET password_hash = '$2y$13$dg4FlrrcXjMmvWznC3XUhehaTTZ/xfKXNpEYbSt8o3Q/9b9xonHLC' WHERE account = '523743197009262897';
UPDATE User SET password_hash = '$2y$13$dg4FlrrcXjMmvWznC3XUhehaTTZ/xfKXNpEYbSt8o3Q/9b9xonHLC' WHERE account = '210572195502125749';
UPDATE User SET password_hash = '$2y$13$dg4FlrrcXjMmvWznC3XUhehaTTZ/xfKXNpEYbSt8o3Q/9b9xonHLC' WHERE account = '543543199304300293';
UPDATE User SET password_hash = '$2y$13$dg4FlrrcXjMmvWznC3XUhehaTTZ/xfKXNpEYbSt8o3Q/9b9xonHLC' WHERE account = '221022201003171466';
UPDATE User SET password_hash = '$2y$13$dg4FlrrcXjMmvWznC3XUhehaTTZ/xfKXNpEYbSt8o3Q/9b9xonHLC' WHERE account = '502815201112225006';
UPDATE User SET password_hash = '$2y$13$dg4FlrrcXjMmvWznC3XUhehaTTZ/xfKXNpEYbSt8o3Q/9b9xonHLC' WHERE account = '613135194011044899';
UPDATE User SET password_hash = '$2y$13$dg4FlrrcXjMmvWznC3XUhehaTTZ/xfKXNpEYbSt8o3Q/9b9xonHLC' WHERE account = '412165196910096421';
UPDATE User SET password_hash = '$2y$13$dg4FlrrcXjMmvWznC3XUhehaTTZ/xfKXNpEYbSt8o3Q/9b9xonHLC' WHERE account = '544878198404246890';
UPDATE User SET password_hash = '$2y$13$dg4FlrrcXjMmvWznC3XUhehaTTZ/xfKXNpEYbSt8o3Q/9b9xonHLC' WHERE account = '360776198008132794';
UPDATE User SET password_hash = '$2y$13$dg4FlrrcXjMmvWznC3XUhehaTTZ/xfKXNpEYbSt8o3Q/9b9xonHLC' WHERE account = '544328193904195896';
UPDATE User SET password_hash = '$2y$13$dg4FlrrcXjMmvWznC3XUhehaTTZ/xfKXNpEYbSt8o3Q/9b9xonHLC' WHERE account = '210627198607047711';
UPDATE User SET password_hash = '$2y$13$dg4FlrrcXjMmvWznC3XUhehaTTZ/xfKXNpEYbSt8o3Q/9b9xonHLC' WHERE account = '35315619941221228X';
UPDATE User SET password_hash = '$2y$13$dg4FlrrcXjMmvWznC3XUhehaTTZ/xfKXNpEYbSt8o3Q/9b9xonHLC' WHERE account = '544590194706262693';
UPDATE User SET password_hash = '$2y$13$dg4FlrrcXjMmvWznC3XUhehaTTZ/xfKXNpEYbSt8o3Q/9b9xonHLC' WHERE account = '464453194101043787';
UPDATE User SET password_hash = '$2y$13$dg4FlrrcXjMmvWznC3XUhehaTTZ/xfKXNpEYbSt8o3Q/9b9xonHLC' WHERE account = '423647197904226470';
UPDATE User SET password_hash = '$2y$13$dg4FlrrcXjMmvWznC3XUhehaTTZ/xfKXNpEYbSt8o3Q/9b9xonHLC' WHERE account = '154321193703151385';
UPDATE User SET password_hash = '$2y$13$dg4FlrrcXjMmvWznC3XUhehaTTZ/xfKXNpEYbSt8o3Q/9b9xonHLC' WHERE account = '362163199009072889';
UPDATE User SET password_hash = '$2y$13$dg4FlrrcXjMmvWznC3XUhehaTTZ/xfKXNpEYbSt8o3Q/9b9xonHLC' WHERE account = '310173198302235919';
UPDATE User SET password_hash = '$2y$13$dg4FlrrcXjMmvWznC3XUhehaTTZ/xfKXNpEYbSt8o3Q/9b9xonHLC' WHERE account = '631769197901318991';
UPDATE User SET password_hash = '$2y$13$dg4FlrrcXjMmvWznC3XUhehaTTZ/xfKXNpEYbSt8o3Q/9b9xonHLC' WHERE account = '333049197710193120';
UPDATE User SET password_hash = '$2y$13$dg4FlrrcXjMmvWznC3XUhehaTTZ/xfKXNpEYbSt8o3Q/9b9xonHLC' WHERE account = '512368193704105353';
UPDATE User SET password_hash = '$2y$13$dg4FlrrcXjMmvWznC3XUhehaTTZ/xfKXNpEYbSt8o3Q/9b9xonHLC' WHERE account = '352253194608047883';
UPDATE User SET password_hash = '$2y$13$dg4FlrrcXjMmvWznC3XUhehaTTZ/xfKXNpEYbSt8o3Q/9b9xonHLC' WHERE account = '541874195908051999';
UPDATE User SET password_hash = '$2y$13$dg4FlrrcXjMmvWznC3XUhehaTTZ/xfKXNpEYbSt8o3Q/9b9xonHLC' WHERE account = '511018199012116211';
UPDATE User SET password_hash = '$2y$13$dg4FlrrcXjMmvWznC3XUhehaTTZ/xfKXNpEYbSt8o3Q/9b9xonHLC' WHERE account = '123729193708109559';
UPDATE User SET password_hash = '$2y$13$dg4FlrrcXjMmvWznC3XUhehaTTZ/xfKXNpEYbSt8o3Q/9b9xonHLC' WHERE account = '443171193206181522';
UPDATE User SET password_hash = '$2y$13$dg4FlrrcXjMmvWznC3XUhehaTTZ/xfKXNpEYbSt8o3Q/9b9xonHLC' WHERE account = '211115201408311747';
UPDATE User SET password_hash = '$2y$13$dg4FlrrcXjMmvWznC3XUhehaTTZ/xfKXNpEYbSt8o3Q/9b9xonHLC' WHERE account = '372128192807125928';
UPDATE User SET password_hash = '$2y$13$dg4FlrrcXjMmvWznC3XUhehaTTZ/xfKXNpEYbSt8o3Q/9b9xonHLC' WHERE account = '540975201201218587';
UPDATE User SET password_hash = '$2y$13$dg4FlrrcXjMmvWznC3XUhehaTTZ/xfKXNpEYbSt8o3Q/9b9xonHLC' WHERE account = '454875196209108309';
UPDATE User SET password_hash = '$2y$13$dg4FlrrcXjMmvWznC3XUhehaTTZ/xfKXNpEYbSt8o3Q/9b9xonHLC' WHERE account = '23230819330526705X';
UPDATE User SET password_hash = '$2y$13$dg4FlrrcXjMmvWznC3XUhehaTTZ/xfKXNpEYbSt8o3Q/9b9xonHLC' WHERE account = '541532201102244935';
UPDATE User SET password_hash = '$2y$13$dg4FlrrcXjMmvWznC3XUhehaTTZ/xfKXNpEYbSt8o3Q/9b9xonHLC' WHERE account = '504244195502122023';
UPDATE User SET password_hash = '$2y$13$dg4FlrrcXjMmvWznC3XUhehaTTZ/xfKXNpEYbSt8o3Q/9b9xonHLC' WHERE account = '421973196808117572';
UPDATE User SET password_hash = '$2y$13$dg4FlrrcXjMmvWznC3XUhehaTTZ/xfKXNpEYbSt8o3Q/9b9xonHLC' WHERE account = '412977201103130105';
UPDATE User SET password_hash = '$2y$13$dg4FlrrcXjMmvWznC3XUhehaTTZ/xfKXNpEYbSt8o3Q/9b9xonHLC' WHERE account = '622303200812318013';
UPDATE User SET password_hash = '$2y$13$dg4FlrrcXjMmvWznC3XUhehaTTZ/xfKXNpEYbSt8o3Q/9b9xonHLC' WHERE account = '344986199205072932';
UPDATE User SET password_hash = '$2y$13$dg4FlrrcXjMmvWznC3XUhehaTTZ/xfKXNpEYbSt8o3Q/9b9xonHLC' WHERE account = '422931201111188420';
UPDATE User SET password_hash = '$2y$13$dg4FlrrcXjMmvWznC3XUhehaTTZ/xfKXNpEYbSt8o3Q/9b9xonHLC' WHERE account = '420391195411183649';
UPDATE User SET password_hash = '$2y$13$dg4FlrrcXjMmvWznC3XUhehaTTZ/xfKXNpEYbSt8o3Q/9b9xonHLC' WHERE account = '541014196903031214';
UPDATE User SET password_hash = '$2y$13$dg4FlrrcXjMmvWznC3XUhehaTTZ/xfKXNpEYbSt8o3Q/9b9xonHLC' WHERE account = '530941194903302092';
UPDATE User SET password_hash = '$2y$13$dg4FlrrcXjMmvWznC3XUhehaTTZ/xfKXNpEYbSt8o3Q/9b9xonHLC' WHERE account = '534607195501010107';
UPDATE User SET password_hash = '$2y$13$dg4FlrrcXjMmvWznC3XUhehaTTZ/xfKXNpEYbSt8o3Q/9b9xonHLC' WHERE account = '350548192711176531';
UPDATE User SET password_hash = '$2y$13$dg4FlrrcXjMmvWznC3XUhehaTTZ/xfKXNpEYbSt8o3Q/9b9xonHLC' WHERE account = '31011419601219023X';
UPDATE User SET password_hash = '$2y$13$dg4FlrrcXjMmvWznC3XUhehaTTZ/xfKXNpEYbSt8o3Q/9b9xonHLC' WHERE account = '501892193102175139';
UPDATE User SET password_hash = '$2y$13$dg4FlrrcXjMmvWznC3XUhehaTTZ/xfKXNpEYbSt8o3Q/9b9xonHLC' WHERE account = '642076199309144620';
UPDATE User SET password_hash = '$2y$13$dg4FlrrcXjMmvWznC3XUhehaTTZ/xfKXNpEYbSt8o3Q/9b9xonHLC' WHERE account = '372557193303108061';
UPDATE User SET password_hash = '$2y$13$dg4FlrrcXjMmvWznC3XUhehaTTZ/xfKXNpEYbSt8o3Q/9b9xonHLC' WHERE account = '711912196809220983';
UPDATE User SET password_hash = '$2y$13$dg4FlrrcXjMmvWznC3XUhehaTTZ/xfKXNpEYbSt8o3Q/9b9xonHLC' WHERE account = '231867192701161577';
UPDATE User SET password_hash = '$2y$13$dg4FlrrcXjMmvWznC3XUhehaTTZ/xfKXNpEYbSt8o3Q/9b9xonHLC' WHERE account = '323781196103141615';
UPDATE User SET password_hash = '$2y$13$dg4FlrrcXjMmvWznC3XUhehaTTZ/xfKXNpEYbSt8o3Q/9b9xonHLC' WHERE account = '314704200112017447';
UPDATE User SET password_hash = '$2y$13$dg4FlrrcXjMmvWznC3XUhehaTTZ/xfKXNpEYbSt8o3Q/9b9xonHLC' WHERE account = '45485920120222426X';
UPDATE User SET password_hash = '$2y$13$dg4FlrrcXjMmvWznC3XUhehaTTZ/xfKXNpEYbSt8o3Q/9b9xonHLC' WHERE account = '113011192301313017';
UPDATE User SET password_hash = '$2y$13$dg4FlrrcXjMmvWznC3XUhehaTTZ/xfKXNpEYbSt8o3Q/9b9xonHLC' WHERE account = '41122219560615323X';
UPDATE User SET password_hash = '$2y$13$dg4FlrrcXjMmvWznC3XUhehaTTZ/xfKXNpEYbSt8o3Q/9b9xonHLC' WHERE account = '620766199412172906';
UPDATE User SET password_hash = '$2y$13$dg4FlrrcXjMmvWznC3XUhehaTTZ/xfKXNpEYbSt8o3Q/9b9xonHLC' WHERE account = '811252201109288436';
UPDATE User SET password_hash = '$2y$13$dg4FlrrcXjMmvWznC3XUhehaTTZ/xfKXNpEYbSt8o3Q/9b9xonHLC' WHERE account = '822591196005018639';
UPDATE User SET password_hash = '$2y$13$dg4FlrrcXjMmvWznC3XUhehaTTZ/xfKXNpEYbSt8o3Q/9b9xonHLC' WHERE account = '652125193909059892';
UPDATE User SET password_hash = '$2y$13$dg4FlrrcXjMmvWznC3XUhehaTTZ/xfKXNpEYbSt8o3Q/9b9xonHLC' WHERE account = '654240196706103669';
UPDATE User SET password_hash = '$2y$13$dg4FlrrcXjMmvWznC3XUhehaTTZ/xfKXNpEYbSt8o3Q/9b9xonHLC' WHERE account = '714822199011110594';
UPDATE User SET password_hash = '$2y$13$dg4FlrrcXjMmvWznC3XUhehaTTZ/xfKXNpEYbSt8o3Q/9b9xonHLC' WHERE account = '534224195804116029';
UPDATE User SET password_hash = '$2y$13$dg4FlrrcXjMmvWznC3XUhehaTTZ/xfKXNpEYbSt8o3Q/9b9xonHLC' WHERE account = '643945192709286782';
UPDATE User SET password_hash = '$2y$13$dg4FlrrcXjMmvWznC3XUhehaTTZ/xfKXNpEYbSt8o3Q/9b9xonHLC' WHERE account = '814008198005302362';

/* 建立PriorityType信息 */
INSERT INTO `prioritytype` (`priority`, `name`, `information`) VALUES (0, '访问居民数据库', '允许访问居民数据库，新增、修改和删除居民信息'), (1, '访问职员数据库', '允许访问职员数据库，并对职员信息进行增加、删除和修改'), (2, '分配权限', '给职员分配权限'), (3, '发布公告', '查看公告，经审核后进行发布，允许删除公告'), (4, '编辑公告', '新增要发布的公告'), (5, '审核评论', '对前台在各新闻和公告中的评论进行审核，审核通过的评论才可以在前台显示'), (6, '追踪体温异常病例', '查看体温异常者的信息，及时与疑似病例进行联系');
