/* 建立User, Resident, Committee信息 */
INSERT INTO User (account, username, name, sex, age, tel, type, auth_key) VALUES ('454299196602051941', '田琦', '田琦', false, '54', '13975967923', 0, 'c4jNWtSg11S9Lf66Smd7NiUo739rsPws');
INSERT INTO Resident (account, building, unit, room) VALUES ('454299196602051941', 50, 5, 1404);
INSERT INTO User (account, username, name, sex, age, tel, type, auth_key) VALUES ('442306193909245036', '陆萱赛', '陆萱赛', true, '81', '19027317537', 0, 'gIhT19y940AgOX6tb63B11oo3qT09ra3');
INSERT INTO Resident (account, building, unit, room) VALUES ('442306193909245036', 93, 7, 1704);
INSERT INTO User (account, username, name, sex, age, tel, type, auth_key) VALUES ('423583194003291621', '陈航旭', '陈航旭', false, '80', '18085423575', 0, '0ZnvYr06r9to5B6WH4Rf4k08c68HDx3G');
INSERT INTO Resident (account, building, unit, room) VALUES ('423583194003291621', 86, 10, 2106);
INSERT INTO User (account, username, name, sex, age, tel, type, auth_key) VALUES ('821653196611131544', '康飞', '康飞', false, '54', '19682902127', 0, 'L8yq61FO75J3qaLC4EutlQ2W9X4rdF9Q');
INSERT INTO Resident (account, building, unit, room) VALUES ('821653196611131544', 8, 1, 805);
INSERT INTO User (account, username, name, sex, age, tel, type, auth_key) VALUES ('361218193407130022', '柳宜', '柳宜', true, '86', '18600543832', 0, '15HVU1FIq2807P2dPun49B2UWu427y37');
INSERT INTO Resident (account, building, unit, room) VALUES ('361218193407130022', 25, 10, 1901);
INSERT INTO User (account, username, name, sex, age, tel, type, auth_key) VALUES ('351356198001088269', '山家馨', '山家馨', true, '40', '14786168920', 0, 'Or7m5qIVXc04TfJl212jb71od55II41k');
INSERT INTO Resident (account, building, unit, room) VALUES ('351356198001088269', 97, 2, 902);
INSERT INTO User (account, username, name, sex, age, tel, type, auth_key) VALUES ('124754197703145840', '牛煜', '牛煜', false, '43', '15801154271', 0, '1d8b324h0144rkh95OqXNxQNZiw0wehQ');
INSERT INTO Resident (account, building, unit, room) VALUES ('124754197703145840', 43, 7, 1606);
INSERT INTO User (account, username, name, sex, age, tel, type, auth_key) VALUES ('431462193002248943', '商豪义', '商豪义', false, '90', '13960928097', 0, 'Bt1Bmgb6SgIy18M26i5g8xXG04PSk77b');
INSERT INTO Resident (account, building, unit, room) VALUES ('431462193002248943', 24, 6, 2105);
INSERT INTO User (account, username, name, sex, age, tel, type, auth_key) VALUES ('64060519951029171X', '沈静', '沈静', true, '25', '18131772482', 0, 'XstLCK7MTxV24aHDf6f3jrF8D6M2k5a3');
INSERT INTO Resident (account, building, unit, room) VALUES ('64060519951029171X', 27, 8, 1506);
INSERT INTO User (account, username, name, sex, age, tel, type, auth_key) VALUES ('412132193703307464', '牛淘琦', '牛淘琦', true, '83', '18471810322', 1, 'flMINuv54lKw1vco5280tss54OOxM08T');
INSERT INTO Committee (account, in_date, is_admin) VALUES ('412132193703307464', '19640815', false);
INSERT INTO User (account, username, name, sex, age, tel, type, auth_key) VALUES ('523878200906280653', '吕振琦', '吕振琦', false, '11', '13135078398', 0, 'A2TZC78O183oTg0E0OkktP3ua32UuZO3');
INSERT INTO Resident (account, building, unit, room) VALUES ('523878200906280653', 58, 7, 1306);
INSERT INTO User (account, username, name, sex, age, tel, type, auth_key) VALUES ('613856192506011863', '曹辰牧', '曹辰牧', false, '95', '19097169674', 0, '42mZ8xJ3fzZj23qh3lkbft771dVcwnWN');
INSERT INTO Resident (account, building, unit, room) VALUES ('613856192506011863', 26, 7, 1102);
INSERT INTO User (account, username, name, sex, age, tel, type, auth_key) VALUES ('324103193007256763', '崔哲龙', '崔哲龙', true, '90', '18303149462', 0, 'sYJwnZbmRCsb0a95i7d9u827LJXvkcsc');
INSERT INTO Resident (account, building, unit, room) VALUES ('324103193007256763', 95, 1, 1502);
INSERT INTO User (account, username, name, sex, age, tel, type, auth_key) VALUES ('444556195805196681', '余晓', '余晓', false, '62', '14999940561', 0, 'KuaIi54UL5bVKCi0wIC933ci33D0iE0f');
INSERT INTO Resident (account, building, unit, room) VALUES ('444556195805196681', 4, 2, 1002);
INSERT INTO User (account, username, name, sex, age, tel, type, auth_key) VALUES ('452911198204247797', '审哲令', '审哲令', false, '38', '18383906835', 0, '2764Zh0c5V1O1AjJBF7KhHu1DU0T69tH');
INSERT INTO Resident (account, building, unit, room) VALUES ('452911198204247797', 32, 6, 2904);
INSERT INTO User (account, username, name, sex, age, tel, type, auth_key) VALUES ('823054196109284094', '审雨力', '审雨力', false, '59', '19047508713', 0, 'bOTS5tNu1Mxc3v7om2oHhioMp894j782');
INSERT INTO Resident (account, building, unit, room) VALUES ('823054196109284094', 70, 8, 905);
INSERT INTO User (account, username, name, sex, age, tel, type, auth_key) VALUES ('503996199507063420', '岳伟颖', '岳伟颖', true, '25', '19590860844', 0, 'Z4vJ0fqk0FQ2sK1R6C773JjcgV0zcAp3');
INSERT INTO Resident (account, building, unit, room) VALUES ('503996199507063420', 25, 4, 1605);
INSERT INTO User (account, username, name, sex, age, tel, type, auth_key) VALUES ('122020196306109911', '欧家颖', '欧家颖', false, '57', '16618706912', 0, '7szHd7EBq24RZ4Zdk1ng3Yf9x1H08If9');
INSERT INTO Resident (account, building, unit, room) VALUES ('122020196306109911', 90, 2, 1906);
INSERT INTO User (account, username, name, sex, age, tel, type, auth_key) VALUES ('611765193209126848', '夏辰霄', '夏辰霄', true, '88', '17836830467', 0, 'aZfrihzmC31X4xd10axX94lQBd56OZok');
INSERT INTO Resident (account, building, unit, room) VALUES ('611765193209126848', 57, 3, 1202);
INSERT INTO User (account, username, name, sex, age, tel, type, auth_key) VALUES ('531265198405127477', '昌令龙', '昌令龙', true, '36', '13446156940', 0, 'xmKB881WzxUft6YGjE2Vn6cjCqdET9O0');
INSERT INTO Resident (account, building, unit, room) VALUES ('531265198405127477', 93, 9, 1102);
INSERT INTO User (account, username, name, sex, age, tel, type, auth_key) VALUES ('122832199707269922', '麦兮', '麦兮', true, '23', '13945208024', 0, 'u7z8gYL574fIUjRGUi1P59v6NB836Szz');
INSERT INTO Resident (account, building, unit, room) VALUES ('122832199707269922', 26, 6, 2704);
INSERT INTO User (account, username, name, sex, age, tel, type, auth_key) VALUES ('212415196801190150', '童馨义', '童馨义', true, '52', '14763956701', 1, 'OF5Eistw32Zqd6wVeKtwjaQtCdH4QLyA');
INSERT INTO Committee (account, in_date, is_admin) VALUES ('212415196801190150', '19891121', false);
INSERT INTO User (account, username, name, sex, age, tel, type, auth_key) VALUES ('81377119880316645X', '郑毅萌', '郑毅萌', false, '32', '19077559564', 0, '7J0EgZL84Nm8rnh8QPznD2tA775Iuvr6');
INSERT INTO Resident (account, building, unit, room) VALUES ('81377119880316645X', 54, 4, 1705);
INSERT INTO User (account, username, name, sex, age, tel, type, auth_key) VALUES ('643085193304092714', '吴亚', '吴亚', true, '87', '17652476868', 0, 'p1SeH52Aa5p4VbfU9B9n7li22ixS3oy6');
INSERT INTO Resident (account, building, unit, room) VALUES ('643085193304092714', 3, 7, 2505);
INSERT INTO User (account, username, name, sex, age, tel, type, auth_key) VALUES ('443139198809267988', '崔瀚', '崔瀚', true, '32', '18495455788', 0, '2uTsLQ71537nc7060iShzk9Ykov9eANd');
INSERT INTO Resident (account, building, unit, room) VALUES ('443139198809267988', 13, 5, 1604);
INSERT INTO User (account, username, name, sex, age, tel, type, auth_key) VALUES ('21095020050630771X', '李辰迅', '李辰迅', true, '15', '18354622072', 0, '44YAY07xr3K2i71vG2PA3TX0X7i3O9cV');
INSERT INTO Resident (account, building, unit, room) VALUES ('21095020050630771X', 25, 9, 1106);
INSERT INTO User (account, username, name, sex, age, tel, type, auth_key) VALUES ('340772195208220266', '麦新萌', '麦新萌', true, '68', '13068162244', 0, 'lY1F13KIj4GbHtNgoqv3eo6Y1ba60BWK');
INSERT INTO Resident (account, building, unit, room) VALUES ('340772195208220266', 25, 2, 2101);
INSERT INTO User (account, username, name, sex, age, tel, type, auth_key) VALUES ('624641195507276650', '田灯子', '田灯子', false, '65', '13559909003', 0, 'ZjuYV6g7puzlCa8r238G3EXO9GxqsYOv');
INSERT INTO Resident (account, building, unit, room) VALUES ('624641195507276650', 34, 1, 1803);
INSERT INTO User (account, username, name, sex, age, tel, type, auth_key) VALUES ('543922201105284183', '沈铭', '沈铭', false, '9', '13639158064', 0, 'F65jNkHftqqTvJA0Q3686M3c84ZxIXzP');
INSERT INTO Resident (account, building, unit, room) VALUES ('543922201105284183', 38, 2, 902);
INSERT INTO User (account, username, name, sex, age, tel, type, auth_key) VALUES ('713571195409157684', '林航云', '林航云', true, '66', '18450429242', 0, 'FUOL3b0ph42P9b13XIXAIJf8fN2goN35');
INSERT INTO Resident (account, building, unit, room) VALUES ('713571195409157684', 91, 4, 402);
INSERT INTO User (account, username, name, sex, age, tel, type, auth_key) VALUES ('452339193303179669', '柳有', '柳有', true, '87', '15714867389', 0, 'Aqs84BR13u60186et3T6164mkV8K55p7');
INSERT INTO Resident (account, building, unit, room) VALUES ('452339193303179669', 99, 5, 204);
INSERT INTO User (account, username, name, sex, age, tel, type, auth_key) VALUES ('313620192905139300', '董新义', '董新义', true, '91', '14799725655', 0, 'FNQqWX4RX07jvjKj5Jsmbn686b6oSd3z');
INSERT INTO Resident (account, building, unit, room) VALUES ('313620192905139300', 72, 9, 1806);
INSERT INTO User (account, username, name, sex, age, tel, type, auth_key) VALUES ('341383192904039617', '路亚宜', '路亚宜', false, '91', '18956199088', 0, 'Yfj9j9s6y971a0CQhakrP4Wbb376KBrQ');
INSERT INTO Resident (account, building, unit, room) VALUES ('341383192904039617', 21, 8, 206);
INSERT INTO User (account, username, name, sex, age, tel, type, auth_key) VALUES ('713855192309143313', '余翔言', '余翔言', true, '97', '18454075898', 0, '01JK7vxXU6Kxkxh6PDzT71pkxsbQ96T7');
INSERT INTO Resident (account, building, unit, room) VALUES ('713855192309143313', 64, 4, 704);
INSERT INTO User (account, username, name, sex, age, tel, type, auth_key) VALUES ('622583195206081257', '寻薪亚', '寻薪亚', true, '68', '13677168950', 0, 'qfJ309lz6gLgm79DEXrQ95uxWIW98VVw');
INSERT INTO Resident (account, building, unit, room) VALUES ('622583195206081257', 11, 1, 902);
INSERT INTO User (account, username, name, sex, age, tel, type, auth_key) VALUES ('233410196803136459', '赵义奕', '赵义奕', true, '52', '19101888706', 0, '3c5D18Uflf03iCs432tXDJ2EtW55HICE');
INSERT INTO Resident (account, building, unit, room) VALUES ('233410196803136459', 89, 3, 201);
INSERT INTO User (account, username, name, sex, age, tel, type, auth_key) VALUES ('610251200206298707', '寻广', '寻广', true, '18', '17887428479', 0, '6d1s4VRL458Dk1Q23bMW4Vr44azu8n8S');
INSERT INTO Resident (account, building, unit, room) VALUES ('610251200206298707', 48, 2, 1205);
INSERT INTO User (account, username, name, sex, age, tel, type, auth_key) VALUES ('454745196211285977', '姚硕', '姚硕', false, '58', '15537037191', 0, 'LQZ443jNYB4ft2A3ZyfAKG0ul4H3e8j9');
INSERT INTO Resident (account, building, unit, room) VALUES ('454745196211285977', 64, 8, 2606);
INSERT INTO User (account, username, name, sex, age, tel, type, auth_key) VALUES ('432220196807027091', '文言亚', '文言亚', true, '52', '19615995233', 0, '0zJuL4x1Hnn263lBWMN2KB2JRKo99oz6');
INSERT INTO Resident (account, building, unit, room) VALUES ('432220196807027091', 61, 1, 2302);
INSERT INTO User (account, username, name, sex, age, tel, type, auth_key) VALUES ('500223193101010978', '审天灯', '审天灯', false, '89', '13739122367', 0, '4wa60v6Y0g96oS0z72Fs38iGF1tKrls5');
INSERT INTO Resident (account, building, unit, room) VALUES ('500223193101010978', 54, 7, 1003);
INSERT INTO User (account, username, name, sex, age, tel, type, auth_key) VALUES ('223121197711214437', '鲁有', '鲁有', true, '43', '13776994619', 0, 'fwA7h796CXWtDz36iJ3sY4aUw1zLuEAV');
INSERT INTO Resident (account, building, unit, room) VALUES ('223121197711214437', 20, 5, 1905);
INSERT INTO User (account, username, name, sex, age, tel, type, auth_key) VALUES ('230491201307081048', '边飞', '边飞', false, '7', '18092201270', 0, 'Sr49wsBCHRMud4oal12iQ562TI8TqG1i');
INSERT INTO Resident (account, building, unit, room) VALUES ('230491201307081048', 42, 6, 1901);
INSERT INTO User (account, username, name, sex, age, tel, type, auth_key) VALUES ('151056197702098316', '巩翔依', '巩翔依', true, '43', '15714482599', 0, 'lp9W98RztwdDlxRCyyTTRiCAxw88Ffg6');
INSERT INTO Resident (account, building, unit, room) VALUES ('151056197702098316', 78, 7, 1603);
INSERT INTO User (account, username, name, sex, age, tel, type, auth_key) VALUES ('422375195701164932', '杜腾', '杜腾', true, '63', '19969300347', 0, 'WhEQ7Oc7D8HrkXJ1cNWyQwr0bVm4j521');
INSERT INTO Resident (account, building, unit, room) VALUES ('422375195701164932', 52, 1, 205);
INSERT INTO User (account, username, name, sex, age, tel, type, auth_key) VALUES ('610743196901286181', '仲泽', '仲泽', false, '51', '18674723609', 0, 'vfQbTRqFBTR9ENOq06LJGVGu3q0xth9p');
INSERT INTO Resident (account, building, unit, room) VALUES ('610743196901286181', 39, 3, 1705);
INSERT INTO User (account, username, name, sex, age, tel, type, auth_key) VALUES ('113177195010018249', '季翔煜', '季翔煜', false, '70', '19583900137', 0, 'yLVb28vn76s8VBi8YaxX9o2f31x04ka5');
INSERT INTO Resident (account, building, unit, room) VALUES ('113177195010018249', 37, 9, 406);
INSERT INTO User (account, username, name, sex, age, tel, type, auth_key) VALUES ('133338200907034977', '陈子', '陈子', false, '11', '19291186235', 0, 'S3Htl01ruzRv3Op2j7hCzDLzZS9gR4xg');
INSERT INTO Resident (account, building, unit, room) VALUES ('133338200907034977', 68, 6, 605);
INSERT INTO User (account, username, name, sex, age, tel, type, auth_key) VALUES ('621603199506305073', '昌樱', '昌樱', true, '25', '19205768992', 0, 'IgV58461b4hW32J3Z1c83wGmhGk77x2t');
INSERT INTO Resident (account, building, unit, room) VALUES ('621603199506305073', 73, 7, 2106);
INSERT INTO User (account, username, name, sex, age, tel, type, auth_key) VALUES ('353682198705260234', '黄诺', '黄诺', true, '33', '18663699798', 0, 'bbxNX2L64g0zZli40zTBsn6X2I1H8PA4');
INSERT INTO Resident (account, building, unit, room) VALUES ('353682198705260234', 82, 5, 1804);
INSERT INTO User (account, username, name, sex, age, tel, type, auth_key) VALUES ('422920200202228982', '侯铭', '侯铭', true, '18', '18156645903', 0, 'imA73u1gg11doYfY3zY3ug8eYJrJJel5');
INSERT INTO Resident (account, building, unit, room) VALUES ('422920200202228982', 83, 1, 2604);
INSERT INTO User (account, username, name, sex, age, tel, type, auth_key) VALUES ('364311194609258898', '武舒静', '武舒静', true, '74', '13288078386', 0, '7s1d189xBko7wMm1Cr3Zqh4BLTVmhxz0');
INSERT INTO Resident (account, building, unit, room) VALUES ('364311194609258898', 38, 5, 2401);
INSERT INTO User (account, username, name, sex, age, tel, type, auth_key) VALUES ('364483197807312567', '范轩中', '范轩中', false, '42', '18664388494', 0, 'h2gqjKDiOqU6bXR9tR0k7VSaEGo3L2yW');
INSERT INTO Resident (account, building, unit, room) VALUES ('364483197807312567', 13, 2, 1103);
INSERT INTO User (account, username, name, sex, age, tel, type, auth_key) VALUES ('652629194511307364', '史朋可', '史朋可', false, '75', '19941845407', 0, 'K8K1312qD5b5529Q2S1t101be1F55AYe');
INSERT INTO Resident (account, building, unit, room) VALUES ('652629194511307364', 50, 10, 1604);
INSERT INTO User (account, username, name, sex, age, tel, type, auth_key) VALUES ('810164194803269833', '林宇', '林宇', true, '72', '13977920736', 0, 'o6zSi3Dh3cIO7tjeD4BLxTh6O59Rk1J9');
INSERT INTO Resident (account, building, unit, room) VALUES ('810164194803269833', 36, 10, 506);
INSERT INTO User (account, username, name, sex, age, tel, type, auth_key) VALUES ('532551197502052753', '付哲', '付哲', false, '45', '19162645107', 0, 'IwTutw1kLw1s1H9qfcMe79d5mw36dF8h');
INSERT INTO Resident (account, building, unit, room) VALUES ('532551197502052753', 7, 8, 1206);
INSERT INTO User (account, username, name, sex, age, tel, type, auth_key) VALUES ('333393198807318944', '高硕豪', '高硕豪', true, '32', '18734640846', 0, 'Uf1PDMtAWH5U7n41ww0Z80B9ptO9009o');
INSERT INTO Resident (account, building, unit, room) VALUES ('333393198807318944', 77, 6, 1803);
INSERT INTO User (account, username, name, sex, age, tel, type, auth_key) VALUES ('54105819240812490X', '付建', '付建', false, '96', '18694276505', 0, 'ocj5WV5u215Jf5d8R1c0x0NgBQ01EosV');
INSERT INTO Resident (account, building, unit, room) VALUES ('54105819240812490X', 66, 6, 2006);
INSERT INTO User (account, username, name, sex, age, tel, type, auth_key) VALUES ('37155519880512645X', '田云煜', '田云煜', false, '32', '18131994179', 0, 'PX6NJ4C2LsWExZ6hgLAYKEOdl5e48IVi');
INSERT INTO Resident (account, building, unit, room) VALUES ('37155519880512645X', 27, 9, 405);
INSERT INTO User (account, username, name, sex, age, tel, type, auth_key) VALUES ('362149192403095922', '钱夫', '钱夫', false, '96', '13012346661', 0, 's8O2TD8Lx6Su7DenmVn5Y147rL7Wg4qt');
INSERT INTO Resident (account, building, unit, room) VALUES ('362149192403095922', 70, 3, 1801);
INSERT INTO User (account, username, name, sex, age, tel, type, auth_key) VALUES ('543897198907042460', '管炜兰', '管炜兰', true, '31', '19538090974', 0, '93ecxq1Zmw8gZrv3MeQGpHxL34Mi8GeE');
INSERT INTO Resident (account, building, unit, room) VALUES ('543897198907042460', 13, 1, 2002);
INSERT INTO User (account, username, name, sex, age, tel, type, auth_key) VALUES ('322789196102158156', '任英', '任英', false, '59', '18499647541', 0, 'P35m0404oW84p3k1fte96857zlE2zP06');
INSERT INTO Resident (account, building, unit, room) VALUES ('322789196102158156', 96, 1, 2706);
INSERT INTO User (account, username, name, sex, age, tel, type, auth_key) VALUES ('33400319480826789X', '冯翔依', '冯翔依', true, '72', '13446550552', 0, 'bc5M3eAP3n7LOL7Y7btq6ANs7Phyf8XU');
INSERT INTO Resident (account, building, unit, room) VALUES ('33400319480826789X', 12, 5, 1306);
INSERT INTO User (account, username, name, sex, age, tel, type, auth_key) VALUES ('344344199507246400', '张凡轩', '张凡轩', true, '25', '18957889987', 1, 'oIIZz5aerWFS0Z8XyEjnzIFI3z1eS9xi');
INSERT INTO Committee (account, in_date, is_admin) VALUES ('344344199507246400', '20140917', false);
INSERT INTO User (account, username, name, sex, age, tel, type, auth_key) VALUES ('812373197806018977', '文思', '文思', false, '42', '14585785031', 0, 'FheUJ0m8m8W7XvI1P9gjiAlxqgu9kIKG');
INSERT INTO Resident (account, building, unit, room) VALUES ('812373197806018977', 6, 6, 2606);
INSERT INTO User (account, username, name, sex, age, tel, type, auth_key) VALUES ('35124719330523266X', '刘泽宜', '刘泽宜', true, '87', '19852100945', 0, '5BL9nrs1vyIZ396Kd7gU8w528lBzXw9n');
INSERT INTO Resident (account, building, unit, room) VALUES ('35124719330523266X', 72, 1, 605);
INSERT INTO User (account, username, name, sex, age, tel, type, auth_key) VALUES ('642759195103174827', '汪凡', '汪凡', true, '69', '19621399486', 0, 'b6guB56FdhLyCFy7fXrl9iqn1IoNWBPj');
INSERT INTO Resident (account, building, unit, room) VALUES ('642759195103174827', 86, 1, 1003);
INSERT INTO User (account, username, name, sex, age, tel, type, auth_key) VALUES ('820879197912097341', '赵夫宇', '赵夫宇', false, '41', '19650602080', 0, '6vYLl73iwt85F8HMJg82f4Hk57quV44h');
INSERT INTO Resident (account, building, unit, room) VALUES ('820879197912097341', 48, 8, 1003);
INSERT INTO User (account, username, name, sex, age, tel, type, auth_key) VALUES ('502461201109163110', '沈圆锐', '沈圆锐', false, '9', '17559454702', 0, '5Yc41WzJzb0XQ72ZRFl1Z4O749W6R3ky');
INSERT INTO Resident (account, building, unit, room) VALUES ('502461201109163110', 53, 7, 2605);
INSERT INTO User (account, username, name, sex, age, tel, type, auth_key) VALUES ('504292193404306105', '米帆', '米帆', true, '86', '18420653030', 0, 'ZX7Nh4fyxGpyGHaGixrDroLnsj96Tkmw');
INSERT INTO Resident (account, building, unit, room) VALUES ('504292193404306105', 13, 5, 2103);
INSERT INTO User (account, username, name, sex, age, tel, type, auth_key) VALUES ('503699195408227737', '郭阳雨', '郭阳雨', true, '66', '13123632972', 0, '4EZHFT1V9CWhj5ET79zqziz8rfg0Q5iL');
INSERT INTO Resident (account, building, unit, room) VALUES ('503699195408227737', 30, 8, 1102);
INSERT INTO User (account, username, name, sex, age, tel, type, auth_key) VALUES ('644116199704260872', '严煜桐', '严煜桐', false, '23', '18863269338', 0, '2Sdw3d67d4c1wSzrH5jyE9pSTy4WV2d2');
INSERT INTO Resident (account, building, unit, room) VALUES ('644116199704260872', 76, 7, 301);
INSERT INTO User (account, username, name, sex, age, tel, type, auth_key) VALUES ('464444196804252580', '麦迅静', '麦迅静', true, '52', '19634456071', 0, 'PRJNlqr1e8EMY89WYEnqrAE98Ue2a07q');
INSERT INTO Resident (account, building, unit, room) VALUES ('464444196804252580', 83, 8, 2304);
INSERT INTO User (account, username, name, sex, age, tel, type, auth_key) VALUES ('813185199109053825', '刘新畅', '刘新畅', false, '29', '15812289336', 0, 'n369Kwy6YFv46190tjlHUq09TgVnHV48');
INSERT INTO Resident (account, building, unit, room) VALUES ('813185199109053825', 74, 4, 805);
INSERT INTO User (account, username, name, sex, age, tel, type, auth_key) VALUES ('644343195011052958', '管毅振', '管毅振', false, '70', '15311603517', 0, '7Yvqgtk1wS8abll2S8HrcOq6maqP89iv');
INSERT INTO Resident (account, building, unit, room) VALUES ('644343195011052958', 80, 9, 2902);
INSERT INTO User (account, username, name, sex, age, tel, type, auth_key) VALUES ('212234194009019787', '仲牧', '仲牧', false, '80', '13639805271', 0, 'm23d81EnKUnif1wg620pCr2DVywzYdGs');
INSERT INTO Resident (account, building, unit, room) VALUES ('212234194009019787', 6, 3, 2004);
INSERT INTO User (account, username, name, sex, age, tel, type, auth_key) VALUES ('534512192902032620', '米迅英', '米迅英', true, '91', '15943978366', 0, 'o36bg9k34W81fsGzNwl8A3w0rdrLftlj');
INSERT INTO Resident (account, building, unit, room) VALUES ('534512192902032620', 92, 5, 1506);
INSERT INTO User (account, username, name, sex, age, tel, type, auth_key) VALUES ('544880199403100713', '边凡', '边凡', false, '26', '15069112319', 0, 'eWGL6pOR859pelt3dYC01d3HLi61S5mR');
INSERT INTO Resident (account, building, unit, room) VALUES ('544880199403100713', 54, 8, 1803);
INSERT INTO User (account, username, name, sex, age, tel, type, auth_key) VALUES ('510834197111042905', '林兰', '林兰', true, '49', '19354419086', 0, 'EiWnp07Ro351k879t7gbHU8v917L6dt7');
INSERT INTO Resident (account, building, unit, room) VALUES ('510834197111042905', 53, 4, 1406);
INSERT INTO User (account, username, name, sex, age, tel, type, auth_key) VALUES ('224166200202230492', '牛龙露', '牛龙露', true, '18', '15109992231', 0, 'xn2a300BOgccAOOVDBT9XvQjp2mG62Gw');
INSERT INTO Resident (account, building, unit, room) VALUES ('224166200202230492', 30, 5, 202);
INSERT INTO User (account, username, name, sex, age, tel, type, auth_key) VALUES ('522228197008125496', '曲泽', '曲泽', false, '50', '13965069780', 0, '9H5XA7RdZQN8um4aE4sCt4HrpiI52V0p');
INSERT INTO Resident (account, building, unit, room) VALUES ('522228197008125496', 2, 8, 204);
INSERT INTO User (account, username, name, sex, age, tel, type, auth_key) VALUES ('613832192505256434', '吴可雯', '吴可雯', true, '95', '14526911579', 0, 'U91JY61Uth6Om19V58BBWFM881rs4164');
INSERT INTO Resident (account, building, unit, room) VALUES ('613832192505256434', 35, 9, 2706);
INSERT INTO User (account, username, name, sex, age, tel, type, auth_key) VALUES ('812559199801308349', '钟丹令', '钟丹令', true, '22', '14777741800', 0, 't5o39Ecq359Ok3g4tOtuk16AgiQh0443');
INSERT INTO Resident (account, building, unit, room) VALUES ('812559199801308349', 84, 8, 2904);
INSERT INTO User (account, username, name, sex, age, tel, type, auth_key) VALUES ('814366195112126204', '代音宇', '代音宇', true, '69', '19827593945', 0, 'L3QX745yQv06XEQsdA6zhula0a48FS6h');
INSERT INTO Resident (account, building, unit, room) VALUES ('814366195112126204', 51, 1, 903);
INSERT INTO User (account, username, name, sex, age, tel, type, auth_key) VALUES ('654257200502086661', '安飞广', '安飞广', false, '15', '13450798116', 0, '543yJm1HebO8Kdi4dog2606vy0s9yGIn');
INSERT INTO Resident (account, building, unit, room) VALUES ('654257200502086661', 32, 4, 1803);
INSERT INTO User (account, username, name, sex, age, tel, type, auth_key) VALUES ('53446919530823202X', '吕源润', '吕源润', false, '67', '18174079329', 0, '3D706K1wKFEV893n58uJeaa8PT7ECs43');
INSERT INTO Resident (account, building, unit, room) VALUES ('53446919530823202X', 45, 7, 1106);
INSERT INTO User (account, username, name, sex, age, tel, type, auth_key) VALUES ('33437019311015560X', '昌一铭', '昌一铭', true, '89', '17338625633', 0, 'GsCFYZUmf0N70aw9H8QCox8gn8B1M6B5');
INSERT INTO Resident (account, building, unit, room) VALUES ('33437019311015560X', 75, 10, 603);
INSERT INTO User (account, username, name, sex, age, tel, type, auth_key) VALUES ('433564195210149100', '殷霖民', '殷霖民', false, '68', '15126066159', 0, '1ia2bq0Gj2N3M9Z3dylQ2Z602vnjioJ0');
INSERT INTO Resident (account, building, unit, room) VALUES ('433564195210149100', 16, 6, 802);
INSERT INTO User (account, username, name, sex, age, tel, type, auth_key) VALUES ('231869193111247285', '严中阳', '严中阳', false, '89', '15338602071', 0, 'j8H4Smt31X21E5Ukqz56000VkB8xD3uL');
INSERT INTO Resident (account, building, unit, room) VALUES ('231869193111247285', 40, 7, 2202);
INSERT INTO User (account, username, name, sex, age, tel, type, auth_key) VALUES ('631134200912119427', '崔菲丹', '崔菲丹', true, '11', '17516296960', 0, 'hoBoKcoZjNlNoX9E062m1ml5arMwYZdZ');
INSERT INTO Resident (account, building, unit, room) VALUES ('631134200912119427', 40, 4, 201);
INSERT INTO User (account, username, name, sex, age, tel, type, auth_key) VALUES ('323410196308298331', '边佳佳', '边佳佳', false, '57', '19154449917', 0, 'SFOdZUGbF5eiKEh8MaSZE4J2R1Ydwux0');
INSERT INTO Resident (account, building, unit, room) VALUES ('323410196308298331', 5, 4, 606);
INSERT INTO User (account, username, name, sex, age, tel, type, auth_key) VALUES ('343162201005234598', '安丹', '安丹', false, '10', '18762972253', 0, '3ZN5qUK0Mh851un9y32DV9ptcE8X0Vnh');
INSERT INTO Resident (account, building, unit, room) VALUES ('343162201005234598', 98, 3, 2506);
INSERT INTO User (account, username, name, sex, age, tel, type, auth_key) VALUES ('360798198609275484', '赵云广', '赵云广', true, '34', '14532772226', 0, '4H7fbGZuwZ1k9jwTT618Thxcp1zSsr0m');
INSERT INTO Resident (account, building, unit, room) VALUES ('360798198609275484', 68, 6, 305);
INSERT INTO User (account, username, name, sex, age, tel, type, auth_key) VALUES ('231185196911062123', '付奕薪', '付奕薪', true, '51', '13954694390', 0, '71Op1FJZnMh62p5L6ckmB0Z67QU90CpK');
INSERT INTO Resident (account, building, unit, room) VALUES ('231185196911062123', 76, 10, 1006);
INSERT INTO User (account, username, name, sex, age, tel, type, auth_key) VALUES ('511712200512112477', '陆炎', '陆炎', true, '15', '17244224140', 0, '8M8jKP31x6rxXaOzWB49PV5y24I7TDQN');
INSERT INTO Resident (account, building, unit, room) VALUES ('511712200512112477', 87, 6, 2604);
INSERT INTO User (account, username, name, sex, age, tel, type, auth_key) VALUES ('541293200604212671', '於嘉', '於嘉', false, '14', '13757145789', 0, 'TKw4WvYsJRb95n4g48H9s3wlzt3sXRx8');
INSERT INTO Resident (account, building, unit, room) VALUES ('541293200604212671', 44, 7, 206);
INSERT INTO User (account, username, name, sex, age, tel, type, auth_key) VALUES ('344860201404253287', '汪飞子', '汪飞子', true, '6', '19766348371', 0, 'ujaz138bmM3v8r2Va3I6031234k0wK6S');
INSERT INTO Resident (account, building, unit, room) VALUES ('344860201404253287', 27, 1, 1602);
INSERT INTO User (account, username, name, sex, age, tel, type, auth_key) VALUES ('454564198007128811', '毛睿轩', '毛睿轩', false, '40', '18076134468', 0, 'fpQ3M61Fl6zHUyMFqzjgnBcBQcLlJ0Al');
INSERT INTO Resident (account, building, unit, room) VALUES ('454564198007128811', 52, 6, 706);
INSERT INTO User (account, username, name, sex, age, tel, type, auth_key) VALUES ('540462195206153501', '仲圣中', '仲圣中', true, '68', '18284993632', 0, 'n18n5V1dQy4GU9GvNQkFsW9JmUBxQCjF');
INSERT INTO Resident (account, building, unit, room) VALUES ('540462195206153501', 93, 8, 204);
INSERT INTO User (account, username, name, sex, age, tel, type, auth_key) VALUES ('642976199101038799', '葛洁', '葛洁', true, '29', '15055900494', 0, 'x6Y7HM4ewoef3ZxKmS6J0d751wlJ7ic8');
INSERT INTO Resident (account, building, unit, room) VALUES ('642976199101038799', 58, 2, 2304);
INSERT INTO User (account, username, name, sex, age, tel, type, auth_key) VALUES ('503380193702182092', '米腾令', '米腾令', false, '83', '13004686442', 0, '8Ggol4l00O1GTNmu1q9Y8H99D1q8g1sN');
INSERT INTO Resident (account, building, unit, room) VALUES ('503380193702182092', 12, 2, 206);
INSERT INTO User (account, username, name, sex, age, tel, type, auth_key) VALUES ('533703196406260305', '傅豪盈', '傅豪盈', true, '56', '17229847671', 0, 'hNQg3VTaJ453kYFV092b49z6e86WX90D');
INSERT INTO Resident (account, building, unit, room) VALUES ('533703196406260305', 1, 10, 1706);
INSERT INTO User (account, username, name, sex, age, tel, type, auth_key) VALUES ('362917198406131616', '鲁良子', '鲁良子', true, '36', '19532412289', 0, '570DC938H7Nz6wSHyFYQsxG4F0YRl8Ch');
INSERT INTO Resident (account, building, unit, room) VALUES ('362917198406131616', 53, 3, 1802);
INSERT INTO User (account, username, name, sex, age, tel, type, auth_key) VALUES ('361171193111085005', '钟令', '钟令', true, '89', '18852295491', 0, 'Zau58YvRi9o424tZzK0ml8ZDeq4u00YK');
INSERT INTO Resident (account, building, unit, room) VALUES ('361171193111085005', 99, 6, 1803);
INSERT INTO User (account, username, name, sex, age, tel, type, auth_key) VALUES ('541329199110121004', '隽凌奇', '隽凌奇', false, '29', '18157598183', 0, '3m47w1i29kuKpVCZ9qYv8C547yAOC8Qa');
INSERT INTO Resident (account, building, unit, room) VALUES ('541329199110121004', 20, 2, 605);
INSERT INTO User (account, username, name, sex, age, tel, type, auth_key) VALUES ('46217519650529109X', '任宇本', '任宇本', false, '55', '18850986234', 0, '5Jz73y1Gd08m31G66CycP5wQZmAcmQk7');
INSERT INTO Resident (account, building, unit, room) VALUES ('46217519650529109X', 47, 2, 2104);
INSERT INTO User (account, username, name, sex, age, tel, type, auth_key) VALUES ('441097195111040890', '江畅', '江畅', false, '69', '15972756762', 0, '08Y1Z1OsLtLcqL000gM6m5ZlE9zG9x94');
INSERT INTO Resident (account, building, unit, room) VALUES ('441097195111040890', 75, 8, 2102);
INSERT INTO User (account, username, name, sex, age, tel, type, auth_key) VALUES ('42311120090624278X', '武良', '武良', false, '11', '18631362927', 0, '0V4A8H1aRg16wBcXJ6rXfXKiRE52J8rl');
INSERT INTO Resident (account, building, unit, room) VALUES ('42311120090624278X', 12, 8, 2903);
INSERT INTO User (account, username, name, sex, age, tel, type, auth_key) VALUES ('450527193408274756', '吴亚兰', '吴亚兰', true, '86', '15934101431', 0, 'hkamlBA5loSJH93i69TFU1hP7x9s74s3');
INSERT INTO Resident (account, building, unit, room) VALUES ('450527193408274756', 71, 7, 505);
INSERT INTO User (account, username, name, sex, age, tel, type, auth_key) VALUES ('811459199604182838', '钱畅辰', '钱畅辰', true, '24', '17634814533', 0, '8lbOyZN2k7MjbxsL4liicDD53eDkBt6N');
INSERT INTO Resident (account, building, unit, room) VALUES ('811459199604182838', 49, 5, 1606);
INSERT INTO User (account, username, name, sex, age, tel, type, auth_key) VALUES ('823658198211276998', '宋萱飞', '宋萱飞', true, '38', '14715548896', 0, 'ExL3lrLa8lTvO53aZEPBQ244P68S4u1W');
INSERT INTO Resident (account, building, unit, room) VALUES ('823658198211276998', 11, 7, 2605);
INSERT INTO User (account, username, name, sex, age, tel, type, auth_key) VALUES ('510686198901279102', '鲁晓', '鲁晓', true, '31', '15525455625', 0, 'nAkgaTPYu5m7Uld8k742qf6x5FP3JSzF');
INSERT INTO Resident (account, building, unit, room) VALUES ('510686198901279102', 51, 7, 2601);
INSERT INTO User (account, username, name, sex, age, tel, type, auth_key) VALUES ('442465193001014909', '王霄舒', '王霄舒', true, '90', '19104907149', 0, 'e6m3nsZZ7iLb2WTv645ug3reC9xQvS0Q');
INSERT INTO Resident (account, building, unit, room) VALUES ('442465193001014909', 79, 3, 1201);
INSERT INTO User (account, username, name, sex, age, tel, type, auth_key) VALUES ('654833193504272282', '吕盈凡', '吕盈凡', false, '85', '13899632581', 0, 'DZL1M0hil5DQetW8l6ei7x28v48JD51U');
INSERT INTO Resident (account, building, unit, room) VALUES ('654833193504272282', 81, 10, 604);
INSERT INTO User (account, username, name, sex, age, tel, type, auth_key) VALUES ('820189195903239120', '周一睿', '周一睿', false, '61', '17212566185', 0, '53CVuTz1qoeQi7AM2jpD2yng1j8yJKZ2');
INSERT INTO Resident (account, building, unit, room) VALUES ('820189195903239120', 75, 6, 2806);
INSERT INTO User (account, username, name, sex, age, tel, type, auth_key) VALUES ('644307196505124688', '孟舒建', '孟舒建', false, '55', '19772013211', 0, '48x04Q8uk2lI4tIXXc17ue2HGO5QXD8f');
INSERT INTO Resident (account, building, unit, room) VALUES ('644307196505124688', 52, 10, 505);
INSERT INTO User (account, username, name, sex, age, tel, type, auth_key) VALUES ('15185319400530745X', '路正炎', '路正炎', true, '80', '18006299101', 0, 'ipET4c11HG948A9qCg7Gf7enF2e56V32');
INSERT INTO Resident (account, building, unit, room) VALUES ('15185319400530745X', 19, 7, 1201);
INSERT INTO User (account, username, name, sex, age, tel, type, auth_key) VALUES ('503959195707074727', '郭可伟', '郭可伟', false, '63', '15257486622', 0, 'bGzLR4hBHj35X7bkPsmi44NSLDm7POBS');
INSERT INTO Resident (account, building, unit, room) VALUES ('503959195707074727', 30, 1, 201);
INSERT INTO User (account, username, name, sex, age, tel, type, auth_key) VALUES ('624073195012264126', '毛霖立', '毛霖立', true, '70', '15359585844', 0, 'lS15ZYeu6qC2N9Rz0QGvLNneP2Pjbhce');
INSERT INTO Resident (account, building, unit, room) VALUES ('624073195012264126', 59, 10, 1401);
INSERT INTO User (account, username, name, sex, age, tel, type, auth_key) VALUES ('433199198504036320', '范兰', '范兰', true, '35', '14522317716', 0, '5thZo9p8iyp6JIzpgU3y3KPdJP34PLss');
INSERT INTO Resident (account, building, unit, room) VALUES ('433199198504036320', 8, 3, 2101);
INSERT INTO User (account, username, name, sex, age, tel, type, auth_key) VALUES ('501297200007283742', '张龙露', '张龙露', true, '20', '15314366145', 0, '41eRbBjWf906s4PJKP83ip7TV01H4U5K');
INSERT INTO Resident (account, building, unit, room) VALUES ('501297200007283742', 81, 3, 1706);
INSERT INTO User (account, username, name, sex, age, tel, type, auth_key) VALUES ('650487194303039214', '部中兰', '部中兰', false, '77', '18596178773', 0, 'PsmkBfC9rGwd6rgKxmNWIpud5UvZF72P');
INSERT INTO Resident (account, building, unit, room) VALUES ('650487194303039214', 86, 2, 902);
INSERT INTO User (account, username, name, sex, age, tel, type, auth_key) VALUES ('344595199801230739', '杨奇', '杨奇', false, '22', '17237019958', 0, 'paT1b6auBgFovXx818k74d7XwX5ta69Y');
INSERT INTO Resident (account, building, unit, room) VALUES ('344595199801230739', 9, 5, 1501);
INSERT INTO User (account, username, name, sex, age, tel, type, auth_key) VALUES ('121042195707297734', '部朋子', '部朋子', true, '63', '15699022881', 0, 'fa3n1jCO0L585NP9qlj9t3946bEUVj1b');
INSERT INTO Resident (account, building, unit, room) VALUES ('121042195707297734', 12, 9, 2304);
INSERT INTO User (account, username, name, sex, age, tel, type, auth_key) VALUES ('344074194411210979', '武牧盈', '武牧盈', true, '76', '19629518870', 0, 'zdyEhV15JRH728HqpM11i1Nh6i8NX7vC');
INSERT INTO Resident (account, building, unit, room) VALUES ('344074194411210979', 69, 1, 1402);
INSERT INTO User (account, username, name, sex, age, tel, type, auth_key) VALUES ('211093195009012466', '陆昕天', '陆昕天', false, '70', '15206411106', 0, '0aDF7KPqc3vH6VdYMid3dv6TgBs9J0M2');
INSERT INTO Resident (account, building, unit, room) VALUES ('211093195009012466', 59, 5, 1003);
INSERT INTO User (account, username, name, sex, age, tel, type, auth_key) VALUES ('541639199411301694', '管赛兮', '管赛兮', false, '26', '17603598185', 0, 'kE8dKUuw2Lgy1d50TMR38ZKA59R976D6');
INSERT INTO Resident (account, building, unit, room) VALUES ('541639199411301694', 50, 8, 1906);
INSERT INTO User (account, username, name, sex, age, tel, type, auth_key) VALUES ('211668192512100152', '百里阳迅', '百里阳迅', true, '95', '13812241330', 0, 'OLyKaeKl7Z9A60cBm4Ef3py0e3m31Y9w');
INSERT INTO Resident (account, building, unit, room) VALUES ('211668192512100152', 24, 8, 906);
INSERT INTO User (account, username, name, sex, age, tel, type, auth_key) VALUES ('371954200602263435', '戚盈亚', '戚盈亚', true, '14', '13456516293', 0, 'fkJtjGfN4o4cnx84rh429AaMm8MMg8Q4');
INSERT INTO Resident (account, building, unit, room) VALUES ('371954200602263435', 13, 2, 1904);
INSERT INTO User (account, username, name, sex, age, tel, type, auth_key) VALUES ('343617197801176006', '审轩朋', '审轩朋', false, '42', '18490836516', 0, 'JtJU7np65gG7roE35EyF6QZLY9V3wqqb');
INSERT INTO Resident (account, building, unit, room) VALUES ('343617197801176006', 61, 1, 303);
INSERT INTO User (account, username, name, sex, age, tel, type, auth_key) VALUES ('530766195710316166', '任奇', '任奇', true, '63', '15239898118', 0, 't2U8IoprlN5Ivke3X8IvvZnny1MI7ZSd');
INSERT INTO Resident (account, building, unit, room) VALUES ('530766195710316166', 29, 10, 706);
INSERT INTO User (account, username, name, sex, age, tel, type, auth_key) VALUES ('232082200403136110', '胡夫泽', '胡夫泽', true, '16', '18563959700', 0, '20CT42f7ZedAwdvS1vmwG8Dy6T392w47');
INSERT INTO Resident (account, building, unit, room) VALUES ('232082200403136110', 24, 9, 1001);
INSERT INTO User (account, username, name, sex, age, tel, type, auth_key) VALUES ('351933192404061295', '张朋', '张朋', true, '96', '18125194743', 0, 'uST1GHE9UMv2XlovRlgu2274Iy57sM97');
INSERT INTO Resident (account, building, unit, room) VALUES ('351933192404061295', 97, 10, 702);
INSERT INTO User (account, username, name, sex, age, tel, type, auth_key) VALUES ('613826198111047435', '山航千', '山航千', true, '39', '19370224695', 0, '2gC7glj12yBv38Gc1iWuGgaNR55Gwr5G');
INSERT INTO Resident (account, building, unit, room) VALUES ('613826198111047435', 39, 2, 405);
INSERT INTO User (account, username, name, sex, age, tel, type, auth_key) VALUES ('220475197803187926', '杨牧帆', '杨牧帆', false, '42', '18905779408', 0, 'iAhl802iq4tTkEB67Z85j7OqsvWvO9iC');
INSERT INTO Resident (account, building, unit, room) VALUES ('220475197803187926', 66, 2, 2303);
INSERT INTO User (account, username, name, sex, age, tel, type, auth_key) VALUES ('623777197706153946', '宫天', '宫天', false, '43', '18395552387', 0, '52rrQ3Vi2xEP6detJX98j51Zlhj0os9L');
INSERT INTO Resident (account, building, unit, room) VALUES ('623777197706153946', 7, 7, 2904);
INSERT INTO User (account, username, name, sex, age, tel, type, auth_key) VALUES ('230423193804307957', '尹桐良', '尹桐良', true, '82', '18658088548', 0, '3X6kksg6oBrMtRcT60GL5721bi1YOU15');
INSERT INTO Resident (account, building, unit, room) VALUES ('230423193804307957', 35, 4, 303);
INSERT INTO User (account, username, name, sex, age, tel, type, auth_key) VALUES ('81350519531022642X', '陈萌轩', '陈萌轩', false, '67', '14516255606', 0, 'PU9pSjDPSwSEmJ1GRu5z41XHwlnStBLY');
INSERT INTO Resident (account, building, unit, room) VALUES ('81350519531022642X', 3, 8, 2403);
INSERT INTO User (account, username, name, sex, age, tel, type, auth_key) VALUES ('822380201005026777', '刘雅民', '刘雅民', true, '10', '19555680443', 0, '8F2Vd2n0aLMwNCtbq4WZomqv6R1MbNo5');
INSERT INTO Resident (account, building, unit, room) VALUES ('822380201005026777', 16, 4, 603);
INSERT INTO User (account, username, name, sex, age, tel, type, auth_key) VALUES ('441049199208139755', '曲天', '曲天', false, '28', '13577814925', 0, 'EdR6MgBUG7xg3y5739XwS3RNlFm9Lj82');
INSERT INTO Resident (account, building, unit, room) VALUES ('441049199208139755', 15, 2, 2204);
INSERT INTO User (account, username, name, sex, age, tel, type, auth_key) VALUES ('811412194911235974', '吴豪琦', '吴豪琦', true, '71', '15696125374', 0, 'z770Pd52d61aqggChtJ1edjglJUi1j3x');
INSERT INTO Resident (account, building, unit, room) VALUES ('811412194911235974', 15, 6, 1405);
INSERT INTO User (account, username, name, sex, age, tel, type, auth_key) VALUES ('144555193007283142', '燕子', '燕子', false, '90', '19278831232', 0, '1OAbrURyWsVXIu91IUNh3qGZB6Ke71L8');
INSERT INTO Resident (account, building, unit, room) VALUES ('144555193007283142', 80, 8, 2604);
INSERT INTO User (account, username, name, sex, age, tel, type, auth_key) VALUES ('124398194402055636', '孟舒力', '孟舒力', false, '76', '14544293150', 0, '8ZRePtUsz8b6o4edkEL3OSf7h6J2g9oi');
INSERT INTO Resident (account, building, unit, room) VALUES ('124398194402055636', 60, 3, 2603);
INSERT INTO User (account, username, name, sex, age, tel, type, auth_key) VALUES ('441468198111037862', '裴霄杰', '裴霄杰', true, '39', '13635124833', 0, 'Vmt9R8W0IG44mzFvM866oXGOPc1Hp9wW');
INSERT INTO Resident (account, building, unit, room) VALUES ('441468198111037862', 26, 8, 1004);
INSERT INTO User (account, username, name, sex, age, tel, type, auth_key) VALUES ('414077199102048502', '齐煜辰', '齐煜辰', true, '29', '13509203055', 0, 'woIu8yEuApeyO4f42ZGCturgY73Jptpk');
INSERT INTO Resident (account, building, unit, room) VALUES ('414077199102048502', 83, 7, 2603);
INSERT INTO User (account, username, name, sex, age, tel, type, auth_key) VALUES ('621890198906260798', '刘立凡', '刘立凡', false, '31', '18280624891', 0, 'P2OrkJ40d4156Fxt6KM0ZDh0TDS95XSU');
INSERT INTO Resident (account, building, unit, room) VALUES ('621890198906260798', 93, 1, 905);
INSERT INTO User (account, username, name, sex, age, tel, type, auth_key) VALUES ('621333198311266646', '尚正铭', '尚正铭', true, '37', '13932594100', 0, 'I7yDXoGvB20vem4wqEh1h8E2Tq3d74w8');
INSERT INTO Resident (account, building, unit, room) VALUES ('621333198311266646', 43, 7, 505);
INSERT INTO User (account, username, name, sex, age, tel, type, auth_key) VALUES ('533459200310114010', '曹赛', '曹赛', true, '17', '17259516008', 0, 'LgPiq2qe2tEFB8hmC2P30950t8gEGTuC');
INSERT INTO Resident (account, building, unit, room) VALUES ('533459200310114010', 34, 9, 203);
INSERT INTO User (account, username, name, sex, age, tel, type, auth_key) VALUES ('433765195505173421', '靳哲夫', '靳哲夫', false, '65', '15680786094', 0, 'JEvBDhtj2ZQHlv2Luag2FcFbV07Q723U');
INSERT INTO Resident (account, building, unit, room) VALUES ('433765195505173421', 79, 8, 1501);
INSERT INTO User (account, username, name, sex, age, tel, type, auth_key) VALUES ('64374919780818562X', '赵轩馨', '赵轩馨', false, '42', '13830350155', 0, 'E7H73Q7gKI8pBPVxG074c81lqJ2sx4YE');
INSERT INTO Resident (account, building, unit, room) VALUES ('64374919780818562X', 36, 7, 2905);
INSERT INTO User (account, username, name, sex, age, tel, type, auth_key) VALUES ('521980196205134769', '殷广', '殷广', true, '58', '19904737007', 0, 'uidx23QD16M498vRPm21N88WFKeaWJR7');
INSERT INTO Resident (account, building, unit, room) VALUES ('521980196205134769', 25, 1, 1204);
INSERT INTO User (account, username, name, sex, age, tel, type, auth_key) VALUES ('620842197801123755', '胡振', '胡振', false, '42', '15811648474', 0, '7704j43GxNibFGHpUm2mt4bU3F9RyQZ4');
INSERT INTO Resident (account, building, unit, room) VALUES ('620842197801123755', 97, 9, 1606);
INSERT INTO User (account, username, name, sex, age, tel, type, auth_key) VALUES ('354223199511286675', '吉炜晓', '吉炜晓', true, '25', '15022030833', 0, 'xcU1f5O6BXJ7pP9uzTOt1l8f0617Lk7f');
INSERT INTO Resident (account, building, unit, room) VALUES ('354223199511286675', 41, 8, 1405);
INSERT INTO User (account, username, name, sex, age, tel, type, auth_key) VALUES ('410905197603209880', '杜露伟', '杜露伟', true, '44', '13589095939', 0, 'tGl0V506937zLr5fy35Srg1CLm6Se7vB');
INSERT INTO Resident (account, building, unit, room) VALUES ('410905197603209880', 19, 4, 2403);
INSERT INTO User (account, username, name, sex, age, tel, type, auth_key) VALUES ('444020195707086471', '钱牧源', '钱牧源', true, '63', '15988188300', 0, 'sBm68331FXGFKDVW9I8NuAIQG2LZ1MV7');
INSERT INTO Resident (account, building, unit, room) VALUES ('444020195707086471', 5, 4, 402);
INSERT INTO User (account, username, name, sex, age, tel, type, auth_key) VALUES ('43319219890621809X', '钱新', '钱新', false, '31', '19083766365', 0, '6cV1l2U5j2Fu42loYw12pMHJJ0dr9IVH');
INSERT INTO Resident (account, building, unit, room) VALUES ('43319219890621809X', 88, 5, 2005);
INSERT INTO User (account, username, name, sex, age, tel, type, auth_key) VALUES ('642345195109253072', '邵霖', '邵霖', true, '69', '13711934419', 0, 'J9gkFyvUJHJ96nJ4Gl56lyoCJc74Lj9l');
INSERT INTO Resident (account, building, unit, room) VALUES ('642345195109253072', 49, 4, 2904);
INSERT INTO User (account, username, name, sex, age, tel, type, auth_key) VALUES ('214129197510191186', '尚哲菲', '尚哲菲', true, '45', '18816921291', 0, 'vNA0GrJ0t5h2daf8wmKt5B4ZD1pI5597');
INSERT INTO Resident (account, building, unit, room) VALUES ('214129197510191186', 35, 9, 2604);
INSERT INTO User (account, username, name, sex, age, tel, type, auth_key) VALUES ('152845199501113916', '边正正', '边正正', true, '25', '13189223617', 0, '3eClM1znVvYV7qy11eM0pQ277171MKXy');
INSERT INTO Resident (account, building, unit, room) VALUES ('152845199501113916', 8, 2, 2401);
INSERT INTO User (account, username, name, sex, age, tel, type, auth_key) VALUES ('512723199011055025', '杨倨', '杨倨', true, '30', '17824132476', 0, 'd068L0QO5vz8E2U5Jv8zDHa5zVgxK729');
INSERT INTO Resident (account, building, unit, room) VALUES ('512723199011055025', 15, 4, 1301);
INSERT INTO User (account, username, name, sex, age, tel, type, auth_key) VALUES ('334446199104195709', '邱萌义', '邱萌义', true, '29', '14988711294', 0, 'o4t3Dnx58HquKTWpRaARaU6Ueo4nYjt7');
INSERT INTO Resident (account, building, unit, room) VALUES ('334446199104195709', 79, 1, 1202);
INSERT INTO User (account, username, name, sex, age, tel, type, auth_key) VALUES ('53176219610920131X', '吴雅云', '吴雅云', true, '59', '19381045791', 0, 'wHqHea0XIP3PapKI828o14YrrLU3C08I');
INSERT INTO Resident (account, building, unit, room) VALUES ('53176219610920131X', 78, 6, 1404);
INSERT INTO User (account, username, name, sex, age, tel, type, auth_key) VALUES ('544975200311065354', '史正', '史正', false, '17', '19618073663', 0, 'm8MMD1i4DF4Zvid5l3sGi65D8Ym3W29H');
INSERT INTO Resident (account, building, unit, room) VALUES ('544975200311065354', 59, 8, 1805);
INSERT INTO User (account, username, name, sex, age, tel, type, auth_key) VALUES ('353072201301250107', '姚炎思', '姚炎思', true, '7', '13983229614', 0, 'gDDXx3Or6230G9gQ45A36Zi33xB5F450');
INSERT INTO Resident (account, building, unit, room) VALUES ('353072201301250107', 20, 5, 501);
INSERT INTO User (account, username, name, sex, age, tel, type, auth_key) VALUES ('334748198004213781', '李令瀚', '李令瀚', false, '40', '13319081385', 0, 'awA0nnBYG13KtD8p8PBWSwu1bbl9F793');
INSERT INTO Resident (account, building, unit, room) VALUES ('334748198004213781', 36, 7, 1602);
INSERT INTO User (account, username, name, sex, age, tel, type, auth_key) VALUES ('535063194607205081', '戚洁', '戚洁', false, '74', '18518120166', 0, '8FyuCcrgNC10yb7J5Q8SIgiZazlzT6p4');
INSERT INTO Resident (account, building, unit, room) VALUES ('535063194607205081', 69, 3, 1906);
INSERT INTO User (account, username, name, sex, age, tel, type, auth_key) VALUES ('630629198310230851', '隽力静', '隽力静', true, '37', '15930050057', 0, '8hkw22Lu0Io0eAW6z5rIUg95KIhj587P');
INSERT INTO Resident (account, building, unit, room) VALUES ('630629198310230851', 79, 3, 405);
INSERT INTO User (account, username, name, sex, age, tel, type, auth_key) VALUES ('541582192708264861', '黄萌赛', '黄萌赛', false, '93', '15796752880', 0, '9i2iZL8834x78Kr6V6LXta851b2juut6');
INSERT INTO Resident (account, building, unit, room) VALUES ('541582192708264861', 51, 8, 2703);
INSERT INTO User (account, username, name, sex, age, tel, type, auth_key) VALUES ('633124199910012475', '林萌', '林萌', true, '21', '13839740239', 0, 'mdQm6o0q3tG6vg949Pdy5ZL6loFG2Z7Y');
INSERT INTO Resident (account, building, unit, room) VALUES ('633124199910012475', 38, 8, 2706);
INSERT INTO User (account, username, name, sex, age, tel, type, auth_key) VALUES ('130825196612309466', '文广', '文广', false, '54', '13369208312', 0, 'K2IwizEipyrrn7gSy45wUz4PZEIAGNd5');
INSERT INTO Resident (account, building, unit, room) VALUES ('130825196612309466', 7, 7, 806);
INSERT INTO User (account, username, name, sex, age, tel, type, auth_key) VALUES ('462899199408257172', '文令', '文令', false, '26', '19001804422', 0, 'o9co9nqtOOmJV42kV8Ol1q9sfnVOJvYs');
INSERT INTO Resident (account, building, unit, room) VALUES ('462899199408257172', 31, 2, 305);
INSERT INTO User (account, username, name, sex, age, tel, type, auth_key) VALUES ('541820196905203062', '杨敏思', '杨敏思', true, '51', '18493081084', 0, 'x4E3wQbuMHj54ia6M9nD4pkx1pCBhQis');
INSERT INTO Resident (account, building, unit, room) VALUES ('541820196905203062', 29, 3, 1401);
INSERT INTO User (account, username, name, sex, age, tel, type, auth_key) VALUES ('143006195505209350', '山振力', '山振力', false, '65', '14997601954', 0, '7ci4b33mMuWy8sW5T31qrNlH0hAb144T');
INSERT INTO Resident (account, building, unit, room) VALUES ('143006195505209350', 45, 7, 705);
INSERT INTO User (account, username, name, sex, age, tel, type, auth_key) VALUES ('641282196612101659', '商朋琦', '商朋琦', false, '54', '18606808090', 0, '5hXBYw0ITy42ppPaPLvf6D70Iycw8Cy0');
INSERT INTO Resident (account, building, unit, room) VALUES ('641282196612101659', 14, 10, 1303);
INSERT INTO User (account, username, name, sex, age, tel, type, auth_key) VALUES ('411253193510174921', '常兮', '常兮', false, '85', '18121442976', 0, 'L779n66W7o91vBOsCMY1E9UUfyQ8ihx4');
INSERT INTO Resident (account, building, unit, room) VALUES ('411253193510174921', 87, 2, 902);
INSERT INTO User (account, username, name, sex, age, tel, type, auth_key) VALUES ('334719193909241160', '燕音力', '燕音力', true, '81', '14938518202', 0, '113vcAlZx93Z6EezUa975sIdxHqIBaUY');
INSERT INTO Resident (account, building, unit, room) VALUES ('334719193909241160', 94, 7, 1405);
INSERT INTO User (account, username, name, sex, age, tel, type, auth_key) VALUES ('340882198101304406', '黄敏泽', '黄敏泽', true, '39', '13684897684', 0, 'Lk22OkhftbyzZ5Rg8s8m98Zf8gG1CQZu');
INSERT INTO Resident (account, building, unit, room) VALUES ('340882198101304406', 82, 7, 1302);
INSERT INTO User (account, username, name, sex, age, tel, type, auth_key) VALUES ('34364619650107764X', '晁立', '晁立', false, '55', '19940014726', 0, 'XR29cDhq58J1MqecCw7Ho182UmeM1U2C');
INSERT INTO Resident (account, building, unit, room) VALUES ('34364619650107764X', 9, 5, 802);
INSERT INTO User (account, username, name, sex, age, tel, type, auth_key) VALUES ('121473198508081155', '郭萌可', '郭萌可', false, '35', '18344701458', 0, 'hwND19YYtXigJ7ZZ4jqCt17Q1Xv7DM88');
INSERT INTO Resident (account, building, unit, room) VALUES ('121473198508081155', 22, 10, 2504);
INSERT INTO User (account, username, name, sex, age, tel, type, auth_key) VALUES ('612216199506225894', '曲诺畅', '曲诺畅', false, '25', '17877357989', 0, 'xVj1043JS3VmlakERsbX1UMuO3bLb9y4');
INSERT INTO Resident (account, building, unit, room) VALUES ('612216199506225894', 48, 3, 901);
INSERT INTO User (account, username, name, sex, age, tel, type, auth_key) VALUES ('124259201010072335', '隽敏宜', '隽敏宜', true, '10', '19754736368', 0, 'hiof4V5a1u0U41099YELQaD568hOso8R');
INSERT INTO Resident (account, building, unit, room) VALUES ('124259201010072335', 51, 8, 1806);
INSERT INTO User (account, username, name, sex, age, tel, type, auth_key) VALUES ('114051201001243623', '任雯', '任雯', false, '10', '19286129758', 0, 'nb27nc69dcG51cEsJ3XOhcON3aZKyet3');
INSERT INTO Resident (account, building, unit, room) VALUES ('114051201001243623', 13, 4, 1302);
INSERT INTO User (account, username, name, sex, age, tel, type, auth_key) VALUES ('143564194706191720', '沈龙', '沈龙', true, '73', '13020825399', 0, 'Nd1C971U933Od40O7UjC54L7xb6gd7ZK');
INSERT INTO Resident (account, building, unit, room) VALUES ('143564194706191720', 89, 2, 1406);
INSERT INTO User (account, username, name, sex, age, tel, type, auth_key) VALUES ('411118195211100758', '孟良', '孟良', true, '68', '13503798002', 1, '7Y7xtztb50TEM2MXVlo6cnm9Pp260Snx');
INSERT INTO Committee (account, in_date, is_admin) VALUES ('411118195211100758', '19791114', false);
INSERT INTO User (account, username, name, sex, age, tel, type, auth_key) VALUES ('504289201103112216', '戚萌中', '戚萌中', true, '9', '18130484414', 0, '72iR49CQ8nJ32CrnO8nd18CKEt4VYobv');
INSERT INTO Resident (account, building, unit, room) VALUES ('504289201103112216', 11, 8, 2206);
INSERT INTO User (account, username, name, sex, age, tel, type, auth_key) VALUES ('502886195702052811', '付倨可', '付倨可', false, '63', '14569479341', 0, '5iinjq4592SUzq68EI38fHhCw9cL6gak');
INSERT INTO Resident (account, building, unit, room) VALUES ('502886195702052811', 64, 6, 906);
INSERT INTO User (account, username, name, sex, age, tel, type, auth_key) VALUES ('501559194012214674', '山兮义', '山兮义', false, '80', '18455208989', 0, 'PuxWEzg34Xf3kaBynERpd4gEKFBPi9h9');
INSERT INTO Resident (account, building, unit, room) VALUES ('501559194012214674', 75, 1, 304);
INSERT INTO User (account, username, name, sex, age, tel, type, auth_key) VALUES ('531148198508282527', '陆英', '陆英', true, '35', '18333935482', 0, '61yOy6i03eydz3S84I9p6gyVvltcSYdR');
INSERT INTO Resident (account, building, unit, room) VALUES ('531148198508282527', 56, 1, 1806);
INSERT INTO User (account, username, name, sex, age, tel, type, auth_key) VALUES ('812095196910262485', '周阳睿', '周阳睿', true, '51', '19852091428', 0, 'Z9gyA9nBW1808ZFi073m0fp7pR79g06z');
INSERT INTO Resident (account, building, unit, room) VALUES ('812095196910262485', 24, 2, 204);
INSERT INTO User (account, username, name, sex, age, tel, type, auth_key) VALUES ('121063197908281444', '部宜一', '部宜一', true, '41', '15795105775', 0, 'Mj70QcCYrkgrY4p3Lx40M23997N0e4jT');
INSERT INTO Resident (account, building, unit, room) VALUES ('121063197908281444', 63, 9, 803);
INSERT INTO User (account, username, name, sex, age, tel, type, auth_key) VALUES ('341223195305034838', '殷洁辰', '殷洁辰', false, '67', '18515642544', 0, '1A0u0zCL6QcE39nPNX9oTt7BPq4hKoZP');
INSERT INTO Resident (account, building, unit, room) VALUES ('341223195305034838', 41, 2, 2706);
INSERT INTO User (account, username, name, sex, age, tel, type, auth_key) VALUES ('644440194603171095', '文兮', '文兮', true, '74', '18799272146', 0, 'MC2r7X79e2A5PLzC2j7F8Up9Z2GKvvmq');
INSERT INTO Resident (account, building, unit, room) VALUES ('644440194603171095', 87, 5, 1005);
INSERT INTO User (account, username, name, sex, age, tel, type, auth_key) VALUES ('540252192808046111', '部硕杰', '部硕杰', false, '92', '13414607763', 0, 'j648GPL6nd4A57z9fyKPRwXvX7KU0rNW');
INSERT INTO Resident (account, building, unit, room) VALUES ('540252192808046111', 1, 2, 901);
INSERT INTO User (account, username, name, sex, age, tel, type, auth_key) VALUES ('330732196901091491', '汪铭', '汪铭', true, '51', '13822359502', 0, '6Uv6A66AT94sS7ZPU0RMw7i164fCCd93');
INSERT INTO Resident (account, building, unit, room) VALUES ('330732196901091491', 53, 10, 801);
INSERT INTO User (account, username, name, sex, age, tel, type, auth_key) VALUES ('340514193010252949', '吕龙振', '吕龙振', true, '90', '19137728739', 0, '41wVY1oh0g5Wby6v92tK30C35Mywz218');
INSERT INTO Resident (account, building, unit, room) VALUES ('340514193010252949', 49, 1, 2405);
INSERT INTO User (account, username, name, sex, age, tel, type, auth_key) VALUES ('231286199205256678', '安晓辰', '安晓辰', true, '28', '15945141730', 0, '2cO3o2qZOvBIqT7BdqigiCBsG5Co3u12');
INSERT INTO Resident (account, building, unit, room) VALUES ('231286199205256678', 19, 10, 506);
INSERT INTO User (account, username, name, sex, age, tel, type, auth_key) VALUES ('420679196712218385', '商炎本', '商炎本', false, '53', '18037827703', 0, '1rUzJ8Yd8i777V7u6gxizNsi6ws4WGJ4');
INSERT INTO Resident (account, building, unit, room) VALUES ('420679196712218385', 67, 2, 2704);
INSERT INTO User (account, username, name, sex, age, tel, type, auth_key) VALUES ('451774197810269484', '吕冠', '吕冠', false, '42', '13123515280', 0, '2JteASH4s2DOTlr73a45igwgu984Cbt6');
INSERT INTO Resident (account, building, unit, room) VALUES ('451774197810269484', 61, 10, 1003);
INSERT INTO User (account, username, name, sex, age, tel, type, auth_key) VALUES ('431787201207286838', '郑嘉伟', '郑嘉伟', false, '8', '19004264062', 0, 'xxA655DLe7WnF8736r6UE9soRZ4zA981');
INSERT INTO Resident (account, building, unit, room) VALUES ('431787201207286838', 87, 4, 1803);
INSERT INTO User (account, username, name, sex, age, tel, type, auth_key) VALUES ('311732194701014717', '尚力锐', '尚力锐', true, '73', '19812002999', 0, 'JezVor64NlIm5CFiBtTlSZG82082V105');
INSERT INTO Resident (account, building, unit, room) VALUES ('311732194701014717', 2, 5, 205);
INSERT INTO User (account, username, name, sex, age, tel, type, auth_key) VALUES ('611517197110124002', '边琦', '边琦', true, '49', '13895566904', 0, 'e3YE43LE0ySLry881xjIJc22RrKyO0Xy');
INSERT INTO Resident (account, building, unit, room) VALUES ('611517197110124002', 40, 1, 1503);
INSERT INTO User (account, username, name, sex, age, tel, type, auth_key) VALUES ('123326201005229066', '裴有晓', '裴有晓', true, '10', '19305349946', 0, '95zwoyAeN68vlHrs1JA3y80uNuJCk4FD');
INSERT INTO Resident (account, building, unit, room) VALUES ('123326201005229066', 67, 2, 1005);
INSERT INTO User (account, username, name, sex, age, tel, type, auth_key) VALUES ('314894201408020893', '杨昕', '杨昕', false, '6', '16691323487', 0, '64Od5Z6sf392LG9a43ob8Dby5t09082r');
INSERT INTO Resident (account, building, unit, room) VALUES ('314894201408020893', 11, 7, 1804);
INSERT INTO User (account, username, name, sex, age, tel, type, auth_key) VALUES ('11155619640521698X', '秦千杰', '秦千杰', true, '56', '18094769892', 0, '2S2fx3bbI11UIbz5n89PUdFQUWa3jeSg');
INSERT INTO Resident (account, building, unit, room) VALUES ('11155619640521698X', 38, 1, 1805);
INSERT INTO User (account, username, name, sex, age, tel, type, auth_key) VALUES ('33079820060712259X', '齐英', '齐英', true, '14', '19840373606', 0, '31xAl3ZOYsPcgHXn4iYo3YrM93it5QnZ');
INSERT INTO Resident (account, building, unit, room) VALUES ('33079820060712259X', 9, 2, 905);
INSERT INTO User (account, username, name, sex, age, tel, type, auth_key) VALUES ('710933198804084231', '隽圣建', '隽圣建', true, '32', '15922888524', 0, 'JG0oH4g930dzCAgJDE0uquc1aBYt65Ne');
INSERT INTO Resident (account, building, unit, room) VALUES ('710933198804084231', 51, 7, 1801);
INSERT INTO User (account, username, name, sex, age, tel, type, auth_key) VALUES ('642369199309088104', '曲赛', '曲赛', false, '27', '13023232613', 0, 'zZ13E5u8Kx78i1z7tDCAP9Fj9JB3UBN6');
INSERT INTO Resident (account, building, unit, room) VALUES ('642369199309088104', 19, 5, 1901);
INSERT INTO User (account, username, name, sex, age, tel, type, auth_key) VALUES ('710432197202154926', '郭牧宜', '郭牧宜', true, '48', '17513112455', 0, 'v0fZ4220mk41cFOXmc18r99b3652eQe4');
INSERT INTO Resident (account, building, unit, room) VALUES ('710432197202154926', 70, 5, 1601);
INSERT INTO User (account, username, name, sex, age, tel, type, auth_key) VALUES ('431774199809099911', '葛夫菲', '葛夫菲', true, '22', '13332903218', 0, 'BF833E6h6bI9bnUS9IEYWNp4fz9530qM');
INSERT INTO Resident (account, building, unit, room) VALUES ('431774199809099911', 83, 3, 705);
INSERT INTO User (account, username, name, sex, age, tel, type, auth_key) VALUES ('425093192408253624', '常朋盈', '常朋盈', false, '96', '14798012722', 0, 'Hc3mur2cSKCls9nLwtLqaMFGFDbT1DKK');
INSERT INTO Resident (account, building, unit, room) VALUES ('425093192408253624', 79, 1, 702);
INSERT INTO User (account, username, name, sex, age, tel, type, auth_key) VALUES ('420599199912167067', '文樱硕', '文樱硕', true, '21', '18997878553', 0, '4Gs2jBqS3CS5F1rGqpqn42lwo2ps84bc');
INSERT INTO Resident (account, building, unit, room) VALUES ('420599199912167067', 40, 3, 501);
INSERT INTO User (account, username, name, sex, age, tel, type, auth_key) VALUES ('812135195009162117', '江洁', '江洁', false, '70', '18429538402', 0, 'V0fQd99AhVGa3nuOnqh1WgNTKwnQtyl9');
INSERT INTO Resident (account, building, unit, room) VALUES ('812135195009162117', 47, 10, 303);
INSERT INTO User (account, username, name, sex, age, tel, type, auth_key) VALUES ('714606196003096005', '韩晓炎', '韩晓炎', false, '60', '19235138846', 0, '8ByN3hTzbK62W1o55PR0zUBg3y8lD5v8');
INSERT INTO Resident (account, building, unit, room) VALUES ('714606196003096005', 86, 5, 704);
INSERT INTO User (account, username, name, sex, age, tel, type, auth_key) VALUES ('110712197301241100', '王言义', '王言义', false, '47', '15189610432', 0, '8ap8d9gdWqWM8gI9IzU2GGzdVj2k1x2c');
INSERT INTO Resident (account, building, unit, room) VALUES ('110712197301241100', 36, 9, 505);
INSERT INTO User (account, username, name, sex, age, tel, type, auth_key) VALUES ('461203192606110159', '权一', '权一', false, '94', '19028257229', 0, 'ZrYn41u49O38r5BOV31K6V84RBL33gT8');
INSERT INTO Resident (account, building, unit, room) VALUES ('461203192606110159', 7, 1, 2702);
INSERT INTO User (account, username, name, sex, age, tel, type, auth_key) VALUES ('352359196203201383', '裴家昕', '裴家昕', true, '58', '19044736927', 0, '68zIpc5eUzxO1984DFi9n107oK445RU3');
INSERT INTO Resident (account, building, unit, room) VALUES ('352359196203201383', 90, 9, 1702);
INSERT INTO User (account, username, name, sex, age, tel, type, auth_key) VALUES ('463068192805295355', '巩正子', '巩正子', true, '92', '19296654977', 0, 'wdyR470F048dv04Ni0vA95gO4bGjZ1lK');
INSERT INTO Resident (account, building, unit, room) VALUES ('463068192805295355', 12, 10, 603);
INSERT INTO User (account, username, name, sex, age, tel, type, auth_key) VALUES ('211394193403031958', '盛敏本', '盛敏本', false, '86', '14787960300', 0, 'YPDP6l4K8g72dq63XL9402Lc8UJsYTId');
INSERT INTO Resident (account, building, unit, room) VALUES ('211394193403031958', 86, 1, 1903);
INSERT INTO User (account, username, name, sex, age, tel, type, auth_key) VALUES ('654618194006296410', '文哲煜', '文哲煜', false, '80', '15900253040', 0, 'Xw55H3df9779x1E7zxAR15Dfq7MRABp7');
INSERT INTO Resident (account, building, unit, room) VALUES ('654618194006296410', 48, 8, 206);
INSERT INTO User (account, username, name, sex, age, tel, type, auth_key) VALUES ('441775197410294210', '楚民', '楚民', false, '46', '18067294698', 0, 'JC7BV00cWT7IWeI3pEQZqOs8Ju2rUPFv');
INSERT INTO Resident (account, building, unit, room) VALUES ('441775197410294210', 28, 9, 902);
INSERT INTO User (account, username, name, sex, age, tel, type, auth_key) VALUES ('132407195506183778', '东方嘉', '东方嘉', true, '65', '13819397194', 0, 'QGElWP7isnl7LL36655bDZmcLlD5F1BO');
INSERT INTO Resident (account, building, unit, room) VALUES ('132407195506183778', 56, 1, 2602);
INSERT INTO User (account, username, name, sex, age, tel, type, auth_key) VALUES ('461929194302078957', '孟航樱', '孟航樱', false, '77', '15276503264', 0, 'PMFGfyW3Ld2r59v5AR5ev1IC8f071c7n');
INSERT INTO Resident (account, building, unit, room) VALUES ('461929194302078957', 82, 6, 2303);
INSERT INTO User (account, username, name, sex, age, tel, type, auth_key) VALUES ('423809198407246641', '吉广凡', '吉广凡', false, '36', '13651601887', 0, '1pElT6Z6oA09YT19RNocSdqXUBS61Jl9');
INSERT INTO Resident (account, building, unit, room) VALUES ('423809198407246641', 32, 1, 305);
INSERT INTO User (account, username, name, sex, age, tel, type, auth_key) VALUES ('631784199007067186', '颜舒', '颜舒', true, '30', '15920762839', 0, 'P393V6cd09bC4GpZ6wD48t04hy2I9S2q');
INSERT INTO Resident (account, building, unit, room) VALUES ('631784199007067186', 51, 4, 804);
INSERT INTO User (account, username, name, sex, age, tel, type, auth_key) VALUES ('21167619430217375X', '王炜', '王炜', true, '77', '15574597426', 0, 's5795dYps4mhZUUp5D7t8xnTZcQ0Z4o0');
INSERT INTO Resident (account, building, unit, room) VALUES ('21167619430217375X', 63, 8, 2305);
INSERT INTO User (account, username, name, sex, age, tel, type, auth_key) VALUES ('372173196811178997', '高义', '高义', true, '52', '19834779271', 0, 'L7Xa04m34EaYV28p2OsxqyJF81Ii9QYW');
INSERT INTO Resident (account, building, unit, room) VALUES ('372173196811178997', 65, 8, 702);
INSERT INTO User (account, username, name, sex, age, tel, type, auth_key) VALUES ('511592196604135291', '金一民', '金一民', false, '54', '14594254842', 0, 'l1T8VQVG1k0VHwe7mhnIPXah41ZJjz1N');
INSERT INTO Resident (account, building, unit, room) VALUES ('511592196604135291', 93, 5, 1201);
INSERT INTO User (account, username, name, sex, age, tel, type, auth_key) VALUES ('511550196810227077', '山昕迅', '山昕迅', true, '52', '15889029420', 0, 'T55Ez5yX4773n6x08iaS3z4vRk04zB84');
INSERT INTO Resident (account, building, unit, room) VALUES ('511550196810227077', 4, 8, 1206);
INSERT INTO User (account, username, name, sex, age, tel, type, auth_key) VALUES ('231950194412287780', '麦有晓', '麦有晓', true, '76', '18882480980', 0, '4ctfh4YL7Kd5J8gb1K75i16t0wuJ1fWq');
INSERT INTO Resident (account, building, unit, room) VALUES ('231950194412287780', 65, 10, 1502);
INSERT INTO User (account, username, name, sex, age, tel, type, auth_key) VALUES ('504296193307179613', '边洁润', '边洁润', true, '87', '15055779800', 0, '21fePNFUNWJBuNx5Dw14t8vSJjo3c5y6');
INSERT INTO Resident (account, building, unit, room) VALUES ('504296193307179613', 7, 9, 2904);
INSERT INTO User (account, username, name, sex, age, tel, type, auth_key) VALUES ('453597196401281491', '裴杰云', '裴杰云', false, '56', '18959811439', 0, 'wtR45z7o646gPzXGv81J4anHTlfw64an');
INSERT INTO Resident (account, building, unit, room) VALUES ('453597196401281491', 9, 10, 2905);
INSERT INTO User (account, username, name, sex, age, tel, type, auth_key) VALUES ('631327199608156526', '毛良', '毛良', true, '24', '15041783493', 0, 'K86020Y993iqZh81y0RC6mdWkQxTAlc3');
INSERT INTO Resident (account, building, unit, room) VALUES ('631327199608156526', 83, 6, 506);
INSERT INTO User (account, username, name, sex, age, tel, type, auth_key) VALUES ('610173195603228247', '楚锐奇', '楚锐奇', true, '64', '19884032937', 0, 'oj90eKY2800y6at09i693w5VXs7QPh5p');
INSERT INTO Resident (account, building, unit, room) VALUES ('610173195603228247', 8, 6, 704);
INSERT INTO User (account, username, name, sex, age, tel, type, auth_key) VALUES ('153294193201273385', '余杰硕', '余杰硕', true, '88', '13715310125', 0, 'mEV8wJ2pWJLco6Z9692BKPF9ISkIg79A');
INSERT INTO Resident (account, building, unit, room) VALUES ('153294193201273385', 17, 7, 2405);
INSERT INTO User (account, username, name, sex, age, tel, type, auth_key) VALUES ('442812194207135197', '靳丹盈', '靳丹盈', false, '78', '19783797929', 0, '724eIy9wp9QGK8Y3Ebd80za0oQt5SFfM');
INSERT INTO Resident (account, building, unit, room) VALUES ('442812194207135197', 70, 10, 1705);
INSERT INTO User (account, username, name, sex, age, tel, type, auth_key) VALUES ('131263198910224601', '余朋义', '余朋义', false, '31', '18290308115', 0, '3r15daWA81VYyFRT3Upe10L1AP8QjRbl');
INSERT INTO Resident (account, building, unit, room) VALUES ('131263198910224601', 39, 6, 702);
INSERT INTO User (account, username, name, sex, age, tel, type, auth_key) VALUES ('333170195811223987', '徐帆', '徐帆', true, '62', '19662977736', 0, 'Hj9G84kec80BOV4T7G6ySd8AXFxY46k2');
INSERT INTO Resident (account, building, unit, room) VALUES ('333170195811223987', 20, 7, 2806);
INSERT INTO User (account, username, name, sex, age, tel, type, auth_key) VALUES ('631799199407094948', '严哲', '严哲', false, '26', '17851611213', 0, 'P8gSQtbW1vZYcPLEd1B3iQd4Vd3rcZ8F');
INSERT INTO Resident (account, building, unit, room) VALUES ('631799199407094948', 27, 5, 2106);
INSERT INTO User (account, username, name, sex, age, tel, type, auth_key) VALUES ('221388193401248687', '宫淘萱', '宫淘萱', true, '86', '19107189339', 0, '203X0iB2eoNY72c0Ht51qQSE02X5LvKx');
INSERT INTO Resident (account, building, unit, room) VALUES ('221388193401248687', 19, 4, 2003);
INSERT INTO User (account, username, name, sex, age, tel, type, auth_key) VALUES ('314274195611076326', '孙家龙', '孙家龙', true, '64', '14536100028', 0, 'kCeUTh0wD7dtxgUvaU2i5EG31809Suqp');
INSERT INTO Resident (account, building, unit, room) VALUES ('314274195611076326', 41, 5, 304);
INSERT INTO User (account, username, name, sex, age, tel, type, auth_key) VALUES ('122263198311189181', '牛正毅', '牛正毅', false, '37', '18386830902', 0, '02R7c85Y2tLcXPSkojyu1d4bEZT0BCSb');
INSERT INTO Resident (account, building, unit, room) VALUES ('122263198311189181', 2, 2, 201);
INSERT INTO User (account, username, name, sex, age, tel, type, auth_key) VALUES ('320537197503048367', '任广中', '任广中', false, '45', '13966402469', 0, 'TsPxjglalIJM0rjS4tdBV3S4DCV1p8Gp');
INSERT INTO Resident (account, building, unit, room) VALUES ('320537197503048367', 21, 4, 2402);
INSERT INTO User (account, username, name, sex, age, tel, type, auth_key) VALUES ('431577200501037120', '宫天', '宫天', true, '15', '15006472137', 0, 'aMQFqs8VEUzfs27ET6RcjvRC0yaDowk9');
INSERT INTO Resident (account, building, unit, room) VALUES ('431577200501037120', 35, 5, 701);
INSERT INTO User (account, username, name, sex, age, tel, type, auth_key) VALUES ('713291193902135779', '季舒正', '季舒正', true, '81', '15116396956', 0, 'ls33azszW34GACZolVBU5Wnt59yyxH41');
INSERT INTO Resident (account, building, unit, room) VALUES ('713291193902135779', 19, 10, 1201);
INSERT INTO User (account, username, name, sex, age, tel, type, auth_key) VALUES ('413174197904064058', '康立圣', '康立圣', true, '41', '19130596275', 0, 'u5kouGdKpp4u1p9VAkjzrSXNezo3hH4W');
INSERT INTO Resident (account, building, unit, room) VALUES ('413174197904064058', 37, 3, 701);
INSERT INTO User (account, username, name, sex, age, tel, type, auth_key) VALUES ('233785199904199765', '欧畅', '欧畅', false, '21', '16601510103', 0, '1K3JPHqUJg2VgFd3P6c6J5Kf938viqnY');
INSERT INTO Resident (account, building, unit, room) VALUES ('233785199904199765', 40, 1, 2503);
INSERT INTO User (account, username, name, sex, age, tel, type, auth_key) VALUES ('373731198004210887', '傅奇航', '傅奇航', true, '40', '15659600823', 0, 'OTz1iw02ZH2dOX14qOXO3b7jq6be434I');
INSERT INTO Resident (account, building, unit, room) VALUES ('373731198004210887', 90, 1, 503);
INSERT INTO User (account, username, name, sex, age, tel, type, auth_key) VALUES ('331173199009218728', '吉有千', '吉有千', true, '30', '19239414226', 0, 'uDK7uM05qPD3W3XxAxXt2j77Q1SeJzX2');
INSERT INTO Resident (account, building, unit, room) VALUES ('331173199009218728', 71, 10, 2303);
INSERT INTO User (account, username, name, sex, age, tel, type, auth_key) VALUES ('431010193708300962', '傅龙翔', '傅龙翔', true, '83', '17639411599', 0, 'VjATfiMm178Wkkb61Q2XYHqZJ33911o9');
INSERT INTO Resident (account, building, unit, room) VALUES ('431010193708300962', 36, 6, 506);
INSERT INTO User (account, username, name, sex, age, tel, type, auth_key) VALUES ('654991199911112660', '柳炎', '柳炎', false, '21', '17656525099', 0, 'no7rg742Wdk5R9e2ZeJ50QlT7b34J074');
INSERT INTO Resident (account, building, unit, room) VALUES ('654991199911112660', 40, 5, 1904);
INSERT INTO User (account, username, name, sex, age, tel, type, auth_key) VALUES ('352107200506248180', '毕子', '毕子', false, '15', '14944155602', 0, 'a8Fn061SefrPQo6KQS34y4906A3yi6Wp');
INSERT INTO Resident (account, building, unit, room) VALUES ('352107200506248180', 77, 9, 1702);
INSERT INTO User (account, username, name, sex, age, tel, type, auth_key) VALUES ('331748199803178204', '李菲', '李菲', true, '22', '18111426981', 0, '7L8W3Jiro0J00XHOtk0E0ElJD88h7403');
INSERT INTO Resident (account, building, unit, room) VALUES ('331748199803178204', 55, 9, 406);
INSERT INTO User (account, username, name, sex, age, tel, type, auth_key) VALUES ('714194198811033247', '康立', '康立', true, '32', '17589517390', 0, 'wP39XpaB2kCVJ4eKzLF336cmVIqOx25s');
INSERT INTO Resident (account, building, unit, room) VALUES ('714194198811033247', 29, 10, 1204);
INSERT INTO User (account, username, name, sex, age, tel, type, auth_key) VALUES ('144079192602168163', '尚洁敏', '尚洁敏', true, '94', '17240685344', 0, 'co6HW5Ma9TYKGMTTgckTUbDacw0E8h8b');
INSERT INTO Resident (account, building, unit, room) VALUES ('144079192602168163', 79, 1, 2904);
INSERT INTO User (account, username, name, sex, age, tel, type, auth_key) VALUES ('644305200307040217', '柳佳', '柳佳', false, '17', '19036788746', 0, 'IzIy5kxN442i9TI1I80G0zKL2dA9okq8');
INSERT INTO Resident (account, building, unit, room) VALUES ('644305200307040217', 6, 9, 1803);
INSERT INTO User (account, username, name, sex, age, tel, type, auth_key) VALUES ('64377219880529121X', '审奇舒', '审奇舒', false, '32', '18478312222', 0, '4kU9aK6qVY9uyTJivUkVnfSz8o7BFx9K');
INSERT INTO Resident (account, building, unit, room) VALUES ('64377219880529121X', 32, 10, 1302);
INSERT INTO User (account, username, name, sex, age, tel, type, auth_key) VALUES ('53126019740704311X', '康泽', '康泽', false, '46', '15736923260', 0, '3875QQobmuatzq0b5bOc1Yxrf63G8cnS');
INSERT INTO Resident (account, building, unit, room) VALUES ('53126019740704311X', 28, 3, 2102);
INSERT INTO User (account, username, name, sex, age, tel, type, auth_key) VALUES ('540449195308118524', '米亚', '米亚', true, '67', '15331087102', 0, 'ugz5cr949xH8jX0sgTgmat6VC4B2Cj2o');
INSERT INTO Resident (account, building, unit, room) VALUES ('540449195308118524', 52, 6, 1403);
INSERT INTO User (account, username, name, sex, age, tel, type, auth_key) VALUES ('231141197112230129', '史辰杰', '史辰杰', false, '49', '16650983512', 0, 'aSt3794Sv10G3Acus9zeOSbFVHqjl1st');
INSERT INTO Resident (account, building, unit, room) VALUES ('231141197112230129', 49, 2, 606);
INSERT INTO User (account, username, name, sex, age, tel, type, auth_key) VALUES ('454343195101316724', '权朋露', '权朋露', false, '69', '17379168608', 0, 'nK6uc5L1cwvENLd940816MxlR1B4I97o');
INSERT INTO Resident (account, building, unit, room) VALUES ('454343195101316724', 62, 5, 204);
INSERT INTO User (account, username, name, sex, age, tel, type, auth_key) VALUES ('143128194209132742', '毛可广', '毛可广', false, '78', '13074728879', 0, '9GH593gWSER9t067wjH614okceaEwh22');
INSERT INTO Resident (account, building, unit, room) VALUES ('143128194209132742', 19, 4, 2302);
INSERT INTO User (account, username, name, sex, age, tel, type, auth_key) VALUES ('541912195502046453', '林一柏', '林一柏', false, '65', '19892341808', 0, 'kNEJ53RKITe4PNEB3LDXla8tiPWDlv4W');
INSERT INTO Resident (account, building, unit, room) VALUES ('541912195502046453', 35, 2, 2202);
INSERT INTO User (account, username, name, sex, age, tel, type, auth_key) VALUES ('114949195705196937', '昌轩圆', '昌轩圆', true, '63', '14730006429', 0, 'HbIutYpkFz8oE4x3vkdaMkJTb5rGepq1');
INSERT INTO Resident (account, building, unit, room) VALUES ('114949195705196937', 52, 3, 1201);
INSERT INTO User (account, username, name, sex, age, tel, type, auth_key) VALUES ('14087719370128006X', '米煜', '米煜', false, '83', '19655055454', 0, 'p4Cl77gtYfu4PL8mwFuZ9W9gk7NA9934');
INSERT INTO Resident (account, building, unit, room) VALUES ('14087719370128006X', 10, 1, 1103);
INSERT INTO User (account, username, name, sex, age, tel, type, auth_key) VALUES ('524446197311062132', '曲兮赛', '曲兮赛', false, '47', '15297341065', 0, 'nb26svYnYcUr37Nn9oYwCA7CA7PyS2W7');
INSERT INTO Resident (account, building, unit, room) VALUES ('524446197311062132', 52, 3, 1304);
INSERT INTO User (account, username, name, sex, age, tel, type, auth_key) VALUES ('420452196602234732', '胡倨', '胡倨', false, '54', '15572570950', 0, 'x2vYNyTJooXKpa1v0n68077JD4SR372t');
INSERT INTO Resident (account, building, unit, room) VALUES ('420452196602234732', 40, 6, 2601);
INSERT INTO User (account, username, name, sex, age, tel, type, auth_key) VALUES ('454798197009017157', '任睿夫', '任睿夫', false, '50', '18858978680', 0, 'M89KdvuGKw2FAn1nimBydYLxzrMYLO9O');
INSERT INTO Resident (account, building, unit, room) VALUES ('454798197009017157', 4, 7, 2105);
INSERT INTO User (account, username, name, sex, age, tel, type, auth_key) VALUES ('460331195503169862', '童圣', '童圣', true, '65', '18833456124', 0, 'PYTAq0MPk6aRPd66UTSCqpCgxbDk4bLR');
INSERT INTO Resident (account, building, unit, room) VALUES ('460331195503169862', 54, 5, 2001);
INSERT INTO User (account, username, name, sex, age, tel, type, auth_key) VALUES ('54248419691128490X', '吉雨', '吉雨', false, '51', '19567516712', 0, 'uxhz04O9u9877o2973o680fOO8CGGK9K');
INSERT INTO Resident (account, building, unit, room) VALUES ('54248419691128490X', 55, 4, 203);
INSERT INTO User (account, username, name, sex, age, tel, type, auth_key) VALUES ('421152192708062180', '刘子冠', '刘子冠', false, '93', '18714023099', 0, 'rrLB5gRmOgHka5KRS2F2RJLN2R4xRRhg');
INSERT INTO Resident (account, building, unit, room) VALUES ('421152192708062180', 23, 2, 2102);
INSERT INTO User (account, username, name, sex, age, tel, type, auth_key) VALUES ('514309197503207414', '肖兰洁', '肖兰洁', true, '45', '13183975589', 0, 'G417qaA825223RTdf4JnVM2MxW4xY328');
INSERT INTO Resident (account, building, unit, room) VALUES ('514309197503207414', 4, 4, 1804);
INSERT INTO User (account, username, name, sex, age, tel, type, auth_key) VALUES ('151867195601047817', '戚琦', '戚琦', false, '64', '15171239411', 0, 'jgIw5jpr6yE0ZFjNBbc9mN1xeQb8QuGt');
INSERT INTO Resident (account, building, unit, room) VALUES ('151867195601047817', 4, 1, 1804);
INSERT INTO User (account, username, name, sex, age, tel, type, auth_key) VALUES ('113420196412200708', '张哲琦', '张哲琦', true, '56', '19879801289', 0, 'b5R36plLxr179H709KYIO75XM52OFh60');
INSERT INTO Resident (account, building, unit, room) VALUES ('113420196412200708', 23, 2, 2405);
INSERT INTO User (account, username, name, sex, age, tel, type, auth_key) VALUES ('231031198306036882', '吉洁丹', '吉洁丹', false, '37', '18272339513', 0, 'AYpPI1S4Oe8OBDTpNxd5oAG95l7hK1Lr');
INSERT INTO Resident (account, building, unit, room) VALUES ('231031198306036882', 16, 2, 1106);
INSERT INTO User (account, username, name, sex, age, tel, type, auth_key) VALUES ('512229199507245087', '宫毅', '宫毅', true, '25', '19176451323', 0, '7zC9igEQBRKqG5ukWoUW32r2t2kNEMnE');
INSERT INTO Resident (account, building, unit, room) VALUES ('512229199507245087', 55, 10, 706);
INSERT INTO User (account, username, name, sex, age, tel, type, auth_key) VALUES ('524516201203096137', '尹煜立', '尹煜立', false, '8', '16608813737', 0, '6383Usj3dW17ppjR7gsHD3600plyrnWQ');
INSERT INTO Resident (account, building, unit, room) VALUES ('524516201203096137', 13, 9, 1803);
INSERT INTO User (account, username, name, sex, age, tel, type, auth_key) VALUES ('134718192903162619', '郑霄依', '郑霄依', true, '91', '19820221337', 0, 'Iv8Dmy5VDCw9L0nS44V3Qzz7e1ZUY370');
INSERT INTO Resident (account, building, unit, room) VALUES ('134718192903162619', 50, 10, 2803);
INSERT INTO User (account, username, name, sex, age, tel, type, auth_key) VALUES ('710307198005298355', '宋昕航', '宋昕航', true, '40', '15194432084', 0, 'wT6PCo1ALav7UH3Ow0ODBNPQSJWWAq98');
INSERT INTO Resident (account, building, unit, room) VALUES ('710307198005298355', 4, 10, 902);
INSERT INTO User (account, username, name, sex, age, tel, type, auth_key) VALUES ('621831198612229883', '余露', '余露', true, '34', '19196983024', 0, '9Royk4B73EVBb9ASwCvRU8EA09WP68At');
INSERT INTO Resident (account, building, unit, room) VALUES ('621831198612229883', 37, 1, 2006);
INSERT INTO User (account, username, name, sex, age, tel, type, auth_key) VALUES ('323118193304194170', '余力', '余力', true, '87', '15592711980', 0, 'mdS3K9KI4C4bE04iJE8gjJCIk80mXG6F');
INSERT INTO Resident (account, building, unit, room) VALUES ('323118193304194170', 87, 3, 2406);
INSERT INTO User (account, username, name, sex, age, tel, type, auth_key) VALUES ('424479200011218951', '审奕牧', '审奕牧', true, '20', '18414755822', 0, 'aWFtb8pcJ3I3eb8Z75I9Q6Vv4H3QX9kw');
INSERT INTO Resident (account, building, unit, room) VALUES ('424479200011218951', 20, 3, 2705);
INSERT INTO User (account, username, name, sex, age, tel, type, auth_key) VALUES ('543438201201025369', '安云', '安云', false, '8', '14580093199', 0, 'TsXBcrPsmmw20zH97h2EEy915Aq61Q37');
INSERT INTO Resident (account, building, unit, room) VALUES ('543438201201025369', 8, 8, 1304);
INSERT INTO User (account, username, name, sex, age, tel, type, auth_key) VALUES ('423037200007132222', '孟倨', '孟倨', false, '20', '19176190594', 0, '6g132l02ic5tT4U92bgqYXly4324K6Il');
INSERT INTO Resident (account, building, unit, room) VALUES ('423037200007132222', 82, 1, 2803);
INSERT INTO User (account, username, name, sex, age, tel, type, auth_key) VALUES ('444866199205268207', '文豪', '文豪', true, '28', '15361299892', 0, '7sy38A5T5Fx115pxh9qiM4M7FQg3c3e9');
INSERT INTO Resident (account, building, unit, room) VALUES ('444866199205268207', 16, 5, 2001);
INSERT INTO User (account, username, name, sex, age, tel, type, auth_key) VALUES ('363721195903301478', '张轩', '张轩', true, '61', '19921134466', 0, 'pS7XE6d0YOgegsG7Fa6V30q096W55y6U');
INSERT INTO Resident (account, building, unit, room) VALUES ('363721195903301478', 47, 3, 2205);
INSERT INTO User (account, username, name, sex, age, tel, type, auth_key) VALUES ('454305193712132283', '部萱宜', '部萱宜', false, '83', '15770949283', 0, 'cUGW61rLxpU87a1TelyEW876j5q9A1P4');
INSERT INTO Resident (account, building, unit, room) VALUES ('454305193712132283', 2, 6, 503);
INSERT INTO User (account, username, name, sex, age, tel, type, auth_key) VALUES ('652803200603047195', '杨盈本', '杨盈本', true, '14', '18820243559', 0, 'PP50t9e5dvBoWNsreL9oo6C60fA37Tq1');
INSERT INTO Resident (account, building, unit, room) VALUES ('652803200603047195', 64, 1, 204);
INSERT INTO User (account, username, name, sex, age, tel, type, auth_key) VALUES ('531359199108164936', '鲁兮', '鲁兮', false, '29', '18529636971', 0, 'B8jpJ6Qx8q4K3X8Gvbt8EU7T7QrqC2RI');
INSERT INTO Resident (account, building, unit, room) VALUES ('531359199108164936', 76, 5, 802);
INSERT INTO User (account, username, name, sex, age, tel, type, auth_key) VALUES ('124983195506195823', '严薪萌', '严薪萌', true, '65', '18119843609', 0, '5F7Wkj0cB1jrCY3A2mqn1oM7aMpykQMP');
INSERT INTO Resident (account, building, unit, room) VALUES ('124983195506195823', 78, 6, 901);
INSERT INTO User (account, username, name, sex, age, tel, type, auth_key) VALUES ('342199198902120089', '麦依', '麦依', true, '31', '13686130794', 0, 'xJpq4ljmS5l4pB69ic9Bv94VO87VUuJv');
INSERT INTO Resident (account, building, unit, room) VALUES ('342199198902120089', 27, 4, 1002);
INSERT INTO User (account, username, name, sex, age, tel, type, auth_key) VALUES ('223942195003148069', '葛亚奇', '葛亚奇', false, '70', '15957292534', 0, 'J3W45uughWrE00EnsPXen9L6Ubz6uzK6');
INSERT INTO Resident (account, building, unit, room) VALUES ('223942195003148069', 97, 7, 2301);
INSERT INTO User (account, username, name, sex, age, tel, type, auth_key) VALUES ('124050200702073830', '李柏', '李柏', true, '13', '13796327400', 0, '5M8t9c47u85cb0R709JU52t4Q4k9Kf1X');
INSERT INTO Resident (account, building, unit, room) VALUES ('124050200702073830', 18, 7, 2103);
INSERT INTO User (account, username, name, sex, age, tel, type, auth_key) VALUES ('511737199307090649', '许敏铭', '许敏铭', false, '27', '17827669838', 0, '8x1w9C846s7B6sMMCo1hpQWV14v0S0E3');
INSERT INTO Resident (account, building, unit, room) VALUES ('511737199307090649', 3, 8, 1406);
INSERT INTO User (account, username, name, sex, age, tel, type, auth_key) VALUES ('71274019231201350X', '耿本迅', '耿本迅', true, '97', '14703275572', 0, '5V5y017Cg1U21vI3xWphX1R3MQtT5359');
INSERT INTO Resident (account, building, unit, room) VALUES ('71274019231201350X', 7, 2, 604);
INSERT INTO User (account, username, name, sex, age, tel, type, auth_key) VALUES ('32171619810604300X', '刘凡静', '刘凡静', true, '39', '13781094094', 0, '40Ui639FPhDAz9fce76zQ6teUn3D36Nq');
INSERT INTO Resident (account, building, unit, room) VALUES ('32171619810604300X', 67, 8, 1002);
INSERT INTO User (account, username, name, sex, age, tel, type, auth_key) VALUES ('234624195409070132', '隽义腾', '隽义腾', true, '66', '19682519383', 0, 'i66JYq7xQd49j3bRmEJ5ZsLvuI6TN8VO');
INSERT INTO Resident (account, building, unit, room) VALUES ('234624195409070132', 30, 4, 1103);
INSERT INTO User (account, username, name, sex, age, tel, type, auth_key) VALUES ('373732195502260260', '季佳牧', '季佳牧', false, '65', '15317651227', 0, '9Ivx8w4Kd5Vf8cFm9v1D65658BPeouLo');
INSERT INTO Resident (account, building, unit, room) VALUES ('373732195502260260', 66, 3, 2506);
INSERT INTO User (account, username, name, sex, age, tel, type, auth_key) VALUES ('520640196406265053', '殷舒飞', '殷舒飞', false, '56', '13000961882', 0, 'o229X60l0Y3F4d94Ov6Q430J8lEURE31');
INSERT INTO Resident (account, building, unit, room) VALUES ('520640196406265053', 62, 2, 2305);
INSERT INTO User (account, username, name, sex, age, tel, type, auth_key) VALUES ('124238200303057246', '史诺', '史诺', true, '17', '17610598430', 0, '4v9OkHodsIN04rL3odEjjmzbV5P855n2');
INSERT INTO Resident (account, building, unit, room) VALUES ('124238200303057246', 39, 9, 2302);
INSERT INTO User (account, username, name, sex, age, tel, type, auth_key) VALUES ('121507193006251208', '吕正云', '吕正云', true, '90', '19914791343', 0, 'ewwsd57jSw6EVOYQJLwWrO8EwVj8470Q');
INSERT INTO Resident (account, building, unit, room) VALUES ('121507193006251208', 11, 2, 1901);
INSERT INTO User (account, username, name, sex, age, tel, type, auth_key) VALUES ('110121199111295279', '康柏', '康柏', false, '29', '17698048714', 0, '0ue8zNIZ48dyxcUl1o47ReApn7b5FT9C');
INSERT INTO Resident (account, building, unit, room) VALUES ('110121199111295279', 62, 2, 2803);
INSERT INTO User (account, username, name, sex, age, tel, type, auth_key) VALUES ('432070199612212403', '邵朋', '邵朋', true, '24', '17621581974', 0, '63f7n1HgLhP5ER65kIq9hN84Q3k2fq1M');
INSERT INTO Resident (account, building, unit, room) VALUES ('432070199612212403', 7, 9, 1002);
INSERT INTO User (account, username, name, sex, age, tel, type, auth_key) VALUES ('443827196709096363', '孙樱', '孙樱', true, '53', '15838380605', 0, '8w7ck4BjYF90289bOMFJjV7PowtK49nm');
INSERT INTO Resident (account, building, unit, room) VALUES ('443827196709096363', 2, 3, 2806);
INSERT INTO User (account, username, name, sex, age, tel, type, auth_key) VALUES ('631303199005237729', '盛良', '盛良', true, '30', '17860866702', 0, 'TIUM7FYtPk3vpvqZ0qc9MdpAhn4vpWQX');
INSERT INTO Resident (account, building, unit, room) VALUES ('631303199005237729', 97, 7, 1703);
INSERT INTO User (account, username, name, sex, age, tel, type, auth_key) VALUES ('522707196008310108', '金可', '金可', true, '60', '13775030968', 0, 'u111T0n55pJkJvEPhn26ZDN6rIKdHg5v');
INSERT INTO Resident (account, building, unit, room) VALUES ('522707196008310108', 48, 4, 306);
INSERT INTO User (account, username, name, sex, age, tel, type, auth_key) VALUES ('811250198011024501', '张颖洁', '张颖洁', true, '40', '19320201927', 0, '36dgc989ZF05vwA12I85t4263bPUF0qs');
INSERT INTO Resident (account, building, unit, room) VALUES ('811250198011024501', 49, 3, 1605);
INSERT INTO User (account, username, name, sex, age, tel, type, auth_key) VALUES ('62427619970221402X', '张煜樱', '张煜樱', true, '23', '18188031941', 0, '1f4o352VW0E218gz92wR2fjPpMDw7905');
INSERT INTO Resident (account, building, unit, room) VALUES ('62427619970221402X', 73, 3, 1206);
INSERT INTO User (account, username, name, sex, age, tel, type, auth_key) VALUES ('342806199504151049', '常有奇', '常有奇', false, '25', '19750506491', 0, '2h4q5vdXM9XIZ9q3i65px20p9UzOm9d3');
INSERT INTO Resident (account, building, unit, room) VALUES ('342806199504151049', 83, 4, 2802);
INSERT INTO User (account, username, name, sex, age, tel, type, auth_key) VALUES ('220146193511130106', '麦哲民', '麦哲民', false, '85', '17681818008', 0, '5sg4FDCNTIrp7ji5twZ95nc0v4NH0imS');
INSERT INTO Resident (account, building, unit, room) VALUES ('220146193511130106', 30, 4, 2604);
INSERT INTO User (account, username, name, sex, age, tel, type, auth_key) VALUES ('232207192808037305', '姚源', '姚源', false, '92', '13954943060', 0, 'ap4u70cM6ikWSY2MDF9l90Djpu40U35k');
INSERT INTO Resident (account, building, unit, room) VALUES ('232207192808037305', 73, 10, 2101);
INSERT INTO User (account, username, name, sex, age, tel, type, auth_key) VALUES ('81400519311224794X', '冯畅', '冯畅', false, '89', '13946696709', 0, '471bIcAN03ByF0BKpQ5335f83o7p90y1');
INSERT INTO Resident (account, building, unit, room) VALUES ('81400519311224794X', 34, 1, 2905);
INSERT INTO User (account, username, name, sex, age, tel, type, auth_key) VALUES ('412938199810308936', '田雨泽', '田雨泽', true, '22', '17633294679', 0, '8DjeNpcNJxFRs62g1v4uJDf30gjIr5Xy');
INSERT INTO Resident (account, building, unit, room) VALUES ('412938199810308936', 59, 6, 2702);
INSERT INTO User (account, username, name, sex, age, tel, type, auth_key) VALUES ('422047192408193790', '孟天', '孟天', false, '96', '13272927932', 0, 'GCdH2QD9RSJa4fpf2H286N3FUy6zzbvP');
INSERT INTO Resident (account, building, unit, room) VALUES ('422047192408193790', 21, 9, 303);
INSERT INTO User (account, username, name, sex, age, tel, type, auth_key) VALUES ('814322194411111383', '田锐一', '田锐一', true, '76', '18797642892', 0, 'g5CB36WI03aEXlUfjDGACIf0qfL2V3zj');
INSERT INTO Resident (account, building, unit, room) VALUES ('814322194411111383', 87, 8, 1602);
INSERT INTO User (account, username, name, sex, age, tel, type, auth_key) VALUES ('813043197709020152', '商薪', '商薪', false, '43', '15646913444', 0, '6lbw80g56GR2eLZrQ5CYbvc18waHZVav');
INSERT INTO Resident (account, building, unit, room) VALUES ('813043197709020152', 95, 7, 2003);
INSERT INTO User (account, username, name, sex, age, tel, type, auth_key) VALUES ('460457201303093946', '徐颖铭', '徐颖铭', false, '7', '15729681334', 0, 'ogxU185t47qJ7ACg7rTTv9744JDBipIP');
INSERT INTO Resident (account, building, unit, room) VALUES ('460457201303093946', 83, 7, 1803);
INSERT INTO User (account, username, name, sex, age, tel, type, auth_key) VALUES ('500241195205258912', '尹锐樱', '尹锐樱', true, '68', '18544701381', 0, 'P6UkJ8dZ7yk7ixEHP6T2FU6s23oySst5');
INSERT INTO Resident (account, building, unit, room) VALUES ('500241195205258912', 64, 9, 2901);
INSERT INTO User (account, username, name, sex, age, tel, type, auth_key) VALUES ('234116193110092508', '曹琦建', '曹琦建', false, '89', '15975288346', 0, '6C38dmsOsZWB2167A269pJS21jK9Y26o');
INSERT INTO Resident (account, building, unit, room) VALUES ('234116193110092508', 14, 3, 1204);
INSERT INTO User (account, username, name, sex, age, tel, type, auth_key) VALUES ('820540193111160036', '昌凌', '昌凌', false, '89', '15212105589', 0, 'XG802T1364agodRZ7BgFsGkwp652cG6X');
INSERT INTO Resident (account, building, unit, room) VALUES ('820540193111160036', 21, 9, 2403);
INSERT INTO User (account, username, name, sex, age, tel, type, auth_key) VALUES ('714277197211038960', '曲昕新', '曲昕新', false, '48', '18459759478', 0, 'O4u4I1ge5Rt1MpuV52W7LS8MYZP50Etk');
INSERT INTO Resident (account, building, unit, room) VALUES ('714277197211038960', 52, 4, 2006);
INSERT INTO User (account, username, name, sex, age, tel, type, auth_key) VALUES ('232934200204287350', '夏英', '夏英', false, '18', '18332568100', 0, 'Z4LoNlv4k3JESFVRm0S40eys6VWO0FDE');
INSERT INTO Resident (account, building, unit, room) VALUES ('232934200204287350', 82, 6, 1403);
INSERT INTO User (account, username, name, sex, age, tel, type, auth_key) VALUES ('370112200701150099', '曹新家', '曹新家', false, '13', '15910699285', 0, 'WwDKkUn2Bm32Cu42MOCEFu72ypl5di28');
INSERT INTO Resident (account, building, unit, room) VALUES ('370112200701150099', 46, 1, 1902);
INSERT INTO User (account, username, name, sex, age, tel, type, auth_key) VALUES ('461898194409286532', '边飞民', '边飞民', true, '76', '18311007136', 0, '13Ab6o1q4VI9iQpBEvFD35G49Xn01q1L');
INSERT INTO Resident (account, building, unit, room) VALUES ('461898194409286532', 10, 5, 2902);
INSERT INTO User (account, username, name, sex, age, tel, type, auth_key) VALUES ('612883199008204812', '牛正萱', '牛正萱', false, '30', '18477484132', 0, 'h67F0dYB0E7bhS9YPlQZkfjKf4c2xA5T');
INSERT INTO Resident (account, building, unit, room) VALUES ('612883199008204812', 57, 5, 2002);
INSERT INTO User (account, username, name, sex, age, tel, type, auth_key) VALUES ('321010197304272104', '东方桐旭', '东方桐旭', true, '47', '18980373800', 0, 'Qg9v5J519rmB1e7W7OJCKR4mHvIBbKXy');
INSERT INTO Resident (account, building, unit, room) VALUES ('321010197304272104', 41, 5, 401);
INSERT INTO User (account, username, name, sex, age, tel, type, auth_key) VALUES ('232846199010224910', '晁馨', '晁馨', false, '30', '17619691690', 0, 'em35KO689KiXryiH0T9E32TgFGWJsuAn');
INSERT INTO Resident (account, building, unit, room) VALUES ('232846199010224910', 91, 4, 1203);
INSERT INTO User (account, username, name, sex, age, tel, type, auth_key) VALUES ('334074195202049925', '严民倨', '严民倨', true, '68', '19901715637', 0, 'N4Uad7gHXHJ5R1G5TX7SuJQKS88m311U');
INSERT INTO Resident (account, building, unit, room) VALUES ('334074195202049925', 25, 3, 2803);
INSERT INTO User (account, username, name, sex, age, tel, type, auth_key) VALUES ('620152196802127166', '商盈', '商盈', false, '52', '14991799891', 0, '3M9CHkhZV33E3245gdp8V6E7jw7Ej5of');
INSERT INTO Resident (account, building, unit, room) VALUES ('620152196802127166', 19, 9, 804);
INSERT INTO User (account, username, name, sex, age, tel, type, auth_key) VALUES ('500872196503072823', '孙雅宇', '孙雅宇', false, '55', '19135084662', 0, 'hKGdyiUcIYT1wq0I2kAN2AHtU3p1beWU');
INSERT INTO Resident (account, building, unit, room) VALUES ('500872196503072823', 48, 8, 1402);
INSERT INTO User (account, username, name, sex, age, tel, type, auth_key) VALUES ('324548198610288431', '於建', '於建', true, '34', '18227760980', 0, '00U1039G8yMsAUB6qh3zHzs882D2rTwt');
INSERT INTO Resident (account, building, unit, room) VALUES ('324548198610288431', 38, 8, 1603);
INSERT INTO User (account, username, name, sex, age, tel, type, auth_key) VALUES ('11109219900731094X', '赵振煜', '赵振煜', true, '30', '15890779015', 0, 'Unu2MEa7Sc30CWr64ih3qV7O0eY8BL0V');
INSERT INTO Resident (account, building, unit, room) VALUES ('11109219900731094X', 64, 8, 1805);
INSERT INTO User (account, username, name, sex, age, tel, type, auth_key) VALUES ('810745195601086977', '汪子', '汪子', true, '64', '15834572500', 0, 'BYcSzqCP8R5D1U2zfUDBXTUyLkc6UJG4');
INSERT INTO Resident (account, building, unit, room) VALUES ('810745195601086977', 19, 4, 804);
INSERT INTO User (account, username, name, sex, age, tel, type, auth_key) VALUES ('812268195407312807', '麦广', '麦广', false, '66', '13845250509', 0, 'IY26K50bMOcsf3eLEVSRWFSUqrlq456M');
INSERT INTO Resident (account, building, unit, room) VALUES ('812268195407312807', 8, 3, 1705);
INSERT INTO User (account, username, name, sex, age, tel, type, auth_key) VALUES ('512676198804063823', '路琦正', '路琦正', false, '32', '18716653110', 0, '5wUTuI6t7Fg095kxmWO15f2c46aJL8yc');
INSERT INTO Resident (account, building, unit, room) VALUES ('512676198804063823', 41, 3, 2705);
INSERT INTO User (account, username, name, sex, age, tel, type, auth_key) VALUES ('133183193311263273', '刘淘轩', '刘淘轩', true, '87', '19183979077', 0, 'dEMiFL0Gna5GAy0i7PBELV5X7f4TU2Qf');
INSERT INTO Resident (account, building, unit, room) VALUES ('133183193311263273', 3, 8, 1106);
INSERT INTO User (account, username, name, sex, age, tel, type, auth_key) VALUES ('821597197801058221', '董圆天', '董圆天', false, '42', '13127963999', 0, 'nL749mL9XXB3L6pY1v5wZr46kpz2R773');
INSERT INTO Resident (account, building, unit, room) VALUES ('821597197801058221', 25, 10, 1604);
INSERT INTO User (account, username, name, sex, age, tel, type, auth_key) VALUES ('464385195907296768', '宫霖', '宫霖', false, '61', '19974813564', 0, 'Gys1fi3gHvzKTy427zlD3higJ1DrWr5J');
INSERT INTO Resident (account, building, unit, room) VALUES ('464385195907296768', 50, 9, 605);
INSERT INTO User (account, username, name, sex, age, tel, type, auth_key) VALUES ('375039198906121806', '吴炜本', '吴炜本', false, '31', '19813289709', 0, '6d0iEUzcHvd3zDRI5RI1kr8K79HpmmBv');
INSERT INTO Resident (account, building, unit, room) VALUES ('375039198906121806', 45, 4, 2305);
INSERT INTO User (account, username, name, sex, age, tel, type, auth_key) VALUES ('414737196508210839', '常帆凌', '常帆凌', false, '55', '13972662369', 0, 'o45306t4flfRyhd0QQCi4v119B7zU1p0');
INSERT INTO Resident (account, building, unit, room) VALUES ('414737196508210839', 31, 3, 1301);
INSERT INTO User (account, username, name, sex, age, tel, type, auth_key) VALUES ('141498200907245123', '李宜本', '李宜本', true, '11', '19349768839', 0, 'd96rsx1XxlKy85rFi81JBK1on0xOAu2x');
INSERT INTO Resident (account, building, unit, room) VALUES ('141498200907245123', 96, 6, 1306);
INSERT INTO User (account, username, name, sex, age, tel, type, auth_key) VALUES ('644381192601275503', '傅英正', '傅英正', true, '94', '15618074802', 0, 't1H0Xf0v2I7q65Te2xGmJH96Ix3n2655');
INSERT INTO Resident (account, building, unit, room) VALUES ('644381192601275503', 55, 7, 1603);
INSERT INTO User (account, username, name, sex, age, tel, type, auth_key) VALUES ('353747194305064847', '齐家盈', '齐家盈', true, '77', '15070409173', 0, 'MF3m79oFz252z8uLQ158do1E0i03IiYS');
INSERT INTO Resident (account, building, unit, room) VALUES ('353747194305064847', 80, 2, 2901);
INSERT INTO User (account, username, name, sex, age, tel, type, auth_key) VALUES ('151776195212128457', '付霄', '付霄', false, '68', '16638300016', 0, 'yDG8m9tXJ0KHzRvNBzo4aanhkyEd4m63');
INSERT INTO Resident (account, building, unit, room) VALUES ('151776195212128457', 82, 10, 2706);
INSERT INTO User (account, username, name, sex, age, tel, type, auth_key) VALUES ('120161192607306500', '童牧菲', '童牧菲', false, '94', '17213663386', 0, 'k73P86G1BS1NbaNg2Jup16XK2btjFG4Q');
INSERT INTO Resident (account, building, unit, room) VALUES ('120161192607306500', 90, 2, 2006);
INSERT INTO User (account, username, name, sex, age, tel, type, auth_key) VALUES ('820571197110297481', '柳子牧', '柳子牧', true, '49', '14912283194', 0, 'x6Z17a0lI7hrIQsOISm4cKK8hy09Dg5T');
INSERT INTO Resident (account, building, unit, room) VALUES ('820571197110297481', 25, 6, 2505);
INSERT INTO User (account, username, name, sex, age, tel, type, auth_key) VALUES ('122345199606134270', '部毅力', '部毅力', false, '24', '15237383922', 0, '80jV2yTAGyWHXpS029yZ55E9tu7C5m14');
INSERT INTO Resident (account, building, unit, room) VALUES ('122345199606134270', 61, 4, 1401);
INSERT INTO User (account, username, name, sex, age, tel, type, auth_key) VALUES ('505017193208109235', '曹樱音', '曹樱音', false, '88', '19699691696', 0, 'nilkyOLG1AE82PV7y8e23Q75idHdLAdX');
INSERT INTO Resident (account, building, unit, room) VALUES ('505017193208109235', 89, 10, 1804);
INSERT INTO User (account, username, name, sex, age, tel, type, auth_key) VALUES ('350970196703125245', '秦冠兰', '秦冠兰', false, '53', '19376071594', 0, 'H31ytR7LfMLtR9i0ZHWAMV4irgylfWT1');
INSERT INTO Resident (account, building, unit, room) VALUES ('350970196703125245', 25, 1, 202);
INSERT INTO User (account, username, name, sex, age, tel, type, auth_key) VALUES ('63367319510312567X', '陈朋杰', '陈朋杰', false, '69', '15225640517', 0, 'ns5q5jbA54tj7E143lEQp5f91GMghuJ1');
INSERT INTO Resident (account, building, unit, room) VALUES ('63367319510312567X', 14, 7, 2006);
INSERT INTO User (account, username, name, sex, age, tel, type, auth_key) VALUES ('523098197507113556', '杜瀚有', '杜瀚有', false, '45', '18960877931', 0, 'l1256lknbr9yn4AlYX3krCnyTPnyK8SJ');
INSERT INTO Resident (account, building, unit, room) VALUES ('523098197507113556', 80, 5, 1405);
INSERT INTO User (account, username, name, sex, age, tel, type, auth_key) VALUES ('534586200101319630', '吕桐', '吕桐', true, '19', '15192880523', 0, 'FWFrA4zJT1XG9rZVp8FUn03Jr2J0Akn5');
INSERT INTO Resident (account, building, unit, room) VALUES ('534586200101319630', 82, 3, 2105);
INSERT INTO User (account, username, name, sex, age, tel, type, auth_key) VALUES ('23164720100913713X', '齐振正', '齐振正', true, '10', '13393431382', 0, '2ixsxD6580bNXE2bkH6kRRqw23F6Kc7b');
INSERT INTO Resident (account, building, unit, room) VALUES ('23164720100913713X', 19, 5, 1902);
INSERT INTO User (account, username, name, sex, age, tel, type, auth_key) VALUES ('652973194312024405', '严赛兮', '严赛兮', true, '77', '15150596980', 0, 'Uj0WDO34AiM3zCL9Zjq5ystBYVZP90A4');
INSERT INTO Resident (account, building, unit, room) VALUES ('652973194312024405', 47, 3, 1203);
INSERT INTO User (account, username, name, sex, age, tel, type, auth_key) VALUES ('614167201404231461', '部泽宜', '部泽宜', true, '6', '16618210106', 0, '4P4aUcQEUV04FY4w99YVd204G6tZuKB0');
INSERT INTO Resident (account, building, unit, room) VALUES ('614167201404231461', 47, 4, 2504);
INSERT INTO User (account, username, name, sex, age, tel, type, auth_key) VALUES ('112452194507038603', '牛馨', '牛馨', true, '75', '13775815388', 0, 'W5JCYb4zy1H8p8udwTD5A3r1l49O8E75');
INSERT INTO Resident (account, building, unit, room) VALUES ('112452194507038603', 97, 5, 1801);
INSERT INTO User (account, username, name, sex, age, tel, type, auth_key) VALUES ('544938193011186674', '范旭', '范旭', true, '90', '18905519831', 0, 'p0884Gd46bn6xNCDMdr7G24gCg645p54');
INSERT INTO Resident (account, building, unit, room) VALUES ('544938193011186674', 29, 4, 206);
INSERT INTO User (account, username, name, sex, age, tel, type, auth_key) VALUES ('511574194904042767', '吉晓广', '吉晓广', false, '71', '15847461597', 0, '8DX73S17z8U35EG5MgdUO5EcH080BjmM');
INSERT INTO Resident (account, building, unit, room) VALUES ('511574194904042767', 60, 1, 2401);
INSERT INTO User (account, username, name, sex, age, tel, type, auth_key) VALUES ('120755194403094768', '殷源令', '殷源令', false, '76', '19727720049', 0, 'Pf94D6303Ktb6hgl2h4cOX9Wf7n75gZ9');
INSERT INTO Resident (account, building, unit, room) VALUES ('120755194403094768', 73, 4, 2101);
INSERT INTO User (account, username, name, sex, age, tel, type, auth_key) VALUES ('810589196301172358', '郭迅朋', '郭迅朋', false, '57', '17395098743', 0, 'c7ZjJ47PR03NwAL45kY4PX3Kc87k7KBq');
INSERT INTO Resident (account, building, unit, room) VALUES ('810589196301172358', 85, 5, 506);
INSERT INTO User (account, username, name, sex, age, tel, type, auth_key) VALUES ('464223201007297383', '安雨子', '安雨子', false, '10', '14934513739', 0, 'K32e6n77h438yn99MZSE7SJhWwkDjvoA');
INSERT INTO Resident (account, building, unit, room) VALUES ('464223201007297383', 44, 5, 1201);
INSERT INTO User (account, username, name, sex, age, tel, type, auth_key) VALUES ('503677193801314085', '孙腾', '孙腾', false, '82', '16624343228', 0, 'YTK9hCt5XtdE024xveUJe74SF9d1TkDr');
INSERT INTO Resident (account, building, unit, room) VALUES ('503677193801314085', 80, 2, 803);
INSERT INTO User (account, username, name, sex, age, tel, type, auth_key) VALUES ('631841195801208761', '王民天', '王民天', true, '62', '15058659491', 0, '0wjRx57q431KGFO2K530Nu4xlF43Mo14');
INSERT INTO Resident (account, building, unit, room) VALUES ('631841195801208761', 49, 1, 2403);
INSERT INTO User (account, username, name, sex, age, tel, type, auth_key) VALUES ('464856198908119236', '牛柏佳', '牛柏佳', false, '31', '18270909425', 0, 'l4q4Cu3H6R6KED345Nbv6qea17OO2JUu');
INSERT INTO Resident (account, building, unit, room) VALUES ('464856198908119236', 24, 1, 1902);
INSERT INTO User (account, username, name, sex, age, tel, type, auth_key) VALUES ('111851193202016721', '孟奇辰', '孟奇辰', true, '88', '19387740195', 0, 'j708s2AH7dGmB4Wf3SreH2z2rU088g68');
INSERT INTO Resident (account, building, unit, room) VALUES ('111851193202016721', 19, 10, 2406);
INSERT INTO User (account, username, name, sex, age, tel, type, auth_key) VALUES ('544817197612132459', '寻一新', '寻一新', true, '44', '15888071158', 0, 'jZQ1S2dP2BS9A7YCx5lA8Q2CPdMNshrd');
INSERT INTO Resident (account, building, unit, room) VALUES ('544817197612132459', 10, 5, 1105);
INSERT INTO User (account, username, name, sex, age, tel, type, auth_key) VALUES ('411269198401139436', '耿宜', '耿宜', false, '36', '13303740171', 0, '8aRZQZ3u8K78xnUV13fTc5DcNW91xXWU');
INSERT INTO Resident (account, building, unit, room) VALUES ('411269198401139436', 15, 9, 405);
INSERT INTO User (account, username, name, sex, age, tel, type, auth_key) VALUES ('222353195011086552', '邵杰辰', '邵杰辰', true, '70', '18832740694', 0, 'Q3YvGoGh3OF3CY4aOZBhW5frGB51W7vO');
INSERT INTO Resident (account, building, unit, room) VALUES ('222353195011086552', 26, 9, 2304);
INSERT INTO User (account, username, name, sex, age, tel, type, auth_key) VALUES ('230738196510191058', '郑盈', '郑盈', false, '55', '13703154265', 0, 'L7h843Rrqa7wfZPJm3dlGk4RX0M3Gg3r');
INSERT INTO Resident (account, building, unit, room) VALUES ('230738196510191058', 7, 5, 2105);
INSERT INTO User (account, username, name, sex, age, tel, type, auth_key) VALUES ('110506199403286352', '寻哲立', '寻哲立', false, '26', '18031233915', 0, '72T7eReit4WEMoCBN37g34M47LR2aW1P');
INSERT INTO Resident (account, building, unit, room) VALUES ('110506199403286352', 82, 9, 806);
INSERT INTO User (account, username, name, sex, age, tel, type, auth_key) VALUES ('224746199104258426', '隽杰静', '隽杰静', true, '29', '13450833955', 0, '3fgTJaH88F4Yd01jrxlb75Gd5740G73B');
INSERT INTO Resident (account, building, unit, room) VALUES ('224746199104258426', 80, 4, 1303);
INSERT INTO User (account, username, name, sex, age, tel, type, auth_key) VALUES ('333067198406160001', '陈宜冠', '陈宜冠', false, '36', '16658337719', 0, 'x3DVRinaizc6c7P58OmD0C1NmS12251y');
INSERT INTO Resident (account, building, unit, room) VALUES ('333067198406160001', 85, 8, 403);
INSERT INTO User (account, username, name, sex, age, tel, type, auth_key) VALUES ('542134197301047773', '巩牧振', '巩牧振', false, '47', '19988995546', 0, 'Pjo5awzzjDDB6s9uAz9b7ralZKw13zs9');
INSERT INTO Resident (account, building, unit, room) VALUES ('542134197301047773', 78, 3, 2503);
INSERT INTO User (account, username, name, sex, age, tel, type, auth_key) VALUES ('12436519631012172X', '欧倨炎', '欧倨炎', false, '57', '18558809923', 0, 'hd735OFEMTPCa0v962g9r41671V2ZD27');
INSERT INTO Resident (account, building, unit, room) VALUES ('12436519631012172X', 35, 5, 501);
INSERT INTO User (account, username, name, sex, age, tel, type, auth_key) VALUES ('812143196603110744', '侯晓', '侯晓', true, '54', '13619226156', 0, 'cj98Tn1gW8Q7HnVxddmkQ467J4Q8y0DP');
INSERT INTO Resident (account, building, unit, room) VALUES ('812143196603110744', 3, 5, 701);
INSERT INTO User (account, username, name, sex, age, tel, type, auth_key) VALUES ('353792194004181902', '姚雨露', '姚雨露', true, '80', '13883216902', 0, 'h719534M2uNDX9vDH6gtjTj88j0Ul82a');
INSERT INTO Resident (account, building, unit, room) VALUES ('353792194004181902', 47, 4, 2806);
INSERT INTO User (account, username, name, sex, age, tel, type, auth_key) VALUES ('154323193607057009', '文桐义', '文桐义', true, '84', '19332883148', 0, 'mwwX5cU15gGLf6Juw4Y6D80cS30i2Riq');
INSERT INTO Resident (account, building, unit, room) VALUES ('154323193607057009', 56, 2, 1005);
INSERT INTO User (account, username, name, sex, age, tel, type, auth_key) VALUES ('434557198504219847', '裴兰露', '裴兰露', false, '35', '19887635517', 0, 'O80t6kHd30506BN8mb22D5lr88eazaSI');
INSERT INTO Resident (account, building, unit, room) VALUES ('434557198504219847', 80, 1, 201);
INSERT INTO User (account, username, name, sex, age, tel, type, auth_key) VALUES ('623390200509248004', '周昕兰', '周昕兰', false, '15', '15513045510', 0, 'YKrN7KQ0Y3i971JMBd87pp2B3g7Km6nb');
INSERT INTO Resident (account, building, unit, room) VALUES ('623390200509248004', 15, 1, 1604);
INSERT INTO User (account, username, name, sex, age, tel, type, auth_key) VALUES ('320259201311182051', '吴伟旭', '吴伟旭', false, '7', '18785825997', 0, 'n91474pudcCO03RlScC2735reYlp6XSs');
INSERT INTO Resident (account, building, unit, room) VALUES ('320259201311182051', 29, 8, 2006);
INSERT INTO User (account, username, name, sex, age, tel, type, auth_key) VALUES ('451472193805258776', '侯锐菲', '侯锐菲', true, '82', '14545990039', 0, 'okhMXpf6hi2o15Wc3KfXas8dXjJW27y6');
INSERT INTO Resident (account, building, unit, room) VALUES ('451472193805258776', 16, 9, 2503);
INSERT INTO User (account, username, name, sex, age, tel, type, auth_key) VALUES ('150274192306068888', '李云凌', '李云凌', true, '97', '18988001513', 0, '0OfAw03K96yDY8E9sVdpfS3G4YYX6OJI');
INSERT INTO Resident (account, building, unit, room) VALUES ('150274192306068888', 5, 10, 1306);
INSERT INTO User (account, username, name, sex, age, tel, type, auth_key) VALUES ('310936193607085569', '杨兰', '杨兰', true, '84', '14583093314', 0, '6362n3oZM49U7Hxtd3hGsAP63H85wrg1');
INSERT INTO Resident (account, building, unit, room) VALUES ('310936193607085569', 37, 10, 2104);
INSERT INTO User (account, username, name, sex, age, tel, type, auth_key) VALUES ('650143199706253004', '於天振', '於天振', false, '23', '13713601486', 0, 'e5XEtsi9VGUDzZgaLoK4XLrScWWoHH44');
INSERT INTO Resident (account, building, unit, room) VALUES ('650143199706253004', 32, 2, 2105);
INSERT INTO User (account, username, name, sex, age, tel, type, auth_key) VALUES ('342345192702261559', '路哲丹', '路哲丹', false, '93', '13879429048', 0, 'H1ehE2s0mb206jcs25Bj0eNEfB5hjBBN');
INSERT INTO Resident (account, building, unit, room) VALUES ('342345192702261559', 70, 10, 1803);
INSERT INTO User (account, username, name, sex, age, tel, type, auth_key) VALUES ('334893199409182286', '宫晓', '宫晓', false, '26', '18369762078', 0, 'M5C2UR040AQM5hHyc134F5vrOZ4wTDLe');
INSERT INTO Resident (account, building, unit, room) VALUES ('334893199409182286', 3, 7, 2105);
INSERT INTO User (account, username, name, sex, age, tel, type, auth_key) VALUES ('444593199206069406', '杜润', '杜润', true, '28', '18055939557', 0, '1U24qwMBLLtlvQjwT62Ghw7w5W8QdGjz');
INSERT INTO Resident (account, building, unit, room) VALUES ('444593199206069406', 34, 6, 805);
INSERT INTO User (account, username, name, sex, age, tel, type, auth_key) VALUES ('51115220060319494X', '王灯丹', '王灯丹', false, '14', '18365784247', 0, 'Mt76WiCR3O604qX7MbGkRXBjNcDQ72Ag');
INSERT INTO Resident (account, building, unit, room) VALUES ('51115220060319494X', 35, 8, 2801);
INSERT INTO User (account, username, name, sex, age, tel, type, auth_key) VALUES ('430252194304169961', '巩颖盈', '巩颖盈', false, '77', '15874502179', 0, 'KIvvm0maUt97C9xmSg4JR9Dg9IVpHeN7');
INSERT INTO Resident (account, building, unit, room) VALUES ('430252194304169961', 70, 4, 1903);
INSERT INTO User (account, username, name, sex, age, tel, type, auth_key) VALUES ('111519196508105562', '裴夫', '裴夫', false, '55', '19576876079', 0, '6NjCY29pmAiHSXn5645cT9EBf9ihhoZG');
INSERT INTO Resident (account, building, unit, room) VALUES ('111519196508105562', 84, 9, 1701);
INSERT INTO User (account, username, name, sex, age, tel, type, auth_key) VALUES ('653511200506242271', '武腾毅', '武腾毅', true, '15', '18661809931', 0, '11T1p0XZuSw4R26Kmkv99Wjz59024nNG');
INSERT INTO Resident (account, building, unit, room) VALUES ('653511200506242271', 31, 3, 305);
INSERT INTO User (account, username, name, sex, age, tel, type, auth_key) VALUES ('314789201208056899', '金源帆', '金源帆', false, '8', '19692844532', 0, 'cHv4O7PBjkz8bAp6BYOwga5erLe92t2f');
INSERT INTO Resident (account, building, unit, room) VALUES ('314789201208056899', 10, 7, 2504);
INSERT INTO User (account, username, name, sex, age, tel, type, auth_key) VALUES ('531792200304080344', '吉旭有', '吉旭有', true, '17', '19169096333', 0, 'Z188v173Z3VwP2CR1b9b79SrOlM33PgV');
INSERT INTO Resident (account, building, unit, room) VALUES ('531792200304080344', 8, 8, 1302);
INSERT INTO User (account, username, name, sex, age, tel, type, auth_key) VALUES ('461668197409288633', '王冠飞', '王冠飞', true, '46', '13113973782', 0, '7Ye4Nx7RrP11YIt6wQbCe1IKP88QVowg');
INSERT INTO Resident (account, building, unit, room) VALUES ('461668197409288633', 51, 9, 1903);
INSERT INTO User (account, username, name, sex, age, tel, type, auth_key) VALUES ('36080619400110553X', '戚一子', '戚一子', false, '80', '18614730918', 0, 'a8a789B9DqpyPOqq4Sy18Ih2T5ert6P8');
INSERT INTO Resident (account, building, unit, room) VALUES ('36080619400110553X', 54, 7, 405);
INSERT INTO User (account, username, name, sex, age, tel, type, auth_key) VALUES ('513777194204240731', '江畅迅', '江畅迅', false, '78', '13241527892', 0, 'u9LwW4Dn0Y19e8f1vblc53lH73ck2J8G');
INSERT INTO Resident (account, building, unit, room) VALUES ('513777194204240731', 68, 1, 804);
INSERT INTO User (account, username, name, sex, age, tel, type, auth_key) VALUES ('372684195006061172', '韩新馨', '韩新馨', true, '70', '18724838245', 0, '0BiT46uZ33JrwMGtuJ2DpQgMAR76k35U');
INSERT INTO Resident (account, building, unit, room) VALUES ('372684195006061172', 53, 3, 503);
INSERT INTO User (account, username, name, sex, age, tel, type, auth_key) VALUES ('114467193206121214', '燕圣宜', '燕圣宜', false, '88', '13152255689', 0, 'C4n54OMdyx40M2Ow7Ru45cR5gFWUYuz6');
INSERT INTO Resident (account, building, unit, room) VALUES ('114467193206121214', 23, 2, 301);
INSERT INTO User (account, username, name, sex, age, tel, type, auth_key) VALUES ('823488194109115565', '盛泽琦', '盛泽琦', false, '79', '18998982274', 0, 'T1IvrCi53iYO1l9uK5qT463h5AAzYDpJ');
INSERT INTO Resident (account, building, unit, room) VALUES ('823488194109115565', 45, 6, 2003);
INSERT INTO User (account, username, name, sex, age, tel, type, auth_key) VALUES ('230505197005114004', '邵飞千', '邵飞千', true, '50', '17659684476', 0, '3Na4R3zRQiJml5o0OpEsxM37DEIBt1Cm');
INSERT INTO Resident (account, building, unit, room) VALUES ('230505197005114004', 74, 4, 703);
INSERT INTO User (account, username, name, sex, age, tel, type, auth_key) VALUES ('654178201304122076', '侯霄', '侯霄', false, '7', '18101466827', 0, '30j2wmqxeJ9wWGzmzO9Z6W08cZS3dK58');
INSERT INTO Resident (account, building, unit, room) VALUES ('654178201304122076', 26, 6, 1904);
INSERT INTO User (account, username, name, sex, age, tel, type, auth_key) VALUES ('114823195302213369', '曹帆帆', '曹帆帆', false, '67', '14524832704', 0, '19Rl4fT8TxU6YI0NPp4nY9SG0tF7AJU2');
INSERT INTO Resident (account, building, unit, room) VALUES ('114823195302213369', 87, 4, 1203);
INSERT INTO User (account, username, name, sex, age, tel, type, auth_key) VALUES ('510352194411293481', '符圆', '符圆', true, '76', '14700018725', 0, 'p5t6sZOAjAKv9027wIhO724j9G5EoT3J');
INSERT INTO Resident (account, building, unit, room) VALUES ('510352194411293481', 21, 8, 303);
INSERT INTO User (account, username, name, sex, age, tel, type, auth_key) VALUES ('712986199902096614', '部佳子', '部佳子', false, '21', '15999054226', 0, 'BBdFuT70Z440S5J1zP3Eq6hl4UnZU509');
INSERT INTO Resident (account, building, unit, room) VALUES ('712986199902096614', 43, 1, 2602);
INSERT INTO User (account, username, name, sex, age, tel, type, auth_key) VALUES ('232055192402131561', '路赛', '路赛', true, '96', '15975939684', 0, 'wEdbKWZVCWfQEI910bbxEeTE4G2IDrYI');
INSERT INTO Resident (account, building, unit, room) VALUES ('232055192402131561', 73, 2, 1602);
INSERT INTO User (account, username, name, sex, age, tel, type, auth_key) VALUES ('23490620110729164X', '尚新', '尚新', true, '9', '17255136139', 0, '69ohveUYl0F7hj4NCarWmH3jt2g7f83e');
INSERT INTO Resident (account, building, unit, room) VALUES ('23490620110729164X', 86, 1, 1906);
INSERT INTO User (account, username, name, sex, age, tel, type, auth_key) VALUES ('534774195606144728', '邱兮', '邱兮', false, '64', '19680994710', 0, 'VgiA0U3TIpTKPNt1gPLMu82x548MMw8j');
INSERT INTO Resident (account, building, unit, room) VALUES ('534774195606144728', 20, 6, 2801);
INSERT INTO User (account, username, name, sex, age, tel, type, auth_key) VALUES ('51208019250317818X', '林一馨', '林一馨', false, '95', '17865104659', 0, 'mOm80897SlE9cB39T44e6Jqp2ZP5LgFC');
INSERT INTO Resident (account, building, unit, room) VALUES ('51208019250317818X', 22, 8, 1002);
INSERT INTO User (account, username, name, sex, age, tel, type, auth_key) VALUES ('371364198808024227', '黄可', '黄可', false, '32', '15311580079', 0, 'MQXqeoh7F3Fi431uC6m03g16IE4H4B8G');
INSERT INTO Resident (account, building, unit, room) VALUES ('371364198808024227', 91, 3, 1102);
INSERT INTO User (account, username, name, sex, age, tel, type, auth_key) VALUES ('422366200808224568', '王毅雅', '王毅雅', false, '12', '19012545577', 0, 'PwGAZ3AvZ30vBkn5L2a2M2D63YloNQq0');
INSERT INTO Resident (account, building, unit, room) VALUES ('422366200808224568', 62, 7, 1505);
INSERT INTO User (account, username, name, sex, age, tel, type, auth_key) VALUES ('531146195409093674', '康迅灯', '康迅灯', true, '66', '15171084767', 0, '7yyc5JDVt8iw0J25U3DKkT262Hs02gU5');
INSERT INTO Resident (account, building, unit, room) VALUES ('531146195409093674', 38, 8, 901);
INSERT INTO User (account, username, name, sex, age, tel, type, auth_key) VALUES ('544756197901101947', '山盈可', '山盈可', true, '41', '13071588879', 0, 'SQbFEc1U9aDDJcuNG89T2rqAmUVCl24C');
INSERT INTO Resident (account, building, unit, room) VALUES ('544756197901101947', 88, 8, 2901);
INSERT INTO User (account, username, name, sex, age, tel, type, auth_key) VALUES ('431397198709273947', '臧雯令', '臧雯令', false, '33', '13536301795', 0, '6jXQl49YZTq695Sm8JYp07e0pT39NA8g');
INSERT INTO Resident (account, building, unit, room) VALUES ('431397198709273947', 27, 7, 406);
INSERT INTO User (account, username, name, sex, age, tel, type, auth_key) VALUES ('521381197010103633', '侯迅睿', '侯迅睿', true, '50', '15299873039', 0, 'SQ0zPINsNF3kkGgk7LI92p1LtanEF840');
INSERT INTO Resident (account, building, unit, room) VALUES ('521381197010103633', 57, 2, 2302);
INSERT INTO User (account, username, name, sex, age, tel, type, auth_key) VALUES ('362742200812020385', '刘源赛', '刘源赛', true, '12', '19879787891', 0, 'hK3z6aWfBjrQkpu9ma3aWdM3r6d2Dl8j');
INSERT INTO Resident (account, building, unit, room) VALUES ('362742200812020385', 33, 7, 2702);
INSERT INTO User (account, username, name, sex, age, tel, type, auth_key) VALUES ('120931193509266114', '毛锐', '毛锐', true, '85', '19258103168', 0, 'Y60mG9TZa9hK2bpj0nwKnN1yKKB7q0OL');
INSERT INTO Resident (account, building, unit, room) VALUES ('120931193509266114', 33, 7, 2301);
INSERT INTO User (account, username, name, sex, age, tel, type, auth_key) VALUES ('611501200411285093', '商畅圣', '商畅圣', false, '16', '15213659927', 0, 'AA9cDr5I884MX5bGpj226x0550x2W1Xa');
INSERT INTO Resident (account, building, unit, room) VALUES ('611501200411285093', 22, 6, 1103);
INSERT INTO User (account, username, name, sex, age, tel, type, auth_key) VALUES ('213346200408039739', '鲁云源', '鲁云源', true, '16', '19815931550', 0, 'n47XBpO3761X3Jn2ttd5J7O2EwID4aA5');
INSERT INTO Resident (account, building, unit, room) VALUES ('213346200408039739', 84, 5, 2804);
INSERT INTO User (account, username, name, sex, age, tel, type, auth_key) VALUES ('141309200102015031', '康雅静', '康雅静', false, '19', '19533311834', 0, '502jjcLRF0XabCk9RFcPGgh4N44X1W25');
INSERT INTO Resident (account, building, unit, room) VALUES ('141309200102015031', 7, 5, 1204);
INSERT INTO User (account, username, name, sex, age, tel, type, auth_key) VALUES ('613088198405079037', '钟琦', '钟琦', false, '36', '13259565200', 0, '4pStJNI2u4Z4JOY4uEB77YS2feD2k9KH');
INSERT INTO Resident (account, building, unit, room) VALUES ('613088198405079037', 78, 2, 306);
INSERT INTO User (account, username, name, sex, age, tel, type, auth_key) VALUES ('131753193510044708', '鲁泽义', '鲁泽义', true, '85', '15840575703', 0, 'A6i5Gp97Cm8126Z7s13AM3sFyDMw295F');
INSERT INTO Resident (account, building, unit, room) VALUES ('131753193510044708', 44, 2, 506);
INSERT INTO User (account, username, name, sex, age, tel, type, auth_key) VALUES ('344733193009048368', '高萌', '高萌', true, '90', '13135469465', 0, '2ugX27g3gq750S93Qo00jo5ucNX9tIaU');
INSERT INTO Resident (account, building, unit, room) VALUES ('344733193009048368', 5, 4, 705);
INSERT INTO User (account, username, name, sex, age, tel, type, auth_key) VALUES ('820891192402216835', '高宜宜', '高宜宜', true, '96', '17681742702', 0, 'PFMhvR8B8A323X7HRoy26tuWBqOzo6BR');
INSERT INTO Resident (account, building, unit, room) VALUES ('820891192402216835', 63, 5, 302);
INSERT INTO User (account, username, name, sex, age, tel, type, auth_key) VALUES ('822867197207308170', '柳帆', '柳帆', false, '48', '13623326048', 0, 'MLpgy571JYRRE5va5iW9HoPyvJe44112');
INSERT INTO Resident (account, building, unit, room) VALUES ('822867197207308170', 40, 7, 1004);
INSERT INTO User (account, username, name, sex, age, tel, type, auth_key) VALUES ('231005198709303766', '林子', '林子', false, '33', '13272173915', 0, 'nD57R2Ndmu6k45R96wVG4p93X5B06mHp');
INSERT INTO Resident (account, building, unit, room) VALUES ('231005198709303766', 52, 1, 1106);
INSERT INTO User (account, username, name, sex, age, tel, type, auth_key) VALUES ('122433194712297811', '武炎兰', '武炎兰', true, '73', '13122594674', 0, 'H0ht3hA509zhI43PMHi0B6r08dFWY7S3');
INSERT INTO Resident (account, building, unit, room) VALUES ('122433194712297811', 46, 1, 1905);
INSERT INTO User (account, username, name, sex, age, tel, type, auth_key) VALUES ('333152194806085563', '胡诺源', '胡诺源', false, '72', '18101513222', 0, 'g908AWm2KruNQFn8et63ZpxAlBcZH706');
INSERT INTO Resident (account, building, unit, room) VALUES ('333152194806085563', 90, 2, 2004);
INSERT INTO User (account, username, name, sex, age, tel, type, auth_key) VALUES ('624375197804198855', '戚云辰', '戚云辰', false, '42', '17217184056', 0, '88JOCnWQwQJX3925vXqD9hfDcb0dPq6W');
INSERT INTO Resident (account, building, unit, room) VALUES ('624375197804198855', 79, 10, 2903);
INSERT INTO User (account, username, name, sex, age, tel, type, auth_key) VALUES ('220335195603059206', '钟有', '钟有', true, '64', '16656831645', 0, 'GIlfb7NQW6M242o3jHBJd928w56lzQLV');
INSERT INTO Resident (account, building, unit, room) VALUES ('220335195603059206', 18, 9, 602);
INSERT INTO User (account, username, name, sex, age, tel, type, auth_key) VALUES ('153782199411270184', '姚龙旭', '姚龙旭', false, '26', '13931721458', 0, 'Jy0O2fcWf777C9Azus9xT1b39g1bIej5');
INSERT INTO Resident (account, building, unit, room) VALUES ('153782199411270184', 11, 10, 1602);
INSERT INTO User (account, username, name, sex, age, tel, type, auth_key) VALUES ('521092196705137110', '尹晓有', '尹晓有', false, '53', '13874508963', 0, '5zFrF9hI6LXcsB2Zz2G3C678vjDg368h');
INSERT INTO Resident (account, building, unit, room) VALUES ('521092196705137110', 89, 4, 2304);
INSERT INTO User (account, username, name, sex, age, tel, type, auth_key) VALUES ('810238198705149575', '钟琦瀚', '钟琦瀚', false, '33', '18073491151', 0, '6rrIom8331WA2jn2P9IVXBbHwG0I6myf');
INSERT INTO Resident (account, building, unit, room) VALUES ('810238198705149575', 43, 5, 1504);
INSERT INTO User (account, username, name, sex, age, tel, type, auth_key) VALUES ('534653192909010119', '夏航豪', '夏航豪', false, '91', '19612352082', 0, 'dSHEqM06Da0Kda9s03okbJeQ0M75r9KC');
INSERT INTO Resident (account, building, unit, room) VALUES ('534653192909010119', 24, 7, 1504);
INSERT INTO User (account, username, name, sex, age, tel, type, auth_key) VALUES ('320487200801278391', '米依兰', '米依兰', false, '12', '18458214516', 0, 'e61fe8CgErtb0E6Mh947UUd8R5T3TLo7');
INSERT INTO Resident (account, building, unit, room) VALUES ('320487200801278391', 62, 1, 1202);
INSERT INTO User (account, username, name, sex, age, tel, type, auth_key) VALUES ('334046193101035051', '寻霖', '寻霖', false, '89', '13498959843', 0, '8h7W568nJ7dKia2734U045IL6PSsBO4X');
INSERT INTO Resident (account, building, unit, room) VALUES ('334046193101035051', 93, 6, 306);
INSERT INTO User (account, username, name, sex, age, tel, type, auth_key) VALUES ('220290200612202581', '毛依本', '毛依本', true, '14', '18736949661', 0, '40ttLGha5G7G4upew7B0y02JCjikoFEf');
INSERT INTO Resident (account, building, unit, room) VALUES ('220290200612202581', 32, 6, 1803);
INSERT INTO User (account, username, name, sex, age, tel, type, auth_key) VALUES ('613571197309147412', '曲佳铭', '曲佳铭', false, '47', '15803875657', 0, 'r0zRIaehZ57iy0Iv12VWBm3i4H661Ocz');
INSERT INTO Resident (account, building, unit, room) VALUES ('613571197309147412', 61, 8, 704);
INSERT INTO User (account, username, name, sex, age, tel, type, auth_key) VALUES ('43350420110629377X', '李凌有', '李凌有', false, '9', '17346542086', 0, 'VdVZ3US77Rol835HYIWE9Qd705KmcLDz');
INSERT INTO Resident (account, building, unit, room) VALUES ('43350420110629377X', 94, 10, 1606);
INSERT INTO User (account, username, name, sex, age, tel, type, auth_key) VALUES ('111448200507179532', '殷淘盈', '殷淘盈', false, '15', '13532166015', 0, '05FBOgJH12ZjcNXl1w593wpB3YwkhRb5');
INSERT INTO Resident (account, building, unit, room) VALUES ('111448200507179532', 47, 2, 603);
INSERT INTO User (account, username, name, sex, age, tel, type, auth_key) VALUES ('122826193501035232', '季圆', '季圆', false, '85', '19262873807', 0, 'GAqlM5ZtnU6Smx4B11HW436iDWwyN6yw');
INSERT INTO Resident (account, building, unit, room) VALUES ('122826193501035232', 5, 3, 1103);
INSERT INTO User (account, username, name, sex, age, tel, type, auth_key) VALUES ('824485194610252091', '吉馨桐', '吉馨桐', true, '74', '18990918728', 0, '817cbmBI306dqAnY4g01YBg1hYLWCSdK');
INSERT INTO Resident (account, building, unit, room) VALUES ('824485194610252091', 26, 9, 2703);
INSERT INTO User (account, username, name, sex, age, tel, type, auth_key) VALUES ('34249019960618109X', '晁凌圣', '晁凌圣', true, '24', '14930050541', 0, '2HN9Wmw20UzNhF32Qg3ude9rpmJ9njF4');
INSERT INTO Resident (account, building, unit, room) VALUES ('34249019960618109X', 62, 4, 2102);
INSERT INTO User (account, username, name, sex, age, tel, type, auth_key) VALUES ('144403192804110009', '徐千', '徐千', false, '92', '19368127946', 0, 'pvB4lqS5rWSpecQKotAuel673prJet1g');
INSERT INTO Resident (account, building, unit, room) VALUES ('144403192804110009', 36, 5, 1101);
INSERT INTO User (account, username, name, sex, age, tel, type, auth_key) VALUES ('453231198809154138', '安立立', '安立立', true, '32', '18989056828', 0, '9G8sK8393YjWD7KcDmD8xvWfh3C47Uil');
INSERT INTO Resident (account, building, unit, room) VALUES ('453231198809154138', 44, 2, 2005);
INSERT INTO User (account, username, name, sex, age, tel, type, auth_key) VALUES ('410419200011275962', '刘煜霖', '刘煜霖', true, '20', '15570615986', 0, 'v4qV2coZ4SGxm6EmcQqwf4F8Gst6kR0E');
INSERT INTO Resident (account, building, unit, room) VALUES ('410419200011275962', 57, 6, 401);
INSERT INTO User (account, username, name, sex, age, tel, type, auth_key) VALUES ('233049200806229440', '安赛子', '安赛子', false, '12', '15018586324', 0, 'JfgR7r3UIe9mqcn4MGAt8mrvCtf0a4K7');
INSERT INTO Resident (account, building, unit, room) VALUES ('233049200806229440', 19, 9, 902);
INSERT INTO User (account, username, name, sex, age, tel, type, auth_key) VALUES ('342458196904180053', '童家萌', '童家萌', true, '51', '18676232904', 0, 'U8Z0O69nuUc817xqVo3V4T1gW45n5C7x');
INSERT INTO Resident (account, building, unit, room) VALUES ('342458196904180053', 40, 1, 2101);
INSERT INTO User (account, username, name, sex, age, tel, type, auth_key) VALUES ('153641199608062820', '颜奕铭', '颜奕铭', true, '24', '13224687904', 0, 'Ah0RsTzSHTY4tJLWQZ87Y4z508C0oa63');
INSERT INTO Resident (account, building, unit, room) VALUES ('153641199608062820', 5, 7, 2704);
INSERT INTO User (account, username, name, sex, age, tel, type, auth_key) VALUES ('23051819330615058X', '路翔', '路翔', true, '87', '19936036379', 0, 'aQyKcXpgprBa1EaxrRlopSuk2T4xs6ZO');
INSERT INTO Resident (account, building, unit, room) VALUES ('23051819330615058X', 70, 2, 701);
INSERT INTO User (account, username, name, sex, age, tel, type, auth_key) VALUES ('372436198203206257', '曹本', '曹本', false, '38', '17240827730', 0, 'YZkL3176BMh7tMQTlgaH3C53JUNiOCuL');
INSERT INTO Resident (account, building, unit, room) VALUES ('372436198203206257', 89, 8, 2005);
INSERT INTO User (account, username, name, sex, age, tel, type, auth_key) VALUES ('35193119451105374X', '徐义冠', '徐义冠', false, '75', '19001804276', 0, '0z8AAw39Xg25amB6F5lA773sGGiNz0c2');
INSERT INTO Resident (account, building, unit, room) VALUES ('35193119451105374X', 32, 6, 1406);
INSERT INTO User (account, username, name, sex, age, tel, type, auth_key) VALUES ('810189195607220398', '李牧立', '李牧立', false, '64', '15595034456', 0, '6YM6utgsg14N82gAA0VVpTMDG31TPkIj');
INSERT INTO Resident (account, building, unit, room) VALUES ('810189195607220398', 95, 3, 2304);
INSERT INTO User (account, username, name, sex, age, tel, type, auth_key) VALUES ('113535201111293202', '范民锐', '范民锐', true, '9', '15081834165', 0, 'Y1iJ3Nj9G780Jx0a1HF8Z8lslshVvm6h');
INSERT INTO Resident (account, building, unit, room) VALUES ('113535201111293202', 43, 2, 2305);
INSERT INTO User (account, username, name, sex, age, tel, type, auth_key) VALUES ('150956196110294595', '田晓家', '田晓家', false, '59', '18510973167', 0, 'tn6cAHnrU4M7Gbr8EC784mQKvnXLA900');
INSERT INTO Resident (account, building, unit, room) VALUES ('150956196110294595', 7, 2, 1001);
INSERT INTO User (account, username, name, sex, age, tel, type, auth_key) VALUES ('151548195710212480', '常洁', '常洁', false, '63', '15726871349', 0, 'x42vo7zXF1Dc8o08e3lr55zVV7M2BK5w');
INSERT INTO Resident (account, building, unit, room) VALUES ('151548195710212480', 15, 3, 1001);
INSERT INTO User (account, username, name, sex, age, tel, type, auth_key) VALUES ('452978198101100187', '臧亚霄', '臧亚霄', false, '39', '13046680405', 0, '16xgxcb0t73I9E2p6oubqwx4E6WH1eR4');
INSERT INTO Resident (account, building, unit, room) VALUES ('452978198101100187', 23, 1, 2901);
INSERT INTO User (account, username, name, sex, age, tel, type, auth_key) VALUES ('514975196405301756', '戚新言', '戚新言', false, '56', '18744001485', 0, '73Kp69bb368iT1Xg54C7EW24v968ar6e');
INSERT INTO Resident (account, building, unit, room) VALUES ('514975196405301756', 19, 9, 1002);
INSERT INTO User (account, username, name, sex, age, tel, type, auth_key) VALUES ('123777198810034413', '楚航', '楚航', true, '32', '19772487782', 0, 'z5ZV1X8W42PmqWMpH44W636x5o79yxuX');
INSERT INTO Resident (account, building, unit, room) VALUES ('123777198810034413', 71, 8, 505);
INSERT INTO User (account, username, name, sex, age, tel, type, auth_key) VALUES ('232043197509150984', '邵思良', '邵思良', true, '45', '19298722401', 0, '0e6LORr5X97Pb94o60qok244k5kd025s');
INSERT INTO Resident (account, building, unit, room) VALUES ('232043197509150984', 73, 1, 1102);
INSERT INTO User (account, username, name, sex, age, tel, type, auth_key) VALUES ('353014193911168329', '沈源锐', '沈源锐', true, '81', '17224823303', 0, 'P2N0iE34LMY422zQC2efc2K1ATfU61jB');
INSERT INTO Resident (account, building, unit, room) VALUES ('353014193911168329', 85, 7, 2501);
INSERT INTO User (account, username, name, sex, age, tel, type, auth_key) VALUES ('543455198101127761', '史辰广', '史辰广', false, '39', '19847994542', 0, 'HgK3ZkUCkWavyt1g271z3kR6ChLsDiK7');
INSERT INTO Resident (account, building, unit, room) VALUES ('543455198101127761', 73, 4, 506);
INSERT INTO User (account, username, name, sex, age, tel, type, auth_key) VALUES ('823009196909104791', '曲凡天', '曲凡天', false, '51', '18635645150', 0, 'xGoSN6p4luH2sFHY9Z1V3As269z2hq9M');
INSERT INTO Resident (account, building, unit, room) VALUES ('823009196909104791', 98, 7, 1104);
INSERT INTO User (account, username, name, sex, age, tel, type, auth_key) VALUES ('612265200505206891', '晁可', '晁可', true, '15', '19377473185', 0, '95uMUaNVTls6f1awSOsd04i4QMQ56Mxp');
INSERT INTO Resident (account, building, unit, room) VALUES ('612265200505206891', 18, 2, 1901);
INSERT INTO User (account, username, name, sex, age, tel, type, auth_key) VALUES ('651941193209120568', '孙柏', '孙柏', true, '88', '14975702201', 0, 'syqBHgPXFuC1340CYbV7VXMvl8lw4hV6');
INSERT INTO Resident (account, building, unit, room) VALUES ('651941193209120568', 56, 2, 1306);
INSERT INTO User (account, username, name, sex, age, tel, type, auth_key) VALUES ('82173219511025347X', '杜民一', '杜民一', false, '69', '19352001211', 0, '426bNH8RuthD7Q4JizR40W97Xgp584vE');
INSERT INTO Resident (account, building, unit, room) VALUES ('82173219511025347X', 54, 8, 2804);
INSERT INTO User (account, username, name, sex, age, tel, type, auth_key) VALUES ('634043196308092216', '吉舒哲', '吉舒哲', true, '57', '18239217877', 0, 'oi2S01fIz5x47qP8HQ1WYKk0xt9xv8gV');
INSERT INTO Resident (account, building, unit, room) VALUES ('634043196308092216', 91, 9, 1101);
INSERT INTO User (account, username, name, sex, age, tel, type, auth_key) VALUES ('450848194810120076', '安颖洁', '安颖洁', true, '72', '15172502724', 0, 'fQt0GkgR9Mavlt80zW3r6bU0j5tI3qdB');
INSERT INTO Resident (account, building, unit, room) VALUES ('450848194810120076', 58, 7, 603);
INSERT INTO User (account, username, name, sex, age, tel, type, auth_key) VALUES ('541197194507280728', '殷萌帆', '殷萌帆', false, '75', '19241852651', 0, 'ilHA2NjLHWUxJ1twfZe92AbL35SG1783');
INSERT INTO Resident (account, building, unit, room) VALUES ('541197194507280728', 27, 5, 1801);
INSERT INTO User (account, username, name, sex, age, tel, type, auth_key) VALUES ('340397198706136298', '颜阳', '颜阳', false, '33', '15141969795', 0, 'OXGN6J3io30cmCm6sd0vpc9tj4Ev4C35');
INSERT INTO Resident (account, building, unit, room) VALUES ('340397198706136298', 20, 2, 1005);
INSERT INTO User (account, username, name, sex, age, tel, type, auth_key) VALUES ('453128198509274975', '寻畅令', '寻畅令', false, '35', '13188876715', 0, 'z8W3kMriVskW132775SWnhiiPotFMFb5');
INSERT INTO Resident (account, building, unit, room) VALUES ('453128198509274975', 51, 3, 501);
INSERT INTO User (account, username, name, sex, age, tel, type, auth_key) VALUES ('414526196901263326', '周颖伟', '周颖伟', true, '51', '19248986202', 0, 'h9y5d43X7j16Whq886crmRx3otT54z7V');
INSERT INTO Resident (account, building, unit, room) VALUES ('414526196901263326', 30, 7, 1401);
INSERT INTO User (account, username, name, sex, age, tel, type, auth_key) VALUES ('12356619521129208X', '耿雯振', '耿雯振', true, '68', '14762992368', 0, '0m4IJlpYpdE70tZKxlH54S4WIaoJ8b3b');
INSERT INTO Resident (account, building, unit, room) VALUES ('12356619521129208X', 82, 2, 305);
INSERT INTO User (account, username, name, sex, age, tel, type, auth_key) VALUES ('154098195802032129', '宫畅', '宫畅', true, '62', '14937097194', 0, 'f32a99c9lA8j77339N94Acbvn5ftn50y');
INSERT INTO Resident (account, building, unit, room) VALUES ('154098195802032129', 75, 3, 505);
INSERT INTO User (account, username, name, sex, age, tel, type, auth_key) VALUES ('234877194801047698', '钟泽广', '钟泽广', false, '72', '18811099310', 0, 'E5M9Kmdk803nAdGv3uPPw6jgJGpjLPHL');
INSERT INTO Resident (account, building, unit, room) VALUES ('234877194801047698', 37, 1, 1106);
INSERT INTO User (account, username, name, sex, age, tel, type, auth_key) VALUES ('33280619950211758X', '刘子', '刘子', false, '25', '15014175426', 0, 'Z0Z3yMNdUoiFD7iVS6DgD687jEEijQQw');
INSERT INTO Resident (account, building, unit, room) VALUES ('33280619950211758X', 10, 2, 2306);
INSERT INTO User (account, username, name, sex, age, tel, type, auth_key) VALUES ('141886198708092947', '王樱哲', '王樱哲', true, '33', '18588384396', 0, '4WXgd0hJZCieYPI8qAzWydK2k4HLTgo9');
INSERT INTO Resident (account, building, unit, room) VALUES ('141886198708092947', 63, 7, 1203);
INSERT INTO User (account, username, name, sex, age, tel, type, auth_key) VALUES ('443390196710111496', '管哲诺', '管哲诺', true, '53', '16692794647', 0, 'ovta4HFZAchB7Q990Hgk00DgL18M0Lmb');
INSERT INTO Resident (account, building, unit, room) VALUES ('443390196710111496', 87, 1, 1905);
INSERT INTO User (account, username, name, sex, age, tel, type, auth_key) VALUES ('814775194611041624', '楚霖雯', '楚霖雯', false, '74', '15314768139', 0, '8cHYORMUo794tws9cJd97tK39PsEKai1');
INSERT INTO Resident (account, building, unit, room) VALUES ('814775194611041624', 5, 4, 402);
INSERT INTO User (account, username, name, sex, age, tel, type, auth_key) VALUES ('23045219481225513X', '金立哲', '金立哲', true, '72', '18760567304', 0, '6Gs1o7u93k6aER2SDgVRemO3edpJgVZa');
INSERT INTO Resident (account, building, unit, room) VALUES ('23045219481225513X', 68, 2, 2301);
INSERT INTO User (account, username, name, sex, age, tel, type, auth_key) VALUES ('313819199006264100', '曹牧', '曹牧', false, '30', '16669838424', 0, 'C8NplUbAkF84uLlybxo8808VMEpTtu6Q');
INSERT INTO Resident (account, building, unit, room) VALUES ('313819199006264100', 50, 3, 1001);
INSERT INTO User (account, username, name, sex, age, tel, type, auth_key) VALUES ('633560198003222243', '颜航', '颜航', false, '40', '18088611502', 0, 'wH482ziCSF3fsf6iJnQ1H72y70K64I3R');
INSERT INTO Resident (account, building, unit, room) VALUES ('633560198003222243', 4, 8, 2803);
INSERT INTO User (account, username, name, sex, age, tel, type, auth_key) VALUES ('211681201310249561', '武琦', '武琦', true, '7', '19612503301', 0, '7inXgOX9fyzrF2cQ18mVJwg5K8zcRRwJ');
INSERT INTO Resident (account, building, unit, room) VALUES ('211681201310249561', 33, 6, 2005);
INSERT INTO User (account, username, name, sex, age, tel, type, auth_key) VALUES ('414274193402168999', '武家泽', '武家泽', true, '86', '13425040492', 0, 'LE4H6h41Chfg2Z1n001Bx8wCxma2HUcP');
INSERT INTO Resident (account, building, unit, room) VALUES ('414274193402168999', 87, 3, 2705);
INSERT INTO User (account, username, name, sex, age, tel, type, auth_key) VALUES ('322912194003120065', '寻霖兮', '寻霖兮', true, '80', '16666284593', 0, 'f047Ioh00ydN0K4gKJr82ssonw6UYI19');
INSERT INTO Resident (account, building, unit, room) VALUES ('322912194003120065', 59, 4, 804);
INSERT INTO User (account, username, name, sex, age, tel, type, auth_key) VALUES ('153356192304174750', '安凌', '安凌', false, '97', '18924358839', 0, 'Yp0XNuu2kiK28gS2ws6z58F2fTv70bRi');
INSERT INTO Resident (account, building, unit, room) VALUES ('153356192304174750', 66, 3, 1802);
INSERT INTO User (account, username, name, sex, age, tel, type, auth_key) VALUES ('154444195503215298', '靳家依', '靳家依', true, '65', '18602242517', 0, 'a746WfZf0ndZUWR1hDqOCEgiU7Prd8j3');
INSERT INTO Resident (account, building, unit, room) VALUES ('154444195503215298', 21, 8, 906);
INSERT INTO User (account, username, name, sex, age, tel, type, auth_key) VALUES ('541290197111222125', '於宜柏', '於宜柏', true, '49', '15373020734', 0, '4nL65Xho0EJanS9Ux0jMbZBY7HXI522T');
INSERT INTO Resident (account, building, unit, room) VALUES ('541290197111222125', 30, 7, 2304);
INSERT INTO User (account, username, name, sex, age, tel, type, auth_key) VALUES ('231916193210307104', '欧润煜', '欧润煜', true, '88', '13710223907', 0, 'lm4Ah911vWY7mhy7V70dcV8zz7l33hts');
INSERT INTO Resident (account, building, unit, room) VALUES ('231916193210307104', 53, 4, 1705);
INSERT INTO User (account, username, name, sex, age, tel, type, auth_key) VALUES ('320510196608142335', '夏奕千', '夏奕千', true, '54', '19598913902', 0, 'mMHGzgn0M4U9gM2h8tZ3p8231P6zd60x');
INSERT INTO Resident (account, building, unit, room) VALUES ('320510196608142335', 4, 4, 1303);
INSERT INTO User (account, username, name, sex, age, tel, type, auth_key) VALUES ('633602199903157736', '陈哲天', '陈哲天', false, '21', '15089847503', 0, '0UH0HZ6s2GxeOWq6yDx4Rtv3J3vM4A4E');
INSERT INTO Resident (account, building, unit, room) VALUES ('633602199903157736', 98, 2, 2004);
INSERT INTO User (account, username, name, sex, age, tel, type, auth_key) VALUES ('143197195206175216', '曹义千', '曹义千', true, '68', '15784941810', 0, 'wC5LPk7L7q4IIn1d714O7rF10ZcF1Dhl');
INSERT INTO Resident (account, building, unit, room) VALUES ('143197195206175216', 73, 1, 301);
INSERT INTO User (account, username, name, sex, age, tel, type, auth_key) VALUES ('114459198909101091', '康雅', '康雅', true, '31', '13021570801', 0, 'b54rCbkz0t1qg0A7w6OLY2L3L630qvZE');
INSERT INTO Resident (account, building, unit, room) VALUES ('114459198909101091', 51, 5, 1102);
INSERT INTO User (account, username, name, sex, age, tel, type, auth_key) VALUES ('453144199606023411', '范民', '范民', false, '24', '13682848879', 0, 'eqxsYhluX0bt99035O2L60r2j79QX6U1');
INSERT INTO Resident (account, building, unit, room) VALUES ('453144199606023411', 80, 10, 1205);
INSERT INTO User (account, username, name, sex, age, tel, type, auth_key) VALUES ('650503195503112033', '岳可', '岳可', false, '65', '19911720640', 0, 'tl0P1N27Ly3wo058DV90S25yP7xX12FZ');
INSERT INTO Resident (account, building, unit, room) VALUES ('650503195503112033', 27, 9, 1305);
INSERT INTO User (account, username, name, sex, age, tel, type, auth_key) VALUES ('234720198812037340', '吕言', '吕言', false, '32', '18704332260', 0, 'BG40ecU11Zt094ySFILB05oMPQ8PjhtE');
INSERT INTO Resident (account, building, unit, room) VALUES ('234720198812037340', 89, 9, 2405);
INSERT INTO User (account, username, name, sex, age, tel, type, auth_key) VALUES ('534051196602223363', '余力炎', '余力炎', false, '54', '15123911030', 0, '8l87hatil1dkm8oRbXU7c2lb9L65yHkW');
INSERT INTO Resident (account, building, unit, room) VALUES ('534051196602223363', 79, 8, 2606);
INSERT INTO User (account, username, name, sex, age, tel, type, auth_key) VALUES ('652530193505176258', '徐畅霖', '徐畅霖', false, '85', '18896293310', 0, '8R9f6ouC0tWHB6SpqH5KrTCw84XH3Fo9');
INSERT INTO Resident (account, building, unit, room) VALUES ('652530193505176258', 86, 5, 1304);
INSERT INTO User (account, username, name, sex, age, tel, type, auth_key) VALUES ('312328198405020384', '严立', '严立', false, '36', '18359673659', 1, 'dWPun54b61w1xyRdhjB7CVF8B5r11ht3');
INSERT INTO Committee (account, in_date, is_admin) VALUES ('312328198405020384', '20031018', false);
INSERT INTO User (account, username, name, sex, age, tel, type, auth_key) VALUES ('131603200510285135', '高阳盈', '高阳盈', false, '15', '18676305039', 0, 'vQx5Y1X47jAtw0TN0zJEF2f1I32Tgs7M');
INSERT INTO Resident (account, building, unit, room) VALUES ('131603200510285135', 9, 6, 703);
INSERT INTO User (account, username, name, sex, age, tel, type, auth_key) VALUES ('520855196407236699', '邵正本', '邵正本', true, '56', '18445844979', 0, '317Ug8l0e1ujajs9gzut9vS535Cy1jY3');
INSERT INTO Resident (account, building, unit, room) VALUES ('520855196407236699', 42, 1, 903);
INSERT INTO User (account, username, name, sex, age, tel, type, auth_key) VALUES ('111567196505105444', '胡夫敏', '胡夫敏', true, '55', '19186942369', 0, '76Z8ciQqE17H105ufI7M1v1Zb4grn9AR');
INSERT INTO Resident (account, building, unit, room) VALUES ('111567196505105444', 72, 4, 206);
INSERT INTO User (account, username, name, sex, age, tel, type, auth_key) VALUES ('812011192711140923', '巩伟樱', '巩伟樱', true, '93', '18874688661', 0, 'PLZ17SZeM9PvNs0a3b3VraLEim22QVF2');
INSERT INTO Resident (account, building, unit, room) VALUES ('812011192711140923', 96, 2, 2204);
/* 共生成用户500个*/

/* 建立Health信息 */
INSERT INTO Health (id, account, last_date, last_time, temperature) VALUES (1, '454299196602051941', '20200409', '21:23:01', 35.3);
INSERT INTO Health (id, account, last_date, last_time, temperature) VALUES (2, '442306193909245036', '20200524', '11:54:37', 36.8);
INSERT INTO Health (id, account, last_date, last_time, temperature) VALUES (3, '423583194003291621', '20200410', '23:47:42', 35.8);
INSERT INTO Health (id, account, last_date, last_time, temperature) VALUES (4, '821653196611131544', '20200307', '02:42:51', 37.2);
INSERT INTO Health (id, account, last_date, last_time, temperature) VALUES (5, '361218193407130022', '20200207', '14:37:41', 37.4);
INSERT INTO Health (id, account, last_date, last_time, temperature) VALUES (6, '351356198001088269', '20200208', '13:50:04', 36.2);
INSERT INTO Health (id, account, last_date, last_time, temperature) VALUES (7, '124754197703145840', '20200511', '18:23:18', 36.2);
INSERT INTO Health (id, account, last_date, last_time, temperature) VALUES (8, '431462193002248943', '20200417', '06:16:55', 36);
INSERT INTO Health (id, account, last_date, last_time, temperature) VALUES (9, '64060519951029171X', '20200312', '13:09:54', 37.2);
INSERT INTO Health (id, account, last_date, last_time, temperature) VALUES (10, '412132193703307464', '20200502', '15:57:06', 37.3);
INSERT INTO Health (id, account, last_date, last_time, temperature) VALUES (11, '523878200906280653', '20200506', '23:16:26', 37);
INSERT INTO Health (id, account, last_date, last_time, temperature) VALUES (12, '613856192506011863', '20200301', '07:25:18', 36.5);
INSERT INTO Health (id, account, last_date, last_time, temperature) VALUES (13, '324103193007256763', '20200405', '02:13:31', 35.7);
INSERT INTO Health (id, account, last_date, last_time, temperature) VALUES (14, '444556195805196681', '20200227', '17:31:51', 36.6);
INSERT INTO Health (id, account, last_date, last_time, temperature) VALUES (15, '452911198204247797', '20200208', '15:42:02', 36.4);
INSERT INTO Health (id, account, last_date, last_time, temperature) VALUES (16, '823054196109284094', '20200315', '21:46:23', 35.5);
INSERT INTO Health (id, account, last_date, last_time, temperature) VALUES (17, '503996199507063420', '20200224', '22:46:41', 35.5);
INSERT INTO Health (id, account, last_date, last_time, temperature) VALUES (18, '122020196306109911', '20200420', '19:04:51', 36.5);
INSERT INTO Health (id, account, last_date, last_time, temperature) VALUES (19, '611765193209126848', '20200208', '09:01:12', 36.4);
INSERT INTO Health (id, account, last_date, last_time, temperature) VALUES (20, '531265198405127477', '20200225', '22:17:51', 35);
INSERT INTO Health (id, account, last_date, last_time, temperature) VALUES (21, '122832199707269922', '20200313', '08:01:48', 36.6);
INSERT INTO Health (id, account, last_date, last_time, temperature) VALUES (22, '212415196801190150', '20200414', '14:56:37', 35.7);
INSERT INTO Health (id, account, last_date, last_time, temperature) VALUES (23, '81377119880316645X', '20200225', '05:41:47', 35.3);
INSERT INTO Health (id, account, last_date, last_time, temperature) VALUES (24, '643085193304092714', '20200205', '04:24:22', 36.2);
INSERT INTO Health (id, account, last_date, last_time, temperature) VALUES (25, '443139198809267988', '20200328', '00:57:32', 35.9);
INSERT INTO Health (id, account, last_date, last_time, temperature) VALUES (26, '21095020050630771X', '20200223', '09:51:30', 37.1);
INSERT INTO Health (id, account, last_date, last_time, temperature) VALUES (27, '340772195208220266', '20200527', '11:50:30', 37.9);
INSERT INTO Health (id, account, last_date, last_time, temperature) VALUES (28, '624641195507276650', '20200429', '15:09:16', 35.4);
INSERT INTO Health (id, account, last_date, last_time, temperature) VALUES (29, '543922201105284183', '20200424', '23:05:05', 37.3);
INSERT INTO Health (id, account, last_date, last_time, temperature) VALUES (30, '713571195409157684', '20200204', '05:21:42', 35.8);
INSERT INTO Health (id, account, last_date, last_time, temperature) VALUES (31, '452339193303179669', '20200518', '04:24:30', 35.4);
INSERT INTO Health (id, account, last_date, last_time, temperature) VALUES (32, '313620192905139300', '20200318', '05:18:00', 36.8);
INSERT INTO Health (id, account, last_date, last_time, temperature) VALUES (33, '341383192904039617', '20200501', '04:15:46', 35.5);
INSERT INTO Health (id, account, last_date, last_time, temperature) VALUES (34, '713855192309143313', '20200419', '17:14:57', 37.1);
INSERT INTO Health (id, account, last_date, last_time, temperature) VALUES (35, '622583195206081257', '20200420', '23:43:35', 36.1);
INSERT INTO Health (id, account, last_date, last_time, temperature) VALUES (36, '233410196803136459', '20200502', '00:06:43', 37.4);
INSERT INTO Health (id, account, last_date, last_time, temperature) VALUES (37, '610251200206298707', '20200508', '15:26:13', 36.9);
INSERT INTO Health (id, account, last_date, last_time, temperature) VALUES (38, '454745196211285977', '20200313', '13:58:23', 35.1);
INSERT INTO Health (id, account, last_date, last_time, temperature) VALUES (39, '432220196807027091', '20200321', '05:31:16', 35.4);
INSERT INTO Health (id, account, last_date, last_time, temperature) VALUES (40, '500223193101010978', '20200403', '23:20:10', 36.9);
INSERT INTO Health (id, account, last_date, last_time, temperature) VALUES (41, '223121197711214437', '20200504', '01:29:24', 37);
INSERT INTO Health (id, account, last_date, last_time, temperature) VALUES (42, '230491201307081048', '20200509', '09:50:08', 36.6);
INSERT INTO Health (id, account, last_date, last_time, temperature) VALUES (43, '151056197702098316', '20200201', '04:21:55', 35);
INSERT INTO Health (id, account, last_date, last_time, temperature) VALUES (44, '422375195701164932', '20200521', '11:14:07', 36.3);
INSERT INTO Health (id, account, last_date, last_time, temperature) VALUES (45, '610743196901286181', '20200509', '17:14:44', 38.1);
INSERT INTO Health (id, account, last_date, last_time, temperature) VALUES (46, '113177195010018249', '20200421', '06:12:51', 37.1);
INSERT INTO Health (id, account, last_date, last_time, temperature) VALUES (47, '133338200907034977', '20200514', '07:15:50', 35.4);
INSERT INTO Health (id, account, last_date, last_time, temperature) VALUES (48, '621603199506305073', '20200410', '19:47:14', 36);
INSERT INTO Health (id, account, last_date, last_time, temperature) VALUES (49, '353682198705260234', '20200411', '23:00:36', 36.9);
INSERT INTO Health (id, account, last_date, last_time, temperature) VALUES (50, '422920200202228982', '20200512', '19:17:29', 37.3);
INSERT INTO Health (id, account, last_date, last_time, temperature) VALUES (51, '364311194609258898', '20200420', '03:42:02', 36.2);
INSERT INTO Health (id, account, last_date, last_time, temperature) VALUES (52, '364483197807312567', '20200502', '23:23:45', 35.9);
INSERT INTO Health (id, account, last_date, last_time, temperature) VALUES (53, '652629194511307364', '20200405', '11:31:14', 37.1);
INSERT INTO Health (id, account, last_date, last_time, temperature) VALUES (54, '810164194803269833', '20200312', '00:58:30', 36.6);
INSERT INTO Health (id, account, last_date, last_time, temperature) VALUES (55, '532551197502052753', '20200215', '10:51:15', 37.1);
INSERT INTO Health (id, account, last_date, last_time, temperature) VALUES (56, '333393198807318944', '20200422', '07:06:50', 35.4);
INSERT INTO Health (id, account, last_date, last_time, temperature) VALUES (57, '54105819240812490X', '20200306', '22:27:40', 37.3);
INSERT INTO Health (id, account, last_date, last_time, temperature) VALUES (58, '37155519880512645X', '20200417', '22:29:06', 35.7);
INSERT INTO Health (id, account, last_date, last_time, temperature) VALUES (59, '362149192403095922', '20200429', '03:37:09', 36.2);
INSERT INTO Health (id, account, last_date, last_time, temperature) VALUES (60, '543897198907042460', '20200408', '12:32:31', 37.4);
INSERT INTO Health (id, account, last_date, last_time, temperature) VALUES (61, '322789196102158156', '20200223', '15:36:31', 37.2);
INSERT INTO Health (id, account, last_date, last_time, temperature) VALUES (62, '33400319480826789X', '20200228', '12:48:25', 35.5);
INSERT INTO Health (id, account, last_date, last_time, temperature) VALUES (63, '344344199507246400', '20200219', '14:55:16', 35.1);
INSERT INTO Health (id, account, last_date, last_time, temperature) VALUES (64, '812373197806018977', '20200215', '21:50:30', 37.1);
INSERT INTO Health (id, account, last_date, last_time, temperature) VALUES (65, '35124719330523266X', '20200529', '23:34:39', 35.9);
INSERT INTO Health (id, account, last_date, last_time, temperature) VALUES (66, '642759195103174827', '20200224', '10:14:42', 36.1);
INSERT INTO Health (id, account, last_date, last_time, temperature) VALUES (67, '820879197912097341', '20200426', '03:55:47', 35.6);
INSERT INTO Health (id, account, last_date, last_time, temperature) VALUES (68, '502461201109163110', '20200204', '03:46:19', 36.9);
INSERT INTO Health (id, account, last_date, last_time, temperature) VALUES (69, '504292193404306105', '20200405', '05:30:12', 37.1);
INSERT INTO Health (id, account, last_date, last_time, temperature) VALUES (70, '503699195408227737', '20200405', '17:46:14', 36);
INSERT INTO Health (id, account, last_date, last_time, temperature) VALUES (71, '644116199704260872', '20200214', '19:44:55', 35.3);
INSERT INTO Health (id, account, last_date, last_time, temperature) VALUES (72, '464444196804252580', '20200401', '21:33:40', 35.4);
INSERT INTO Health (id, account, last_date, last_time, temperature) VALUES (73, '813185199109053825', '20200305', '01:54:42', 35.4);
INSERT INTO Health (id, account, last_date, last_time, temperature) VALUES (74, '644343195011052958', '20200422', '16:06:49', 36.7);
INSERT INTO Health (id, account, last_date, last_time, temperature) VALUES (75, '212234194009019787', '20200313', '06:34:24', 36.6);
INSERT INTO Health (id, account, last_date, last_time, temperature) VALUES (76, '534512192902032620', '20200422', '11:55:19', 35.7);
INSERT INTO Health (id, account, last_date, last_time, temperature) VALUES (77, '544880199403100713', '20200517', '11:07:56', 35.9);
INSERT INTO Health (id, account, last_date, last_time, temperature) VALUES (78, '510834197111042905', '20200204', '07:09:55', 36.3);
INSERT INTO Health (id, account, last_date, last_time, temperature) VALUES (79, '224166200202230492', '20200513', '18:36:58', 36.1);
INSERT INTO Health (id, account, last_date, last_time, temperature) VALUES (80, '522228197008125496', '20200508', '05:33:54', 37);
INSERT INTO Health (id, account, last_date, last_time, temperature) VALUES (81, '613832192505256434', '20200315', '12:02:59', 36.7);
INSERT INTO Health (id, account, last_date, last_time, temperature) VALUES (82, '812559199801308349', '20200523', '06:55:36', 37.4);
INSERT INTO Health (id, account, last_date, last_time, temperature) VALUES (83, '814366195112126204', '20200224', '09:16:17', 36.7);
INSERT INTO Health (id, account, last_date, last_time, temperature) VALUES (84, '654257200502086661', '20200503', '04:13:35', 36.9);
INSERT INTO Health (id, account, last_date, last_time, temperature) VALUES (85, '53446919530823202X', '20200527', '19:53:19', 36.5);
INSERT INTO Health (id, account, last_date, last_time, temperature) VALUES (86, '33437019311015560X', '20200215', '06:16:51', 35.9);
INSERT INTO Health (id, account, last_date, last_time, temperature) VALUES (87, '433564195210149100', '20200314', '10:57:36', 37.1);
INSERT INTO Health (id, account, last_date, last_time, temperature) VALUES (88, '231869193111247285', '20200204', '23:33:39', 36);
INSERT INTO Health (id, account, last_date, last_time, temperature) VALUES (89, '631134200912119427', '20200303', '00:38:40', 36.6);
INSERT INTO Health (id, account, last_date, last_time, temperature) VALUES (90, '323410196308298331', '20200517', '06:16:34', 36.6);
INSERT INTO Health (id, account, last_date, last_time, temperature) VALUES (91, '343162201005234598', '20200310', '22:59:52', 36.9);
INSERT INTO Health (id, account, last_date, last_time, temperature) VALUES (92, '360798198609275484', '20200503', '06:31:13', 37.1);
INSERT INTO Health (id, account, last_date, last_time, temperature) VALUES (93, '231185196911062123', '20200504', '12:51:10', 35.6);
INSERT INTO Health (id, account, last_date, last_time, temperature) VALUES (94, '511712200512112477', '20200225', '07:15:23', 37.9);
INSERT INTO Health (id, account, last_date, last_time, temperature) VALUES (95, '541293200604212671', '20200421', '19:07:26', 35.7);
INSERT INTO Health (id, account, last_date, last_time, temperature) VALUES (96, '344860201404253287', '20200218', '02:49:43', 37.2);
INSERT INTO Health (id, account, last_date, last_time, temperature) VALUES (97, '454564198007128811', '20200225', '06:26:04', 37.5);
INSERT INTO Health (id, account, last_date, last_time, temperature) VALUES (98, '540462195206153501', '20200526', '23:14:43', 35.8);
INSERT INTO Health (id, account, last_date, last_time, temperature) VALUES (99, '642976199101038799', '20200410', '19:43:35', 35.7);
INSERT INTO Health (id, account, last_date, last_time, temperature) VALUES (100, '503380193702182092', '20200409', '01:46:03', 37.1);
INSERT INTO Health (id, account, last_date, last_time, temperature) VALUES (101, '533703196406260305', '20200311', '22:54:04', 35.2);
INSERT INTO Health (id, account, last_date, last_time, temperature) VALUES (102, '362917198406131616', '20200511', '01:27:46', 37.2);
INSERT INTO Health (id, account, last_date, last_time, temperature) VALUES (103, '361171193111085005', '20200406', '22:28:30', 36.4);
INSERT INTO Health (id, account, last_date, last_time, temperature) VALUES (104, '541329199110121004', '20200406', '14:58:26', 35.9);
INSERT INTO Health (id, account, last_date, last_time, temperature) VALUES (105, '46217519650529109X', '20200423', '12:43:04', 36.6);
INSERT INTO Health (id, account, last_date, last_time, temperature) VALUES (106, '441097195111040890', '20200323', '02:07:35', 36);
INSERT INTO Health (id, account, last_date, last_time, temperature) VALUES (107, '42311120090624278X', '20200403', '19:58:02', 36.8);
INSERT INTO Health (id, account, last_date, last_time, temperature) VALUES (108, '450527193408274756', '20200331', '14:56:12', 35.4);
INSERT INTO Health (id, account, last_date, last_time, temperature) VALUES (109, '811459199604182838', '20200525', '17:29:33', 36.1);
INSERT INTO Health (id, account, last_date, last_time, temperature) VALUES (110, '823658198211276998', '20200302', '04:58:11', 36.5);
INSERT INTO Health (id, account, last_date, last_time, temperature) VALUES (111, '510686198901279102', '20200410', '02:22:42', 35.8);
INSERT INTO Health (id, account, last_date, last_time, temperature) VALUES (112, '442465193001014909', '20200327', '11:30:21', 35.2);
INSERT INTO Health (id, account, last_date, last_time, temperature) VALUES (113, '654833193504272282', '20200207', '20:27:58', 35.2);
INSERT INTO Health (id, account, last_date, last_time, temperature) VALUES (114, '820189195903239120', '20200530', '06:01:11', 36.3);
INSERT INTO Health (id, account, last_date, last_time, temperature) VALUES (115, '644307196505124688', '20200430', '11:02:19', 37.4);
INSERT INTO Health (id, account, last_date, last_time, temperature) VALUES (116, '15185319400530745X', '20200406', '12:07:45', 36.5);
INSERT INTO Health (id, account, last_date, last_time, temperature) VALUES (117, '503959195707074727', '20200210', '06:27:21', 37);
INSERT INTO Health (id, account, last_date, last_time, temperature) VALUES (118, '624073195012264126', '20200520', '00:02:05', 35.4);
INSERT INTO Health (id, account, last_date, last_time, temperature) VALUES (119, '433199198504036320', '20200329', '07:12:57', 35.3);
INSERT INTO Health (id, account, last_date, last_time, temperature) VALUES (120, '501297200007283742', '20200410', '18:47:55', 36);
INSERT INTO Health (id, account, last_date, last_time, temperature) VALUES (121, '650487194303039214', '20200306', '06:56:56', 35.8);
INSERT INTO Health (id, account, last_date, last_time, temperature) VALUES (122, '344595199801230739', '20200214', '03:31:17', 35.8);
INSERT INTO Health (id, account, last_date, last_time, temperature) VALUES (123, '121042195707297734', '20200219', '05:26:56', 37.8);
INSERT INTO Health (id, account, last_date, last_time, temperature) VALUES (124, '344074194411210979', '20200525', '20:18:40', 35.2);
INSERT INTO Health (id, account, last_date, last_time, temperature) VALUES (125, '211093195009012466', '20200321', '04:03:16', 35.4);
INSERT INTO Health (id, account, last_date, last_time, temperature) VALUES (126, '541639199411301694', '20200225', '22:03:37', 35.1);
INSERT INTO Health (id, account, last_date, last_time, temperature) VALUES (127, '211668192512100152', '20200530', '13:10:07', 37.3);
INSERT INTO Health (id, account, last_date, last_time, temperature) VALUES (128, '371954200602263435', '20200524', '10:29:56', 36.3);
INSERT INTO Health (id, account, last_date, last_time, temperature) VALUES (129, '343617197801176006', '20200318', '16:02:09', 35.1);
INSERT INTO Health (id, account, last_date, last_time, temperature) VALUES (130, '530766195710316166', '20200324', '01:17:23', 36.1);
INSERT INTO Health (id, account, last_date, last_time, temperature) VALUES (131, '232082200403136110', '20200414', '15:11:24', 36.7);
INSERT INTO Health (id, account, last_date, last_time, temperature) VALUES (132, '351933192404061295', '20200210', '04:18:03', 38.3);
INSERT INTO Health (id, account, last_date, last_time, temperature) VALUES (133, '613826198111047435', '20200309', '19:14:47', 35.8);
INSERT INTO Health (id, account, last_date, last_time, temperature) VALUES (134, '220475197803187926', '20200222', '20:11:13', 35.3);
INSERT INTO Health (id, account, last_date, last_time, temperature) VALUES (135, '623777197706153946', '20200308', '20:57:09', 35.6);
INSERT INTO Health (id, account, last_date, last_time, temperature) VALUES (136, '230423193804307957', '20200517', '19:02:45', 36.5);
INSERT INTO Health (id, account, last_date, last_time, temperature) VALUES (137, '81350519531022642X', '20200201', '20:15:46', 35.7);
INSERT INTO Health (id, account, last_date, last_time, temperature) VALUES (138, '822380201005026777', '20200306', '08:12:41', 37.6);
INSERT INTO Health (id, account, last_date, last_time, temperature) VALUES (139, '441049199208139755', '20200513', '04:11:03', 35.5);
INSERT INTO Health (id, account, last_date, last_time, temperature) VALUES (140, '811412194911235974', '20200531', '06:21:53', 37.2);
INSERT INTO Health (id, account, last_date, last_time, temperature) VALUES (141, '144555193007283142', '20200224', '20:22:41', 35.8);
INSERT INTO Health (id, account, last_date, last_time, temperature) VALUES (142, '124398194402055636', '20200519', '05:36:04', 35.3);
INSERT INTO Health (id, account, last_date, last_time, temperature) VALUES (143, '441468198111037862', '20200406', '21:35:02', 35.6);
INSERT INTO Health (id, account, last_date, last_time, temperature) VALUES (144, '414077199102048502', '20200427', '05:44:53', 36.2);
INSERT INTO Health (id, account, last_date, last_time, temperature) VALUES (145, '621890198906260798', '20200521', '17:13:49', 35.5);
INSERT INTO Health (id, account, last_date, last_time, temperature) VALUES (146, '621333198311266646', '20200224', '17:55:37', 36.4);
INSERT INTO Health (id, account, last_date, last_time, temperature) VALUES (147, '533459200310114010', '20200224', '17:12:17', 36.4);
INSERT INTO Health (id, account, last_date, last_time, temperature) VALUES (148, '433765195505173421', '20200403', '17:17:15', 37.2);
INSERT INTO Health (id, account, last_date, last_time, temperature) VALUES (149, '64374919780818562X', '20200424', '05:18:34', 35.4);
INSERT INTO Health (id, account, last_date, last_time, temperature) VALUES (150, '521980196205134769', '20200430', '06:37:26', 37.4);
INSERT INTO Health (id, account, last_date, last_time, temperature) VALUES (151, '620842197801123755', '20200407', '23:38:34', 36.5);
INSERT INTO Health (id, account, last_date, last_time, temperature) VALUES (152, '354223199511286675', '20200223', '09:18:56', 37.3);
INSERT INTO Health (id, account, last_date, last_time, temperature) VALUES (153, '410905197603209880', '20200305', '16:27:36', 37);
INSERT INTO Health (id, account, last_date, last_time, temperature) VALUES (154, '444020195707086471', '20200424', '19:18:09', 37.1);
INSERT INTO Health (id, account, last_date, last_time, temperature) VALUES (155, '43319219890621809X', '20200526', '00:09:35', 36.5);
INSERT INTO Health (id, account, last_date, last_time, temperature) VALUES (156, '642345195109253072', '20200216', '13:05:15', 35.2);
INSERT INTO Health (id, account, last_date, last_time, temperature) VALUES (157, '214129197510191186', '20200503', '08:22:07', 35.2);
INSERT INTO Health (id, account, last_date, last_time, temperature) VALUES (158, '152845199501113916', '20200205', '09:22:31', 36.7);
INSERT INTO Health (id, account, last_date, last_time, temperature) VALUES (159, '512723199011055025', '20200302', '18:25:37', 36.4);
INSERT INTO Health (id, account, last_date, last_time, temperature) VALUES (160, '334446199104195709', '20200411', '14:16:34', 36.3);
INSERT INTO Health (id, account, last_date, last_time, temperature) VALUES (161, '53176219610920131X', '20200404', '07:49:18', 36.2);
INSERT INTO Health (id, account, last_date, last_time, temperature) VALUES (162, '544975200311065354', '20200517', '14:53:08', 36.2);
INSERT INTO Health (id, account, last_date, last_time, temperature) VALUES (163, '353072201301250107', '20200420', '15:47:12', 35.7);
INSERT INTO Health (id, account, last_date, last_time, temperature) VALUES (164, '334748198004213781', '20200317', '03:50:43', 36.9);
INSERT INTO Health (id, account, last_date, last_time, temperature) VALUES (165, '535063194607205081', '20200214', '20:34:55', 36.8);
INSERT INTO Health (id, account, last_date, last_time, temperature) VALUES (166, '630629198310230851', '20200315', '04:11:52', 36.4);
INSERT INTO Health (id, account, last_date, last_time, temperature) VALUES (167, '541582192708264861', '20200510', '15:13:16', 36.6);
INSERT INTO Health (id, account, last_date, last_time, temperature) VALUES (168, '633124199910012475', '20200513', '20:51:59', 35);
INSERT INTO Health (id, account, last_date, last_time, temperature) VALUES (169, '130825196612309466', '20200422', '00:36:56', 35);
INSERT INTO Health (id, account, last_date, last_time, temperature) VALUES (170, '462899199408257172', '20200218', '19:33:06', 35.8);
INSERT INTO Health (id, account, last_date, last_time, temperature) VALUES (171, '541820196905203062', '20200209', '09:08:44', 35.2);
INSERT INTO Health (id, account, last_date, last_time, temperature) VALUES (172, '143006195505209350', '20200406', '18:30:46', 35.8);
INSERT INTO Health (id, account, last_date, last_time, temperature) VALUES (173, '641282196612101659', '20200219', '18:59:46', 36.8);
INSERT INTO Health (id, account, last_date, last_time, temperature) VALUES (174, '411253193510174921', '20200321', '18:21:40', 37.4);
INSERT INTO Health (id, account, last_date, last_time, temperature) VALUES (175, '334719193909241160', '20200313', '21:29:22', 36.9);
INSERT INTO Health (id, account, last_date, last_time, temperature) VALUES (176, '340882198101304406', '20200521', '03:41:00', 36.2);
INSERT INTO Health (id, account, last_date, last_time, temperature) VALUES (177, '34364619650107764X', '20200313', '02:47:49', 37);
INSERT INTO Health (id, account, last_date, last_time, temperature) VALUES (178, '121473198508081155', '20200211', '01:56:12', 36.9);
INSERT INTO Health (id, account, last_date, last_time, temperature) VALUES (179, '612216199506225894', '20200410', '19:58:36', 36.5);
INSERT INTO Health (id, account, last_date, last_time, temperature) VALUES (180, '124259201010072335', '20200410', '02:55:37', 35.7);
INSERT INTO Health (id, account, last_date, last_time, temperature) VALUES (181, '114051201001243623', '20200519', '01:44:08', 36.7);
INSERT INTO Health (id, account, last_date, last_time, temperature) VALUES (182, '143564194706191720', '20200310', '08:03:03', 36.3);
INSERT INTO Health (id, account, last_date, last_time, temperature) VALUES (183, '411118195211100758', '20200419', '04:37:43', 38.1);
INSERT INTO Health (id, account, last_date, last_time, temperature) VALUES (184, '504289201103112216', '20200407', '04:16:56', 37.2);
INSERT INTO Health (id, account, last_date, last_time, temperature) VALUES (185, '502886195702052811', '20200227', '05:38:56', 37.2);
INSERT INTO Health (id, account, last_date, last_time, temperature) VALUES (186, '501559194012214674', '20200525', '08:56:49', 36.1);
INSERT INTO Health (id, account, last_date, last_time, temperature) VALUES (187, '531148198508282527', '20200425', '15:12:58', 37);
INSERT INTO Health (id, account, last_date, last_time, temperature) VALUES (188, '812095196910262485', '20200330', '11:20:58', 35.3);
INSERT INTO Health (id, account, last_date, last_time, temperature) VALUES (189, '121063197908281444', '20200302', '09:09:50', 37.1);
INSERT INTO Health (id, account, last_date, last_time, temperature) VALUES (190, '341223195305034838', '20200226', '15:25:21', 37.2);
INSERT INTO Health (id, account, last_date, last_time, temperature) VALUES (191, '644440194603171095', '20200405', '20:57:19', 35.1);
INSERT INTO Health (id, account, last_date, last_time, temperature) VALUES (192, '540252192808046111', '20200311', '14:08:35', 35.9);
INSERT INTO Health (id, account, last_date, last_time, temperature) VALUES (193, '330732196901091491', '20200412', '18:53:40', 35.9);
INSERT INTO Health (id, account, last_date, last_time, temperature) VALUES (194, '340514193010252949', '20200430', '16:05:57', 37.4);
INSERT INTO Health (id, account, last_date, last_time, temperature) VALUES (195, '231286199205256678', '20200426', '20:43:32', 37.3);
INSERT INTO Health (id, account, last_date, last_time, temperature) VALUES (196, '420679196712218385', '20200519', '21:26:11', 35.8);
INSERT INTO Health (id, account, last_date, last_time, temperature) VALUES (197, '451774197810269484', '20200531', '10:58:34', 36.8);
INSERT INTO Health (id, account, last_date, last_time, temperature) VALUES (198, '431787201207286838', '20200406', '08:56:07', 35.1);
INSERT INTO Health (id, account, last_date, last_time, temperature) VALUES (199, '311732194701014717', '20200428', '05:45:59', 36);
INSERT INTO Health (id, account, last_date, last_time, temperature) VALUES (200, '611517197110124002', '20200512', '17:43:18', 35.9);
INSERT INTO Health (id, account, last_date, last_time, temperature) VALUES (201, '123326201005229066', '20200211', '08:13:58', 35.8);
INSERT INTO Health (id, account, last_date, last_time, temperature) VALUES (202, '314894201408020893', '20200523', '01:21:24', 36.8);
INSERT INTO Health (id, account, last_date, last_time, temperature) VALUES (203, '11155619640521698X', '20200308', '18:17:30', 36.9);
INSERT INTO Health (id, account, last_date, last_time, temperature) VALUES (204, '33079820060712259X', '20200321', '09:35:07', 35.1);
INSERT INTO Health (id, account, last_date, last_time, temperature) VALUES (205, '710933198804084231', '20200206', '04:40:46', 36.6);
INSERT INTO Health (id, account, last_date, last_time, temperature) VALUES (206, '642369199309088104', '20200529', '02:34:16', 36.7);
INSERT INTO Health (id, account, last_date, last_time, temperature) VALUES (207, '710432197202154926', '20200308', '00:30:49', 35.8);
INSERT INTO Health (id, account, last_date, last_time, temperature) VALUES (208, '431774199809099911', '20200215', '22:27:44', 35);
INSERT INTO Health (id, account, last_date, last_time, temperature) VALUES (209, '425093192408253624', '20200214', '07:12:12', 35.2);
INSERT INTO Health (id, account, last_date, last_time, temperature) VALUES (210, '420599199912167067', '20200214', '04:18:55', 35.9);
INSERT INTO Health (id, account, last_date, last_time, temperature) VALUES (211, '812135195009162117', '20200228', '09:48:22', 36.6);
INSERT INTO Health (id, account, last_date, last_time, temperature) VALUES (212, '714606196003096005', '20200329', '06:21:43', 35.2);
INSERT INTO Health (id, account, last_date, last_time, temperature) VALUES (213, '110712197301241100', '20200207', '08:06:26', 35.2);
INSERT INTO Health (id, account, last_date, last_time, temperature) VALUES (214, '461203192606110159', '20200224', '14:41:20', 36.9);
INSERT INTO Health (id, account, last_date, last_time, temperature) VALUES (215, '352359196203201383', '20200512', '12:35:39', 36.3);
INSERT INTO Health (id, account, last_date, last_time, temperature) VALUES (216, '463068192805295355', '20200206', '03:55:12', 36.9);
INSERT INTO Health (id, account, last_date, last_time, temperature) VALUES (217, '211394193403031958', '20200216', '23:24:20', 36.9);
INSERT INTO Health (id, account, last_date, last_time, temperature) VALUES (218, '654618194006296410', '20200329', '16:39:17', 36.3);
INSERT INTO Health (id, account, last_date, last_time, temperature) VALUES (219, '441775197410294210', '20200312', '02:03:30', 35.3);
INSERT INTO Health (id, account, last_date, last_time, temperature) VALUES (220, '132407195506183778', '20200322', '13:07:21', 36.6);
INSERT INTO Health (id, account, last_date, last_time, temperature) VALUES (221, '461929194302078957', '20200205', '21:36:56', 35.1);
INSERT INTO Health (id, account, last_date, last_time, temperature) VALUES (222, '423809198407246641', '20200515', '10:32:24', 35.5);
INSERT INTO Health (id, account, last_date, last_time, temperature) VALUES (223, '631784199007067186', '20200213', '01:12:21', 37);
INSERT INTO Health (id, account, last_date, last_time, temperature) VALUES (224, '21167619430217375X', '20200204', '10:31:33', 35.6);
INSERT INTO Health (id, account, last_date, last_time, temperature) VALUES (225, '372173196811178997', '20200505', '01:33:29', 35.4);
INSERT INTO Health (id, account, last_date, last_time, temperature) VALUES (226, '511592196604135291', '20200217', '05:21:22', 37.1);
INSERT INTO Health (id, account, last_date, last_time, temperature) VALUES (227, '511550196810227077', '20200406', '20:02:25', 36.8);
INSERT INTO Health (id, account, last_date, last_time, temperature) VALUES (228, '231950194412287780', '20200325', '20:34:43', 36.1);
INSERT INTO Health (id, account, last_date, last_time, temperature) VALUES (229, '504296193307179613', '20200402', '19:02:54', 36.5);
INSERT INTO Health (id, account, last_date, last_time, temperature) VALUES (230, '453597196401281491', '20200523', '00:20:58', 36.1);
INSERT INTO Health (id, account, last_date, last_time, temperature) VALUES (231, '631327199608156526', '20200220', '08:46:41', 38);
INSERT INTO Health (id, account, last_date, last_time, temperature) VALUES (232, '610173195603228247', '20200502', '18:52:04', 37.2);
INSERT INTO Health (id, account, last_date, last_time, temperature) VALUES (233, '153294193201273385', '20200312', '20:09:08', 36.6);
INSERT INTO Health (id, account, last_date, last_time, temperature) VALUES (234, '442812194207135197', '20200531', '04:50:42', 36.6);
INSERT INTO Health (id, account, last_date, last_time, temperature) VALUES (235, '131263198910224601', '20200427', '07:42:27', 37);
INSERT INTO Health (id, account, last_date, last_time, temperature) VALUES (236, '333170195811223987', '20200520', '05:48:56', 36.8);
INSERT INTO Health (id, account, last_date, last_time, temperature) VALUES (237, '631799199407094948', '20200205', '02:37:15', 36.3);
INSERT INTO Health (id, account, last_date, last_time, temperature) VALUES (238, '221388193401248687', '20200302', '23:28:08', 36.8);
INSERT INTO Health (id, account, last_date, last_time, temperature) VALUES (239, '314274195611076326', '20200206', '08:43:49', 35.3);
INSERT INTO Health (id, account, last_date, last_time, temperature) VALUES (240, '122263198311189181', '20200314', '04:20:19', 35.2);
INSERT INTO Health (id, account, last_date, last_time, temperature) VALUES (241, '320537197503048367', '20200513', '08:50:07', 36.4);
INSERT INTO Health (id, account, last_date, last_time, temperature) VALUES (242, '431577200501037120', '20200314', '03:12:17', 36.5);
INSERT INTO Health (id, account, last_date, last_time, temperature) VALUES (243, '713291193902135779', '20200420', '19:38:52', 35.2);
INSERT INTO Health (id, account, last_date, last_time, temperature) VALUES (244, '413174197904064058', '20200328', '23:47:13', 36.8);
INSERT INTO Health (id, account, last_date, last_time, temperature) VALUES (245, '233785199904199765', '20200327', '19:36:27', 36.3);
INSERT INTO Health (id, account, last_date, last_time, temperature) VALUES (246, '373731198004210887', '20200404', '16:51:25', 36.7);
INSERT INTO Health (id, account, last_date, last_time, temperature) VALUES (247, '331173199009218728', '20200527', '09:29:40', 37.3);
INSERT INTO Health (id, account, last_date, last_time, temperature) VALUES (248, '431010193708300962', '20200530', '14:25:01', 35.1);
INSERT INTO Health (id, account, last_date, last_time, temperature) VALUES (249, '654991199911112660', '20200228', '05:15:41', 36.6);
INSERT INTO Health (id, account, last_date, last_time, temperature) VALUES (250, '352107200506248180', '20200430', '04:46:56', 35.8);
INSERT INTO Health (id, account, last_date, last_time, temperature) VALUES (251, '331748199803178204', '20200227', '17:54:25', 37.4);
INSERT INTO Health (id, account, last_date, last_time, temperature) VALUES (252, '714194198811033247', '20200422', '02:38:24', 35.9);
INSERT INTO Health (id, account, last_date, last_time, temperature) VALUES (253, '144079192602168163', '20200427', '21:55:19', 36.8);
INSERT INTO Health (id, account, last_date, last_time, temperature) VALUES (254, '644305200307040217', '20200507', '01:56:46', 35.2);
INSERT INTO Health (id, account, last_date, last_time, temperature) VALUES (255, '64377219880529121X', '20200324', '03:16:51', 36.9);
INSERT INTO Health (id, account, last_date, last_time, temperature) VALUES (256, '53126019740704311X', '20200504', '02:39:26', 37.8);
INSERT INTO Health (id, account, last_date, last_time, temperature) VALUES (257, '540449195308118524', '20200217', '12:00:10', 36);
INSERT INTO Health (id, account, last_date, last_time, temperature) VALUES (258, '231141197112230129', '20200417', '15:44:14', 36.3);
INSERT INTO Health (id, account, last_date, last_time, temperature) VALUES (259, '454343195101316724', '20200402', '00:14:13', 38.3);
INSERT INTO Health (id, account, last_date, last_time, temperature) VALUES (260, '143128194209132742', '20200420', '15:10:35', 38.1);
INSERT INTO Health (id, account, last_date, last_time, temperature) VALUES (261, '541912195502046453', '20200430', '08:43:25', 37);
INSERT INTO Health (id, account, last_date, last_time, temperature) VALUES (262, '114949195705196937', '20200515', '12:00:49', 36.3);
INSERT INTO Health (id, account, last_date, last_time, temperature) VALUES (263, '14087719370128006X', '20200503', '07:26:32', 36.5);
INSERT INTO Health (id, account, last_date, last_time, temperature) VALUES (264, '524446197311062132', '20200501', '16:36:19', 35.1);
INSERT INTO Health (id, account, last_date, last_time, temperature) VALUES (265, '420452196602234732', '20200507', '03:46:26', 36.2);
INSERT INTO Health (id, account, last_date, last_time, temperature) VALUES (266, '454798197009017157', '20200411', '10:27:16', 36.2);
INSERT INTO Health (id, account, last_date, last_time, temperature) VALUES (267, '460331195503169862', '20200527', '00:43:44', 36.5);
INSERT INTO Health (id, account, last_date, last_time, temperature) VALUES (268, '54248419691128490X', '20200415', '21:29:45', 35.9);
INSERT INTO Health (id, account, last_date, last_time, temperature) VALUES (269, '421152192708062180', '20200328', '21:18:19', 37);
INSERT INTO Health (id, account, last_date, last_time, temperature) VALUES (270, '514309197503207414', '20200519', '08:13:40', 35.7);
INSERT INTO Health (id, account, last_date, last_time, temperature) VALUES (271, '151867195601047817', '20200220', '03:29:37', 36.6);
INSERT INTO Health (id, account, last_date, last_time, temperature) VALUES (272, '113420196412200708', '20200410', '14:34:10', 36.6);
INSERT INTO Health (id, account, last_date, last_time, temperature) VALUES (273, '231031198306036882', '20200428', '04:00:58', 35.9);
INSERT INTO Health (id, account, last_date, last_time, temperature) VALUES (274, '512229199507245087', '20200318', '15:50:28', 35.4);
INSERT INTO Health (id, account, last_date, last_time, temperature) VALUES (275, '524516201203096137', '20200208', '01:56:31', 35.5);
INSERT INTO Health (id, account, last_date, last_time, temperature) VALUES (276, '134718192903162619', '20200330', '20:33:06', 36.6);
INSERT INTO Health (id, account, last_date, last_time, temperature) VALUES (277, '710307198005298355', '20200518', '02:26:45', 36.4);
INSERT INTO Health (id, account, last_date, last_time, temperature) VALUES (278, '621831198612229883', '20200317', '06:46:35', 35);
INSERT INTO Health (id, account, last_date, last_time, temperature) VALUES (279, '323118193304194170', '20200201', '09:40:53', 35.4);
INSERT INTO Health (id, account, last_date, last_time, temperature) VALUES (280, '424479200011218951', '20200327', '06:08:21', 37.3);
INSERT INTO Health (id, account, last_date, last_time, temperature) VALUES (281, '543438201201025369', '20200225', '23:30:37', 35.8);
INSERT INTO Health (id, account, last_date, last_time, temperature) VALUES (282, '423037200007132222', '20200514', '13:37:56', 36.6);
INSERT INTO Health (id, account, last_date, last_time, temperature) VALUES (283, '444866199205268207', '20200530', '04:57:44', 36.5);
INSERT INTO Health (id, account, last_date, last_time, temperature) VALUES (284, '363721195903301478', '20200517', '04:21:23', 35);
INSERT INTO Health (id, account, last_date, last_time, temperature) VALUES (285, '454305193712132283', '20200216', '17:26:29', 36.9);
INSERT INTO Health (id, account, last_date, last_time, temperature) VALUES (286, '652803200603047195', '20200524', '04:55:52', 36.1);
INSERT INTO Health (id, account, last_date, last_time, temperature) VALUES (287, '531359199108164936', '20200530', '09:27:20', 37.4);
INSERT INTO Health (id, account, last_date, last_time, temperature) VALUES (288, '124983195506195823', '20200416', '07:50:40', 36.2);
INSERT INTO Health (id, account, last_date, last_time, temperature) VALUES (289, '342199198902120089', '20200308', '02:36:43', 35.5);
INSERT INTO Health (id, account, last_date, last_time, temperature) VALUES (290, '223942195003148069', '20200315', '04:28:15', 37);
INSERT INTO Health (id, account, last_date, last_time, temperature) VALUES (291, '124050200702073830', '20200412', '08:30:05', 35.1);
INSERT INTO Health (id, account, last_date, last_time, temperature) VALUES (292, '511737199307090649', '20200218', '21:50:03', 35.5);
INSERT INTO Health (id, account, last_date, last_time, temperature) VALUES (293, '71274019231201350X', '20200320', '02:35:01', 37);
INSERT INTO Health (id, account, last_date, last_time, temperature) VALUES (294, '32171619810604300X', '20200208', '04:52:57', 36.2);
INSERT INTO Health (id, account, last_date, last_time, temperature) VALUES (295, '234624195409070132', '20200329', '17:06:47', 36.1);
INSERT INTO Health (id, account, last_date, last_time, temperature) VALUES (296, '373732195502260260', '20200530', '09:01:33', 35.1);
INSERT INTO Health (id, account, last_date, last_time, temperature) VALUES (297, '520640196406265053', '20200323', '07:15:24', 35.1);
INSERT INTO Health (id, account, last_date, last_time, temperature) VALUES (298, '124238200303057246', '20200421', '12:16:13', 35.1);
INSERT INTO Health (id, account, last_date, last_time, temperature) VALUES (299, '121507193006251208', '20200209', '05:32:45', 35.3);
INSERT INTO Health (id, account, last_date, last_time, temperature) VALUES (300, '110121199111295279', '20200225', '08:58:42', 36);
INSERT INTO Health (id, account, last_date, last_time, temperature) VALUES (301, '432070199612212403', '20200307', '03:39:08', 35.1);
INSERT INTO Health (id, account, last_date, last_time, temperature) VALUES (302, '443827196709096363', '20200307', '13:02:53', 37.1);
INSERT INTO Health (id, account, last_date, last_time, temperature) VALUES (303, '631303199005237729', '20200526', '11:58:21', 35.9);
INSERT INTO Health (id, account, last_date, last_time, temperature) VALUES (304, '522707196008310108', '20200504', '12:19:26', 36.1);
INSERT INTO Health (id, account, last_date, last_time, temperature) VALUES (305, '811250198011024501', '20200201', '21:53:53', 35.7);
INSERT INTO Health (id, account, last_date, last_time, temperature) VALUES (306, '62427619970221402X', '20200428', '22:40:43', 35);
INSERT INTO Health (id, account, last_date, last_time, temperature) VALUES (307, '342806199504151049', '20200430', '19:54:17', 36);
INSERT INTO Health (id, account, last_date, last_time, temperature) VALUES (308, '220146193511130106', '20200211', '12:51:40', 37.7);
INSERT INTO Health (id, account, last_date, last_time, temperature) VALUES (309, '232207192808037305', '20200223', '14:56:26', 36.6);
INSERT INTO Health (id, account, last_date, last_time, temperature) VALUES (310, '81400519311224794X', '20200223', '23:36:04', 36.1);
INSERT INTO Health (id, account, last_date, last_time, temperature) VALUES (311, '412938199810308936', '20200207', '14:34:42', 36.8);
INSERT INTO Health (id, account, last_date, last_time, temperature) VALUES (312, '422047192408193790', '20200531', '01:14:54', 37.3);
INSERT INTO Health (id, account, last_date, last_time, temperature) VALUES (313, '814322194411111383', '20200518', '13:04:09', 36.6);
INSERT INTO Health (id, account, last_date, last_time, temperature) VALUES (314, '813043197709020152', '20200304', '17:16:32', 35.8);
INSERT INTO Health (id, account, last_date, last_time, temperature) VALUES (315, '460457201303093946', '20200417', '03:32:00', 36.1);
INSERT INTO Health (id, account, last_date, last_time, temperature) VALUES (316, '500241195205258912', '20200529', '10:21:50', 36.3);
INSERT INTO Health (id, account, last_date, last_time, temperature) VALUES (317, '234116193110092508', '20200403', '02:29:36', 35);
INSERT INTO Health (id, account, last_date, last_time, temperature) VALUES (318, '820540193111160036', '20200520', '19:34:50', 35.8);
INSERT INTO Health (id, account, last_date, last_time, temperature) VALUES (319, '714277197211038960', '20200211', '18:06:50', 35.1);
INSERT INTO Health (id, account, last_date, last_time, temperature) VALUES (320, '232934200204287350', '20200303', '15:10:29', 37.4);
INSERT INTO Health (id, account, last_date, last_time, temperature) VALUES (321, '370112200701150099', '20200321', '21:32:32', 37);
INSERT INTO Health (id, account, last_date, last_time, temperature) VALUES (322, '461898194409286532', '20200525', '13:00:24', 36.6);
INSERT INTO Health (id, account, last_date, last_time, temperature) VALUES (323, '612883199008204812', '20200418', '12:02:26', 36.2);
INSERT INTO Health (id, account, last_date, last_time, temperature) VALUES (324, '321010197304272104', '20200314', '00:30:15', 36.1);
INSERT INTO Health (id, account, last_date, last_time, temperature) VALUES (325, '232846199010224910', '20200221', '15:27:13', 36.9);
INSERT INTO Health (id, account, last_date, last_time, temperature) VALUES (326, '334074195202049925', '20200312', '00:25:28', 36.3);
INSERT INTO Health (id, account, last_date, last_time, temperature) VALUES (327, '620152196802127166', '20200210', '08:59:50', 36.4);
INSERT INTO Health (id, account, last_date, last_time, temperature) VALUES (328, '500872196503072823', '20200516', '06:33:48', 35.9);
INSERT INTO Health (id, account, last_date, last_time, temperature) VALUES (329, '324548198610288431', '20200517', '15:55:10', 36.4);
INSERT INTO Health (id, account, last_date, last_time, temperature) VALUES (330, '11109219900731094X', '20200321', '19:36:59', 35.7);
INSERT INTO Health (id, account, last_date, last_time, temperature) VALUES (331, '810745195601086977', '20200309', '22:37:47', 35.4);
INSERT INTO Health (id, account, last_date, last_time, temperature) VALUES (332, '812268195407312807', '20200513', '00:20:03', 35.7);
INSERT INTO Health (id, account, last_date, last_time, temperature) VALUES (333, '512676198804063823', '20200328', '21:01:05', 35.3);
INSERT INTO Health (id, account, last_date, last_time, temperature) VALUES (334, '133183193311263273', '20200518', '14:23:09', 37.2);
INSERT INTO Health (id, account, last_date, last_time, temperature) VALUES (335, '821597197801058221', '20200516', '06:32:17', 35.5);
INSERT INTO Health (id, account, last_date, last_time, temperature) VALUES (336, '464385195907296768', '20200325', '22:05:13', 36);
INSERT INTO Health (id, account, last_date, last_time, temperature) VALUES (337, '375039198906121806', '20200527', '02:43:08', 37.4);
INSERT INTO Health (id, account, last_date, last_time, temperature) VALUES (338, '414737196508210839', '20200415', '02:37:17', 35.5);
INSERT INTO Health (id, account, last_date, last_time, temperature) VALUES (339, '141498200907245123', '20200228', '09:52:35', 37.4);
INSERT INTO Health (id, account, last_date, last_time, temperature) VALUES (340, '644381192601275503', '20200224', '17:45:10', 35.7);
INSERT INTO Health (id, account, last_date, last_time, temperature) VALUES (341, '353747194305064847', '20200311', '05:10:48', 36.7);
INSERT INTO Health (id, account, last_date, last_time, temperature) VALUES (342, '151776195212128457', '20200504', '05:34:17', 36.2);
INSERT INTO Health (id, account, last_date, last_time, temperature) VALUES (343, '120161192607306500', '20200308', '22:09:23', 36.3);
INSERT INTO Health (id, account, last_date, last_time, temperature) VALUES (344, '820571197110297481', '20200302', '00:05:30', 36.1);
INSERT INTO Health (id, account, last_date, last_time, temperature) VALUES (345, '122345199606134270', '20200524', '22:35:41', 36);
INSERT INTO Health (id, account, last_date, last_time, temperature) VALUES (346, '505017193208109235', '20200401', '10:02:59', 35.4);
INSERT INTO Health (id, account, last_date, last_time, temperature) VALUES (347, '350970196703125245', '20200320', '22:43:19', 36.9);
INSERT INTO Health (id, account, last_date, last_time, temperature) VALUES (348, '63367319510312567X', '20200205', '19:56:37', 37.3);
INSERT INTO Health (id, account, last_date, last_time, temperature) VALUES (349, '523098197507113556', '20200303', '06:09:54', 36.5);
INSERT INTO Health (id, account, last_date, last_time, temperature) VALUES (350, '534586200101319630', '20200517', '22:21:56', 35.9);
INSERT INTO Health (id, account, last_date, last_time, temperature) VALUES (351, '23164720100913713X', '20200429', '00:18:44', 35.1);
INSERT INTO Health (id, account, last_date, last_time, temperature) VALUES (352, '652973194312024405', '20200326', '03:57:02', 36.3);
INSERT INTO Health (id, account, last_date, last_time, temperature) VALUES (353, '614167201404231461', '20200402', '12:07:53', 37.4);
INSERT INTO Health (id, account, last_date, last_time, temperature) VALUES (354, '112452194507038603', '20200416', '03:24:56', 36.8);
INSERT INTO Health (id, account, last_date, last_time, temperature) VALUES (355, '544938193011186674', '20200424', '20:10:14', 36.3);
INSERT INTO Health (id, account, last_date, last_time, temperature) VALUES (356, '511574194904042767', '20200512', '07:38:35', 37.4);
INSERT INTO Health (id, account, last_date, last_time, temperature) VALUES (357, '120755194403094768', '20200501', '08:55:16', 35.6);
INSERT INTO Health (id, account, last_date, last_time, temperature) VALUES (358, '810589196301172358', '20200405', '16:49:39', 35.9);
INSERT INTO Health (id, account, last_date, last_time, temperature) VALUES (359, '464223201007297383', '20200402', '18:15:41', 35.4);
INSERT INTO Health (id, account, last_date, last_time, temperature) VALUES (360, '503677193801314085', '20200507', '15:26:26', 35.5);
INSERT INTO Health (id, account, last_date, last_time, temperature) VALUES (361, '631841195801208761', '20200224', '19:00:00', 36.1);
INSERT INTO Health (id, account, last_date, last_time, temperature) VALUES (362, '464856198908119236', '20200213', '13:41:49', 37.2);
INSERT INTO Health (id, account, last_date, last_time, temperature) VALUES (363, '111851193202016721', '20200417', '11:54:56', 37.1);
INSERT INTO Health (id, account, last_date, last_time, temperature) VALUES (364, '544817197612132459', '20200409', '12:53:56', 35.7);
INSERT INTO Health (id, account, last_date, last_time, temperature) VALUES (365, '411269198401139436', '20200318', '04:50:25', 35.2);
INSERT INTO Health (id, account, last_date, last_time, temperature) VALUES (366, '222353195011086552', '20200205', '11:21:37', 36.4);
INSERT INTO Health (id, account, last_date, last_time, temperature) VALUES (367, '230738196510191058', '20200426', '22:21:40', 35.5);
INSERT INTO Health (id, account, last_date, last_time, temperature) VALUES (368, '110506199403286352', '20200402', '12:54:05', 35.7);
INSERT INTO Health (id, account, last_date, last_time, temperature) VALUES (369, '224746199104258426', '20200403', '03:41:07', 36.1);
INSERT INTO Health (id, account, last_date, last_time, temperature) VALUES (370, '333067198406160001', '20200408', '01:19:20', 35.8);
INSERT INTO Health (id, account, last_date, last_time, temperature) VALUES (371, '542134197301047773', '20200402', '11:53:42', 36.4);
INSERT INTO Health (id, account, last_date, last_time, temperature) VALUES (372, '12436519631012172X', '20200524', '18:51:52', 37.4);
INSERT INTO Health (id, account, last_date, last_time, temperature) VALUES (373, '812143196603110744', '20200416', '00:37:57', 36);
INSERT INTO Health (id, account, last_date, last_time, temperature) VALUES (374, '353792194004181902', '20200417', '15:09:14', 37.7);
INSERT INTO Health (id, account, last_date, last_time, temperature) VALUES (375, '154323193607057009', '20200323', '19:51:56', 35.8);
INSERT INTO Health (id, account, last_date, last_time, temperature) VALUES (376, '434557198504219847', '20200519', '03:43:43', 35);
INSERT INTO Health (id, account, last_date, last_time, temperature) VALUES (377, '623390200509248004', '20200505', '04:58:21', 37);
INSERT INTO Health (id, account, last_date, last_time, temperature) VALUES (378, '320259201311182051', '20200217', '22:09:35', 36);
INSERT INTO Health (id, account, last_date, last_time, temperature) VALUES (379, '451472193805258776', '20200227', '13:58:58', 37.4);
INSERT INTO Health (id, account, last_date, last_time, temperature) VALUES (380, '150274192306068888', '20200227', '09:19:16', 37.2);
INSERT INTO Health (id, account, last_date, last_time, temperature) VALUES (381, '310936193607085569', '20200515', '14:44:41', 36.8);
INSERT INTO Health (id, account, last_date, last_time, temperature) VALUES (382, '650143199706253004', '20200503', '21:21:27', 36.4);
INSERT INTO Health (id, account, last_date, last_time, temperature) VALUES (383, '342345192702261559', '20200502', '09:21:18', 37.2);
INSERT INTO Health (id, account, last_date, last_time, temperature) VALUES (384, '334893199409182286', '20200225', '11:33:44', 36);
INSERT INTO Health (id, account, last_date, last_time, temperature) VALUES (385, '444593199206069406', '20200512', '07:27:02', 37.2);
INSERT INTO Health (id, account, last_date, last_time, temperature) VALUES (386, '51115220060319494X', '20200217', '04:07:09', 35.7);
INSERT INTO Health (id, account, last_date, last_time, temperature) VALUES (387, '430252194304169961', '20200420', '16:58:02', 36.4);
INSERT INTO Health (id, account, last_date, last_time, temperature) VALUES (388, '111519196508105562', '20200318', '09:18:19', 37.2);
INSERT INTO Health (id, account, last_date, last_time, temperature) VALUES (389, '653511200506242271', '20200504', '21:11:12', 36);
INSERT INTO Health (id, account, last_date, last_time, temperature) VALUES (390, '314789201208056899', '20200528', '04:17:54', 35.7);
INSERT INTO Health (id, account, last_date, last_time, temperature) VALUES (391, '531792200304080344', '20200329', '01:08:35', 35.7);
INSERT INTO Health (id, account, last_date, last_time, temperature) VALUES (392, '461668197409288633', '20200223', '12:50:36', 35.1);
INSERT INTO Health (id, account, last_date, last_time, temperature) VALUES (393, '36080619400110553X', '20200429', '10:40:02', 36.2);
INSERT INTO Health (id, account, last_date, last_time, temperature) VALUES (394, '513777194204240731', '20200223', '20:42:42', 37);
INSERT INTO Health (id, account, last_date, last_time, temperature) VALUES (395, '372684195006061172', '20200516', '12:50:37', 35);
INSERT INTO Health (id, account, last_date, last_time, temperature) VALUES (396, '114467193206121214', '20200201', '19:58:53', 35.2);
INSERT INTO Health (id, account, last_date, last_time, temperature) VALUES (397, '823488194109115565', '20200424', '14:03:18', 37);
INSERT INTO Health (id, account, last_date, last_time, temperature) VALUES (398, '230505197005114004', '20200427', '04:14:49', 35.4);
INSERT INTO Health (id, account, last_date, last_time, temperature) VALUES (399, '654178201304122076', '20200427', '09:30:48', 35);
INSERT INTO Health (id, account, last_date, last_time, temperature) VALUES (400, '114823195302213369', '20200524', '07:00:08', 35);
INSERT INTO Health (id, account, last_date, last_time, temperature) VALUES (401, '510352194411293481', '20200305', '00:14:50', 37.4);
INSERT INTO Health (id, account, last_date, last_time, temperature) VALUES (402, '712986199902096614', '20200526', '04:41:23', 35.4);
INSERT INTO Health (id, account, last_date, last_time, temperature) VALUES (403, '232055192402131561', '20200216', '17:19:44', 36.2);
INSERT INTO Health (id, account, last_date, last_time, temperature) VALUES (404, '23490620110729164X', '20200511', '14:05:02', 35.8);
INSERT INTO Health (id, account, last_date, last_time, temperature) VALUES (405, '534774195606144728', '20200212', '16:27:19', 35.2);
INSERT INTO Health (id, account, last_date, last_time, temperature) VALUES (406, '51208019250317818X', '20200320', '05:23:11', 35.4);
INSERT INTO Health (id, account, last_date, last_time, temperature) VALUES (407, '371364198808024227', '20200430', '03:53:52', 36.5);
INSERT INTO Health (id, account, last_date, last_time, temperature) VALUES (408, '422366200808224568', '20200310', '02:38:31', 36.3);
INSERT INTO Health (id, account, last_date, last_time, temperature) VALUES (409, '531146195409093674', '20200513', '06:48:25', 35.9);
INSERT INTO Health (id, account, last_date, last_time, temperature) VALUES (410, '544756197901101947', '20200305', '06:56:35', 36.1);
INSERT INTO Health (id, account, last_date, last_time, temperature) VALUES (411, '431397198709273947', '20200510', '16:28:06', 36.5);
INSERT INTO Health (id, account, last_date, last_time, temperature) VALUES (412, '521381197010103633', '20200314', '03:50:55', 36);
INSERT INTO Health (id, account, last_date, last_time, temperature) VALUES (413, '362742200812020385', '20200327', '02:35:12', 35.5);
INSERT INTO Health (id, account, last_date, last_time, temperature) VALUES (414, '120931193509266114', '20200527', '16:52:45', 35.5);
INSERT INTO Health (id, account, last_date, last_time, temperature) VALUES (415, '611501200411285093', '20200311', '23:37:40', 35.1);
INSERT INTO Health (id, account, last_date, last_time, temperature) VALUES (416, '213346200408039739', '20200530', '07:08:33', 36.6);
INSERT INTO Health (id, account, last_date, last_time, temperature) VALUES (417, '141309200102015031', '20200210', '05:51:59', 37);
INSERT INTO Health (id, account, last_date, last_time, temperature) VALUES (418, '613088198405079037', '20200412', '10:07:18', 36.4);
INSERT INTO Health (id, account, last_date, last_time, temperature) VALUES (419, '131753193510044708', '20200426', '08:54:59', 35.4);
INSERT INTO Health (id, account, last_date, last_time, temperature) VALUES (420, '344733193009048368', '20200420', '16:58:27', 36.9);
INSERT INTO Health (id, account, last_date, last_time, temperature) VALUES (421, '820891192402216835', '20200426', '07:27:31', 36.7);
INSERT INTO Health (id, account, last_date, last_time, temperature) VALUES (422, '822867197207308170', '20200202', '20:09:21', 36.1);
INSERT INTO Health (id, account, last_date, last_time, temperature) VALUES (423, '231005198709303766', '20200515', '03:04:06', 36.3);
INSERT INTO Health (id, account, last_date, last_time, temperature) VALUES (424, '122433194712297811', '20200202', '13:59:43', 36.6);
INSERT INTO Health (id, account, last_date, last_time, temperature) VALUES (425, '333152194806085563', '20200222', '06:17:48', 36.5);
INSERT INTO Health (id, account, last_date, last_time, temperature) VALUES (426, '624375197804198855', '20200501', '14:59:20', 37.1);
INSERT INTO Health (id, account, last_date, last_time, temperature) VALUES (427, '220335195603059206', '20200209', '17:39:51', 36.2);
INSERT INTO Health (id, account, last_date, last_time, temperature) VALUES (428, '153782199411270184', '20200508', '23:39:46', 36.7);
INSERT INTO Health (id, account, last_date, last_time, temperature) VALUES (429, '521092196705137110', '20200427', '12:08:58', 37.1);
INSERT INTO Health (id, account, last_date, last_time, temperature) VALUES (430, '810238198705149575', '20200226', '09:15:37', 36);
INSERT INTO Health (id, account, last_date, last_time, temperature) VALUES (431, '534653192909010119', '20200322', '17:36:56', 36.6);
INSERT INTO Health (id, account, last_date, last_time, temperature) VALUES (432, '320487200801278391', '20200219', '13:49:32', 35.8);
INSERT INTO Health (id, account, last_date, last_time, temperature) VALUES (433, '334046193101035051', '20200529', '00:28:49', 36.6);
INSERT INTO Health (id, account, last_date, last_time, temperature) VALUES (434, '220290200612202581', '20200514', '20:19:18', 37.4);
INSERT INTO Health (id, account, last_date, last_time, temperature) VALUES (435, '613571197309147412', '20200404', '19:29:06', 37.1);
INSERT INTO Health (id, account, last_date, last_time, temperature) VALUES (436, '43350420110629377X', '20200503', '15:55:56', 36.3);
INSERT INTO Health (id, account, last_date, last_time, temperature) VALUES (437, '111448200507179532', '20200303', '19:53:09', 36.1);
INSERT INTO Health (id, account, last_date, last_time, temperature) VALUES (438, '122826193501035232', '20200228', '07:37:41', 36.8);
INSERT INTO Health (id, account, last_date, last_time, temperature) VALUES (439, '824485194610252091', '20200421', '00:36:21', 35.7);
INSERT INTO Health (id, account, last_date, last_time, temperature) VALUES (440, '34249019960618109X', '20200525', '05:00:28', 36.9);
INSERT INTO Health (id, account, last_date, last_time, temperature) VALUES (441, '144403192804110009', '20200425', '04:03:17', 35.5);
INSERT INTO Health (id, account, last_date, last_time, temperature) VALUES (442, '453231198809154138', '20200407', '11:35:14', 36.3);
INSERT INTO Health (id, account, last_date, last_time, temperature) VALUES (443, '410419200011275962', '20200405', '23:27:05', 35.2);
INSERT INTO Health (id, account, last_date, last_time, temperature) VALUES (444, '233049200806229440', '20200423', '00:33:50', 35.5);
INSERT INTO Health (id, account, last_date, last_time, temperature) VALUES (445, '342458196904180053', '20200523', '19:46:42', 37.3);
INSERT INTO Health (id, account, last_date, last_time, temperature) VALUES (446, '153641199608062820', '20200518', '07:15:51', 35.4);
INSERT INTO Health (id, account, last_date, last_time, temperature) VALUES (447, '23051819330615058X', '20200413', '16:16:05', 35);
INSERT INTO Health (id, account, last_date, last_time, temperature) VALUES (448, '372436198203206257', '20200403', '15:56:03', 36.1);
INSERT INTO Health (id, account, last_date, last_time, temperature) VALUES (449, '35193119451105374X', '20200228', '16:38:16', 36);
INSERT INTO Health (id, account, last_date, last_time, temperature) VALUES (450, '810189195607220398', '20200308', '11:51:38', 37.4);
INSERT INTO Health (id, account, last_date, last_time, temperature) VALUES (451, '113535201111293202', '20200424', '04:10:19', 36.1);
INSERT INTO Health (id, account, last_date, last_time, temperature) VALUES (452, '150956196110294595', '20200213', '19:42:31', 36.8);
INSERT INTO Health (id, account, last_date, last_time, temperature) VALUES (453, '151548195710212480', '20200306', '12:47:23', 36.6);
INSERT INTO Health (id, account, last_date, last_time, temperature) VALUES (454, '452978198101100187', '20200304', '16:38:17', 36.5);
INSERT INTO Health (id, account, last_date, last_time, temperature) VALUES (455, '514975196405301756', '20200422', '18:16:05', 36.8);
INSERT INTO Health (id, account, last_date, last_time, temperature) VALUES (456, '123777198810034413', '20200222', '03:19:01', 36.6);
INSERT INTO Health (id, account, last_date, last_time, temperature) VALUES (457, '232043197509150984', '20200429', '22:02:10', 35.7);
INSERT INTO Health (id, account, last_date, last_time, temperature) VALUES (458, '353014193911168329', '20200404', '04:52:34', 35.3);
INSERT INTO Health (id, account, last_date, last_time, temperature) VALUES (459, '543455198101127761', '20200316', '18:32:08', 37.1);
INSERT INTO Health (id, account, last_date, last_time, temperature) VALUES (460, '823009196909104791', '20200403', '15:24:15', 36.9);
INSERT INTO Health (id, account, last_date, last_time, temperature) VALUES (461, '612265200505206891', '20200424', '22:17:43', 35.9);
INSERT INTO Health (id, account, last_date, last_time, temperature) VALUES (462, '651941193209120568', '20200404', '10:44:34', 36.9);
INSERT INTO Health (id, account, last_date, last_time, temperature) VALUES (463, '82173219511025347X', '20200307', '04:41:20', 35.1);
INSERT INTO Health (id, account, last_date, last_time, temperature) VALUES (464, '634043196308092216', '20200307', '07:27:39', 36.9);
INSERT INTO Health (id, account, last_date, last_time, temperature) VALUES (465, '450848194810120076', '20200426', '21:34:04', 35.7);
INSERT INTO Health (id, account, last_date, last_time, temperature) VALUES (466, '541197194507280728', '20200526', '07:00:36', 35.3);
INSERT INTO Health (id, account, last_date, last_time, temperature) VALUES (467, '340397198706136298', '20200216', '09:35:57', 35.4);
INSERT INTO Health (id, account, last_date, last_time, temperature) VALUES (468, '453128198509274975', '20200408', '12:25:42', 36);
INSERT INTO Health (id, account, last_date, last_time, temperature) VALUES (469, '414526196901263326', '20200429', '10:07:34', 35.2);
INSERT INTO Health (id, account, last_date, last_time, temperature) VALUES (470, '12356619521129208X', '20200531', '13:03:42', 35.7);
INSERT INTO Health (id, account, last_date, last_time, temperature) VALUES (471, '154098195802032129', '20200503', '00:02:38', 35.3);
INSERT INTO Health (id, account, last_date, last_time, temperature) VALUES (472, '234877194801047698', '20200320', '13:55:32', 37.3);
INSERT INTO Health (id, account, last_date, last_time, temperature) VALUES (473, '33280619950211758X', '20200424', '21:02:57', 37.1);
INSERT INTO Health (id, account, last_date, last_time, temperature) VALUES (474, '141886198708092947', '20200217', '11:25:42', 37.2);
INSERT INTO Health (id, account, last_date, last_time, temperature) VALUES (475, '443390196710111496', '20200303', '10:06:12', 35.9);
INSERT INTO Health (id, account, last_date, last_time, temperature) VALUES (476, '814775194611041624', '20200423', '02:56:17', 36.8);
INSERT INTO Health (id, account, last_date, last_time, temperature) VALUES (477, '23045219481225513X', '20200421', '07:37:21', 36.5);
INSERT INTO Health (id, account, last_date, last_time, temperature) VALUES (478, '313819199006264100', '20200419', '02:35:01', 36.2);
INSERT INTO Health (id, account, last_date, last_time, temperature) VALUES (479, '633560198003222243', '20200225', '22:31:51', 37.4);
INSERT INTO Health (id, account, last_date, last_time, temperature) VALUES (480, '211681201310249561', '20200324', '03:15:20', 35.8);
INSERT INTO Health (id, account, last_date, last_time, temperature) VALUES (481, '414274193402168999', '20200318', '07:02:09', 37.3);
INSERT INTO Health (id, account, last_date, last_time, temperature) VALUES (482, '322912194003120065', '20200523', '00:39:27', 37.4);
INSERT INTO Health (id, account, last_date, last_time, temperature) VALUES (483, '153356192304174750', '20200404', '20:50:19', 37.4);
INSERT INTO Health (id, account, last_date, last_time, temperature) VALUES (484, '154444195503215298', '20200412', '01:58:47', 35.8);
INSERT INTO Health (id, account, last_date, last_time, temperature) VALUES (485, '541290197111222125', '20200216', '21:48:54', 36.8);
INSERT INTO Health (id, account, last_date, last_time, temperature) VALUES (486, '231916193210307104', '20200429', '16:54:56', 36.7);
INSERT INTO Health (id, account, last_date, last_time, temperature) VALUES (487, '320510196608142335', '20200224', '20:49:04', 35.1);
INSERT INTO Health (id, account, last_date, last_time, temperature) VALUES (488, '633602199903157736', '20200210', '04:48:32', 37.6);
INSERT INTO Health (id, account, last_date, last_time, temperature) VALUES (489, '143197195206175216', '20200522', '02:06:41', 35.1);
INSERT INTO Health (id, account, last_date, last_time, temperature) VALUES (490, '114459198909101091', '20200422', '07:24:47', 37.2);
INSERT INTO Health (id, account, last_date, last_time, temperature) VALUES (491, '453144199606023411', '20200425', '23:49:37', 35.5);
INSERT INTO Health (id, account, last_date, last_time, temperature) VALUES (492, '650503195503112033', '20200218', '02:17:12', 36.5);
INSERT INTO Health (id, account, last_date, last_time, temperature) VALUES (493, '234720198812037340', '20200405', '05:42:47', 35.2);
INSERT INTO Health (id, account, last_date, last_time, temperature) VALUES (494, '534051196602223363', '20200215', '07:54:38', 37.2);
INSERT INTO Health (id, account, last_date, last_time, temperature) VALUES (495, '652530193505176258', '20200222', '04:59:08', 37.4);
INSERT INTO Health (id, account, last_date, last_time, temperature) VALUES (496, '312328198405020384', '20200406', '13:13:38', 36.1);
INSERT INTO Health (id, account, last_date, last_time, temperature) VALUES (497, '131603200510285135', '20200331', '14:59:51', 37);
INSERT INTO Health (id, account, last_date, last_time, temperature) VALUES (498, '520855196407236699', '20200223', '23:30:27', 35.4);
INSERT INTO Health (id, account, last_date, last_time, temperature) VALUES (499, '111567196505105444', '20200428', '03:49:31', 37.4);
INSERT INTO Health (id, account, last_date, last_time, temperature) VALUES (500, '812011192711140923', '20200425', '20:03:44', 37);
/* 共生成病人17个 */

/* 建立News信息 */
INSERT INTO News (account, date, time, title, abstract, content, cnt, visible) VALUES('212415196801190150', '20200330', '16:15:14', 'title 0', 'abstract 0', 'content 0', 51, true);
INSERT INTO News (account, date, time, title, abstract, content, cnt, visible) VALUES('344344199507246400', '20200516', '07:39:26', 'title 1', 'abstract 1', 'content 1', 396, false);
INSERT INTO News (account, date, time, title, abstract, content, cnt, visible) VALUES('412132193703307464', '20200302', '23:26:40', 'title 2', 'abstract 2', 'content 2', 408, true);
INSERT INTO News (account, date, time, title, abstract, content, cnt, visible) VALUES('312328198405020384', '20200219', '08:35:11', 'title 3', 'abstract 3', 'content 3', 120, true);
INSERT INTO News (account, date, time, title, abstract, content, cnt, visible) VALUES('344344199507246400', '20200519', '01:11:19', 'title 4', 'abstract 4', 'content 4', 379, true);
INSERT INTO News (account, date, time, title, abstract, content, cnt, visible) VALUES('312328198405020384', '20200221', '02:39:52', 'title 5', 'abstract 5', 'content 5', 126, true);
INSERT INTO News (account, date, time, title, abstract, content, cnt, visible) VALUES('212415196801190150', '20200318', '00:08:56', 'title 6', 'abstract 6', 'content 6', 103, true);
INSERT INTO News (account, date, time, title, abstract, content, cnt, visible) VALUES('344344199507246400', '20200212', '12:30:52', 'title 7', 'abstract 7', 'content 7', 177, true);
INSERT INTO News (account, date, time, title, abstract, content, cnt, visible) VALUES('344344199507246400', '20200529', '19:41:40', 'title 8', 'abstract 8', 'content 8', 95, true);
INSERT INTO News (account, date, time, title, abstract, content, cnt, visible) VALUES('212415196801190150', '20200321', '15:23:44', 'title 9', 'abstract 9', 'content 9', 9, true);
/* 共生成新闻10个 */

/* 建立Comments信息 */
INSERT INTO Comments (id, New_id, content, author, visible) VALUES(1, 1, 'content 0.1', '戚萌中', true);
INSERT INTO Comments (id, New_id, content, author, visible) VALUES(2, 1, 'content 0.2', '寻霖', true);
INSERT INTO Comments (id, New_id, content, author, visible) VALUES(3, 1, 'content 0.3', '吉雨', true);
INSERT INTO Comments (id, New_id, content, author, visible) VALUES(4, 1, 'content 0.4', '康飞', true);
INSERT INTO Comments (id, New_id, content, author, visible) VALUES(5, 1, 'content 0.5', '康柏', true);
INSERT INTO Comments (id, New_id, content, author, visible) VALUES(6, 1, 'content 0.6', '隽杰静', true);
INSERT INTO Comments (id, New_id, content, author, visible) VALUES(7, 1, 'content 0.7', '杨盈本', true);
INSERT INTO Comments (id, New_id, content, author, visible) VALUES(8, 1, 'content 0.8', '商畅圣', true);
INSERT INTO Comments (id, New_id, content, author, visible) VALUES(9, 1, 'content 0.9', '臧亚霄', true);
INSERT INTO Comments (id, New_id, content, author, visible) VALUES(10, 1, 'content 0.10', '耿雯振', true);
INSERT INTO Comments (id, New_id, content, author, visible) VALUES(11, 2, 'content 1.1', '胡倨', true);
INSERT INTO Comments (id, New_id, content, author, visible) VALUES(12, 2, 'content 1.2', '董新义', true);
INSERT INTO Comments (id, New_id, content, author, visible) VALUES(13, 2, 'content 1.3', '姚龙旭', true);
INSERT INTO Comments (id, New_id, content, author, visible) VALUES(14, 2, 'content 1.4', '孙家龙', true);
INSERT INTO Comments (id, New_id, content, author, visible) VALUES(15, 2, 'content 1.5', '吴可雯', true);
INSERT INTO Comments (id, New_id, content, author, visible) VALUES(16, 2, 'content 1.6', '殷广', true);
INSERT INTO Comments (id, New_id, content, author, visible) VALUES(17, 2, 'content 1.7', '史正', true);
INSERT INTO Comments (id, New_id, content, author, visible) VALUES(18, 2, 'content 1.8', '王灯丹', true);
INSERT INTO Comments (id, New_id, content, author, visible) VALUES(19, 2, 'content 1.9', '毛睿轩', true);
INSERT INTO Comments (id, New_id, content, author, visible) VALUES(20, 2, 'content 1.10', '审奇舒', false);
INSERT INTO Comments (id, New_id, content, author, visible) VALUES(21, 3, 'content 2.1', '张凡轩', true);
INSERT INTO Comments (id, New_id, content, author, visible) VALUES(22, 3, 'content 2.2', '孙家龙', true);
INSERT INTO Comments (id, New_id, content, author, visible) VALUES(23, 3, 'content 2.3', '符圆', true);
INSERT INTO Comments (id, New_id, content, author, visible) VALUES(24, 3, 'content 2.4', '杨牧帆', true);
INSERT INTO Comments (id, New_id, content, author, visible) VALUES(25, 3, 'content 2.5', '吕言', false);
INSERT INTO Comments (id, New_id, content, author, visible) VALUES(26, 3, 'content 2.6', '郑盈', true);
INSERT INTO Comments (id, New_id, content, author, visible) VALUES(27, 3, 'content 2.7', '高阳盈', true);
INSERT INTO Comments (id, New_id, content, author, visible) VALUES(28, 3, 'content 2.8', '邵飞千', true);
INSERT INTO Comments (id, New_id, content, author, visible) VALUES(29, 3, 'content 2.9', '文兮', true);
INSERT INTO Comments (id, New_id, content, author, visible) VALUES(30, 3, 'content 2.10', '曹樱音', true);
INSERT INTO Comments (id, New_id, content, author, visible) VALUES(31, 4, 'content 3.1', '范旭', false);
INSERT INTO Comments (id, New_id, content, author, visible) VALUES(32, 4, 'content 3.2', '陈萌轩', true);
INSERT INTO Comments (id, New_id, content, author, visible) VALUES(33, 4, 'content 3.3', '陆萱赛', true);
INSERT INTO Comments (id, New_id, content, author, visible) VALUES(34, 4, 'content 3.4', '齐家盈', false);
INSERT INTO Comments (id, New_id, content, author, visible) VALUES(35, 4, 'content 3.5', '康柏', true);
INSERT INTO Comments (id, New_id, content, author, visible) VALUES(36, 4, 'content 3.6', '安云', true);
INSERT INTO Comments (id, New_id, content, author, visible) VALUES(37, 4, 'content 3.7', '王言义', true);
INSERT INTO Comments (id, New_id, content, author, visible) VALUES(38, 4, 'content 3.8', '傅豪盈', true);
INSERT INTO Comments (id, New_id, content, author, visible) VALUES(39, 4, 'content 3.9', '东方桐旭', true);
INSERT INTO Comments (id, New_id, content, author, visible) VALUES(40, 4, 'content 3.10', '宋萱飞', true);
INSERT INTO Comments (id, New_id, content, author, visible) VALUES(41, 5, 'content 4.1', '山振力', true);
INSERT INTO Comments (id, New_id, content, author, visible) VALUES(42, 5, 'content 4.2', '尚哲菲', true);
INSERT INTO Comments (id, New_id, content, author, visible) VALUES(43, 5, 'content 4.3', '郭迅朋', true);
INSERT INTO Comments (id, New_id, content, author, visible) VALUES(44, 5, 'content 4.4', '任睿夫', true);
INSERT INTO Comments (id, New_id, content, author, visible) VALUES(45, 5, 'content 4.5', '边正正', true);
INSERT INTO Comments (id, New_id, content, author, visible) VALUES(46, 5, 'content 4.6', '严中阳', true);
INSERT INTO Comments (id, New_id, content, author, visible) VALUES(47, 5, 'content 4.7', '黄诺', true);
INSERT INTO Comments (id, New_id, content, author, visible) VALUES(48, 5, 'content 4.8', '米腾令', true);
INSERT INTO Comments (id, New_id, content, author, visible) VALUES(49, 5, 'content 4.9', '代音宇', true);
INSERT INTO Comments (id, New_id, content, author, visible) VALUES(50, 5, 'content 4.10', '刘泽宜', true);
INSERT INTO Comments (id, New_id, content, author, visible) VALUES(51, 6, 'content 5.1', '王灯丹', true);
INSERT INTO Comments (id, New_id, content, author, visible) VALUES(52, 6, 'content 5.2', '靳丹盈', false);
INSERT INTO Comments (id, New_id, content, author, visible) VALUES(53, 6, 'content 5.3', '安雨子', true);
INSERT INTO Comments (id, New_id, content, author, visible) VALUES(54, 6, 'content 5.4', '周一睿', false);
INSERT INTO Comments (id, New_id, content, author, visible) VALUES(55, 6, 'content 5.5', '余朋义', false);
INSERT INTO Comments (id, New_id, content, author, visible) VALUES(56, 6, 'content 5.6', '汪子', true);
INSERT INTO Comments (id, New_id, content, author, visible) VALUES(57, 6, 'content 5.7', '东方桐旭', false);
INSERT INTO Comments (id, New_id, content, author, visible) VALUES(58, 6, 'content 5.8', '金源帆', true);
INSERT INTO Comments (id, New_id, content, author, visible) VALUES(59, 6, 'content 5.9', '余杰硕', true);
INSERT INTO Comments (id, New_id, content, author, visible) VALUES(60, 6, 'content 5.10', '吕言', true);
INSERT INTO Comments (id, New_id, content, author, visible) VALUES(61, 7, 'content 6.1', '徐帆', true);
INSERT INTO Comments (id, New_id, content, author, visible) VALUES(62, 7, 'content 6.2', '欧润煜', true);
INSERT INTO Comments (id, New_id, content, author, visible) VALUES(63, 7, 'content 6.3', '巩牧振', true);
INSERT INTO Comments (id, New_id, content, author, visible) VALUES(64, 7, 'content 6.4', '秦冠兰', true);
INSERT INTO Comments (id, New_id, content, author, visible) VALUES(65, 7, 'content 6.5', '杜瀚有', true);
INSERT INTO Comments (id, New_id, content, author, visible) VALUES(66, 7, 'content 6.6', '陈子', true);
INSERT INTO Comments (id, New_id, content, author, visible) VALUES(67, 7, 'content 6.7', '姚源', true);
INSERT INTO Comments (id, New_id, content, author, visible) VALUES(68, 7, 'content 6.8', '隽杰静', true);
INSERT INTO Comments (id, New_id, content, author, visible) VALUES(69, 7, 'content 6.9', '吉馨桐', true);
INSERT INTO Comments (id, New_id, content, author, visible) VALUES(70, 7, 'content 6.10', '吕龙振', true);
INSERT INTO Comments (id, New_id, content, author, visible) VALUES(71, 8, 'content 7.1', '汪凡', true);
INSERT INTO Comments (id, New_id, content, author, visible) VALUES(72, 8, 'content 7.2', '徐畅霖', true);
INSERT INTO Comments (id, New_id, content, author, visible) VALUES(73, 8, 'content 7.3', '冯畅', true);
INSERT INTO Comments (id, New_id, content, author, visible) VALUES(74, 8, 'content 7.4', '季佳牧', true);
INSERT INTO Comments (id, New_id, content, author, visible) VALUES(75, 8, 'content 7.5', '钟琦', true);
INSERT INTO Comments (id, New_id, content, author, visible) VALUES(76, 8, 'content 7.6', '张煜樱', true);
INSERT INTO Comments (id, New_id, content, author, visible) VALUES(77, 8, 'content 7.7', '盛泽琦', true);
INSERT INTO Comments (id, New_id, content, author, visible) VALUES(78, 8, 'content 7.8', '张龙露', true);
INSERT INTO Comments (id, New_id, content, author, visible) VALUES(79, 8, 'content 7.9', '常朋盈', true);
INSERT INTO Comments (id, New_id, content, author, visible) VALUES(80, 8, 'content 7.10', '张朋', true);
INSERT INTO Comments (id, New_id, content, author, visible) VALUES(81, 9, 'content 8.1', '柳子牧', true);
INSERT INTO Comments (id, New_id, content, author, visible) VALUES(82, 9, 'content 8.2', '董圆天', true);
INSERT INTO Comments (id, New_id, content, author, visible) VALUES(83, 9, 'content 8.3', '牛淘琦', false);
INSERT INTO Comments (id, New_id, content, author, visible) VALUES(84, 9, 'content 8.4', '钱牧源', true);
INSERT INTO Comments (id, New_id, content, author, visible) VALUES(85, 9, 'content 8.5', '徐畅霖', false);
INSERT INTO Comments (id, New_id, content, author, visible) VALUES(86, 9, 'content 8.6', '武舒静', true);
INSERT INTO Comments (id, New_id, content, author, visible) VALUES(87, 9, 'content 8.7', '安颖洁', true);
INSERT INTO Comments (id, New_id, content, author, visible) VALUES(88, 9, 'content 8.8', '燕子', true);
INSERT INTO Comments (id, New_id, content, author, visible) VALUES(89, 9, 'content 8.9', '夏英', true);
INSERT INTO Comments (id, New_id, content, author, visible) VALUES(90, 9, 'content 8.10', '黄萌赛', true);
INSERT INTO Comments (id, New_id, content, author, visible) VALUES(91, 10, 'content 9.1', '吕龙振', true);
INSERT INTO Comments (id, New_id, content, author, visible) VALUES(92, 10, 'content 9.2', '付霄', true);
INSERT INTO Comments (id, New_id, content, author, visible) VALUES(93, 10, 'content 9.3', '岳伟颖', false);
INSERT INTO Comments (id, New_id, content, author, visible) VALUES(94, 10, 'content 9.4', '晁馨', true);
INSERT INTO Comments (id, New_id, content, author, visible) VALUES(95, 10, 'content 9.5', '黄萌赛', true);
INSERT INTO Comments (id, New_id, content, author, visible) VALUES(96, 10, 'content 9.6', '柳子牧', true);
INSERT INTO Comments (id, New_id, content, author, visible) VALUES(97, 10, 'content 9.7', '武琦', true);
INSERT INTO Comments (id, New_id, content, author, visible) VALUES(98, 10, 'content 9.8', '楚锐奇', true);
INSERT INTO Comments (id, New_id, content, author, visible) VALUES(99, 10, 'content 9.9', '吴伟旭', true);
INSERT INTO Comments (id, New_id, content, author, visible) VALUES(100, 10, 'content 9.10', '姚炎思', true);
/* 共生成评论100条 */

/* 建立Team信息 */
INSERT INTO Team (name, abstract, gitCnt, memCnt, days, files) VALUES ('NoCov','两个扒数据能手，一个制造惊喜的DBA，一个全能高手，一个查缺补漏的多面手。五个人，运用过硬的信息检索能力，熟练的ctrl+c，ctrl+v能力，深入了解没有生态的yii框架，在这个信息碎片化的世界，努力为平安社区的居民们抚平疫情带来的伤痛与不安，为平安社区的职员们的高效工作提供便捷服务，让居民们第一时间掌握信息，让职员们第一时间了解社区动态。NoCov出动，使命必达！', 193, 5, 30, 6666);

/* 建立Transaction信息 */
INSERT INTO Transactions (account, start_time, end_time, info, is_finished) VALUES ('141309200102015031', '20200206,15:34:23', '20200304,02:21:09', 'info 0', false);
INSERT INTO Transactions (account, start_time, end_time, info, is_finished) VALUES ('454564198007128811', '20200415,13:04:20', '20200417,23:14:31', 'info 1', false);
INSERT INTO Transactions (account, start_time, end_time, info, is_finished) VALUES ('333170195811223987', '20200215,10:04:30', '20200505,08:29:35', 'info 2', false);
INSERT INTO Transactions (account, start_time, end_time, info, is_finished) VALUES ('610173195603228247', '20200412,10:53:46', '20200417,19:15:14', 'info 3', false);
INSERT INTO Transactions (account, start_time, end_time, info, is_finished) VALUES ('823488194109115565', '20200305,11:39:02', '20200411,19:29:35', 'info 4', false);
/* 共生产代办事务5条 */

/* 批量生成password_hash，初值为1234 */
UPDATE User SET password_hash = '$2y$13$dg4FlrrcXjMmvWznC3XUhehaTTZ/xfKXNpEYbSt8o3Q/9b9xonHLC' WHERE account = '454299196602051941';
UPDATE User SET password_hash = '$2y$13$dg4FlrrcXjMmvWznC3XUhehaTTZ/xfKXNpEYbSt8o3Q/9b9xonHLC' WHERE account = '442306193909245036';
UPDATE User SET password_hash = '$2y$13$dg4FlrrcXjMmvWznC3XUhehaTTZ/xfKXNpEYbSt8o3Q/9b9xonHLC' WHERE account = '423583194003291621';
UPDATE User SET password_hash = '$2y$13$dg4FlrrcXjMmvWznC3XUhehaTTZ/xfKXNpEYbSt8o3Q/9b9xonHLC' WHERE account = '821653196611131544';
UPDATE User SET password_hash = '$2y$13$dg4FlrrcXjMmvWznC3XUhehaTTZ/xfKXNpEYbSt8o3Q/9b9xonHLC' WHERE account = '361218193407130022';
UPDATE User SET password_hash = '$2y$13$dg4FlrrcXjMmvWznC3XUhehaTTZ/xfKXNpEYbSt8o3Q/9b9xonHLC' WHERE account = '351356198001088269';
UPDATE User SET password_hash = '$2y$13$dg4FlrrcXjMmvWznC3XUhehaTTZ/xfKXNpEYbSt8o3Q/9b9xonHLC' WHERE account = '124754197703145840';
UPDATE User SET password_hash = '$2y$13$dg4FlrrcXjMmvWznC3XUhehaTTZ/xfKXNpEYbSt8o3Q/9b9xonHLC' WHERE account = '431462193002248943';
UPDATE User SET password_hash = '$2y$13$dg4FlrrcXjMmvWznC3XUhehaTTZ/xfKXNpEYbSt8o3Q/9b9xonHLC' WHERE account = '64060519951029171X';
UPDATE User SET password_hash = '$2y$13$dg4FlrrcXjMmvWznC3XUhehaTTZ/xfKXNpEYbSt8o3Q/9b9xonHLC' WHERE account = '412132193703307464';
UPDATE User SET password_hash = '$2y$13$dg4FlrrcXjMmvWznC3XUhehaTTZ/xfKXNpEYbSt8o3Q/9b9xonHLC' WHERE account = '523878200906280653';
UPDATE User SET password_hash = '$2y$13$dg4FlrrcXjMmvWznC3XUhehaTTZ/xfKXNpEYbSt8o3Q/9b9xonHLC' WHERE account = '613856192506011863';
UPDATE User SET password_hash = '$2y$13$dg4FlrrcXjMmvWznC3XUhehaTTZ/xfKXNpEYbSt8o3Q/9b9xonHLC' WHERE account = '324103193007256763';
UPDATE User SET password_hash = '$2y$13$dg4FlrrcXjMmvWznC3XUhehaTTZ/xfKXNpEYbSt8o3Q/9b9xonHLC' WHERE account = '444556195805196681';
UPDATE User SET password_hash = '$2y$13$dg4FlrrcXjMmvWznC3XUhehaTTZ/xfKXNpEYbSt8o3Q/9b9xonHLC' WHERE account = '452911198204247797';
UPDATE User SET password_hash = '$2y$13$dg4FlrrcXjMmvWznC3XUhehaTTZ/xfKXNpEYbSt8o3Q/9b9xonHLC' WHERE account = '823054196109284094';
UPDATE User SET password_hash = '$2y$13$dg4FlrrcXjMmvWznC3XUhehaTTZ/xfKXNpEYbSt8o3Q/9b9xonHLC' WHERE account = '503996199507063420';
UPDATE User SET password_hash = '$2y$13$dg4FlrrcXjMmvWznC3XUhehaTTZ/xfKXNpEYbSt8o3Q/9b9xonHLC' WHERE account = '122020196306109911';
UPDATE User SET password_hash = '$2y$13$dg4FlrrcXjMmvWznC3XUhehaTTZ/xfKXNpEYbSt8o3Q/9b9xonHLC' WHERE account = '611765193209126848';
UPDATE User SET password_hash = '$2y$13$dg4FlrrcXjMmvWznC3XUhehaTTZ/xfKXNpEYbSt8o3Q/9b9xonHLC' WHERE account = '531265198405127477';
UPDATE User SET password_hash = '$2y$13$dg4FlrrcXjMmvWznC3XUhehaTTZ/xfKXNpEYbSt8o3Q/9b9xonHLC' WHERE account = '122832199707269922';
UPDATE User SET password_hash = '$2y$13$dg4FlrrcXjMmvWznC3XUhehaTTZ/xfKXNpEYbSt8o3Q/9b9xonHLC' WHERE account = '212415196801190150';
UPDATE User SET password_hash = '$2y$13$dg4FlrrcXjMmvWznC3XUhehaTTZ/xfKXNpEYbSt8o3Q/9b9xonHLC' WHERE account = '81377119880316645X';
UPDATE User SET password_hash = '$2y$13$dg4FlrrcXjMmvWznC3XUhehaTTZ/xfKXNpEYbSt8o3Q/9b9xonHLC' WHERE account = '643085193304092714';
UPDATE User SET password_hash = '$2y$13$dg4FlrrcXjMmvWznC3XUhehaTTZ/xfKXNpEYbSt8o3Q/9b9xonHLC' WHERE account = '443139198809267988';
UPDATE User SET password_hash = '$2y$13$dg4FlrrcXjMmvWznC3XUhehaTTZ/xfKXNpEYbSt8o3Q/9b9xonHLC' WHERE account = '21095020050630771X';
UPDATE User SET password_hash = '$2y$13$dg4FlrrcXjMmvWznC3XUhehaTTZ/xfKXNpEYbSt8o3Q/9b9xonHLC' WHERE account = '340772195208220266';
UPDATE User SET password_hash = '$2y$13$dg4FlrrcXjMmvWznC3XUhehaTTZ/xfKXNpEYbSt8o3Q/9b9xonHLC' WHERE account = '624641195507276650';
UPDATE User SET password_hash = '$2y$13$dg4FlrrcXjMmvWznC3XUhehaTTZ/xfKXNpEYbSt8o3Q/9b9xonHLC' WHERE account = '543922201105284183';
UPDATE User SET password_hash = '$2y$13$dg4FlrrcXjMmvWznC3XUhehaTTZ/xfKXNpEYbSt8o3Q/9b9xonHLC' WHERE account = '713571195409157684';
UPDATE User SET password_hash = '$2y$13$dg4FlrrcXjMmvWznC3XUhehaTTZ/xfKXNpEYbSt8o3Q/9b9xonHLC' WHERE account = '452339193303179669';
UPDATE User SET password_hash = '$2y$13$dg4FlrrcXjMmvWznC3XUhehaTTZ/xfKXNpEYbSt8o3Q/9b9xonHLC' WHERE account = '313620192905139300';
UPDATE User SET password_hash = '$2y$13$dg4FlrrcXjMmvWznC3XUhehaTTZ/xfKXNpEYbSt8o3Q/9b9xonHLC' WHERE account = '341383192904039617';
UPDATE User SET password_hash = '$2y$13$dg4FlrrcXjMmvWznC3XUhehaTTZ/xfKXNpEYbSt8o3Q/9b9xonHLC' WHERE account = '713855192309143313';
UPDATE User SET password_hash = '$2y$13$dg4FlrrcXjMmvWznC3XUhehaTTZ/xfKXNpEYbSt8o3Q/9b9xonHLC' WHERE account = '622583195206081257';
UPDATE User SET password_hash = '$2y$13$dg4FlrrcXjMmvWznC3XUhehaTTZ/xfKXNpEYbSt8o3Q/9b9xonHLC' WHERE account = '233410196803136459';
UPDATE User SET password_hash = '$2y$13$dg4FlrrcXjMmvWznC3XUhehaTTZ/xfKXNpEYbSt8o3Q/9b9xonHLC' WHERE account = '610251200206298707';
UPDATE User SET password_hash = '$2y$13$dg4FlrrcXjMmvWznC3XUhehaTTZ/xfKXNpEYbSt8o3Q/9b9xonHLC' WHERE account = '454745196211285977';
UPDATE User SET password_hash = '$2y$13$dg4FlrrcXjMmvWznC3XUhehaTTZ/xfKXNpEYbSt8o3Q/9b9xonHLC' WHERE account = '432220196807027091';
UPDATE User SET password_hash = '$2y$13$dg4FlrrcXjMmvWznC3XUhehaTTZ/xfKXNpEYbSt8o3Q/9b9xonHLC' WHERE account = '500223193101010978';
UPDATE User SET password_hash = '$2y$13$dg4FlrrcXjMmvWznC3XUhehaTTZ/xfKXNpEYbSt8o3Q/9b9xonHLC' WHERE account = '223121197711214437';
UPDATE User SET password_hash = '$2y$13$dg4FlrrcXjMmvWznC3XUhehaTTZ/xfKXNpEYbSt8o3Q/9b9xonHLC' WHERE account = '230491201307081048';
UPDATE User SET password_hash = '$2y$13$dg4FlrrcXjMmvWznC3XUhehaTTZ/xfKXNpEYbSt8o3Q/9b9xonHLC' WHERE account = '151056197702098316';
UPDATE User SET password_hash = '$2y$13$dg4FlrrcXjMmvWznC3XUhehaTTZ/xfKXNpEYbSt8o3Q/9b9xonHLC' WHERE account = '422375195701164932';
UPDATE User SET password_hash = '$2y$13$dg4FlrrcXjMmvWznC3XUhehaTTZ/xfKXNpEYbSt8o3Q/9b9xonHLC' WHERE account = '610743196901286181';
UPDATE User SET password_hash = '$2y$13$dg4FlrrcXjMmvWznC3XUhehaTTZ/xfKXNpEYbSt8o3Q/9b9xonHLC' WHERE account = '113177195010018249';
UPDATE User SET password_hash = '$2y$13$dg4FlrrcXjMmvWznC3XUhehaTTZ/xfKXNpEYbSt8o3Q/9b9xonHLC' WHERE account = '133338200907034977';
UPDATE User SET password_hash = '$2y$13$dg4FlrrcXjMmvWznC3XUhehaTTZ/xfKXNpEYbSt8o3Q/9b9xonHLC' WHERE account = '621603199506305073';
UPDATE User SET password_hash = '$2y$13$dg4FlrrcXjMmvWznC3XUhehaTTZ/xfKXNpEYbSt8o3Q/9b9xonHLC' WHERE account = '353682198705260234';
UPDATE User SET password_hash = '$2y$13$dg4FlrrcXjMmvWznC3XUhehaTTZ/xfKXNpEYbSt8o3Q/9b9xonHLC' WHERE account = '422920200202228982';
UPDATE User SET password_hash = '$2y$13$dg4FlrrcXjMmvWznC3XUhehaTTZ/xfKXNpEYbSt8o3Q/9b9xonHLC' WHERE account = '364311194609258898';
UPDATE User SET password_hash = '$2y$13$dg4FlrrcXjMmvWznC3XUhehaTTZ/xfKXNpEYbSt8o3Q/9b9xonHLC' WHERE account = '364483197807312567';
UPDATE User SET password_hash = '$2y$13$dg4FlrrcXjMmvWznC3XUhehaTTZ/xfKXNpEYbSt8o3Q/9b9xonHLC' WHERE account = '652629194511307364';
UPDATE User SET password_hash = '$2y$13$dg4FlrrcXjMmvWznC3XUhehaTTZ/xfKXNpEYbSt8o3Q/9b9xonHLC' WHERE account = '810164194803269833';
UPDATE User SET password_hash = '$2y$13$dg4FlrrcXjMmvWznC3XUhehaTTZ/xfKXNpEYbSt8o3Q/9b9xonHLC' WHERE account = '532551197502052753';
UPDATE User SET password_hash = '$2y$13$dg4FlrrcXjMmvWznC3XUhehaTTZ/xfKXNpEYbSt8o3Q/9b9xonHLC' WHERE account = '333393198807318944';
UPDATE User SET password_hash = '$2y$13$dg4FlrrcXjMmvWznC3XUhehaTTZ/xfKXNpEYbSt8o3Q/9b9xonHLC' WHERE account = '54105819240812490X';
UPDATE User SET password_hash = '$2y$13$dg4FlrrcXjMmvWznC3XUhehaTTZ/xfKXNpEYbSt8o3Q/9b9xonHLC' WHERE account = '37155519880512645X';
UPDATE User SET password_hash = '$2y$13$dg4FlrrcXjMmvWznC3XUhehaTTZ/xfKXNpEYbSt8o3Q/9b9xonHLC' WHERE account = '362149192403095922';
UPDATE User SET password_hash = '$2y$13$dg4FlrrcXjMmvWznC3XUhehaTTZ/xfKXNpEYbSt8o3Q/9b9xonHLC' WHERE account = '543897198907042460';
UPDATE User SET password_hash = '$2y$13$dg4FlrrcXjMmvWznC3XUhehaTTZ/xfKXNpEYbSt8o3Q/9b9xonHLC' WHERE account = '322789196102158156';
UPDATE User SET password_hash = '$2y$13$dg4FlrrcXjMmvWznC3XUhehaTTZ/xfKXNpEYbSt8o3Q/9b9xonHLC' WHERE account = '33400319480826789X';
UPDATE User SET password_hash = '$2y$13$dg4FlrrcXjMmvWznC3XUhehaTTZ/xfKXNpEYbSt8o3Q/9b9xonHLC' WHERE account = '344344199507246400';
UPDATE User SET password_hash = '$2y$13$dg4FlrrcXjMmvWznC3XUhehaTTZ/xfKXNpEYbSt8o3Q/9b9xonHLC' WHERE account = '812373197806018977';
UPDATE User SET password_hash = '$2y$13$dg4FlrrcXjMmvWznC3XUhehaTTZ/xfKXNpEYbSt8o3Q/9b9xonHLC' WHERE account = '35124719330523266X';
UPDATE User SET password_hash = '$2y$13$dg4FlrrcXjMmvWznC3XUhehaTTZ/xfKXNpEYbSt8o3Q/9b9xonHLC' WHERE account = '642759195103174827';
UPDATE User SET password_hash = '$2y$13$dg4FlrrcXjMmvWznC3XUhehaTTZ/xfKXNpEYbSt8o3Q/9b9xonHLC' WHERE account = '820879197912097341';
UPDATE User SET password_hash = '$2y$13$dg4FlrrcXjMmvWznC3XUhehaTTZ/xfKXNpEYbSt8o3Q/9b9xonHLC' WHERE account = '502461201109163110';
UPDATE User SET password_hash = '$2y$13$dg4FlrrcXjMmvWznC3XUhehaTTZ/xfKXNpEYbSt8o3Q/9b9xonHLC' WHERE account = '504292193404306105';
UPDATE User SET password_hash = '$2y$13$dg4FlrrcXjMmvWznC3XUhehaTTZ/xfKXNpEYbSt8o3Q/9b9xonHLC' WHERE account = '503699195408227737';
UPDATE User SET password_hash = '$2y$13$dg4FlrrcXjMmvWznC3XUhehaTTZ/xfKXNpEYbSt8o3Q/9b9xonHLC' WHERE account = '644116199704260872';
UPDATE User SET password_hash = '$2y$13$dg4FlrrcXjMmvWznC3XUhehaTTZ/xfKXNpEYbSt8o3Q/9b9xonHLC' WHERE account = '464444196804252580';
UPDATE User SET password_hash = '$2y$13$dg4FlrrcXjMmvWznC3XUhehaTTZ/xfKXNpEYbSt8o3Q/9b9xonHLC' WHERE account = '813185199109053825';
UPDATE User SET password_hash = '$2y$13$dg4FlrrcXjMmvWznC3XUhehaTTZ/xfKXNpEYbSt8o3Q/9b9xonHLC' WHERE account = '644343195011052958';
UPDATE User SET password_hash = '$2y$13$dg4FlrrcXjMmvWznC3XUhehaTTZ/xfKXNpEYbSt8o3Q/9b9xonHLC' WHERE account = '212234194009019787';
UPDATE User SET password_hash = '$2y$13$dg4FlrrcXjMmvWznC3XUhehaTTZ/xfKXNpEYbSt8o3Q/9b9xonHLC' WHERE account = '534512192902032620';
UPDATE User SET password_hash = '$2y$13$dg4FlrrcXjMmvWznC3XUhehaTTZ/xfKXNpEYbSt8o3Q/9b9xonHLC' WHERE account = '544880199403100713';
UPDATE User SET password_hash = '$2y$13$dg4FlrrcXjMmvWznC3XUhehaTTZ/xfKXNpEYbSt8o3Q/9b9xonHLC' WHERE account = '510834197111042905';
UPDATE User SET password_hash = '$2y$13$dg4FlrrcXjMmvWznC3XUhehaTTZ/xfKXNpEYbSt8o3Q/9b9xonHLC' WHERE account = '224166200202230492';
UPDATE User SET password_hash = '$2y$13$dg4FlrrcXjMmvWznC3XUhehaTTZ/xfKXNpEYbSt8o3Q/9b9xonHLC' WHERE account = '522228197008125496';
UPDATE User SET password_hash = '$2y$13$dg4FlrrcXjMmvWznC3XUhehaTTZ/xfKXNpEYbSt8o3Q/9b9xonHLC' WHERE account = '613832192505256434';
UPDATE User SET password_hash = '$2y$13$dg4FlrrcXjMmvWznC3XUhehaTTZ/xfKXNpEYbSt8o3Q/9b9xonHLC' WHERE account = '812559199801308349';
UPDATE User SET password_hash = '$2y$13$dg4FlrrcXjMmvWznC3XUhehaTTZ/xfKXNpEYbSt8o3Q/9b9xonHLC' WHERE account = '814366195112126204';
UPDATE User SET password_hash = '$2y$13$dg4FlrrcXjMmvWznC3XUhehaTTZ/xfKXNpEYbSt8o3Q/9b9xonHLC' WHERE account = '654257200502086661';
UPDATE User SET password_hash = '$2y$13$dg4FlrrcXjMmvWznC3XUhehaTTZ/xfKXNpEYbSt8o3Q/9b9xonHLC' WHERE account = '53446919530823202X';
UPDATE User SET password_hash = '$2y$13$dg4FlrrcXjMmvWznC3XUhehaTTZ/xfKXNpEYbSt8o3Q/9b9xonHLC' WHERE account = '33437019311015560X';
UPDATE User SET password_hash = '$2y$13$dg4FlrrcXjMmvWznC3XUhehaTTZ/xfKXNpEYbSt8o3Q/9b9xonHLC' WHERE account = '433564195210149100';
UPDATE User SET password_hash = '$2y$13$dg4FlrrcXjMmvWznC3XUhehaTTZ/xfKXNpEYbSt8o3Q/9b9xonHLC' WHERE account = '231869193111247285';
UPDATE User SET password_hash = '$2y$13$dg4FlrrcXjMmvWznC3XUhehaTTZ/xfKXNpEYbSt8o3Q/9b9xonHLC' WHERE account = '631134200912119427';
UPDATE User SET password_hash = '$2y$13$dg4FlrrcXjMmvWznC3XUhehaTTZ/xfKXNpEYbSt8o3Q/9b9xonHLC' WHERE account = '323410196308298331';
UPDATE User SET password_hash = '$2y$13$dg4FlrrcXjMmvWznC3XUhehaTTZ/xfKXNpEYbSt8o3Q/9b9xonHLC' WHERE account = '343162201005234598';
UPDATE User SET password_hash = '$2y$13$dg4FlrrcXjMmvWznC3XUhehaTTZ/xfKXNpEYbSt8o3Q/9b9xonHLC' WHERE account = '360798198609275484';
UPDATE User SET password_hash = '$2y$13$dg4FlrrcXjMmvWznC3XUhehaTTZ/xfKXNpEYbSt8o3Q/9b9xonHLC' WHERE account = '231185196911062123';
UPDATE User SET password_hash = '$2y$13$dg4FlrrcXjMmvWznC3XUhehaTTZ/xfKXNpEYbSt8o3Q/9b9xonHLC' WHERE account = '511712200512112477';
UPDATE User SET password_hash = '$2y$13$dg4FlrrcXjMmvWznC3XUhehaTTZ/xfKXNpEYbSt8o3Q/9b9xonHLC' WHERE account = '541293200604212671';
UPDATE User SET password_hash = '$2y$13$dg4FlrrcXjMmvWznC3XUhehaTTZ/xfKXNpEYbSt8o3Q/9b9xonHLC' WHERE account = '344860201404253287';
UPDATE User SET password_hash = '$2y$13$dg4FlrrcXjMmvWznC3XUhehaTTZ/xfKXNpEYbSt8o3Q/9b9xonHLC' WHERE account = '454564198007128811';
UPDATE User SET password_hash = '$2y$13$dg4FlrrcXjMmvWznC3XUhehaTTZ/xfKXNpEYbSt8o3Q/9b9xonHLC' WHERE account = '540462195206153501';
UPDATE User SET password_hash = '$2y$13$dg4FlrrcXjMmvWznC3XUhehaTTZ/xfKXNpEYbSt8o3Q/9b9xonHLC' WHERE account = '642976199101038799';
UPDATE User SET password_hash = '$2y$13$dg4FlrrcXjMmvWznC3XUhehaTTZ/xfKXNpEYbSt8o3Q/9b9xonHLC' WHERE account = '503380193702182092';
UPDATE User SET password_hash = '$2y$13$dg4FlrrcXjMmvWznC3XUhehaTTZ/xfKXNpEYbSt8o3Q/9b9xonHLC' WHERE account = '533703196406260305';
UPDATE User SET password_hash = '$2y$13$dg4FlrrcXjMmvWznC3XUhehaTTZ/xfKXNpEYbSt8o3Q/9b9xonHLC' WHERE account = '362917198406131616';
UPDATE User SET password_hash = '$2y$13$dg4FlrrcXjMmvWznC3XUhehaTTZ/xfKXNpEYbSt8o3Q/9b9xonHLC' WHERE account = '361171193111085005';
UPDATE User SET password_hash = '$2y$13$dg4FlrrcXjMmvWznC3XUhehaTTZ/xfKXNpEYbSt8o3Q/9b9xonHLC' WHERE account = '541329199110121004';
UPDATE User SET password_hash = '$2y$13$dg4FlrrcXjMmvWznC3XUhehaTTZ/xfKXNpEYbSt8o3Q/9b9xonHLC' WHERE account = '46217519650529109X';
UPDATE User SET password_hash = '$2y$13$dg4FlrrcXjMmvWznC3XUhehaTTZ/xfKXNpEYbSt8o3Q/9b9xonHLC' WHERE account = '441097195111040890';
UPDATE User SET password_hash = '$2y$13$dg4FlrrcXjMmvWznC3XUhehaTTZ/xfKXNpEYbSt8o3Q/9b9xonHLC' WHERE account = '42311120090624278X';
UPDATE User SET password_hash = '$2y$13$dg4FlrrcXjMmvWznC3XUhehaTTZ/xfKXNpEYbSt8o3Q/9b9xonHLC' WHERE account = '450527193408274756';
UPDATE User SET password_hash = '$2y$13$dg4FlrrcXjMmvWznC3XUhehaTTZ/xfKXNpEYbSt8o3Q/9b9xonHLC' WHERE account = '811459199604182838';
UPDATE User SET password_hash = '$2y$13$dg4FlrrcXjMmvWznC3XUhehaTTZ/xfKXNpEYbSt8o3Q/9b9xonHLC' WHERE account = '823658198211276998';
UPDATE User SET password_hash = '$2y$13$dg4FlrrcXjMmvWznC3XUhehaTTZ/xfKXNpEYbSt8o3Q/9b9xonHLC' WHERE account = '510686198901279102';
UPDATE User SET password_hash = '$2y$13$dg4FlrrcXjMmvWznC3XUhehaTTZ/xfKXNpEYbSt8o3Q/9b9xonHLC' WHERE account = '442465193001014909';
UPDATE User SET password_hash = '$2y$13$dg4FlrrcXjMmvWznC3XUhehaTTZ/xfKXNpEYbSt8o3Q/9b9xonHLC' WHERE account = '654833193504272282';
UPDATE User SET password_hash = '$2y$13$dg4FlrrcXjMmvWznC3XUhehaTTZ/xfKXNpEYbSt8o3Q/9b9xonHLC' WHERE account = '820189195903239120';
UPDATE User SET password_hash = '$2y$13$dg4FlrrcXjMmvWznC3XUhehaTTZ/xfKXNpEYbSt8o3Q/9b9xonHLC' WHERE account = '644307196505124688';
UPDATE User SET password_hash = '$2y$13$dg4FlrrcXjMmvWznC3XUhehaTTZ/xfKXNpEYbSt8o3Q/9b9xonHLC' WHERE account = '15185319400530745X';
UPDATE User SET password_hash = '$2y$13$dg4FlrrcXjMmvWznC3XUhehaTTZ/xfKXNpEYbSt8o3Q/9b9xonHLC' WHERE account = '503959195707074727';
UPDATE User SET password_hash = '$2y$13$dg4FlrrcXjMmvWznC3XUhehaTTZ/xfKXNpEYbSt8o3Q/9b9xonHLC' WHERE account = '624073195012264126';
UPDATE User SET password_hash = '$2y$13$dg4FlrrcXjMmvWznC3XUhehaTTZ/xfKXNpEYbSt8o3Q/9b9xonHLC' WHERE account = '433199198504036320';
UPDATE User SET password_hash = '$2y$13$dg4FlrrcXjMmvWznC3XUhehaTTZ/xfKXNpEYbSt8o3Q/9b9xonHLC' WHERE account = '501297200007283742';
UPDATE User SET password_hash = '$2y$13$dg4FlrrcXjMmvWznC3XUhehaTTZ/xfKXNpEYbSt8o3Q/9b9xonHLC' WHERE account = '650487194303039214';
UPDATE User SET password_hash = '$2y$13$dg4FlrrcXjMmvWznC3XUhehaTTZ/xfKXNpEYbSt8o3Q/9b9xonHLC' WHERE account = '344595199801230739';
UPDATE User SET password_hash = '$2y$13$dg4FlrrcXjMmvWznC3XUhehaTTZ/xfKXNpEYbSt8o3Q/9b9xonHLC' WHERE account = '121042195707297734';
UPDATE User SET password_hash = '$2y$13$dg4FlrrcXjMmvWznC3XUhehaTTZ/xfKXNpEYbSt8o3Q/9b9xonHLC' WHERE account = '344074194411210979';
UPDATE User SET password_hash = '$2y$13$dg4FlrrcXjMmvWznC3XUhehaTTZ/xfKXNpEYbSt8o3Q/9b9xonHLC' WHERE account = '211093195009012466';
UPDATE User SET password_hash = '$2y$13$dg4FlrrcXjMmvWznC3XUhehaTTZ/xfKXNpEYbSt8o3Q/9b9xonHLC' WHERE account = '541639199411301694';
UPDATE User SET password_hash = '$2y$13$dg4FlrrcXjMmvWznC3XUhehaTTZ/xfKXNpEYbSt8o3Q/9b9xonHLC' WHERE account = '211668192512100152';
UPDATE User SET password_hash = '$2y$13$dg4FlrrcXjMmvWznC3XUhehaTTZ/xfKXNpEYbSt8o3Q/9b9xonHLC' WHERE account = '371954200602263435';
UPDATE User SET password_hash = '$2y$13$dg4FlrrcXjMmvWznC3XUhehaTTZ/xfKXNpEYbSt8o3Q/9b9xonHLC' WHERE account = '343617197801176006';
UPDATE User SET password_hash = '$2y$13$dg4FlrrcXjMmvWznC3XUhehaTTZ/xfKXNpEYbSt8o3Q/9b9xonHLC' WHERE account = '530766195710316166';
UPDATE User SET password_hash = '$2y$13$dg4FlrrcXjMmvWznC3XUhehaTTZ/xfKXNpEYbSt8o3Q/9b9xonHLC' WHERE account = '232082200403136110';
UPDATE User SET password_hash = '$2y$13$dg4FlrrcXjMmvWznC3XUhehaTTZ/xfKXNpEYbSt8o3Q/9b9xonHLC' WHERE account = '351933192404061295';
UPDATE User SET password_hash = '$2y$13$dg4FlrrcXjMmvWznC3XUhehaTTZ/xfKXNpEYbSt8o3Q/9b9xonHLC' WHERE account = '613826198111047435';
UPDATE User SET password_hash = '$2y$13$dg4FlrrcXjMmvWznC3XUhehaTTZ/xfKXNpEYbSt8o3Q/9b9xonHLC' WHERE account = '220475197803187926';
UPDATE User SET password_hash = '$2y$13$dg4FlrrcXjMmvWznC3XUhehaTTZ/xfKXNpEYbSt8o3Q/9b9xonHLC' WHERE account = '623777197706153946';
UPDATE User SET password_hash = '$2y$13$dg4FlrrcXjMmvWznC3XUhehaTTZ/xfKXNpEYbSt8o3Q/9b9xonHLC' WHERE account = '230423193804307957';
UPDATE User SET password_hash = '$2y$13$dg4FlrrcXjMmvWznC3XUhehaTTZ/xfKXNpEYbSt8o3Q/9b9xonHLC' WHERE account = '81350519531022642X';
UPDATE User SET password_hash = '$2y$13$dg4FlrrcXjMmvWznC3XUhehaTTZ/xfKXNpEYbSt8o3Q/9b9xonHLC' WHERE account = '822380201005026777';
UPDATE User SET password_hash = '$2y$13$dg4FlrrcXjMmvWznC3XUhehaTTZ/xfKXNpEYbSt8o3Q/9b9xonHLC' WHERE account = '441049199208139755';
UPDATE User SET password_hash = '$2y$13$dg4FlrrcXjMmvWznC3XUhehaTTZ/xfKXNpEYbSt8o3Q/9b9xonHLC' WHERE account = '811412194911235974';
UPDATE User SET password_hash = '$2y$13$dg4FlrrcXjMmvWznC3XUhehaTTZ/xfKXNpEYbSt8o3Q/9b9xonHLC' WHERE account = '144555193007283142';
UPDATE User SET password_hash = '$2y$13$dg4FlrrcXjMmvWznC3XUhehaTTZ/xfKXNpEYbSt8o3Q/9b9xonHLC' WHERE account = '124398194402055636';
UPDATE User SET password_hash = '$2y$13$dg4FlrrcXjMmvWznC3XUhehaTTZ/xfKXNpEYbSt8o3Q/9b9xonHLC' WHERE account = '441468198111037862';
UPDATE User SET password_hash = '$2y$13$dg4FlrrcXjMmvWznC3XUhehaTTZ/xfKXNpEYbSt8o3Q/9b9xonHLC' WHERE account = '414077199102048502';
UPDATE User SET password_hash = '$2y$13$dg4FlrrcXjMmvWznC3XUhehaTTZ/xfKXNpEYbSt8o3Q/9b9xonHLC' WHERE account = '621890198906260798';
UPDATE User SET password_hash = '$2y$13$dg4FlrrcXjMmvWznC3XUhehaTTZ/xfKXNpEYbSt8o3Q/9b9xonHLC' WHERE account = '621333198311266646';
UPDATE User SET password_hash = '$2y$13$dg4FlrrcXjMmvWznC3XUhehaTTZ/xfKXNpEYbSt8o3Q/9b9xonHLC' WHERE account = '533459200310114010';
UPDATE User SET password_hash = '$2y$13$dg4FlrrcXjMmvWznC3XUhehaTTZ/xfKXNpEYbSt8o3Q/9b9xonHLC' WHERE account = '433765195505173421';
UPDATE User SET password_hash = '$2y$13$dg4FlrrcXjMmvWznC3XUhehaTTZ/xfKXNpEYbSt8o3Q/9b9xonHLC' WHERE account = '64374919780818562X';
UPDATE User SET password_hash = '$2y$13$dg4FlrrcXjMmvWznC3XUhehaTTZ/xfKXNpEYbSt8o3Q/9b9xonHLC' WHERE account = '521980196205134769';
UPDATE User SET password_hash = '$2y$13$dg4FlrrcXjMmvWznC3XUhehaTTZ/xfKXNpEYbSt8o3Q/9b9xonHLC' WHERE account = '620842197801123755';
UPDATE User SET password_hash = '$2y$13$dg4FlrrcXjMmvWznC3XUhehaTTZ/xfKXNpEYbSt8o3Q/9b9xonHLC' WHERE account = '354223199511286675';
UPDATE User SET password_hash = '$2y$13$dg4FlrrcXjMmvWznC3XUhehaTTZ/xfKXNpEYbSt8o3Q/9b9xonHLC' WHERE account = '410905197603209880';
UPDATE User SET password_hash = '$2y$13$dg4FlrrcXjMmvWznC3XUhehaTTZ/xfKXNpEYbSt8o3Q/9b9xonHLC' WHERE account = '444020195707086471';
UPDATE User SET password_hash = '$2y$13$dg4FlrrcXjMmvWznC3XUhehaTTZ/xfKXNpEYbSt8o3Q/9b9xonHLC' WHERE account = '43319219890621809X';
UPDATE User SET password_hash = '$2y$13$dg4FlrrcXjMmvWznC3XUhehaTTZ/xfKXNpEYbSt8o3Q/9b9xonHLC' WHERE account = '642345195109253072';
UPDATE User SET password_hash = '$2y$13$dg4FlrrcXjMmvWznC3XUhehaTTZ/xfKXNpEYbSt8o3Q/9b9xonHLC' WHERE account = '214129197510191186';
UPDATE User SET password_hash = '$2y$13$dg4FlrrcXjMmvWznC3XUhehaTTZ/xfKXNpEYbSt8o3Q/9b9xonHLC' WHERE account = '152845199501113916';
UPDATE User SET password_hash = '$2y$13$dg4FlrrcXjMmvWznC3XUhehaTTZ/xfKXNpEYbSt8o3Q/9b9xonHLC' WHERE account = '512723199011055025';
UPDATE User SET password_hash = '$2y$13$dg4FlrrcXjMmvWznC3XUhehaTTZ/xfKXNpEYbSt8o3Q/9b9xonHLC' WHERE account = '334446199104195709';
UPDATE User SET password_hash = '$2y$13$dg4FlrrcXjMmvWznC3XUhehaTTZ/xfKXNpEYbSt8o3Q/9b9xonHLC' WHERE account = '53176219610920131X';
UPDATE User SET password_hash = '$2y$13$dg4FlrrcXjMmvWznC3XUhehaTTZ/xfKXNpEYbSt8o3Q/9b9xonHLC' WHERE account = '544975200311065354';
UPDATE User SET password_hash = '$2y$13$dg4FlrrcXjMmvWznC3XUhehaTTZ/xfKXNpEYbSt8o3Q/9b9xonHLC' WHERE account = '353072201301250107';
UPDATE User SET password_hash = '$2y$13$dg4FlrrcXjMmvWznC3XUhehaTTZ/xfKXNpEYbSt8o3Q/9b9xonHLC' WHERE account = '334748198004213781';
UPDATE User SET password_hash = '$2y$13$dg4FlrrcXjMmvWznC3XUhehaTTZ/xfKXNpEYbSt8o3Q/9b9xonHLC' WHERE account = '535063194607205081';
UPDATE User SET password_hash = '$2y$13$dg4FlrrcXjMmvWznC3XUhehaTTZ/xfKXNpEYbSt8o3Q/9b9xonHLC' WHERE account = '630629198310230851';
UPDATE User SET password_hash = '$2y$13$dg4FlrrcXjMmvWznC3XUhehaTTZ/xfKXNpEYbSt8o3Q/9b9xonHLC' WHERE account = '541582192708264861';
UPDATE User SET password_hash = '$2y$13$dg4FlrrcXjMmvWznC3XUhehaTTZ/xfKXNpEYbSt8o3Q/9b9xonHLC' WHERE account = '633124199910012475';
UPDATE User SET password_hash = '$2y$13$dg4FlrrcXjMmvWznC3XUhehaTTZ/xfKXNpEYbSt8o3Q/9b9xonHLC' WHERE account = '130825196612309466';
UPDATE User SET password_hash = '$2y$13$dg4FlrrcXjMmvWznC3XUhehaTTZ/xfKXNpEYbSt8o3Q/9b9xonHLC' WHERE account = '462899199408257172';
UPDATE User SET password_hash = '$2y$13$dg4FlrrcXjMmvWznC3XUhehaTTZ/xfKXNpEYbSt8o3Q/9b9xonHLC' WHERE account = '541820196905203062';
UPDATE User SET password_hash = '$2y$13$dg4FlrrcXjMmvWznC3XUhehaTTZ/xfKXNpEYbSt8o3Q/9b9xonHLC' WHERE account = '143006195505209350';
UPDATE User SET password_hash = '$2y$13$dg4FlrrcXjMmvWznC3XUhehaTTZ/xfKXNpEYbSt8o3Q/9b9xonHLC' WHERE account = '641282196612101659';
UPDATE User SET password_hash = '$2y$13$dg4FlrrcXjMmvWznC3XUhehaTTZ/xfKXNpEYbSt8o3Q/9b9xonHLC' WHERE account = '411253193510174921';
UPDATE User SET password_hash = '$2y$13$dg4FlrrcXjMmvWznC3XUhehaTTZ/xfKXNpEYbSt8o3Q/9b9xonHLC' WHERE account = '334719193909241160';
UPDATE User SET password_hash = '$2y$13$dg4FlrrcXjMmvWznC3XUhehaTTZ/xfKXNpEYbSt8o3Q/9b9xonHLC' WHERE account = '340882198101304406';
UPDATE User SET password_hash = '$2y$13$dg4FlrrcXjMmvWznC3XUhehaTTZ/xfKXNpEYbSt8o3Q/9b9xonHLC' WHERE account = '34364619650107764X';
UPDATE User SET password_hash = '$2y$13$dg4FlrrcXjMmvWznC3XUhehaTTZ/xfKXNpEYbSt8o3Q/9b9xonHLC' WHERE account = '121473198508081155';
UPDATE User SET password_hash = '$2y$13$dg4FlrrcXjMmvWznC3XUhehaTTZ/xfKXNpEYbSt8o3Q/9b9xonHLC' WHERE account = '612216199506225894';
UPDATE User SET password_hash = '$2y$13$dg4FlrrcXjMmvWznC3XUhehaTTZ/xfKXNpEYbSt8o3Q/9b9xonHLC' WHERE account = '124259201010072335';
UPDATE User SET password_hash = '$2y$13$dg4FlrrcXjMmvWznC3XUhehaTTZ/xfKXNpEYbSt8o3Q/9b9xonHLC' WHERE account = '114051201001243623';
UPDATE User SET password_hash = '$2y$13$dg4FlrrcXjMmvWznC3XUhehaTTZ/xfKXNpEYbSt8o3Q/9b9xonHLC' WHERE account = '143564194706191720';
UPDATE User SET password_hash = '$2y$13$dg4FlrrcXjMmvWznC3XUhehaTTZ/xfKXNpEYbSt8o3Q/9b9xonHLC' WHERE account = '411118195211100758';
UPDATE User SET password_hash = '$2y$13$dg4FlrrcXjMmvWznC3XUhehaTTZ/xfKXNpEYbSt8o3Q/9b9xonHLC' WHERE account = '504289201103112216';
UPDATE User SET password_hash = '$2y$13$dg4FlrrcXjMmvWznC3XUhehaTTZ/xfKXNpEYbSt8o3Q/9b9xonHLC' WHERE account = '502886195702052811';
UPDATE User SET password_hash = '$2y$13$dg4FlrrcXjMmvWznC3XUhehaTTZ/xfKXNpEYbSt8o3Q/9b9xonHLC' WHERE account = '501559194012214674';
UPDATE User SET password_hash = '$2y$13$dg4FlrrcXjMmvWznC3XUhehaTTZ/xfKXNpEYbSt8o3Q/9b9xonHLC' WHERE account = '531148198508282527';
UPDATE User SET password_hash = '$2y$13$dg4FlrrcXjMmvWznC3XUhehaTTZ/xfKXNpEYbSt8o3Q/9b9xonHLC' WHERE account = '812095196910262485';
UPDATE User SET password_hash = '$2y$13$dg4FlrrcXjMmvWznC3XUhehaTTZ/xfKXNpEYbSt8o3Q/9b9xonHLC' WHERE account = '121063197908281444';
UPDATE User SET password_hash = '$2y$13$dg4FlrrcXjMmvWznC3XUhehaTTZ/xfKXNpEYbSt8o3Q/9b9xonHLC' WHERE account = '341223195305034838';
UPDATE User SET password_hash = '$2y$13$dg4FlrrcXjMmvWznC3XUhehaTTZ/xfKXNpEYbSt8o3Q/9b9xonHLC' WHERE account = '644440194603171095';
UPDATE User SET password_hash = '$2y$13$dg4FlrrcXjMmvWznC3XUhehaTTZ/xfKXNpEYbSt8o3Q/9b9xonHLC' WHERE account = '540252192808046111';
UPDATE User SET password_hash = '$2y$13$dg4FlrrcXjMmvWznC3XUhehaTTZ/xfKXNpEYbSt8o3Q/9b9xonHLC' WHERE account = '330732196901091491';
UPDATE User SET password_hash = '$2y$13$dg4FlrrcXjMmvWznC3XUhehaTTZ/xfKXNpEYbSt8o3Q/9b9xonHLC' WHERE account = '340514193010252949';
UPDATE User SET password_hash = '$2y$13$dg4FlrrcXjMmvWznC3XUhehaTTZ/xfKXNpEYbSt8o3Q/9b9xonHLC' WHERE account = '231286199205256678';
UPDATE User SET password_hash = '$2y$13$dg4FlrrcXjMmvWznC3XUhehaTTZ/xfKXNpEYbSt8o3Q/9b9xonHLC' WHERE account = '420679196712218385';
UPDATE User SET password_hash = '$2y$13$dg4FlrrcXjMmvWznC3XUhehaTTZ/xfKXNpEYbSt8o3Q/9b9xonHLC' WHERE account = '451774197810269484';
UPDATE User SET password_hash = '$2y$13$dg4FlrrcXjMmvWznC3XUhehaTTZ/xfKXNpEYbSt8o3Q/9b9xonHLC' WHERE account = '431787201207286838';
UPDATE User SET password_hash = '$2y$13$dg4FlrrcXjMmvWznC3XUhehaTTZ/xfKXNpEYbSt8o3Q/9b9xonHLC' WHERE account = '311732194701014717';
UPDATE User SET password_hash = '$2y$13$dg4FlrrcXjMmvWznC3XUhehaTTZ/xfKXNpEYbSt8o3Q/9b9xonHLC' WHERE account = '611517197110124002';
UPDATE User SET password_hash = '$2y$13$dg4FlrrcXjMmvWznC3XUhehaTTZ/xfKXNpEYbSt8o3Q/9b9xonHLC' WHERE account = '123326201005229066';
UPDATE User SET password_hash = '$2y$13$dg4FlrrcXjMmvWznC3XUhehaTTZ/xfKXNpEYbSt8o3Q/9b9xonHLC' WHERE account = '314894201408020893';
UPDATE User SET password_hash = '$2y$13$dg4FlrrcXjMmvWznC3XUhehaTTZ/xfKXNpEYbSt8o3Q/9b9xonHLC' WHERE account = '11155619640521698X';
UPDATE User SET password_hash = '$2y$13$dg4FlrrcXjMmvWznC3XUhehaTTZ/xfKXNpEYbSt8o3Q/9b9xonHLC' WHERE account = '33079820060712259X';
UPDATE User SET password_hash = '$2y$13$dg4FlrrcXjMmvWznC3XUhehaTTZ/xfKXNpEYbSt8o3Q/9b9xonHLC' WHERE account = '710933198804084231';
UPDATE User SET password_hash = '$2y$13$dg4FlrrcXjMmvWznC3XUhehaTTZ/xfKXNpEYbSt8o3Q/9b9xonHLC' WHERE account = '642369199309088104';
UPDATE User SET password_hash = '$2y$13$dg4FlrrcXjMmvWznC3XUhehaTTZ/xfKXNpEYbSt8o3Q/9b9xonHLC' WHERE account = '710432197202154926';
UPDATE User SET password_hash = '$2y$13$dg4FlrrcXjMmvWznC3XUhehaTTZ/xfKXNpEYbSt8o3Q/9b9xonHLC' WHERE account = '431774199809099911';
UPDATE User SET password_hash = '$2y$13$dg4FlrrcXjMmvWznC3XUhehaTTZ/xfKXNpEYbSt8o3Q/9b9xonHLC' WHERE account = '425093192408253624';
UPDATE User SET password_hash = '$2y$13$dg4FlrrcXjMmvWznC3XUhehaTTZ/xfKXNpEYbSt8o3Q/9b9xonHLC' WHERE account = '420599199912167067';
UPDATE User SET password_hash = '$2y$13$dg4FlrrcXjMmvWznC3XUhehaTTZ/xfKXNpEYbSt8o3Q/9b9xonHLC' WHERE account = '812135195009162117';
UPDATE User SET password_hash = '$2y$13$dg4FlrrcXjMmvWznC3XUhehaTTZ/xfKXNpEYbSt8o3Q/9b9xonHLC' WHERE account = '714606196003096005';
UPDATE User SET password_hash = '$2y$13$dg4FlrrcXjMmvWznC3XUhehaTTZ/xfKXNpEYbSt8o3Q/9b9xonHLC' WHERE account = '110712197301241100';
UPDATE User SET password_hash = '$2y$13$dg4FlrrcXjMmvWznC3XUhehaTTZ/xfKXNpEYbSt8o3Q/9b9xonHLC' WHERE account = '461203192606110159';
UPDATE User SET password_hash = '$2y$13$dg4FlrrcXjMmvWznC3XUhehaTTZ/xfKXNpEYbSt8o3Q/9b9xonHLC' WHERE account = '352359196203201383';
UPDATE User SET password_hash = '$2y$13$dg4FlrrcXjMmvWznC3XUhehaTTZ/xfKXNpEYbSt8o3Q/9b9xonHLC' WHERE account = '463068192805295355';
UPDATE User SET password_hash = '$2y$13$dg4FlrrcXjMmvWznC3XUhehaTTZ/xfKXNpEYbSt8o3Q/9b9xonHLC' WHERE account = '211394193403031958';
UPDATE User SET password_hash = '$2y$13$dg4FlrrcXjMmvWznC3XUhehaTTZ/xfKXNpEYbSt8o3Q/9b9xonHLC' WHERE account = '654618194006296410';
UPDATE User SET password_hash = '$2y$13$dg4FlrrcXjMmvWznC3XUhehaTTZ/xfKXNpEYbSt8o3Q/9b9xonHLC' WHERE account = '441775197410294210';
UPDATE User SET password_hash = '$2y$13$dg4FlrrcXjMmvWznC3XUhehaTTZ/xfKXNpEYbSt8o3Q/9b9xonHLC' WHERE account = '132407195506183778';
UPDATE User SET password_hash = '$2y$13$dg4FlrrcXjMmvWznC3XUhehaTTZ/xfKXNpEYbSt8o3Q/9b9xonHLC' WHERE account = '461929194302078957';
UPDATE User SET password_hash = '$2y$13$dg4FlrrcXjMmvWznC3XUhehaTTZ/xfKXNpEYbSt8o3Q/9b9xonHLC' WHERE account = '423809198407246641';
UPDATE User SET password_hash = '$2y$13$dg4FlrrcXjMmvWznC3XUhehaTTZ/xfKXNpEYbSt8o3Q/9b9xonHLC' WHERE account = '631784199007067186';
UPDATE User SET password_hash = '$2y$13$dg4FlrrcXjMmvWznC3XUhehaTTZ/xfKXNpEYbSt8o3Q/9b9xonHLC' WHERE account = '21167619430217375X';
UPDATE User SET password_hash = '$2y$13$dg4FlrrcXjMmvWznC3XUhehaTTZ/xfKXNpEYbSt8o3Q/9b9xonHLC' WHERE account = '372173196811178997';
UPDATE User SET password_hash = '$2y$13$dg4FlrrcXjMmvWznC3XUhehaTTZ/xfKXNpEYbSt8o3Q/9b9xonHLC' WHERE account = '511592196604135291';
UPDATE User SET password_hash = '$2y$13$dg4FlrrcXjMmvWznC3XUhehaTTZ/xfKXNpEYbSt8o3Q/9b9xonHLC' WHERE account = '511550196810227077';
UPDATE User SET password_hash = '$2y$13$dg4FlrrcXjMmvWznC3XUhehaTTZ/xfKXNpEYbSt8o3Q/9b9xonHLC' WHERE account = '231950194412287780';
UPDATE User SET password_hash = '$2y$13$dg4FlrrcXjMmvWznC3XUhehaTTZ/xfKXNpEYbSt8o3Q/9b9xonHLC' WHERE account = '504296193307179613';
UPDATE User SET password_hash = '$2y$13$dg4FlrrcXjMmvWznC3XUhehaTTZ/xfKXNpEYbSt8o3Q/9b9xonHLC' WHERE account = '453597196401281491';
UPDATE User SET password_hash = '$2y$13$dg4FlrrcXjMmvWznC3XUhehaTTZ/xfKXNpEYbSt8o3Q/9b9xonHLC' WHERE account = '631327199608156526';
UPDATE User SET password_hash = '$2y$13$dg4FlrrcXjMmvWznC3XUhehaTTZ/xfKXNpEYbSt8o3Q/9b9xonHLC' WHERE account = '610173195603228247';
UPDATE User SET password_hash = '$2y$13$dg4FlrrcXjMmvWznC3XUhehaTTZ/xfKXNpEYbSt8o3Q/9b9xonHLC' WHERE account = '153294193201273385';
UPDATE User SET password_hash = '$2y$13$dg4FlrrcXjMmvWznC3XUhehaTTZ/xfKXNpEYbSt8o3Q/9b9xonHLC' WHERE account = '442812194207135197';
UPDATE User SET password_hash = '$2y$13$dg4FlrrcXjMmvWznC3XUhehaTTZ/xfKXNpEYbSt8o3Q/9b9xonHLC' WHERE account = '131263198910224601';
UPDATE User SET password_hash = '$2y$13$dg4FlrrcXjMmvWznC3XUhehaTTZ/xfKXNpEYbSt8o3Q/9b9xonHLC' WHERE account = '333170195811223987';
UPDATE User SET password_hash = '$2y$13$dg4FlrrcXjMmvWznC3XUhehaTTZ/xfKXNpEYbSt8o3Q/9b9xonHLC' WHERE account = '631799199407094948';
UPDATE User SET password_hash = '$2y$13$dg4FlrrcXjMmvWznC3XUhehaTTZ/xfKXNpEYbSt8o3Q/9b9xonHLC' WHERE account = '221388193401248687';
UPDATE User SET password_hash = '$2y$13$dg4FlrrcXjMmvWznC3XUhehaTTZ/xfKXNpEYbSt8o3Q/9b9xonHLC' WHERE account = '314274195611076326';
UPDATE User SET password_hash = '$2y$13$dg4FlrrcXjMmvWznC3XUhehaTTZ/xfKXNpEYbSt8o3Q/9b9xonHLC' WHERE account = '122263198311189181';
UPDATE User SET password_hash = '$2y$13$dg4FlrrcXjMmvWznC3XUhehaTTZ/xfKXNpEYbSt8o3Q/9b9xonHLC' WHERE account = '320537197503048367';
UPDATE User SET password_hash = '$2y$13$dg4FlrrcXjMmvWznC3XUhehaTTZ/xfKXNpEYbSt8o3Q/9b9xonHLC' WHERE account = '431577200501037120';
UPDATE User SET password_hash = '$2y$13$dg4FlrrcXjMmvWznC3XUhehaTTZ/xfKXNpEYbSt8o3Q/9b9xonHLC' WHERE account = '713291193902135779';
UPDATE User SET password_hash = '$2y$13$dg4FlrrcXjMmvWznC3XUhehaTTZ/xfKXNpEYbSt8o3Q/9b9xonHLC' WHERE account = '413174197904064058';
UPDATE User SET password_hash = '$2y$13$dg4FlrrcXjMmvWznC3XUhehaTTZ/xfKXNpEYbSt8o3Q/9b9xonHLC' WHERE account = '233785199904199765';
UPDATE User SET password_hash = '$2y$13$dg4FlrrcXjMmvWznC3XUhehaTTZ/xfKXNpEYbSt8o3Q/9b9xonHLC' WHERE account = '373731198004210887';
UPDATE User SET password_hash = '$2y$13$dg4FlrrcXjMmvWznC3XUhehaTTZ/xfKXNpEYbSt8o3Q/9b9xonHLC' WHERE account = '331173199009218728';
UPDATE User SET password_hash = '$2y$13$dg4FlrrcXjMmvWznC3XUhehaTTZ/xfKXNpEYbSt8o3Q/9b9xonHLC' WHERE account = '431010193708300962';
UPDATE User SET password_hash = '$2y$13$dg4FlrrcXjMmvWznC3XUhehaTTZ/xfKXNpEYbSt8o3Q/9b9xonHLC' WHERE account = '654991199911112660';
UPDATE User SET password_hash = '$2y$13$dg4FlrrcXjMmvWznC3XUhehaTTZ/xfKXNpEYbSt8o3Q/9b9xonHLC' WHERE account = '352107200506248180';
UPDATE User SET password_hash = '$2y$13$dg4FlrrcXjMmvWznC3XUhehaTTZ/xfKXNpEYbSt8o3Q/9b9xonHLC' WHERE account = '331748199803178204';
UPDATE User SET password_hash = '$2y$13$dg4FlrrcXjMmvWznC3XUhehaTTZ/xfKXNpEYbSt8o3Q/9b9xonHLC' WHERE account = '714194198811033247';
UPDATE User SET password_hash = '$2y$13$dg4FlrrcXjMmvWznC3XUhehaTTZ/xfKXNpEYbSt8o3Q/9b9xonHLC' WHERE account = '144079192602168163';
UPDATE User SET password_hash = '$2y$13$dg4FlrrcXjMmvWznC3XUhehaTTZ/xfKXNpEYbSt8o3Q/9b9xonHLC' WHERE account = '644305200307040217';
UPDATE User SET password_hash = '$2y$13$dg4FlrrcXjMmvWznC3XUhehaTTZ/xfKXNpEYbSt8o3Q/9b9xonHLC' WHERE account = '64377219880529121X';
UPDATE User SET password_hash = '$2y$13$dg4FlrrcXjMmvWznC3XUhehaTTZ/xfKXNpEYbSt8o3Q/9b9xonHLC' WHERE account = '53126019740704311X';
UPDATE User SET password_hash = '$2y$13$dg4FlrrcXjMmvWznC3XUhehaTTZ/xfKXNpEYbSt8o3Q/9b9xonHLC' WHERE account = '540449195308118524';
UPDATE User SET password_hash = '$2y$13$dg4FlrrcXjMmvWznC3XUhehaTTZ/xfKXNpEYbSt8o3Q/9b9xonHLC' WHERE account = '231141197112230129';
UPDATE User SET password_hash = '$2y$13$dg4FlrrcXjMmvWznC3XUhehaTTZ/xfKXNpEYbSt8o3Q/9b9xonHLC' WHERE account = '454343195101316724';
UPDATE User SET password_hash = '$2y$13$dg4FlrrcXjMmvWznC3XUhehaTTZ/xfKXNpEYbSt8o3Q/9b9xonHLC' WHERE account = '143128194209132742';
UPDATE User SET password_hash = '$2y$13$dg4FlrrcXjMmvWznC3XUhehaTTZ/xfKXNpEYbSt8o3Q/9b9xonHLC' WHERE account = '541912195502046453';
UPDATE User SET password_hash = '$2y$13$dg4FlrrcXjMmvWznC3XUhehaTTZ/xfKXNpEYbSt8o3Q/9b9xonHLC' WHERE account = '114949195705196937';
UPDATE User SET password_hash = '$2y$13$dg4FlrrcXjMmvWznC3XUhehaTTZ/xfKXNpEYbSt8o3Q/9b9xonHLC' WHERE account = '14087719370128006X';
UPDATE User SET password_hash = '$2y$13$dg4FlrrcXjMmvWznC3XUhehaTTZ/xfKXNpEYbSt8o3Q/9b9xonHLC' WHERE account = '524446197311062132';
UPDATE User SET password_hash = '$2y$13$dg4FlrrcXjMmvWznC3XUhehaTTZ/xfKXNpEYbSt8o3Q/9b9xonHLC' WHERE account = '420452196602234732';
UPDATE User SET password_hash = '$2y$13$dg4FlrrcXjMmvWznC3XUhehaTTZ/xfKXNpEYbSt8o3Q/9b9xonHLC' WHERE account = '454798197009017157';
UPDATE User SET password_hash = '$2y$13$dg4FlrrcXjMmvWznC3XUhehaTTZ/xfKXNpEYbSt8o3Q/9b9xonHLC' WHERE account = '460331195503169862';
UPDATE User SET password_hash = '$2y$13$dg4FlrrcXjMmvWznC3XUhehaTTZ/xfKXNpEYbSt8o3Q/9b9xonHLC' WHERE account = '54248419691128490X';
UPDATE User SET password_hash = '$2y$13$dg4FlrrcXjMmvWznC3XUhehaTTZ/xfKXNpEYbSt8o3Q/9b9xonHLC' WHERE account = '421152192708062180';
UPDATE User SET password_hash = '$2y$13$dg4FlrrcXjMmvWznC3XUhehaTTZ/xfKXNpEYbSt8o3Q/9b9xonHLC' WHERE account = '514309197503207414';
UPDATE User SET password_hash = '$2y$13$dg4FlrrcXjMmvWznC3XUhehaTTZ/xfKXNpEYbSt8o3Q/9b9xonHLC' WHERE account = '151867195601047817';
UPDATE User SET password_hash = '$2y$13$dg4FlrrcXjMmvWznC3XUhehaTTZ/xfKXNpEYbSt8o3Q/9b9xonHLC' WHERE account = '113420196412200708';
UPDATE User SET password_hash = '$2y$13$dg4FlrrcXjMmvWznC3XUhehaTTZ/xfKXNpEYbSt8o3Q/9b9xonHLC' WHERE account = '231031198306036882';
UPDATE User SET password_hash = '$2y$13$dg4FlrrcXjMmvWznC3XUhehaTTZ/xfKXNpEYbSt8o3Q/9b9xonHLC' WHERE account = '512229199507245087';
UPDATE User SET password_hash = '$2y$13$dg4FlrrcXjMmvWznC3XUhehaTTZ/xfKXNpEYbSt8o3Q/9b9xonHLC' WHERE account = '524516201203096137';
UPDATE User SET password_hash = '$2y$13$dg4FlrrcXjMmvWznC3XUhehaTTZ/xfKXNpEYbSt8o3Q/9b9xonHLC' WHERE account = '134718192903162619';
UPDATE User SET password_hash = '$2y$13$dg4FlrrcXjMmvWznC3XUhehaTTZ/xfKXNpEYbSt8o3Q/9b9xonHLC' WHERE account = '710307198005298355';
UPDATE User SET password_hash = '$2y$13$dg4FlrrcXjMmvWznC3XUhehaTTZ/xfKXNpEYbSt8o3Q/9b9xonHLC' WHERE account = '621831198612229883';
UPDATE User SET password_hash = '$2y$13$dg4FlrrcXjMmvWznC3XUhehaTTZ/xfKXNpEYbSt8o3Q/9b9xonHLC' WHERE account = '323118193304194170';
UPDATE User SET password_hash = '$2y$13$dg4FlrrcXjMmvWznC3XUhehaTTZ/xfKXNpEYbSt8o3Q/9b9xonHLC' WHERE account = '424479200011218951';
UPDATE User SET password_hash = '$2y$13$dg4FlrrcXjMmvWznC3XUhehaTTZ/xfKXNpEYbSt8o3Q/9b9xonHLC' WHERE account = '543438201201025369';
UPDATE User SET password_hash = '$2y$13$dg4FlrrcXjMmvWznC3XUhehaTTZ/xfKXNpEYbSt8o3Q/9b9xonHLC' WHERE account = '423037200007132222';
UPDATE User SET password_hash = '$2y$13$dg4FlrrcXjMmvWznC3XUhehaTTZ/xfKXNpEYbSt8o3Q/9b9xonHLC' WHERE account = '444866199205268207';
UPDATE User SET password_hash = '$2y$13$dg4FlrrcXjMmvWznC3XUhehaTTZ/xfKXNpEYbSt8o3Q/9b9xonHLC' WHERE account = '363721195903301478';
UPDATE User SET password_hash = '$2y$13$dg4FlrrcXjMmvWznC3XUhehaTTZ/xfKXNpEYbSt8o3Q/9b9xonHLC' WHERE account = '454305193712132283';
UPDATE User SET password_hash = '$2y$13$dg4FlrrcXjMmvWznC3XUhehaTTZ/xfKXNpEYbSt8o3Q/9b9xonHLC' WHERE account = '652803200603047195';
UPDATE User SET password_hash = '$2y$13$dg4FlrrcXjMmvWznC3XUhehaTTZ/xfKXNpEYbSt8o3Q/9b9xonHLC' WHERE account = '531359199108164936';
UPDATE User SET password_hash = '$2y$13$dg4FlrrcXjMmvWznC3XUhehaTTZ/xfKXNpEYbSt8o3Q/9b9xonHLC' WHERE account = '124983195506195823';
UPDATE User SET password_hash = '$2y$13$dg4FlrrcXjMmvWznC3XUhehaTTZ/xfKXNpEYbSt8o3Q/9b9xonHLC' WHERE account = '342199198902120089';
UPDATE User SET password_hash = '$2y$13$dg4FlrrcXjMmvWznC3XUhehaTTZ/xfKXNpEYbSt8o3Q/9b9xonHLC' WHERE account = '223942195003148069';
UPDATE User SET password_hash = '$2y$13$dg4FlrrcXjMmvWznC3XUhehaTTZ/xfKXNpEYbSt8o3Q/9b9xonHLC' WHERE account = '124050200702073830';
UPDATE User SET password_hash = '$2y$13$dg4FlrrcXjMmvWznC3XUhehaTTZ/xfKXNpEYbSt8o3Q/9b9xonHLC' WHERE account = '511737199307090649';
UPDATE User SET password_hash = '$2y$13$dg4FlrrcXjMmvWznC3XUhehaTTZ/xfKXNpEYbSt8o3Q/9b9xonHLC' WHERE account = '71274019231201350X';
UPDATE User SET password_hash = '$2y$13$dg4FlrrcXjMmvWznC3XUhehaTTZ/xfKXNpEYbSt8o3Q/9b9xonHLC' WHERE account = '32171619810604300X';
UPDATE User SET password_hash = '$2y$13$dg4FlrrcXjMmvWznC3XUhehaTTZ/xfKXNpEYbSt8o3Q/9b9xonHLC' WHERE account = '234624195409070132';
UPDATE User SET password_hash = '$2y$13$dg4FlrrcXjMmvWznC3XUhehaTTZ/xfKXNpEYbSt8o3Q/9b9xonHLC' WHERE account = '373732195502260260';
UPDATE User SET password_hash = '$2y$13$dg4FlrrcXjMmvWznC3XUhehaTTZ/xfKXNpEYbSt8o3Q/9b9xonHLC' WHERE account = '520640196406265053';
UPDATE User SET password_hash = '$2y$13$dg4FlrrcXjMmvWznC3XUhehaTTZ/xfKXNpEYbSt8o3Q/9b9xonHLC' WHERE account = '124238200303057246';
UPDATE User SET password_hash = '$2y$13$dg4FlrrcXjMmvWznC3XUhehaTTZ/xfKXNpEYbSt8o3Q/9b9xonHLC' WHERE account = '121507193006251208';
UPDATE User SET password_hash = '$2y$13$dg4FlrrcXjMmvWznC3XUhehaTTZ/xfKXNpEYbSt8o3Q/9b9xonHLC' WHERE account = '110121199111295279';
UPDATE User SET password_hash = '$2y$13$dg4FlrrcXjMmvWznC3XUhehaTTZ/xfKXNpEYbSt8o3Q/9b9xonHLC' WHERE account = '432070199612212403';
UPDATE User SET password_hash = '$2y$13$dg4FlrrcXjMmvWznC3XUhehaTTZ/xfKXNpEYbSt8o3Q/9b9xonHLC' WHERE account = '443827196709096363';
UPDATE User SET password_hash = '$2y$13$dg4FlrrcXjMmvWznC3XUhehaTTZ/xfKXNpEYbSt8o3Q/9b9xonHLC' WHERE account = '631303199005237729';
UPDATE User SET password_hash = '$2y$13$dg4FlrrcXjMmvWznC3XUhehaTTZ/xfKXNpEYbSt8o3Q/9b9xonHLC' WHERE account = '522707196008310108';
UPDATE User SET password_hash = '$2y$13$dg4FlrrcXjMmvWznC3XUhehaTTZ/xfKXNpEYbSt8o3Q/9b9xonHLC' WHERE account = '811250198011024501';
UPDATE User SET password_hash = '$2y$13$dg4FlrrcXjMmvWznC3XUhehaTTZ/xfKXNpEYbSt8o3Q/9b9xonHLC' WHERE account = '62427619970221402X';
UPDATE User SET password_hash = '$2y$13$dg4FlrrcXjMmvWznC3XUhehaTTZ/xfKXNpEYbSt8o3Q/9b9xonHLC' WHERE account = '342806199504151049';
UPDATE User SET password_hash = '$2y$13$dg4FlrrcXjMmvWznC3XUhehaTTZ/xfKXNpEYbSt8o3Q/9b9xonHLC' WHERE account = '220146193511130106';
UPDATE User SET password_hash = '$2y$13$dg4FlrrcXjMmvWznC3XUhehaTTZ/xfKXNpEYbSt8o3Q/9b9xonHLC' WHERE account = '232207192808037305';
UPDATE User SET password_hash = '$2y$13$dg4FlrrcXjMmvWznC3XUhehaTTZ/xfKXNpEYbSt8o3Q/9b9xonHLC' WHERE account = '81400519311224794X';
UPDATE User SET password_hash = '$2y$13$dg4FlrrcXjMmvWznC3XUhehaTTZ/xfKXNpEYbSt8o3Q/9b9xonHLC' WHERE account = '412938199810308936';
UPDATE User SET password_hash = '$2y$13$dg4FlrrcXjMmvWznC3XUhehaTTZ/xfKXNpEYbSt8o3Q/9b9xonHLC' WHERE account = '422047192408193790';
UPDATE User SET password_hash = '$2y$13$dg4FlrrcXjMmvWznC3XUhehaTTZ/xfKXNpEYbSt8o3Q/9b9xonHLC' WHERE account = '814322194411111383';
UPDATE User SET password_hash = '$2y$13$dg4FlrrcXjMmvWznC3XUhehaTTZ/xfKXNpEYbSt8o3Q/9b9xonHLC' WHERE account = '813043197709020152';
UPDATE User SET password_hash = '$2y$13$dg4FlrrcXjMmvWznC3XUhehaTTZ/xfKXNpEYbSt8o3Q/9b9xonHLC' WHERE account = '460457201303093946';
UPDATE User SET password_hash = '$2y$13$dg4FlrrcXjMmvWznC3XUhehaTTZ/xfKXNpEYbSt8o3Q/9b9xonHLC' WHERE account = '500241195205258912';
UPDATE User SET password_hash = '$2y$13$dg4FlrrcXjMmvWznC3XUhehaTTZ/xfKXNpEYbSt8o3Q/9b9xonHLC' WHERE account = '234116193110092508';
UPDATE User SET password_hash = '$2y$13$dg4FlrrcXjMmvWznC3XUhehaTTZ/xfKXNpEYbSt8o3Q/9b9xonHLC' WHERE account = '820540193111160036';
UPDATE User SET password_hash = '$2y$13$dg4FlrrcXjMmvWznC3XUhehaTTZ/xfKXNpEYbSt8o3Q/9b9xonHLC' WHERE account = '714277197211038960';
UPDATE User SET password_hash = '$2y$13$dg4FlrrcXjMmvWznC3XUhehaTTZ/xfKXNpEYbSt8o3Q/9b9xonHLC' WHERE account = '232934200204287350';
UPDATE User SET password_hash = '$2y$13$dg4FlrrcXjMmvWznC3XUhehaTTZ/xfKXNpEYbSt8o3Q/9b9xonHLC' WHERE account = '370112200701150099';
UPDATE User SET password_hash = '$2y$13$dg4FlrrcXjMmvWznC3XUhehaTTZ/xfKXNpEYbSt8o3Q/9b9xonHLC' WHERE account = '461898194409286532';
UPDATE User SET password_hash = '$2y$13$dg4FlrrcXjMmvWznC3XUhehaTTZ/xfKXNpEYbSt8o3Q/9b9xonHLC' WHERE account = '612883199008204812';
UPDATE User SET password_hash = '$2y$13$dg4FlrrcXjMmvWznC3XUhehaTTZ/xfKXNpEYbSt8o3Q/9b9xonHLC' WHERE account = '321010197304272104';
UPDATE User SET password_hash = '$2y$13$dg4FlrrcXjMmvWznC3XUhehaTTZ/xfKXNpEYbSt8o3Q/9b9xonHLC' WHERE account = '232846199010224910';
UPDATE User SET password_hash = '$2y$13$dg4FlrrcXjMmvWznC3XUhehaTTZ/xfKXNpEYbSt8o3Q/9b9xonHLC' WHERE account = '334074195202049925';
UPDATE User SET password_hash = '$2y$13$dg4FlrrcXjMmvWznC3XUhehaTTZ/xfKXNpEYbSt8o3Q/9b9xonHLC' WHERE account = '620152196802127166';
UPDATE User SET password_hash = '$2y$13$dg4FlrrcXjMmvWznC3XUhehaTTZ/xfKXNpEYbSt8o3Q/9b9xonHLC' WHERE account = '500872196503072823';
UPDATE User SET password_hash = '$2y$13$dg4FlrrcXjMmvWznC3XUhehaTTZ/xfKXNpEYbSt8o3Q/9b9xonHLC' WHERE account = '324548198610288431';
UPDATE User SET password_hash = '$2y$13$dg4FlrrcXjMmvWznC3XUhehaTTZ/xfKXNpEYbSt8o3Q/9b9xonHLC' WHERE account = '11109219900731094X';
UPDATE User SET password_hash = '$2y$13$dg4FlrrcXjMmvWznC3XUhehaTTZ/xfKXNpEYbSt8o3Q/9b9xonHLC' WHERE account = '810745195601086977';
UPDATE User SET password_hash = '$2y$13$dg4FlrrcXjMmvWznC3XUhehaTTZ/xfKXNpEYbSt8o3Q/9b9xonHLC' WHERE account = '812268195407312807';
UPDATE User SET password_hash = '$2y$13$dg4FlrrcXjMmvWznC3XUhehaTTZ/xfKXNpEYbSt8o3Q/9b9xonHLC' WHERE account = '512676198804063823';
UPDATE User SET password_hash = '$2y$13$dg4FlrrcXjMmvWznC3XUhehaTTZ/xfKXNpEYbSt8o3Q/9b9xonHLC' WHERE account = '133183193311263273';
UPDATE User SET password_hash = '$2y$13$dg4FlrrcXjMmvWznC3XUhehaTTZ/xfKXNpEYbSt8o3Q/9b9xonHLC' WHERE account = '821597197801058221';
UPDATE User SET password_hash = '$2y$13$dg4FlrrcXjMmvWznC3XUhehaTTZ/xfKXNpEYbSt8o3Q/9b9xonHLC' WHERE account = '464385195907296768';
UPDATE User SET password_hash = '$2y$13$dg4FlrrcXjMmvWznC3XUhehaTTZ/xfKXNpEYbSt8o3Q/9b9xonHLC' WHERE account = '375039198906121806';
UPDATE User SET password_hash = '$2y$13$dg4FlrrcXjMmvWznC3XUhehaTTZ/xfKXNpEYbSt8o3Q/9b9xonHLC' WHERE account = '414737196508210839';
UPDATE User SET password_hash = '$2y$13$dg4FlrrcXjMmvWznC3XUhehaTTZ/xfKXNpEYbSt8o3Q/9b9xonHLC' WHERE account = '141498200907245123';
UPDATE User SET password_hash = '$2y$13$dg4FlrrcXjMmvWznC3XUhehaTTZ/xfKXNpEYbSt8o3Q/9b9xonHLC' WHERE account = '644381192601275503';
UPDATE User SET password_hash = '$2y$13$dg4FlrrcXjMmvWznC3XUhehaTTZ/xfKXNpEYbSt8o3Q/9b9xonHLC' WHERE account = '353747194305064847';
UPDATE User SET password_hash = '$2y$13$dg4FlrrcXjMmvWznC3XUhehaTTZ/xfKXNpEYbSt8o3Q/9b9xonHLC' WHERE account = '151776195212128457';
UPDATE User SET password_hash = '$2y$13$dg4FlrrcXjMmvWznC3XUhehaTTZ/xfKXNpEYbSt8o3Q/9b9xonHLC' WHERE account = '120161192607306500';
UPDATE User SET password_hash = '$2y$13$dg4FlrrcXjMmvWznC3XUhehaTTZ/xfKXNpEYbSt8o3Q/9b9xonHLC' WHERE account = '820571197110297481';
UPDATE User SET password_hash = '$2y$13$dg4FlrrcXjMmvWznC3XUhehaTTZ/xfKXNpEYbSt8o3Q/9b9xonHLC' WHERE account = '122345199606134270';
UPDATE User SET password_hash = '$2y$13$dg4FlrrcXjMmvWznC3XUhehaTTZ/xfKXNpEYbSt8o3Q/9b9xonHLC' WHERE account = '505017193208109235';
UPDATE User SET password_hash = '$2y$13$dg4FlrrcXjMmvWznC3XUhehaTTZ/xfKXNpEYbSt8o3Q/9b9xonHLC' WHERE account = '350970196703125245';
UPDATE User SET password_hash = '$2y$13$dg4FlrrcXjMmvWznC3XUhehaTTZ/xfKXNpEYbSt8o3Q/9b9xonHLC' WHERE account = '63367319510312567X';
UPDATE User SET password_hash = '$2y$13$dg4FlrrcXjMmvWznC3XUhehaTTZ/xfKXNpEYbSt8o3Q/9b9xonHLC' WHERE account = '523098197507113556';
UPDATE User SET password_hash = '$2y$13$dg4FlrrcXjMmvWznC3XUhehaTTZ/xfKXNpEYbSt8o3Q/9b9xonHLC' WHERE account = '534586200101319630';
UPDATE User SET password_hash = '$2y$13$dg4FlrrcXjMmvWznC3XUhehaTTZ/xfKXNpEYbSt8o3Q/9b9xonHLC' WHERE account = '23164720100913713X';
UPDATE User SET password_hash = '$2y$13$dg4FlrrcXjMmvWznC3XUhehaTTZ/xfKXNpEYbSt8o3Q/9b9xonHLC' WHERE account = '652973194312024405';
UPDATE User SET password_hash = '$2y$13$dg4FlrrcXjMmvWznC3XUhehaTTZ/xfKXNpEYbSt8o3Q/9b9xonHLC' WHERE account = '614167201404231461';
UPDATE User SET password_hash = '$2y$13$dg4FlrrcXjMmvWznC3XUhehaTTZ/xfKXNpEYbSt8o3Q/9b9xonHLC' WHERE account = '112452194507038603';
UPDATE User SET password_hash = '$2y$13$dg4FlrrcXjMmvWznC3XUhehaTTZ/xfKXNpEYbSt8o3Q/9b9xonHLC' WHERE account = '544938193011186674';
UPDATE User SET password_hash = '$2y$13$dg4FlrrcXjMmvWznC3XUhehaTTZ/xfKXNpEYbSt8o3Q/9b9xonHLC' WHERE account = '511574194904042767';
UPDATE User SET password_hash = '$2y$13$dg4FlrrcXjMmvWznC3XUhehaTTZ/xfKXNpEYbSt8o3Q/9b9xonHLC' WHERE account = '120755194403094768';
UPDATE User SET password_hash = '$2y$13$dg4FlrrcXjMmvWznC3XUhehaTTZ/xfKXNpEYbSt8o3Q/9b9xonHLC' WHERE account = '810589196301172358';
UPDATE User SET password_hash = '$2y$13$dg4FlrrcXjMmvWznC3XUhehaTTZ/xfKXNpEYbSt8o3Q/9b9xonHLC' WHERE account = '464223201007297383';
UPDATE User SET password_hash = '$2y$13$dg4FlrrcXjMmvWznC3XUhehaTTZ/xfKXNpEYbSt8o3Q/9b9xonHLC' WHERE account = '503677193801314085';
UPDATE User SET password_hash = '$2y$13$dg4FlrrcXjMmvWznC3XUhehaTTZ/xfKXNpEYbSt8o3Q/9b9xonHLC' WHERE account = '631841195801208761';
UPDATE User SET password_hash = '$2y$13$dg4FlrrcXjMmvWznC3XUhehaTTZ/xfKXNpEYbSt8o3Q/9b9xonHLC' WHERE account = '464856198908119236';
UPDATE User SET password_hash = '$2y$13$dg4FlrrcXjMmvWznC3XUhehaTTZ/xfKXNpEYbSt8o3Q/9b9xonHLC' WHERE account = '111851193202016721';
UPDATE User SET password_hash = '$2y$13$dg4FlrrcXjMmvWznC3XUhehaTTZ/xfKXNpEYbSt8o3Q/9b9xonHLC' WHERE account = '544817197612132459';
UPDATE User SET password_hash = '$2y$13$dg4FlrrcXjMmvWznC3XUhehaTTZ/xfKXNpEYbSt8o3Q/9b9xonHLC' WHERE account = '411269198401139436';
UPDATE User SET password_hash = '$2y$13$dg4FlrrcXjMmvWznC3XUhehaTTZ/xfKXNpEYbSt8o3Q/9b9xonHLC' WHERE account = '222353195011086552';
UPDATE User SET password_hash = '$2y$13$dg4FlrrcXjMmvWznC3XUhehaTTZ/xfKXNpEYbSt8o3Q/9b9xonHLC' WHERE account = '230738196510191058';
UPDATE User SET password_hash = '$2y$13$dg4FlrrcXjMmvWznC3XUhehaTTZ/xfKXNpEYbSt8o3Q/9b9xonHLC' WHERE account = '110506199403286352';
UPDATE User SET password_hash = '$2y$13$dg4FlrrcXjMmvWznC3XUhehaTTZ/xfKXNpEYbSt8o3Q/9b9xonHLC' WHERE account = '224746199104258426';
UPDATE User SET password_hash = '$2y$13$dg4FlrrcXjMmvWznC3XUhehaTTZ/xfKXNpEYbSt8o3Q/9b9xonHLC' WHERE account = '333067198406160001';
UPDATE User SET password_hash = '$2y$13$dg4FlrrcXjMmvWznC3XUhehaTTZ/xfKXNpEYbSt8o3Q/9b9xonHLC' WHERE account = '542134197301047773';
UPDATE User SET password_hash = '$2y$13$dg4FlrrcXjMmvWznC3XUhehaTTZ/xfKXNpEYbSt8o3Q/9b9xonHLC' WHERE account = '12436519631012172X';
UPDATE User SET password_hash = '$2y$13$dg4FlrrcXjMmvWznC3XUhehaTTZ/xfKXNpEYbSt8o3Q/9b9xonHLC' WHERE account = '812143196603110744';
UPDATE User SET password_hash = '$2y$13$dg4FlrrcXjMmvWznC3XUhehaTTZ/xfKXNpEYbSt8o3Q/9b9xonHLC' WHERE account = '353792194004181902';
UPDATE User SET password_hash = '$2y$13$dg4FlrrcXjMmvWznC3XUhehaTTZ/xfKXNpEYbSt8o3Q/9b9xonHLC' WHERE account = '154323193607057009';
UPDATE User SET password_hash = '$2y$13$dg4FlrrcXjMmvWznC3XUhehaTTZ/xfKXNpEYbSt8o3Q/9b9xonHLC' WHERE account = '434557198504219847';
UPDATE User SET password_hash = '$2y$13$dg4FlrrcXjMmvWznC3XUhehaTTZ/xfKXNpEYbSt8o3Q/9b9xonHLC' WHERE account = '623390200509248004';
UPDATE User SET password_hash = '$2y$13$dg4FlrrcXjMmvWznC3XUhehaTTZ/xfKXNpEYbSt8o3Q/9b9xonHLC' WHERE account = '320259201311182051';
UPDATE User SET password_hash = '$2y$13$dg4FlrrcXjMmvWznC3XUhehaTTZ/xfKXNpEYbSt8o3Q/9b9xonHLC' WHERE account = '451472193805258776';
UPDATE User SET password_hash = '$2y$13$dg4FlrrcXjMmvWznC3XUhehaTTZ/xfKXNpEYbSt8o3Q/9b9xonHLC' WHERE account = '150274192306068888';
UPDATE User SET password_hash = '$2y$13$dg4FlrrcXjMmvWznC3XUhehaTTZ/xfKXNpEYbSt8o3Q/9b9xonHLC' WHERE account = '310936193607085569';
UPDATE User SET password_hash = '$2y$13$dg4FlrrcXjMmvWznC3XUhehaTTZ/xfKXNpEYbSt8o3Q/9b9xonHLC' WHERE account = '650143199706253004';
UPDATE User SET password_hash = '$2y$13$dg4FlrrcXjMmvWznC3XUhehaTTZ/xfKXNpEYbSt8o3Q/9b9xonHLC' WHERE account = '342345192702261559';
UPDATE User SET password_hash = '$2y$13$dg4FlrrcXjMmvWznC3XUhehaTTZ/xfKXNpEYbSt8o3Q/9b9xonHLC' WHERE account = '334893199409182286';
UPDATE User SET password_hash = '$2y$13$dg4FlrrcXjMmvWznC3XUhehaTTZ/xfKXNpEYbSt8o3Q/9b9xonHLC' WHERE account = '444593199206069406';
UPDATE User SET password_hash = '$2y$13$dg4FlrrcXjMmvWznC3XUhehaTTZ/xfKXNpEYbSt8o3Q/9b9xonHLC' WHERE account = '51115220060319494X';
UPDATE User SET password_hash = '$2y$13$dg4FlrrcXjMmvWznC3XUhehaTTZ/xfKXNpEYbSt8o3Q/9b9xonHLC' WHERE account = '430252194304169961';
UPDATE User SET password_hash = '$2y$13$dg4FlrrcXjMmvWznC3XUhehaTTZ/xfKXNpEYbSt8o3Q/9b9xonHLC' WHERE account = '111519196508105562';
UPDATE User SET password_hash = '$2y$13$dg4FlrrcXjMmvWznC3XUhehaTTZ/xfKXNpEYbSt8o3Q/9b9xonHLC' WHERE account = '653511200506242271';
UPDATE User SET password_hash = '$2y$13$dg4FlrrcXjMmvWznC3XUhehaTTZ/xfKXNpEYbSt8o3Q/9b9xonHLC' WHERE account = '314789201208056899';
UPDATE User SET password_hash = '$2y$13$dg4FlrrcXjMmvWznC3XUhehaTTZ/xfKXNpEYbSt8o3Q/9b9xonHLC' WHERE account = '531792200304080344';
UPDATE User SET password_hash = '$2y$13$dg4FlrrcXjMmvWznC3XUhehaTTZ/xfKXNpEYbSt8o3Q/9b9xonHLC' WHERE account = '461668197409288633';
UPDATE User SET password_hash = '$2y$13$dg4FlrrcXjMmvWznC3XUhehaTTZ/xfKXNpEYbSt8o3Q/9b9xonHLC' WHERE account = '36080619400110553X';
UPDATE User SET password_hash = '$2y$13$dg4FlrrcXjMmvWznC3XUhehaTTZ/xfKXNpEYbSt8o3Q/9b9xonHLC' WHERE account = '513777194204240731';
UPDATE User SET password_hash = '$2y$13$dg4FlrrcXjMmvWznC3XUhehaTTZ/xfKXNpEYbSt8o3Q/9b9xonHLC' WHERE account = '372684195006061172';
UPDATE User SET password_hash = '$2y$13$dg4FlrrcXjMmvWznC3XUhehaTTZ/xfKXNpEYbSt8o3Q/9b9xonHLC' WHERE account = '114467193206121214';
UPDATE User SET password_hash = '$2y$13$dg4FlrrcXjMmvWznC3XUhehaTTZ/xfKXNpEYbSt8o3Q/9b9xonHLC' WHERE account = '823488194109115565';
UPDATE User SET password_hash = '$2y$13$dg4FlrrcXjMmvWznC3XUhehaTTZ/xfKXNpEYbSt8o3Q/9b9xonHLC' WHERE account = '230505197005114004';
UPDATE User SET password_hash = '$2y$13$dg4FlrrcXjMmvWznC3XUhehaTTZ/xfKXNpEYbSt8o3Q/9b9xonHLC' WHERE account = '654178201304122076';
UPDATE User SET password_hash = '$2y$13$dg4FlrrcXjMmvWznC3XUhehaTTZ/xfKXNpEYbSt8o3Q/9b9xonHLC' WHERE account = '114823195302213369';
UPDATE User SET password_hash = '$2y$13$dg4FlrrcXjMmvWznC3XUhehaTTZ/xfKXNpEYbSt8o3Q/9b9xonHLC' WHERE account = '510352194411293481';
UPDATE User SET password_hash = '$2y$13$dg4FlrrcXjMmvWznC3XUhehaTTZ/xfKXNpEYbSt8o3Q/9b9xonHLC' WHERE account = '712986199902096614';
UPDATE User SET password_hash = '$2y$13$dg4FlrrcXjMmvWznC3XUhehaTTZ/xfKXNpEYbSt8o3Q/9b9xonHLC' WHERE account = '232055192402131561';
UPDATE User SET password_hash = '$2y$13$dg4FlrrcXjMmvWznC3XUhehaTTZ/xfKXNpEYbSt8o3Q/9b9xonHLC' WHERE account = '23490620110729164X';
UPDATE User SET password_hash = '$2y$13$dg4FlrrcXjMmvWznC3XUhehaTTZ/xfKXNpEYbSt8o3Q/9b9xonHLC' WHERE account = '534774195606144728';
UPDATE User SET password_hash = '$2y$13$dg4FlrrcXjMmvWznC3XUhehaTTZ/xfKXNpEYbSt8o3Q/9b9xonHLC' WHERE account = '51208019250317818X';
UPDATE User SET password_hash = '$2y$13$dg4FlrrcXjMmvWznC3XUhehaTTZ/xfKXNpEYbSt8o3Q/9b9xonHLC' WHERE account = '371364198808024227';
UPDATE User SET password_hash = '$2y$13$dg4FlrrcXjMmvWznC3XUhehaTTZ/xfKXNpEYbSt8o3Q/9b9xonHLC' WHERE account = '422366200808224568';
UPDATE User SET password_hash = '$2y$13$dg4FlrrcXjMmvWznC3XUhehaTTZ/xfKXNpEYbSt8o3Q/9b9xonHLC' WHERE account = '531146195409093674';
UPDATE User SET password_hash = '$2y$13$dg4FlrrcXjMmvWznC3XUhehaTTZ/xfKXNpEYbSt8o3Q/9b9xonHLC' WHERE account = '544756197901101947';
UPDATE User SET password_hash = '$2y$13$dg4FlrrcXjMmvWznC3XUhehaTTZ/xfKXNpEYbSt8o3Q/9b9xonHLC' WHERE account = '431397198709273947';
UPDATE User SET password_hash = '$2y$13$dg4FlrrcXjMmvWznC3XUhehaTTZ/xfKXNpEYbSt8o3Q/9b9xonHLC' WHERE account = '521381197010103633';
UPDATE User SET password_hash = '$2y$13$dg4FlrrcXjMmvWznC3XUhehaTTZ/xfKXNpEYbSt8o3Q/9b9xonHLC' WHERE account = '362742200812020385';
UPDATE User SET password_hash = '$2y$13$dg4FlrrcXjMmvWznC3XUhehaTTZ/xfKXNpEYbSt8o3Q/9b9xonHLC' WHERE account = '120931193509266114';
UPDATE User SET password_hash = '$2y$13$dg4FlrrcXjMmvWznC3XUhehaTTZ/xfKXNpEYbSt8o3Q/9b9xonHLC' WHERE account = '611501200411285093';
UPDATE User SET password_hash = '$2y$13$dg4FlrrcXjMmvWznC3XUhehaTTZ/xfKXNpEYbSt8o3Q/9b9xonHLC' WHERE account = '213346200408039739';
UPDATE User SET password_hash = '$2y$13$dg4FlrrcXjMmvWznC3XUhehaTTZ/xfKXNpEYbSt8o3Q/9b9xonHLC' WHERE account = '141309200102015031';
UPDATE User SET password_hash = '$2y$13$dg4FlrrcXjMmvWznC3XUhehaTTZ/xfKXNpEYbSt8o3Q/9b9xonHLC' WHERE account = '613088198405079037';
UPDATE User SET password_hash = '$2y$13$dg4FlrrcXjMmvWznC3XUhehaTTZ/xfKXNpEYbSt8o3Q/9b9xonHLC' WHERE account = '131753193510044708';
UPDATE User SET password_hash = '$2y$13$dg4FlrrcXjMmvWznC3XUhehaTTZ/xfKXNpEYbSt8o3Q/9b9xonHLC' WHERE account = '344733193009048368';
UPDATE User SET password_hash = '$2y$13$dg4FlrrcXjMmvWznC3XUhehaTTZ/xfKXNpEYbSt8o3Q/9b9xonHLC' WHERE account = '820891192402216835';
UPDATE User SET password_hash = '$2y$13$dg4FlrrcXjMmvWznC3XUhehaTTZ/xfKXNpEYbSt8o3Q/9b9xonHLC' WHERE account = '822867197207308170';
UPDATE User SET password_hash = '$2y$13$dg4FlrrcXjMmvWznC3XUhehaTTZ/xfKXNpEYbSt8o3Q/9b9xonHLC' WHERE account = '231005198709303766';
UPDATE User SET password_hash = '$2y$13$dg4FlrrcXjMmvWznC3XUhehaTTZ/xfKXNpEYbSt8o3Q/9b9xonHLC' WHERE account = '122433194712297811';
UPDATE User SET password_hash = '$2y$13$dg4FlrrcXjMmvWznC3XUhehaTTZ/xfKXNpEYbSt8o3Q/9b9xonHLC' WHERE account = '333152194806085563';
UPDATE User SET password_hash = '$2y$13$dg4FlrrcXjMmvWznC3XUhehaTTZ/xfKXNpEYbSt8o3Q/9b9xonHLC' WHERE account = '624375197804198855';
UPDATE User SET password_hash = '$2y$13$dg4FlrrcXjMmvWznC3XUhehaTTZ/xfKXNpEYbSt8o3Q/9b9xonHLC' WHERE account = '220335195603059206';
UPDATE User SET password_hash = '$2y$13$dg4FlrrcXjMmvWznC3XUhehaTTZ/xfKXNpEYbSt8o3Q/9b9xonHLC' WHERE account = '153782199411270184';
UPDATE User SET password_hash = '$2y$13$dg4FlrrcXjMmvWznC3XUhehaTTZ/xfKXNpEYbSt8o3Q/9b9xonHLC' WHERE account = '521092196705137110';
UPDATE User SET password_hash = '$2y$13$dg4FlrrcXjMmvWznC3XUhehaTTZ/xfKXNpEYbSt8o3Q/9b9xonHLC' WHERE account = '810238198705149575';
UPDATE User SET password_hash = '$2y$13$dg4FlrrcXjMmvWznC3XUhehaTTZ/xfKXNpEYbSt8o3Q/9b9xonHLC' WHERE account = '534653192909010119';
UPDATE User SET password_hash = '$2y$13$dg4FlrrcXjMmvWznC3XUhehaTTZ/xfKXNpEYbSt8o3Q/9b9xonHLC' WHERE account = '320487200801278391';
UPDATE User SET password_hash = '$2y$13$dg4FlrrcXjMmvWznC3XUhehaTTZ/xfKXNpEYbSt8o3Q/9b9xonHLC' WHERE account = '334046193101035051';
UPDATE User SET password_hash = '$2y$13$dg4FlrrcXjMmvWznC3XUhehaTTZ/xfKXNpEYbSt8o3Q/9b9xonHLC' WHERE account = '220290200612202581';
UPDATE User SET password_hash = '$2y$13$dg4FlrrcXjMmvWznC3XUhehaTTZ/xfKXNpEYbSt8o3Q/9b9xonHLC' WHERE account = '613571197309147412';
UPDATE User SET password_hash = '$2y$13$dg4FlrrcXjMmvWznC3XUhehaTTZ/xfKXNpEYbSt8o3Q/9b9xonHLC' WHERE account = '43350420110629377X';
UPDATE User SET password_hash = '$2y$13$dg4FlrrcXjMmvWznC3XUhehaTTZ/xfKXNpEYbSt8o3Q/9b9xonHLC' WHERE account = '111448200507179532';
UPDATE User SET password_hash = '$2y$13$dg4FlrrcXjMmvWznC3XUhehaTTZ/xfKXNpEYbSt8o3Q/9b9xonHLC' WHERE account = '122826193501035232';
UPDATE User SET password_hash = '$2y$13$dg4FlrrcXjMmvWznC3XUhehaTTZ/xfKXNpEYbSt8o3Q/9b9xonHLC' WHERE account = '824485194610252091';
UPDATE User SET password_hash = '$2y$13$dg4FlrrcXjMmvWznC3XUhehaTTZ/xfKXNpEYbSt8o3Q/9b9xonHLC' WHERE account = '34249019960618109X';
UPDATE User SET password_hash = '$2y$13$dg4FlrrcXjMmvWznC3XUhehaTTZ/xfKXNpEYbSt8o3Q/9b9xonHLC' WHERE account = '144403192804110009';
UPDATE User SET password_hash = '$2y$13$dg4FlrrcXjMmvWznC3XUhehaTTZ/xfKXNpEYbSt8o3Q/9b9xonHLC' WHERE account = '453231198809154138';
UPDATE User SET password_hash = '$2y$13$dg4FlrrcXjMmvWznC3XUhehaTTZ/xfKXNpEYbSt8o3Q/9b9xonHLC' WHERE account = '410419200011275962';
UPDATE User SET password_hash = '$2y$13$dg4FlrrcXjMmvWznC3XUhehaTTZ/xfKXNpEYbSt8o3Q/9b9xonHLC' WHERE account = '233049200806229440';
UPDATE User SET password_hash = '$2y$13$dg4FlrrcXjMmvWznC3XUhehaTTZ/xfKXNpEYbSt8o3Q/9b9xonHLC' WHERE account = '342458196904180053';
UPDATE User SET password_hash = '$2y$13$dg4FlrrcXjMmvWznC3XUhehaTTZ/xfKXNpEYbSt8o3Q/9b9xonHLC' WHERE account = '153641199608062820';
UPDATE User SET password_hash = '$2y$13$dg4FlrrcXjMmvWznC3XUhehaTTZ/xfKXNpEYbSt8o3Q/9b9xonHLC' WHERE account = '23051819330615058X';
UPDATE User SET password_hash = '$2y$13$dg4FlrrcXjMmvWznC3XUhehaTTZ/xfKXNpEYbSt8o3Q/9b9xonHLC' WHERE account = '372436198203206257';
UPDATE User SET password_hash = '$2y$13$dg4FlrrcXjMmvWznC3XUhehaTTZ/xfKXNpEYbSt8o3Q/9b9xonHLC' WHERE account = '35193119451105374X';
UPDATE User SET password_hash = '$2y$13$dg4FlrrcXjMmvWznC3XUhehaTTZ/xfKXNpEYbSt8o3Q/9b9xonHLC' WHERE account = '810189195607220398';
UPDATE User SET password_hash = '$2y$13$dg4FlrrcXjMmvWznC3XUhehaTTZ/xfKXNpEYbSt8o3Q/9b9xonHLC' WHERE account = '113535201111293202';
UPDATE User SET password_hash = '$2y$13$dg4FlrrcXjMmvWznC3XUhehaTTZ/xfKXNpEYbSt8o3Q/9b9xonHLC' WHERE account = '150956196110294595';
UPDATE User SET password_hash = '$2y$13$dg4FlrrcXjMmvWznC3XUhehaTTZ/xfKXNpEYbSt8o3Q/9b9xonHLC' WHERE account = '151548195710212480';
UPDATE User SET password_hash = '$2y$13$dg4FlrrcXjMmvWznC3XUhehaTTZ/xfKXNpEYbSt8o3Q/9b9xonHLC' WHERE account = '452978198101100187';
UPDATE User SET password_hash = '$2y$13$dg4FlrrcXjMmvWznC3XUhehaTTZ/xfKXNpEYbSt8o3Q/9b9xonHLC' WHERE account = '514975196405301756';
UPDATE User SET password_hash = '$2y$13$dg4FlrrcXjMmvWznC3XUhehaTTZ/xfKXNpEYbSt8o3Q/9b9xonHLC' WHERE account = '123777198810034413';
UPDATE User SET password_hash = '$2y$13$dg4FlrrcXjMmvWznC3XUhehaTTZ/xfKXNpEYbSt8o3Q/9b9xonHLC' WHERE account = '232043197509150984';
UPDATE User SET password_hash = '$2y$13$dg4FlrrcXjMmvWznC3XUhehaTTZ/xfKXNpEYbSt8o3Q/9b9xonHLC' WHERE account = '353014193911168329';
UPDATE User SET password_hash = '$2y$13$dg4FlrrcXjMmvWznC3XUhehaTTZ/xfKXNpEYbSt8o3Q/9b9xonHLC' WHERE account = '543455198101127761';
UPDATE User SET password_hash = '$2y$13$dg4FlrrcXjMmvWznC3XUhehaTTZ/xfKXNpEYbSt8o3Q/9b9xonHLC' WHERE account = '823009196909104791';
UPDATE User SET password_hash = '$2y$13$dg4FlrrcXjMmvWznC3XUhehaTTZ/xfKXNpEYbSt8o3Q/9b9xonHLC' WHERE account = '612265200505206891';
UPDATE User SET password_hash = '$2y$13$dg4FlrrcXjMmvWznC3XUhehaTTZ/xfKXNpEYbSt8o3Q/9b9xonHLC' WHERE account = '651941193209120568';
UPDATE User SET password_hash = '$2y$13$dg4FlrrcXjMmvWznC3XUhehaTTZ/xfKXNpEYbSt8o3Q/9b9xonHLC' WHERE account = '82173219511025347X';
UPDATE User SET password_hash = '$2y$13$dg4FlrrcXjMmvWznC3XUhehaTTZ/xfKXNpEYbSt8o3Q/9b9xonHLC' WHERE account = '634043196308092216';
UPDATE User SET password_hash = '$2y$13$dg4FlrrcXjMmvWznC3XUhehaTTZ/xfKXNpEYbSt8o3Q/9b9xonHLC' WHERE account = '450848194810120076';
UPDATE User SET password_hash = '$2y$13$dg4FlrrcXjMmvWznC3XUhehaTTZ/xfKXNpEYbSt8o3Q/9b9xonHLC' WHERE account = '541197194507280728';
UPDATE User SET password_hash = '$2y$13$dg4FlrrcXjMmvWznC3XUhehaTTZ/xfKXNpEYbSt8o3Q/9b9xonHLC' WHERE account = '340397198706136298';
UPDATE User SET password_hash = '$2y$13$dg4FlrrcXjMmvWznC3XUhehaTTZ/xfKXNpEYbSt8o3Q/9b9xonHLC' WHERE account = '453128198509274975';
UPDATE User SET password_hash = '$2y$13$dg4FlrrcXjMmvWznC3XUhehaTTZ/xfKXNpEYbSt8o3Q/9b9xonHLC' WHERE account = '414526196901263326';
UPDATE User SET password_hash = '$2y$13$dg4FlrrcXjMmvWznC3XUhehaTTZ/xfKXNpEYbSt8o3Q/9b9xonHLC' WHERE account = '12356619521129208X';
UPDATE User SET password_hash = '$2y$13$dg4FlrrcXjMmvWznC3XUhehaTTZ/xfKXNpEYbSt8o3Q/9b9xonHLC' WHERE account = '154098195802032129';
UPDATE User SET password_hash = '$2y$13$dg4FlrrcXjMmvWznC3XUhehaTTZ/xfKXNpEYbSt8o3Q/9b9xonHLC' WHERE account = '234877194801047698';
UPDATE User SET password_hash = '$2y$13$dg4FlrrcXjMmvWznC3XUhehaTTZ/xfKXNpEYbSt8o3Q/9b9xonHLC' WHERE account = '33280619950211758X';
UPDATE User SET password_hash = '$2y$13$dg4FlrrcXjMmvWznC3XUhehaTTZ/xfKXNpEYbSt8o3Q/9b9xonHLC' WHERE account = '141886198708092947';
UPDATE User SET password_hash = '$2y$13$dg4FlrrcXjMmvWznC3XUhehaTTZ/xfKXNpEYbSt8o3Q/9b9xonHLC' WHERE account = '443390196710111496';
UPDATE User SET password_hash = '$2y$13$dg4FlrrcXjMmvWznC3XUhehaTTZ/xfKXNpEYbSt8o3Q/9b9xonHLC' WHERE account = '814775194611041624';
UPDATE User SET password_hash = '$2y$13$dg4FlrrcXjMmvWznC3XUhehaTTZ/xfKXNpEYbSt8o3Q/9b9xonHLC' WHERE account = '23045219481225513X';
UPDATE User SET password_hash = '$2y$13$dg4FlrrcXjMmvWznC3XUhehaTTZ/xfKXNpEYbSt8o3Q/9b9xonHLC' WHERE account = '313819199006264100';
UPDATE User SET password_hash = '$2y$13$dg4FlrrcXjMmvWznC3XUhehaTTZ/xfKXNpEYbSt8o3Q/9b9xonHLC' WHERE account = '633560198003222243';
UPDATE User SET password_hash = '$2y$13$dg4FlrrcXjMmvWznC3XUhehaTTZ/xfKXNpEYbSt8o3Q/9b9xonHLC' WHERE account = '211681201310249561';
UPDATE User SET password_hash = '$2y$13$dg4FlrrcXjMmvWznC3XUhehaTTZ/xfKXNpEYbSt8o3Q/9b9xonHLC' WHERE account = '414274193402168999';
UPDATE User SET password_hash = '$2y$13$dg4FlrrcXjMmvWznC3XUhehaTTZ/xfKXNpEYbSt8o3Q/9b9xonHLC' WHERE account = '322912194003120065';
UPDATE User SET password_hash = '$2y$13$dg4FlrrcXjMmvWznC3XUhehaTTZ/xfKXNpEYbSt8o3Q/9b9xonHLC' WHERE account = '153356192304174750';
UPDATE User SET password_hash = '$2y$13$dg4FlrrcXjMmvWznC3XUhehaTTZ/xfKXNpEYbSt8o3Q/9b9xonHLC' WHERE account = '154444195503215298';
UPDATE User SET password_hash = '$2y$13$dg4FlrrcXjMmvWznC3XUhehaTTZ/xfKXNpEYbSt8o3Q/9b9xonHLC' WHERE account = '541290197111222125';
UPDATE User SET password_hash = '$2y$13$dg4FlrrcXjMmvWznC3XUhehaTTZ/xfKXNpEYbSt8o3Q/9b9xonHLC' WHERE account = '231916193210307104';
UPDATE User SET password_hash = '$2y$13$dg4FlrrcXjMmvWznC3XUhehaTTZ/xfKXNpEYbSt8o3Q/9b9xonHLC' WHERE account = '320510196608142335';
UPDATE User SET password_hash = '$2y$13$dg4FlrrcXjMmvWznC3XUhehaTTZ/xfKXNpEYbSt8o3Q/9b9xonHLC' WHERE account = '633602199903157736';
UPDATE User SET password_hash = '$2y$13$dg4FlrrcXjMmvWznC3XUhehaTTZ/xfKXNpEYbSt8o3Q/9b9xonHLC' WHERE account = '143197195206175216';
UPDATE User SET password_hash = '$2y$13$dg4FlrrcXjMmvWznC3XUhehaTTZ/xfKXNpEYbSt8o3Q/9b9xonHLC' WHERE account = '114459198909101091';
UPDATE User SET password_hash = '$2y$13$dg4FlrrcXjMmvWznC3XUhehaTTZ/xfKXNpEYbSt8o3Q/9b9xonHLC' WHERE account = '453144199606023411';
UPDATE User SET password_hash = '$2y$13$dg4FlrrcXjMmvWznC3XUhehaTTZ/xfKXNpEYbSt8o3Q/9b9xonHLC' WHERE account = '650503195503112033';
UPDATE User SET password_hash = '$2y$13$dg4FlrrcXjMmvWznC3XUhehaTTZ/xfKXNpEYbSt8o3Q/9b9xonHLC' WHERE account = '234720198812037340';
UPDATE User SET password_hash = '$2y$13$dg4FlrrcXjMmvWznC3XUhehaTTZ/xfKXNpEYbSt8o3Q/9b9xonHLC' WHERE account = '534051196602223363';
UPDATE User SET password_hash = '$2y$13$dg4FlrrcXjMmvWznC3XUhehaTTZ/xfKXNpEYbSt8o3Q/9b9xonHLC' WHERE account = '652530193505176258';
UPDATE User SET password_hash = '$2y$13$dg4FlrrcXjMmvWznC3XUhehaTTZ/xfKXNpEYbSt8o3Q/9b9xonHLC' WHERE account = '312328198405020384';
UPDATE User SET password_hash = '$2y$13$dg4FlrrcXjMmvWznC3XUhehaTTZ/xfKXNpEYbSt8o3Q/9b9xonHLC' WHERE account = '131603200510285135';
UPDATE User SET password_hash = '$2y$13$dg4FlrrcXjMmvWznC3XUhehaTTZ/xfKXNpEYbSt8o3Q/9b9xonHLC' WHERE account = '520855196407236699';
UPDATE User SET password_hash = '$2y$13$dg4FlrrcXjMmvWznC3XUhehaTTZ/xfKXNpEYbSt8o3Q/9b9xonHLC' WHERE account = '111567196505105444';
UPDATE User SET password_hash = '$2y$13$dg4FlrrcXjMmvWznC3XUhehaTTZ/xfKXNpEYbSt8o3Q/9b9xonHLC' WHERE account = '812011192711140923';

/* 建立PriorityType信息 */
INSERT INTO `prioritytype` (`name`, `information`) VALUES ('访问居民数据库', '允许访问居民数据库，新增、修改和删除居民信息'), ('访问职员数据库', '允许访问职员数据库，并对职员信息进行增加、删除和修改'), ('分配权限', '给职员分配权限'), ('发布公告', '查看公告，经审核后进行发布，允许删除公告'), ('编辑公告', '新增要发布的公告'), ('审核评论', '对前台在各新闻和公告中的评论进行审核，审核通过的评论才可以在前台显示'), ('追踪体温异常病例', '查看体温异常者的信息，及时与疑似病例进行联系');

/* 建立TeamMember信息 */
INSERT INTO User (account, username, name, sex, type, password_hash, auth_key) VALUES ('000000000000000001', '冯杰康', '冯杰康', 1, 4, '$2y$13$dg4FlrrcXjMmvWznC3XUhehaTTZ/xfKXNpEYbSt8o3Q/9b9xonHLC', '00000000000000000000000000000001');
INSERT INTO TeamMember (account, Team_id, id, link, info, is_Leader, icon) VALUES ('000000000000000001', 1, '1813402', 'https://github.com/fengjk12138', '账号登录逻辑设计，部分框架架构，部署程序设计', false, 'https://avatars1.githubusercontent.com/u/50436440?s=460&u=8fe7623df7c62e5e2262fb68a98e7ffa5bcd23f2&v=4');
INSERT INTO User (account, username, name, sex, type, password_hash, auth_key) VALUES ('000000000000000002', '戚晓睿', '戚晓睿', 1, 4, '$2y$13$dg4FlrrcXjMmvWznC3XUhehaTTZ/xfKXNpEYbSt8o3Q/9b9xonHLC', '00000000000000000000000000000002');
INSERT INTO TeamMember (account, Team_id, id, link, info, is_Leader, icon) VALUES ('000000000000000002', 1, '1811412', 'https://github.com/NickSkyyy', 'DBA（Damaged Base Architect）', false, 'https://avatars2.githubusercontent.com/u/50016779?s=400&u=43bee48724946843fb27c6f0982c5cdcebd5dbee&v=4');
INSERT INTO User (account, username, name, sex, type, password_hash, auth_key) VALUES ('000000000000000003', '文静静', '文静静', 0, 4, '$2y$13$dg4FlrrcXjMmvWznC3XUhehaTTZ/xfKXNpEYbSt8o3Q/9b9xonHLC', '00000000000000000000000000000003');
INSERT INTO TeamMember (account, Team_id, id, link, info, is_Leader, icon) VALUES ('000000000000000003', 1, '1811507', 'https://github.com/king-wk', '前后台页面设计，体温异常人员显示页面设计', false, 'https://avatars1.githubusercontent.com/u/54944075?s=460&u=899581f4be61a8c6a2a4a95871a35a0f32368a54&v=4');
INSERT INTO User (account, username, name, sex, type, password_hash, auth_key) VALUES ('000000000000000004', '肖中遥', '肖中遥', 1, 4, '$2y$13$dg4FlrrcXjMmvWznC3XUhehaTTZ/xfKXNpEYbSt8o3Q/9b9xonHLC', '00000000000000000000000000000004');
INSERT INTO TeamMember (account, Team_id, id, link, info, is_Leader, icon) VALUES ('000000000000000004', 1, '1811444', 'https://github.com/Pixie-King', '爬取全国、世界、天津市数据并显示，实现疫情地图，后台体温分布与任务', false, 'https://avatars0.githubusercontent.com/u/54949930?s=400&u=5e28c9dd44b39bce687bba72f20a8858f0fdb98b&v=4');
INSERT INTO User (account, username, name, sex, type, password_hash, auth_key) VALUES ('000000000000000005', '麦隽韵', '麦隽韵', 0, 4, '$2y$13$dg4FlrrcXjMmvWznC3XUhehaTTZ/xfKXNpEYbSt8o3Q/9b9xonHLC', '00000000000000000000000000000005');
INSERT INTO TeamMember (account, Team_id, id, link, info, is_Leader, icon) VALUES ('000000000000000005', 1, '1811499', 'https://github.com/VitalC-3026', '社区数据库模块，新闻公告模块，个人简介', true, 'https://avatars0.githubusercontent.com/u/50989602?s=400&u=9568eeac1dee2a54e82f4882cce6b502927c79cb&v=4');
