/* 建立User, Resident, Committee信息 */
INSERT INTO User (account, username, name, sex, age, tel, type) VALUES ('211953200608197063', '童诺', '童诺', false, '14', '18539388938', 0);
INSERT INTO Resident (account, building, unit, room) VALUES ('211953200608197063', 81, 9, 2401);
INSERT INTO User (account, username, name, sex, age, tel, type) VALUES ('413599196603190517', '杜露硕', '杜露硕', false, '54', '14579201756', 0);
INSERT INTO Resident (account, building, unit, room) VALUES ('413599196603190517', 96, 3, 203);
INSERT INTO User (account, username, name, sex, age, tel, type) VALUES ('314405200402147501', '边迅润', '边迅润', false, '16', '15050475870', 0);
INSERT INTO Resident (account, building, unit, room) VALUES ('314405200402147501', 20, 10, 1303);
INSERT INTO User (account, username, name, sex, age, tel, type) VALUES ('220195201001179135', '颜圣', '颜圣', false, '10', '17277084133', 0);
INSERT INTO Resident (account, building, unit, room) VALUES ('220195201001179135', 58, 4, 1706);
INSERT INTO User (account, username, name, sex, age, tel, type) VALUES ('533829200405022945', '吕赛广', '吕赛广', true, '16', '13752732328', 0);
INSERT INTO Resident (account, building, unit, room) VALUES ('533829200405022945', 99, 2, 1403);
INSERT INTO User (account, username, name, sex, age, tel, type) VALUES ('131276196809280545', '齐言', '齐言', false, '52', '18578119377', 0);
INSERT INTO Resident (account, building, unit, room) VALUES ('131276196809280545', 33, 4, 2605);
INSERT INTO User (account, username, name, sex, age, tel, type) VALUES ('652574200912129970', '邱瀚', '邱瀚', false, '11', '15859488043', 0);
INSERT INTO Resident (account, building, unit, room) VALUES ('652574200912129970', 64, 7, 702);
INSERT INTO User (account, username, name, sex, age, tel, type) VALUES ('520521195204136150', '牛雨奕', '牛雨奕', true, '68', '13595997792', 0);
INSERT INTO Resident (account, building, unit, room) VALUES ('520521195204136150', 87, 9, 2702);
INSERT INTO User (account, username, name, sex, age, tel, type) VALUES ('133113194812093405', '吉奇', '吉奇', false, '72', '15627656305', 0);
INSERT INTO Resident (account, building, unit, room) VALUES ('133113194812093405', 65, 6, 2001);
INSERT INTO User (account, username, name, sex, age, tel, type) VALUES ('114225197501144581', '季轩煜', '季轩煜', true, '45', '19181914409', 0);
INSERT INTO Resident (account, building, unit, room) VALUES ('114225197501144581', 91, 10, 705);
INSERT INTO User (account, username, name, sex, age, tel, type) VALUES ('424587199403316990', '於迅迅', '於迅迅', false, '26', '13318762794', 0);
INSERT INTO Resident (account, building, unit, room) VALUES ('424587199403316990', 14, 9, 1006);
INSERT INTO User (account, username, name, sex, age, tel, type) VALUES ('323954198411267026', '耿天倨', '耿天倨', true, '36', '18093804534', 0);
INSERT INTO Resident (account, building, unit, room) VALUES ('323954198411267026', 88, 5, 2104);
INSERT INTO User (account, username, name, sex, age, tel, type) VALUES ('714626200601227432', '燕良淘', '燕良淘', false, '14', '17502725663', 0);
INSERT INTO Resident (account, building, unit, room) VALUES ('714626200601227432', 42, 5, 2002);
INSERT INTO User (account, username, name, sex, age, tel, type) VALUES ('443450197508102358', '岳颖言', '岳颖言', false, '45', '19886657827', 0);
INSERT INTO Resident (account, building, unit, room) VALUES ('443450197508102358', 47, 3, 1102);
INSERT INTO User (account, username, name, sex, age, tel, type) VALUES ('450954198504076616', '徐奇', '徐奇', true, '35', '17385954635', 0);
INSERT INTO Resident (account, building, unit, room) VALUES ('450954198504076616', 93, 1, 402);
INSERT INTO User (account, username, name, sex, age, tel, type) VALUES ('14349719610618795X', '侯一', '侯一', true, '59', '15925381140', 0);
INSERT INTO Resident (account, building, unit, room) VALUES ('14349719610618795X', 80, 1, 1506);
INSERT INTO User (account, username, name, sex, age, tel, type) VALUES ('152021200207226319', '吴萱', '吴萱', true, '18', '19809429932', 0);
INSERT INTO Resident (account, building, unit, room) VALUES ('152021200207226319', 29, 10, 2603);
INSERT INTO User (account, username, name, sex, age, tel, type) VALUES ('154023192903229640', '范源畅', '范源畅', true, '91', '15996556163', 0);
INSERT INTO Resident (account, building, unit, room) VALUES ('154023192903229640', 67, 6, 502);
INSERT INTO User (account, username, name, sex, age, tel, type) VALUES ('124609198309220490', '许旭', '许旭', true, '37', '13305972582', 0);
INSERT INTO Resident (account, building, unit, room) VALUES ('124609198309220490', 12, 9, 904);
INSERT INTO User (account, username, name, sex, age, tel, type) VALUES ('444538199503020645', '郑阳翔', '郑阳翔', true, '25', '15604599238', 0);
INSERT INTO Resident (account, building, unit, room) VALUES ('444538199503020645', 33, 8, 1804);
INSERT INTO User (account, username, name, sex, age, tel, type) VALUES ('420135197603284606', '仲雅', '仲雅', false, '44', '17819116621', 1);
INSERT INTO Committee (account, in_date, is_admin) VALUES ('420135197603284606', '19990222', false);
INSERT INTO User (account, username, name, sex, age, tel, type) VALUES ('454252194908015312', '邵义盈', '邵义盈', false, '71', '17538513387', 0);
INSERT INTO Resident (account, building, unit, room) VALUES ('454252194908015312', 95, 4, 2103);
INSERT INTO User (account, username, name, sex, age, tel, type) VALUES ('211312194908060970', '商昕', '商昕', true, '71', '19580311180', 0);
INSERT INTO Resident (account, building, unit, room) VALUES ('211312194908060970', 21, 2, 2101);
INSERT INTO User (account, username, name, sex, age, tel, type) VALUES ('141572196308095914', '周兰', '周兰', false, '57', '17563817694', 0);
INSERT INTO Resident (account, building, unit, room) VALUES ('141572196308095914', 85, 2, 1504);
INSERT INTO User (account, username, name, sex, age, tel, type) VALUES ('111077200705214125', '部亚', '部亚', true, '13', '18647594122', 0);
INSERT INTO Resident (account, building, unit, room) VALUES ('111077200705214125', 26, 1, 2703);
INSERT INTO User (account, username, name, sex, age, tel, type) VALUES ('334356194909064165', '燕凡', '燕凡', true, '71', '19052458269', 0);
INSERT INTO Resident (account, building, unit, room) VALUES ('334356194909064165', 2, 9, 1101);
INSERT INTO User (account, username, name, sex, age, tel, type) VALUES ('233147194212086674', '曲一', '曲一', true, '78', '18440030744', 0);
INSERT INTO Resident (account, building, unit, room) VALUES ('233147194212086674', 79, 5, 2101);
INSERT INTO User (account, username, name, sex, age, tel, type) VALUES ('363797196008299819', '裴洁伟', '裴洁伟', false, '60', '19565294307', 0);
INSERT INTO Resident (account, building, unit, room) VALUES ('363797196008299819', 55, 4, 703);
INSERT INTO User (account, username, name, sex, age, tel, type) VALUES ('514785200109204342', '柳哲', '柳哲', false, '19', '15533509607', 0);
INSERT INTO Resident (account, building, unit, room) VALUES ('514785200109204342', 35, 2, 2305);
INSERT INTO User (account, username, name, sex, age, tel, type) VALUES ('532969196812282940', '常诺兰', '常诺兰', true, '52', '13136024051', 0);
INSERT INTO Resident (account, building, unit, room) VALUES ('532969196812282940', 87, 3, 605);
INSERT INTO User (account, username, name, sex, age, tel, type) VALUES ('812924199106260078', '宫兮', '宫兮', true, '29', '13711123343', 0);
INSERT INTO Resident (account, building, unit, room) VALUES ('812924199106260078', 65, 3, 2704);
INSERT INTO User (account, username, name, sex, age, tel, type) VALUES ('360508201203076444', '季圣菲', '季圣菲', true, '8', '13290408744', 0);
INSERT INTO Resident (account, building, unit, room) VALUES ('360508201203076444', 69, 6, 805);
INSERT INTO User (account, username, name, sex, age, tel, type) VALUES ('61100119760529728X', '史杰言', '史杰言', false, '44', '14596980943', 0);
INSERT INTO Resident (account, building, unit, room) VALUES ('61100119760529728X', 30, 4, 2601);
INSERT INTO User (account, username, name, sex, age, tel, type) VALUES ('52081319241109378X', '郭建新', '郭建新', true, '96', '15228147117', 0);
INSERT INTO Resident (account, building, unit, room) VALUES ('52081319241109378X', 91, 3, 2601);
INSERT INTO User (account, username, name, sex, age, tel, type) VALUES ('512380198806229762', '钟亚佳', '钟亚佳', true, '32', '14739172611', 0);
INSERT INTO Resident (account, building, unit, room) VALUES ('512380198806229762', 14, 3, 2505);
INSERT INTO User (account, username, name, sex, age, tel, type) VALUES ('463292194203018398', '文毅哲', '文毅哲', true, '78', '19588542603', 1);
INSERT INTO Committee (account, in_date, is_admin) VALUES ('463292194203018398', '19610222', false);
INSERT INTO User (account, username, name, sex, age, tel, type) VALUES ('500305196908173665', '徐锐瀚', '徐锐瀚', true, '51', '17233484312', 0);
INSERT INTO Resident (account, building, unit, room) VALUES ('500305196908173665', 63, 7, 604);
INSERT INTO User (account, username, name, sex, age, tel, type) VALUES ('460440197211042301', '姚倨立', '姚倨立', false, '48', '17888469374', 0);
INSERT INTO Resident (account, building, unit, room) VALUES ('460440197211042301', 23, 7, 804);
INSERT INTO User (account, username, name, sex, age, tel, type) VALUES ('330825196808297696', '牛锐', '牛锐', false, '52', '19065595861', 0);
INSERT INTO Resident (account, building, unit, room) VALUES ('330825196808297696', 44, 2, 1705);
INSERT INTO User (account, username, name, sex, age, tel, type) VALUES ('524446192904153952', '龚樱', '龚樱', true, '91', '15214414647', 1);
INSERT INTO Committee (account, in_date, is_admin) VALUES ('524446192904153952', '19580818', false);
INSERT INTO User (account, username, name, sex, age, tel, type) VALUES ('813778200708174742', '余佳建', '余佳建', false, '13', '19162474140', 0);
INSERT INTO Resident (account, building, unit, room) VALUES ('813778200708174742', 95, 9, 1904);
INSERT INTO User (account, username, name, sex, age, tel, type) VALUES ('521876198909291960', '钟正新', '钟正新', false, '31', '15771593058', 0);
INSERT INTO Resident (account, building, unit, room) VALUES ('521876198909291960', 91, 9, 2606);
INSERT INTO User (account, username, name, sex, age, tel, type) VALUES ('230206197407237066', '毛本', '毛本', false, '46', '14771154121', 0);
INSERT INTO Resident (account, building, unit, room) VALUES ('230206197407237066', 98, 3, 2501);
INSERT INTO User (account, username, name, sex, age, tel, type) VALUES ('63193919790718773X', '钟奇萌', '钟奇萌', true, '41', '17522467488', 0);
INSERT INTO Resident (account, building, unit, room) VALUES ('63193919790718773X', 85, 9, 1403);
INSERT INTO User (account, username, name, sex, age, tel, type) VALUES ('514376198006298140', '严腾千', '严腾千', true, '40', '19119547215', 0);
INSERT INTO Resident (account, building, unit, room) VALUES ('514376198006298140', 73, 5, 2305);
INSERT INTO User (account, username, name, sex, age, tel, type) VALUES ('350538195504022174', '郭中', '郭中', true, '65', '19760256945', 0);
INSERT INTO Resident (account, building, unit, room) VALUES ('350538195504022174', 99, 9, 2204);
INSERT INTO User (account, username, name, sex, age, tel, type) VALUES ('342777200108143272', '巩瀚', '巩瀚', true, '19', '19195729503', 0);
INSERT INTO Resident (account, building, unit, room) VALUES ('342777200108143272', 61, 2, 1603);
INSERT INTO User (account, username, name, sex, age, tel, type) VALUES ('823397193805271432', '尚云伟', '尚云伟', false, '82', '13171314764', 0);
INSERT INTO Resident (account, building, unit, room) VALUES ('823397193805271432', 29, 2, 2305);
INSERT INTO User (account, username, name, sex, age, tel, type) VALUES ('422069193801074940', '燕龙腾', '燕龙腾', true, '82', '15719398462', 0);
INSERT INTO Resident (account, building, unit, room) VALUES ('422069193801074940', 5, 2, 803);
INSERT INTO User (account, username, name, sex, age, tel, type) VALUES ('330783196101275344', '季天柏', '季天柏', false, '59', '15310022137', 0);
INSERT INTO Resident (account, building, unit, room) VALUES ('330783196101275344', 93, 10, 1005);
INSERT INTO User (account, username, name, sex, age, tel, type) VALUES ('133345200307310028', '鲁天英', '鲁天英', true, '17', '17894837267', 0);
INSERT INTO Resident (account, building, unit, room) VALUES ('133345200307310028', 58, 6, 1103);
INSERT INTO User (account, username, name, sex, age, tel, type) VALUES ('371003196509288364', '隽淘伟', '隽淘伟', true, '55', '17333664851', 0);
INSERT INTO Resident (account, building, unit, room) VALUES ('371003196509288364', 72, 4, 1304);
INSERT INTO User (account, username, name, sex, age, tel, type) VALUES ('310882200202228355', '审雯飞', '审雯飞', true, '18', '19805051552', 0);
INSERT INTO Resident (account, building, unit, room) VALUES ('310882200202228355', 20, 4, 506);
INSERT INTO User (account, username, name, sex, age, tel, type) VALUES ('713523199811300522', '葛奇', '葛奇', false, '22', '17351532186', 0);
INSERT INTO Resident (account, building, unit, room) VALUES ('713523199811300522', 44, 4, 2102);
INSERT INTO User (account, username, name, sex, age, tel, type) VALUES ('123096193501177284', '林民赛', '林民赛', true, '85', '13666761867', 0);
INSERT INTO Resident (account, building, unit, room) VALUES ('123096193501177284', 40, 4, 1601);
INSERT INTO User (account, username, name, sex, age, tel, type) VALUES ('370564193606121382', '安思', '安思', true, '84', '13668857037', 0);
INSERT INTO Resident (account, building, unit, room) VALUES ('370564193606121382', 72, 9, 201);
INSERT INTO User (account, username, name, sex, age, tel, type) VALUES ('822218193505055610', '董霄牧', '董霄牧', true, '85', '18807972002', 0);
INSERT INTO Resident (account, building, unit, room) VALUES ('822218193505055610', 29, 5, 1704);
INSERT INTO User (account, username, name, sex, age, tel, type) VALUES ('430986200111176613', '柳帆硕', '柳帆硕', true, '19', '18566619799', 0);
INSERT INTO Resident (account, building, unit, room) VALUES ('430986200111176613', 66, 8, 2203);
INSERT INTO User (account, username, name, sex, age, tel, type) VALUES ('37083819851107485X', '麦立昕', '麦立昕', true, '35', '15739889718', 0);
INSERT INTO Resident (account, building, unit, room) VALUES ('37083819851107485X', 18, 10, 401);
INSERT INTO User (account, username, name, sex, age, tel, type) VALUES ('360292200808036798', '权广宇', '权广宇', true, '12', '18032715924', 0);
INSERT INTO Resident (account, building, unit, room) VALUES ('360292200808036798', 33, 5, 1804);
INSERT INTO User (account, username, name, sex, age, tel, type) VALUES ('343160196904055881', '边朋露', '边朋露', false, '51', '13526176849', 0);
INSERT INTO Resident (account, building, unit, room) VALUES ('343160196904055881', 83, 10, 2705);
INSERT INTO User (account, username, name, sex, age, tel, type) VALUES ('344410199204163338', '高奕可', '高奕可', true, '28', '19346471932', 0);
INSERT INTO Resident (account, building, unit, room) VALUES ('344410199204163338', 12, 4, 405);
INSERT INTO User (account, username, name, sex, age, tel, type) VALUES ('50305119320215238X', '宋有航', '宋有航', true, '88', '15987432833', 0);
INSERT INTO Resident (account, building, unit, room) VALUES ('50305119320215238X', 37, 4, 1702);
INSERT INTO User (account, username, name, sex, age, tel, type) VALUES ('442842192703104249', '董馨振', '董馨振', true, '93', '15571372368', 0);
INSERT INTO Resident (account, building, unit, room) VALUES ('442842192703104249', 60, 6, 403);
INSERT INTO User (account, username, name, sex, age, tel, type) VALUES ('422644195805292559', '秦源露', '秦源露', true, '62', '14997018852', 0);
INSERT INTO Resident (account, building, unit, room) VALUES ('422644195805292559', 4, 5, 2903);
INSERT INTO User (account, username, name, sex, age, tel, type) VALUES ('141615195004231340', '耿伟中', '耿伟中', false, '70', '19710629271', 0);
INSERT INTO Resident (account, building, unit, room) VALUES ('141615195004231340', 80, 6, 1402);
INSERT INTO User (account, username, name, sex, age, tel, type) VALUES ('132285192904013246', '冯晓腾', '冯晓腾', true, '91', '19172837043', 0);
INSERT INTO Resident (account, building, unit, room) VALUES ('132285192904013246', 79, 9, 1306);
INSERT INTO User (account, username, name, sex, age, tel, type) VALUES ('422935194609240595', '米源奕', '米源奕', false, '74', '18559283012', 0);
INSERT INTO Resident (account, building, unit, room) VALUES ('422935194609240595', 99, 8, 205);
INSERT INTO User (account, username, name, sex, age, tel, type) VALUES ('512604197006129122', '安丹朋', '安丹朋', true, '50', '13191365979', 0);
INSERT INTO Resident (account, building, unit, room) VALUES ('512604197006129122', 76, 7, 1004);
INSERT INTO User (account, username, name, sex, age, tel, type) VALUES ('653457196612051450', '秦民冠', '秦民冠', false, '54', '19833502826', 0);
INSERT INTO Resident (account, building, unit, room) VALUES ('653457196612051450', 87, 4, 1505);
INSERT INTO User (account, username, name, sex, age, tel, type) VALUES ('364276197411129518', '仲哲', '仲哲', false, '46', '15530081965', 0);
INSERT INTO Resident (account, building, unit, room) VALUES ('364276197411129518', 28, 10, 2103);
INSERT INTO User (account, username, name, sex, age, tel, type) VALUES ('222136200806157087', '汪盈樱', '汪盈樱', false, '12', '18429117181', 0);
INSERT INTO Resident (account, building, unit, room) VALUES ('222136200806157087', 35, 10, 302);
INSERT INTO User (account, username, name, sex, age, tel, type) VALUES ('414062193805304722', '曲露雅', '曲露雅', false, '82', '19906473486', 0);
INSERT INTO Resident (account, building, unit, room) VALUES ('414062193805304722', 22, 9, 2504);
INSERT INTO User (account, username, name, sex, age, tel, type) VALUES ('712590195403154899', '戚馨凡', '戚馨凡', true, '66', '18333238459', 0);
INSERT INTO Resident (account, building, unit, room) VALUES ('712590195403154899', 50, 8, 205);
INSERT INTO User (account, username, name, sex, age, tel, type) VALUES ('451581193208123801', '金朋', '金朋', true, '88', '19372020936', 0);
INSERT INTO Resident (account, building, unit, room) VALUES ('451581193208123801', 67, 10, 2901);
INSERT INTO User (account, username, name, sex, age, tel, type) VALUES ('314336198811150021', '晁英源', '晁英源', true, '32', '15060621297', 0);
INSERT INTO Resident (account, building, unit, room) VALUES ('314336198811150021', 91, 9, 1603);
INSERT INTO User (account, username, name, sex, age, tel, type) VALUES ('113618192903054324', '尹盈', '尹盈', true, '91', '17507967885', 1);
INSERT INTO Committee (account, in_date, is_admin) VALUES ('113618192903054324', '19570824', false);
INSERT INTO User (account, username, name, sex, age, tel, type) VALUES ('364518192503293175', '路敏', '路敏', false, '95', '13659801420', 0);
INSERT INTO Resident (account, building, unit, room) VALUES ('364518192503293175', 89, 5, 1303);
INSERT INTO User (account, username, name, sex, age, tel, type) VALUES ('814438198801040871', '夏洁冠', '夏洁冠', false, '32', '19310672670', 0);
INSERT INTO Resident (account, building, unit, room) VALUES ('814438198801040871', 15, 9, 1703);
INSERT INTO User (account, username, name, sex, age, tel, type) VALUES ('220623200805296109', '权丹辰', '权丹辰', false, '12', '14580154605', 0);
INSERT INTO Resident (account, building, unit, room) VALUES ('220623200805296109', 26, 10, 505);
INSERT INTO User (account, username, name, sex, age, tel, type) VALUES ('454332201211071889', '欧阳佳', '欧阳佳', false, '8', '13638131039', 0);
INSERT INTO Resident (account, building, unit, room) VALUES ('454332201211071889', 67, 6, 1605);
INSERT INTO User (account, username, name, sex, age, tel, type) VALUES ('461352196306059948', '巩有兮', '巩有兮', false, '57', '19279652687', 0);
INSERT INTO Resident (account, building, unit, room) VALUES ('461352196306059948', 58, 5, 1206);
INSERT INTO User (account, username, name, sex, age, tel, type) VALUES ('332819193406294035', '郑千哲', '郑千哲', true, '86', '18500123201', 0);
INSERT INTO Resident (account, building, unit, room) VALUES ('332819193406294035', 14, 9, 2401);
INSERT INTO User (account, username, name, sex, age, tel, type) VALUES ('714714193307310009', '高雨龙', '高雨龙', false, '87', '17583412494', 0);
INSERT INTO Resident (account, building, unit, room) VALUES ('714714193307310009', 37, 1, 2202);
INSERT INTO User (account, username, name, sex, age, tel, type) VALUES ('611785199905099355', '巩静敏', '巩静敏', false, '21', '13935743429', 0);
INSERT INTO Resident (account, building, unit, room) VALUES ('611785199905099355', 49, 2, 2105);
INSERT INTO User (account, username, name, sex, age, tel, type) VALUES ('111282200306283566', '傅良萱', '傅良萱', true, '17', '13508233291', 0);
INSERT INTO Resident (account, building, unit, room) VALUES ('111282200306283566', 42, 10, 1805);
INSERT INTO User (account, username, name, sex, age, tel, type) VALUES ('322804197311210693', '权朋畅', '权朋畅', false, '47', '19219552420', 0);
INSERT INTO Resident (account, building, unit, room) VALUES ('322804197311210693', 66, 8, 1303);
INSERT INTO User (account, username, name, sex, age, tel, type) VALUES ('310661198509237497', '宫泽宇', '宫泽宇', true, '35', '17698520390', 0);
INSERT INTO Resident (account, building, unit, room) VALUES ('310661198509237497', 14, 10, 1606);
INSERT INTO User (account, username, name, sex, age, tel, type) VALUES ('822453196911079377', '杨露', '杨露', true, '51', '18570740889', 0);
INSERT INTO Resident (account, building, unit, room) VALUES ('822453196911079377', 92, 1, 1105);
INSERT INTO User (account, username, name, sex, age, tel, type) VALUES ('323193197710233970', '麦硕', '麦硕', true, '43', '15601060368', 0);
INSERT INTO Resident (account, building, unit, room) VALUES ('323193197710233970', 75, 1, 2903);
INSERT INTO User (account, username, name, sex, age, tel, type) VALUES ('614625194307183329', '黄轩霖', '黄轩霖', false, '77', '15045548001', 0);
INSERT INTO Resident (account, building, unit, room) VALUES ('614625194307183329', 10, 9, 1905);
INSERT INTO User (account, username, name, sex, age, tel, type) VALUES ('312743199803031821', '戚宇舒', '戚宇舒', false, '22', '15670821838', 0);
INSERT INTO Resident (account, building, unit, room) VALUES ('312743199803031821', 49, 10, 2005);
INSERT INTO User (account, username, name, sex, age, tel, type) VALUES ('360943196401262542', '山令', '山令', true, '56', '15169665930', 0);
INSERT INTO Resident (account, building, unit, room) VALUES ('360943196401262542', 4, 2, 2501);
INSERT INTO User (account, username, name, sex, age, tel, type) VALUES ('373498199005180529', '臧兰', '臧兰', false, '30', '13546479107', 0);
INSERT INTO Resident (account, building, unit, room) VALUES ('373498199005180529', 16, 10, 2603);
INSERT INTO User (account, username, name, sex, age, tel, type) VALUES ('364990194001308779', '刘音馨', '刘音馨', false, '80', '15552443423', 0);
INSERT INTO Resident (account, building, unit, room) VALUES ('364990194001308779', 98, 3, 1701);
INSERT INTO User (account, username, name, sex, age, tel, type) VALUES ('46321120000506207X', '史宇兰', '史宇兰', false, '20', '15162719550', 0);
INSERT INTO Resident (account, building, unit, room) VALUES ('46321120000506207X', 93, 6, 1705);
INSERT INTO User (account, username, name, sex, age, tel, type) VALUES ('654847201002250460', '耿建正', '耿建正', false, '10', '15604853212', 0);
INSERT INTO Resident (account, building, unit, room) VALUES ('654847201002250460', 68, 8, 1605);
INSERT INTO User (account, username, name, sex, age, tel, type) VALUES ('235053193812214380', '田舒', '田舒', false, '82', '15111675587', 0);
INSERT INTO Resident (account, building, unit, room) VALUES ('235053193812214380', 72, 7, 2102);
INSERT INTO User (account, username, name, sex, age, tel, type) VALUES ('621586195112140404', '武英', '武英', true, '69', '15625229012', 0);
INSERT INTO Resident (account, building, unit, room) VALUES ('621586195112140404', 100, 4, 2302);
INSERT INTO User (account, username, name, sex, age, tel, type) VALUES ('824033196902086865', '江倨泽', '江倨泽', false, '51', '15174332349', 0);
INSERT INTO Resident (account, building, unit, room) VALUES ('824033196902086865', 4, 6, 2702);
INSERT INTO User (account, username, name, sex, age, tel, type) VALUES ('500851196211145630', '郑雨本', '郑雨本', true, '58', '19948155382', 0);
INSERT INTO Resident (account, building, unit, room) VALUES ('500851196211145630', 40, 6, 601);
INSERT INTO User (account, username, name, sex, age, tel, type) VALUES ('120280200201157817', '宫源', '宫源', false, '18', '19833410489', 0);
INSERT INTO Resident (account, building, unit, room) VALUES ('120280200201157817', 78, 1, 603);
INSERT INTO User (account, username, name, sex, age, tel, type) VALUES ('824569199006176694', '宋睿', '宋睿', true, '30', '14592531363', 0);
INSERT INTO Resident (account, building, unit, room) VALUES ('824569199006176694', 19, 6, 505);
INSERT INTO User (account, username, name, sex, age, tel, type) VALUES ('543949200812104030', '颜颖天', '颜颖天', false, '12', '19366411537', 0);
INSERT INTO Resident (account, building, unit, room) VALUES ('543949200812104030', 21, 7, 404);
INSERT INTO User (account, username, name, sex, age, tel, type) VALUES ('463534194803145017', '殷雅义', '殷雅义', true, '72', '15396487164', 0);
INSERT INTO Resident (account, building, unit, room) VALUES ('463534194803145017', 8, 9, 202);
INSERT INTO User (account, username, name, sex, age, tel, type) VALUES ('44506119680513881X', '权萌', '权萌', false, '52', '19328208964', 0);
INSERT INTO Resident (account, building, unit, room) VALUES ('44506119680513881X', 74, 7, 1303);
INSERT INTO User (account, username, name, sex, age, tel, type) VALUES ('413908192909304266', '靳建', '靳建', true, '91', '19932641138', 0);
INSERT INTO Resident (account, building, unit, room) VALUES ('413908192909304266', 29, 8, 206);
INSERT INTO User (account, username, name, sex, age, tel, type) VALUES ('111170196511045353', '楚露', '楚露', true, '55', '13105510927', 0);
INSERT INTO Resident (account, building, unit, room) VALUES ('111170196511045353', 7, 7, 2403);
INSERT INTO User (account, username, name, sex, age, tel, type) VALUES ('322710197704144047', '隽本兰', '隽本兰', false, '43', '13106328053', 0);
INSERT INTO Resident (account, building, unit, room) VALUES ('322710197704144047', 23, 8, 1404);
INSERT INTO User (account, username, name, sex, age, tel, type) VALUES ('133613197401149000', '仲敏夫', '仲敏夫', false, '46', '19868319742', 0);
INSERT INTO Resident (account, building, unit, room) VALUES ('133613197401149000', 41, 9, 1304);
INSERT INTO User (account, username, name, sex, age, tel, type) VALUES ('413910198407268484', '康子', '康子', true, '36', '17661334353', 0);
INSERT INTO Resident (account, building, unit, room) VALUES ('413910198407268484', 50, 4, 901);
INSERT INTO User (account, username, name, sex, age, tel, type) VALUES ('312087194101291327', '胡颖泽', '胡颖泽', false, '79', '15843495254', 0);
INSERT INTO Resident (account, building, unit, room) VALUES ('312087194101291327', 45, 10, 2806);
INSERT INTO User (account, username, name, sex, age, tel, type) VALUES ('330578200201305183', '边民煜', '边民煜', true, '18', '15897600583', 0);
INSERT INTO Resident (account, building, unit, room) VALUES ('330578200201305183', 1, 5, 2005);
INSERT INTO User (account, username, name, sex, age, tel, type) VALUES ('504522193008248246', '崔樱天', '崔樱天', true, '90', '15933710161', 0);
INSERT INTO Resident (account, building, unit, room) VALUES ('504522193008248246', 48, 9, 2106);
INSERT INTO User (account, username, name, sex, age, tel, type) VALUES ('530287193705076488', '严霄佳', '严霄佳', true, '83', '18274232359', 1);
INSERT INTO Committee (account, in_date, is_admin) VALUES ('530287193705076488', '19630811', false);
INSERT INTO User (account, username, name, sex, age, tel, type) VALUES ('54059419271006616X', '宫柏锐', '宫柏锐', true, '93', '13348832777', 0);
INSERT INTO Resident (account, building, unit, room) VALUES ('54059419271006616X', 31, 5, 1803);
INSERT INTO User (account, username, name, sex, age, tel, type) VALUES ('621144194504044504', '常丹建', '常丹建', true, '75', '18648224883', 0);
INSERT INTO Resident (account, building, unit, room) VALUES ('621144194504044504', 97, 9, 1706);
INSERT INTO User (account, username, name, sex, age, tel, type) VALUES ('11156519530708141X', '宫睿有', '宫睿有', false, '67', '13291013238', 0);
INSERT INTO Resident (account, building, unit, room) VALUES ('11156519530708141X', 92, 3, 805);
INSERT INTO User (account, username, name, sex, age, tel, type) VALUES ('420375195911121676', '管有琦', '管有琦', true, '61', '17830719663', 0);
INSERT INTO Resident (account, building, unit, room) VALUES ('420375195911121676', 65, 10, 2703);
INSERT INTO User (account, username, name, sex, age, tel, type) VALUES ('544994194705230255', '商铭音', '商铭音', false, '73', '16641958487', 0);
INSERT INTO Resident (account, building, unit, room) VALUES ('544994194705230255', 35, 8, 2603);
INSERT INTO User (account, username, name, sex, age, tel, type) VALUES ('544690200207162827', '燕静', '燕静', true, '18', '18754506436', 0);
INSERT INTO Resident (account, building, unit, room) VALUES ('544690200207162827', 34, 4, 1101);
INSERT INTO User (account, username, name, sex, age, tel, type) VALUES ('330721200801024716', '寻敏', '寻敏', false, '12', '15076684454', 0);
INSERT INTO Resident (account, building, unit, room) VALUES ('330721200801024716', 39, 7, 904);
INSERT INTO User (account, username, name, sex, age, tel, type) VALUES ('112357196011206606', '宫灯一', '宫灯一', true, '60', '19681726182', 0);
INSERT INTO Resident (account, building, unit, room) VALUES ('112357196011206606', 43, 2, 201);
INSERT INTO User (account, username, name, sex, age, tel, type) VALUES ('372134199303299274', '黄雨佳', '黄雨佳', true, '27', '18558841317', 0);
INSERT INTO Resident (account, building, unit, room) VALUES ('372134199303299274', 41, 9, 306);
INSERT INTO User (account, username, name, sex, age, tel, type) VALUES ('341412198610253460', '周敏', '周敏', false, '34', '18713480131', 0);
INSERT INTO Resident (account, building, unit, room) VALUES ('341412198610253460', 48, 5, 1701);
INSERT INTO User (account, username, name, sex, age, tel, type) VALUES ('711861200802134486', '季旭', '季旭', true, '12', '15688521777', 0);
INSERT INTO Resident (account, building, unit, room) VALUES ('711861200802134486', 67, 10, 2502);
INSERT INTO User (account, username, name, sex, age, tel, type) VALUES ('512296192603129917', '陆力', '陆力', false, '94', '13592500426', 0);
INSERT INTO Resident (account, building, unit, room) VALUES ('512296192603129917', 39, 2, 702);
INSERT INTO User (account, username, name, sex, age, tel, type) VALUES ('522867195207314811', '高露盈', '高露盈', true, '68', '15228862820', 0);
INSERT INTO Resident (account, building, unit, room) VALUES ('522867195207314811', 85, 10, 1504);
INSERT INTO User (account, username, name, sex, age, tel, type) VALUES ('134432192808055714', '邵依圣', '邵依圣', true, '92', '18695688209', 0);
INSERT INTO Resident (account, building, unit, room) VALUES ('134432192808055714', 22, 7, 1204);
INSERT INTO User (account, username, name, sex, age, tel, type) VALUES ('643525198301108274', '路迅灯', '路迅灯', false, '37', '15759550557', 0);
INSERT INTO Resident (account, building, unit, room) VALUES ('643525198301108274', 56, 4, 2206);
INSERT INTO User (account, username, name, sex, age, tel, type) VALUES ('141823198602045871', '管龙亚', '管龙亚', true, '34', '13430242726', 0);
INSERT INTO Resident (account, building, unit, room) VALUES ('141823198602045871', 64, 7, 805);
INSERT INTO User (account, username, name, sex, age, tel, type) VALUES ('221750196211293493', '耿桐兮', '耿桐兮', true, '58', '19929485308', 0);
INSERT INTO Resident (account, building, unit, room) VALUES ('221750196211293493', 62, 5, 2603);
INSERT INTO User (account, username, name, sex, age, tel, type) VALUES ('443515195102063777', '陆圆令', '陆圆令', false, '69', '17520925842', 0);
INSERT INTO Resident (account, building, unit, room) VALUES ('443515195102063777', 21, 1, 704);
INSERT INTO User (account, username, name, sex, age, tel, type) VALUES ('460784193410222802', '曹萌', '曹萌', false, '86', '18824942834', 0);
INSERT INTO Resident (account, building, unit, room) VALUES ('460784193410222802', 54, 3, 706);
INSERT INTO User (account, username, name, sex, age, tel, type) VALUES ('37279819670415785X', '戚帆雯', '戚帆雯', false, '53', '17693381070', 0);
INSERT INTO Resident (account, building, unit, room) VALUES ('37279819670415785X', 70, 3, 2001);
INSERT INTO User (account, username, name, sex, age, tel, type) VALUES ('315017194409197629', '林令薪', '林令薪', false, '76', '18626167876', 0);
INSERT INTO Resident (account, building, unit, room) VALUES ('315017194409197629', 24, 2, 404);
INSERT INTO User (account, username, name, sex, age, tel, type) VALUES ('343485198103157993', '夏航广', '夏航广', true, '39', '18525581251', 0);
INSERT INTO Resident (account, building, unit, room) VALUES ('343485198103157993', 23, 3, 2702);
INSERT INTO User (account, username, name, sex, age, tel, type) VALUES ('443638192407181404', '常源一', '常源一', false, '96', '18582473062', 0);
INSERT INTO Resident (account, building, unit, room) VALUES ('443638192407181404', 30, 6, 1902);
INSERT INTO User (account, username, name, sex, age, tel, type) VALUES ('372906201111129969', '麦萱雯', '麦萱雯', true, '9', '19829005684', 0);
INSERT INTO Resident (account, building, unit, room) VALUES ('372906201111129969', 82, 5, 1804);
INSERT INTO User (account, username, name, sex, age, tel, type) VALUES ('453516198811164894', '麦英亚', '麦英亚', true, '32', '13309529498', 0);
INSERT INTO Resident (account, building, unit, room) VALUES ('453516198811164894', 83, 1, 1104);
INSERT INTO User (account, username, name, sex, age, tel, type) VALUES ('111829194911034375', '靳兮旭', '靳兮旭', false, '71', '18422318017', 0);
INSERT INTO Resident (account, building, unit, room) VALUES ('111829194911034375', 7, 5, 1806);
INSERT INTO User (account, username, name, sex, age, tel, type) VALUES ('624735197212170239', '张千菲', '张千菲', true, '48', '13910277662', 0);
INSERT INTO Resident (account, building, unit, room) VALUES ('624735197212170239', 77, 10, 2603);
INSERT INTO User (account, username, name, sex, age, tel, type) VALUES ('615063194412086897', '高宇丹', '高宇丹', false, '76', '18049543201', 0);
INSERT INTO Resident (account, building, unit, room) VALUES ('615063194412086897', 18, 10, 1204);
INSERT INTO User (account, username, name, sex, age, tel, type) VALUES ('50255920040622101X', '邱腾睿', '邱腾睿', false, '16', '17584765447', 0);
INSERT INTO Resident (account, building, unit, room) VALUES ('50255920040622101X', 14, 6, 2003);
INSERT INTO User (account, username, name, sex, age, tel, type) VALUES ('501664193906194457', '夏硕佳', '夏硕佳', true, '81', '18901488713', 0);
INSERT INTO Resident (account, building, unit, room) VALUES ('501664193906194457', 10, 5, 2602);
INSERT INTO User (account, username, name, sex, age, tel, type) VALUES ('520931197106031012', '代音', '代音', false, '49', '19695656735', 0);
INSERT INTO Resident (account, building, unit, room) VALUES ('520931197106031012', 46, 3, 205);
INSERT INTO User (account, username, name, sex, age, tel, type) VALUES ('141815200407055195', '牛音', '牛音', false, '16', '15635772482', 0);
INSERT INTO Resident (account, building, unit, room) VALUES ('141815200407055195', 100, 5, 1105);
INSERT INTO User (account, username, name, sex, age, tel, type) VALUES ('130290195006159406', '仲音奇', '仲音奇', false, '70', '18884988644', 0);
INSERT INTO Resident (account, building, unit, room) VALUES ('130290195006159406', 9, 8, 2202);
INSERT INTO User (account, username, name, sex, age, tel, type) VALUES ('510302201308075172', '史云阳', '史云阳', false, '7', '13497638997', 0);
INSERT INTO Resident (account, building, unit, room) VALUES ('510302201308075172', 46, 8, 2203);
INSERT INTO User (account, username, name, sex, age, tel, type) VALUES ('214927201104225427', '钱翔淘', '钱翔淘', false, '9', '16621783487', 0);
INSERT INTO Resident (account, building, unit, room) VALUES ('214927201104225427', 58, 4, 1002);
INSERT INTO User (account, username, name, sex, age, tel, type) VALUES ('112161199202234400', '齐炜', '齐炜', false, '28', '18673955640', 0);
INSERT INTO Resident (account, building, unit, room) VALUES ('112161199202234400', 36, 6, 905);
INSERT INTO User (account, username, name, sex, age, tel, type) VALUES ('151004193905294864', '林杰', '林杰', false, '81', '13050774868', 0);
INSERT INTO Resident (account, building, unit, room) VALUES ('151004193905294864', 76, 10, 406);
INSERT INTO User (account, username, name, sex, age, tel, type) VALUES ('624092198111079264', '戚夫霖', '戚夫霖', false, '39', '15588846082', 0);
INSERT INTO Resident (account, building, unit, room) VALUES ('624092198111079264', 100, 2, 2102);
INSERT INTO User (account, username, name, sex, age, tel, type) VALUES ('133526194605250556', '常灯', '常灯', true, '74', '15315527948', 0);
INSERT INTO Resident (account, building, unit, room) VALUES ('133526194605250556', 11, 8, 602);
INSERT INTO User (account, username, name, sex, age, tel, type) VALUES ('65400320090406330X', '吴炎凌', '吴炎凌', true, '11', '13377836692', 0);
INSERT INTO Resident (account, building, unit, room) VALUES ('65400320090406330X', 34, 7, 204);
INSERT INTO User (account, username, name, sex, age, tel, type) VALUES ('514856194111290967', '董新', '董新', true, '79', '13245008283', 0);
INSERT INTO Resident (account, building, unit, room) VALUES ('514856194111290967', 74, 7, 2306);
INSERT INTO User (account, username, name, sex, age, tel, type) VALUES ('223272200712221450', '孙辰一', '孙辰一', true, '13', '15055779156', 0);
INSERT INTO Resident (account, building, unit, room) VALUES ('223272200712221450', 18, 1, 1204);
INSERT INTO User (account, username, name, sex, age, tel, type) VALUES ('343447196607143581', '颜正', '颜正', false, '54', '17503176803', 0);
INSERT INTO Resident (account, building, unit, room) VALUES ('343447196607143581', 35, 5, 303);
INSERT INTO User (account, username, name, sex, age, tel, type) VALUES ('810533192412286173', '尚腾敏', '尚腾敏', true, '96', '14539034837', 0);
INSERT INTO Resident (account, building, unit, room) VALUES ('810533192412286173', 82, 2, 1203);
INSERT INTO User (account, username, name, sex, age, tel, type) VALUES ('514901193810083983', '肖琦', '肖琦', true, '82', '17323208782', 0);
INSERT INTO Resident (account, building, unit, room) VALUES ('514901193810083983', 25, 1, 2201);
INSERT INTO User (account, username, name, sex, age, tel, type) VALUES ('533061195605095779', '夏令丹', '夏令丹', true, '64', '19984286961', 0);
INSERT INTO Resident (account, building, unit, room) VALUES ('533061195605095779', 95, 4, 1902);
INSERT INTO User (account, username, name, sex, age, tel, type) VALUES ('463451193410126374', '杨天露', '杨天露', true, '86', '15546958781', 0);
INSERT INTO Resident (account, building, unit, room) VALUES ('463451193410126374', 41, 10, 2604);
INSERT INTO User (account, username, name, sex, age, tel, type) VALUES ('134403193009273299', '陈毅广', '陈毅广', false, '90', '17595943969', 0);
INSERT INTO Resident (account, building, unit, room) VALUES ('134403193009273299', 18, 4, 2204);
INSERT INTO User (account, username, name, sex, age, tel, type) VALUES ('464741201111304661', '林雯', '林雯', false, '9', '13294765149', 0);
INSERT INTO Resident (account, building, unit, room) VALUES ('464741201111304661', 60, 4, 2802);
INSERT INTO User (account, username, name, sex, age, tel, type) VALUES ('361091200304120971', '裴圣正', '裴圣正', true, '17', '13869073376', 0);
INSERT INTO Resident (account, building, unit, room) VALUES ('361091200304120971', 16, 1, 2806);
INSERT INTO User (account, username, name, sex, age, tel, type) VALUES ('36497719830609415X', '隽菲凡', '隽菲凡', false, '37', '13977816642', 0);
INSERT INTO Resident (account, building, unit, room) VALUES ('36497719830609415X', 47, 7, 2405);
INSERT INTO User (account, username, name, sex, age, tel, type) VALUES ('143170201412235180', '吴灯嘉', '吴灯嘉', true, '6', '13677925411', 0);
INSERT INTO Resident (account, building, unit, room) VALUES ('143170201412235180', 8, 5, 406);
INSERT INTO User (account, username, name, sex, age, tel, type) VALUES ('452454198212238296', '汪雅薪', '汪雅薪', true, '38', '19856156957', 0);
INSERT INTO Resident (account, building, unit, room) VALUES ('452454198212238296', 98, 2, 403);
INSERT INTO User (account, username, name, sex, age, tel, type) VALUES ('214657201412212837', '齐源露', '齐源露', false, '6', '18450699011', 0);
INSERT INTO Resident (account, building, unit, room) VALUES ('214657201412212837', 7, 3, 2904);
INSERT INTO User (account, username, name, sex, age, tel, type) VALUES ('363381197402257199', '完颜子', '完颜子', false, '46', '17556691870', 0);
INSERT INTO Resident (account, building, unit, room) VALUES ('363381197402257199', 53, 4, 2306);
INSERT INTO User (account, username, name, sex, age, tel, type) VALUES ('213729198907124991', '肖嘉', '肖嘉', true, '31', '13465395641', 0);
INSERT INTO Resident (account, building, unit, room) VALUES ('213729198907124991', 77, 9, 1206);
INSERT INTO User (account, username, name, sex, age, tel, type) VALUES ('322348197807166961', '侯洁云', '侯洁云', false, '42', '17307860471', 0);
INSERT INTO Resident (account, building, unit, room) VALUES ('322348197807166961', 61, 2, 1405);
INSERT INTO User (account, username, name, sex, age, tel, type) VALUES ('532232195705060002', '商正宜', '商正宜', true, '63', '17617164261', 0);
INSERT INTO Resident (account, building, unit, room) VALUES ('532232195705060002', 89, 8, 2205);
INSERT INTO User (account, username, name, sex, age, tel, type) VALUES ('220390195705071474', '尹敏敏', '尹敏敏', false, '63', '14941785711', 0);
INSERT INTO Resident (account, building, unit, room) VALUES ('220390195705071474', 89, 9, 505);
INSERT INTO User (account, username, name, sex, age, tel, type) VALUES ('361167196709246370', '吉淘广', '吉淘广', false, '53', '13955077265', 0);
INSERT INTO Resident (account, building, unit, room) VALUES ('361167196709246370', 65, 5, 702);
INSERT INTO User (account, username, name, sex, age, tel, type) VALUES ('351743201107221011', '张正轩', '张正轩', true, '9', '19061947013', 0);
INSERT INTO Resident (account, building, unit, room) VALUES ('351743201107221011', 78, 7, 2303);
INSERT INTO User (account, username, name, sex, age, tel, type) VALUES ('114695194703015322', '晁奕', '晁奕', true, '73', '18532467950', 0);
INSERT INTO Resident (account, building, unit, room) VALUES ('114695194703015322', 97, 6, 1205);
INSERT INTO User (account, username, name, sex, age, tel, type) VALUES ('450443199007239209', '夏圆', '夏圆', true, '30', '19722810537', 0);
INSERT INTO Resident (account, building, unit, room) VALUES ('450443199007239209', 92, 8, 2203);
INSERT INTO User (account, username, name, sex, age, tel, type) VALUES ('232978200301059822', '陈锐佳', '陈锐佳', false, '17', '15910829170', 0);
INSERT INTO Resident (account, building, unit, room) VALUES ('232978200301059822', 84, 3, 401);
INSERT INTO User (account, username, name, sex, age, tel, type) VALUES ('46413319241009124X', '童轩', '童轩', true, '96', '13804826823', 0);
INSERT INTO Resident (account, building, unit, room) VALUES ('46413319241009124X', 19, 6, 204);
INSERT INTO User (account, username, name, sex, age, tel, type) VALUES ('21054419490919062X', '韩冠炜', '韩冠炜', false, '71', '19031331370', 0);
INSERT INTO Resident (account, building, unit, room) VALUES ('21054419490919062X', 62, 9, 2204);
INSERT INTO User (account, username, name, sex, age, tel, type) VALUES ('542480195803267428', '周千毅', '周千毅', false, '62', '18892748215', 0);
INSERT INTO Resident (account, building, unit, room) VALUES ('542480195803267428', 79, 9, 303);
INSERT INTO User (account, username, name, sex, age, tel, type) VALUES ('420842198804053327', '任飞硕', '任飞硕', false, '32', '13958833925', 0);
INSERT INTO Resident (account, building, unit, room) VALUES ('420842198804053327', 91, 4, 2104);
INSERT INTO User (account, username, name, sex, age, tel, type) VALUES ('230541198106091488', '葛依圆', '葛依圆', false, '39', '18733428370', 0);
INSERT INTO Resident (account, building, unit, room) VALUES ('230541198106091488', 31, 6, 1606);
INSERT INTO User (account, username, name, sex, age, tel, type) VALUES ('372399199208149932', '代奕中', '代奕中', true, '28', '15195455447', 0);
INSERT INTO Resident (account, building, unit, room) VALUES ('372399199208149932', 74, 5, 1502);
INSERT INTO User (account, username, name, sex, age, tel, type) VALUES ('813864196607057303', '赵露', '赵露', false, '54', '18141564357', 0);
INSERT INTO Resident (account, building, unit, room) VALUES ('813864196607057303', 83, 6, 401);
INSERT INTO User (account, username, name, sex, age, tel, type) VALUES ('364820194201314280', '刘振令', '刘振令', false, '78', '19112418898', 0);
INSERT INTO Resident (account, building, unit, room) VALUES ('364820194201314280', 81, 8, 2904);
INSERT INTO User (account, username, name, sex, age, tel, type) VALUES ('531607201006064983', '完颜奇立', '完颜奇立', false, '10', '14522157933', 0);
INSERT INTO Resident (account, building, unit, room) VALUES ('531607201006064983', 65, 5, 2701);
INSERT INTO User (account, username, name, sex, age, tel, type) VALUES ('515085200408175073', '巩飞正', '巩飞正', false, '16', '18107812582', 0);
INSERT INTO Resident (account, building, unit, room) VALUES ('515085200408175073', 34, 10, 2301);
INSERT INTO User (account, username, name, sex, age, tel, type) VALUES ('321093194411240578', '昌兮', '昌兮', true, '76', '19987785530', 0);
INSERT INTO Resident (account, building, unit, room) VALUES ('321093194411240578', 31, 9, 404);
INSERT INTO User (account, username, name, sex, age, tel, type) VALUES ('633167196609124405', '陆淘轩', '陆淘轩', true, '54', '19823069834', 0);
INSERT INTO Resident (account, building, unit, room) VALUES ('633167196609124405', 96, 3, 903);
INSERT INTO User (account, username, name, sex, age, tel, type) VALUES ('153038196805088243', '符一迅', '符一迅', true, '52', '15267666865', 0);
INSERT INTO Resident (account, building, unit, room) VALUES ('153038196805088243', 83, 7, 2901);
INSERT INTO User (account, username, name, sex, age, tel, type) VALUES ('454747195906117022', '夏立', '夏立', true, '61', '17814679091', 0);
INSERT INTO Resident (account, building, unit, room) VALUES ('454747195906117022', 70, 5, 1603);
INSERT INTO User (account, username, name, sex, age, tel, type) VALUES ('310925199803217540', '金柏', '金柏', true, '22', '18300861764', 0);
INSERT INTO Resident (account, building, unit, room) VALUES ('310925199803217540', 7, 7, 2201);
INSERT INTO User (account, username, name, sex, age, tel, type) VALUES ('354893201208310006', '吉奕煜', '吉奕煜', false, '8', '15798088409', 0);
INSERT INTO Resident (account, building, unit, room) VALUES ('354893201208310006', 53, 5, 201);
INSERT INTO User (account, username, name, sex, age, tel, type) VALUES ('65086319870123591X', '龚本音', '龚本音', true, '33', '13418500687', 0);
INSERT INTO Resident (account, building, unit, room) VALUES ('65086319870123591X', 73, 1, 2903);
INSERT INTO User (account, username, name, sex, age, tel, type) VALUES ('500941195601275758', '林杰冠', '林杰冠', false, '64', '13383954088', 0);
INSERT INTO Resident (account, building, unit, room) VALUES ('500941195601275758', 66, 9, 1702);
INSERT INTO User (account, username, name, sex, age, tel, type) VALUES ('234038197311019027', '邵杰颖', '邵杰颖', true, '47', '15805665967', 0);
INSERT INTO Resident (account, building, unit, room) VALUES ('234038197311019027', 85, 6, 2301);
INSERT INTO User (account, username, name, sex, age, tel, type) VALUES ('810204193609077574', '吴一天', '吴一天', false, '84', '18955777067', 0);
INSERT INTO Resident (account, building, unit, room) VALUES ('810204193609077574', 67, 5, 2704);
INSERT INTO User (account, username, name, sex, age, tel, type) VALUES ('152110196005046214', '林建', '林建', true, '60', '13686699330', 0);
INSERT INTO Resident (account, building, unit, room) VALUES ('152110196005046214', 44, 7, 2901);
INSERT INTO User (account, username, name, sex, age, tel, type) VALUES ('351877197409256106', '钟云', '钟云', true, '46', '13283256841', 0);
INSERT INTO Resident (account, building, unit, room) VALUES ('351877197409256106', 91, 8, 401);
INSERT INTO User (account, username, name, sex, age, tel, type) VALUES ('121977201110018068', '裴桐', '裴桐', false, '9', '15804331041', 0);
INSERT INTO Resident (account, building, unit, room) VALUES ('121977201110018068', 74, 8, 2903);
INSERT INTO User (account, username, name, sex, age, tel, type) VALUES ('654286196506048111', '周睿', '周睿', false, '55', '15683534639', 0);
INSERT INTO Resident (account, building, unit, room) VALUES ('654286196506048111', 73, 1, 1404);
INSERT INTO User (account, username, name, sex, age, tel, type) VALUES ('330919198610125698', '张馨', '张馨', false, '34', '15930069465', 0);
INSERT INTO Resident (account, building, unit, room) VALUES ('330919198610125698', 96, 2, 2201);
INSERT INTO User (account, username, name, sex, age, tel, type) VALUES ('823507201211101746', '严舒', '严舒', false, '8', '14700518760', 0);
INSERT INTO Resident (account, building, unit, room) VALUES ('823507201211101746', 62, 9, 2604);
INSERT INTO User (account, username, name, sex, age, tel, type) VALUES ('151958193511053363', '林一雨', '林一雨', true, '85', '19965059161', 0);
INSERT INTO Resident (account, building, unit, room) VALUES ('151958193511053363', 29, 10, 306);
INSERT INTO User (account, username, name, sex, age, tel, type) VALUES ('420518196408263487', '张辰凡', '张辰凡', false, '56', '15842691424', 0);
INSERT INTO Resident (account, building, unit, room) VALUES ('420518196408263487', 47, 3, 705);
INSERT INTO User (account, username, name, sex, age, tel, type) VALUES ('511289199008074085', '陈翔轩', '陈翔轩', true, '30', '19276653257', 0);
INSERT INTO Resident (account, building, unit, room) VALUES ('511289199008074085', 98, 3, 906);
INSERT INTO User (account, username, name, sex, age, tel, type) VALUES ('131772198007123541', '龚宜龙', '龚宜龙', true, '40', '18574158004', 0);
INSERT INTO Resident (account, building, unit, room) VALUES ('131772198007123541', 32, 2, 2704);
INSERT INTO User (account, username, name, sex, age, tel, type) VALUES ('330486198101142705', '麦淘新', '麦淘新', true, '39', '18237446779', 0);
INSERT INTO Resident (account, building, unit, room) VALUES ('330486198101142705', 25, 7, 702);
INSERT INTO User (account, username, name, sex, age, tel, type) VALUES ('313895201408023604', '金旭义', '金旭义', true, '6', '18090775557', 0);
INSERT INTO Resident (account, building, unit, room) VALUES ('313895201408023604', 25, 9, 903);
INSERT INTO User (account, username, name, sex, age, tel, type) VALUES ('332690195607160656', '岳兮本', '岳兮本', false, '64', '18188098529', 0);
INSERT INTO Resident (account, building, unit, room) VALUES ('332690195607160656', 98, 10, 2202);
INSERT INTO User (account, username, name, sex, age, tel, type) VALUES ('320615198911108731', '严可锐', '严可锐', true, '31', '19092029085', 0);
INSERT INTO Resident (account, building, unit, room) VALUES ('320615198911108731', 33, 2, 903);
INSERT INTO User (account, username, name, sex, age, tel, type) VALUES ('714541192712190774', '康子', '康子', true, '93', '13674105985', 0);
INSERT INTO Resident (account, building, unit, room) VALUES ('714541192712190774', 100, 10, 2006);
INSERT INTO User (account, username, name, sex, age, tel, type) VALUES ('450393197202083979', '钱萱伟', '钱萱伟', true, '48', '19245143532', 0);
INSERT INTO Resident (account, building, unit, room) VALUES ('450393197202083979', 30, 3, 2703);
INSERT INTO User (account, username, name, sex, age, tel, type) VALUES ('313220198502134588', '余云', '余云', true, '35', '19967033734', 0);
INSERT INTO Resident (account, building, unit, room) VALUES ('313220198502134588', 26, 9, 1903);
INSERT INTO User (account, username, name, sex, age, tel, type) VALUES ('132996197003136762', '权辰', '权辰', false, '50', '19572683795', 0);
INSERT INTO Resident (account, building, unit, room) VALUES ('132996197003136762', 20, 10, 204);
INSERT INTO User (account, username, name, sex, age, tel, type) VALUES ('361104194403285166', '岳子凡', '岳子凡', true, '76', '15521773155', 0);
INSERT INTO Resident (account, building, unit, room) VALUES ('361104194403285166', 20, 10, 606);
INSERT INTO User (account, username, name, sex, age, tel, type) VALUES ('523396198107207683', '姚柏朋', '姚柏朋', false, '39', '19595379583', 0);
INSERT INTO Resident (account, building, unit, room) VALUES ('523396198107207683', 29, 10, 2903);
INSERT INTO User (account, username, name, sex, age, tel, type) VALUES ('443707195410038845', '韩敏广', '韩敏广', true, '66', '13754231489', 0);
INSERT INTO Resident (account, building, unit, room) VALUES ('443707195410038845', 3, 1, 605);
INSERT INTO User (account, username, name, sex, age, tel, type) VALUES ('113831199612256249', '尚静圆', '尚静圆', false, '24', '14706143182', 0);
INSERT INTO Resident (account, building, unit, room) VALUES ('113831199612256249', 30, 5, 2102);
INSERT INTO User (account, username, name, sex, age, tel, type) VALUES ('642057201406157996', '陆翔', '陆翔', false, '6', '19741204912', 0);
INSERT INTO Resident (account, building, unit, room) VALUES ('642057201406157996', 47, 6, 1203);
INSERT INTO User (account, username, name, sex, age, tel, type) VALUES ('361322193510168043', '陈牧', '陈牧', true, '85', '13774026242', 0);
INSERT INTO Resident (account, building, unit, room) VALUES ('361322193510168043', 99, 1, 1801);
INSERT INTO User (account, username, name, sex, age, tel, type) VALUES ('371225192306151511', '周毅冠', '周毅冠', false, '97', '13821437539', 0);
INSERT INTO Resident (account, building, unit, room) VALUES ('371225192306151511', 38, 5, 1704);
INSERT INTO User (account, username, name, sex, age, tel, type) VALUES ('143838201010285654', '范本', '范本', false, '10', '18514459734', 0);
INSERT INTO Resident (account, building, unit, room) VALUES ('143838201010285654', 25, 7, 1102);
INSERT INTO User (account, username, name, sex, age, tel, type) VALUES ('824816193905113313', '巩言旭', '巩言旭', false, '81', '15843485278', 0);
INSERT INTO Resident (account, building, unit, room) VALUES ('824816193905113313', 64, 6, 1501);
INSERT INTO User (account, username, name, sex, age, tel, type) VALUES ('371333201108085696', '杜赛', '杜赛', true, '9', '18950103700', 0);
INSERT INTO Resident (account, building, unit, room) VALUES ('371333201108085696', 27, 2, 1901);
INSERT INTO User (account, username, name, sex, age, tel, type) VALUES ('430638197305306536', '汪立帆', '汪立帆', true, '47', '18473191943', 0);
INSERT INTO Resident (account, building, unit, room) VALUES ('430638197305306536', 57, 4, 2001);
INSERT INTO User (account, username, name, sex, age, tel, type) VALUES ('444581197504182462', '陈家源', '陈家源', false, '45', '19298543552', 0);
INSERT INTO Resident (account, building, unit, room) VALUES ('444581197504182462', 6, 6, 603);
INSERT INTO User (account, username, name, sex, age, tel, type) VALUES ('12205019830907376X', '昌天', '昌天', true, '37', '13279632418', 0);
INSERT INTO Resident (account, building, unit, room) VALUES ('12205019830907376X', 35, 5, 802);
INSERT INTO User (account, username, name, sex, age, tel, type) VALUES ('310967195702045517', '孙亚', '孙亚', false, '63', '18000078027', 0);
INSERT INTO Resident (account, building, unit, room) VALUES ('310967195702045517', 89, 2, 2601);
INSERT INTO User (account, username, name, sex, age, tel, type) VALUES ('410522193005281588', '管良洁', '管良洁', true, '90', '18137143375', 0);
INSERT INTO Resident (account, building, unit, room) VALUES ('410522193005281588', 57, 4, 1106);
INSERT INTO User (account, username, name, sex, age, tel, type) VALUES ('504459199507305610', '於奇一', '於奇一', false, '25', '17317488738', 0);
INSERT INTO Resident (account, building, unit, room) VALUES ('504459199507305610', 50, 3, 2301);
INSERT INTO User (account, username, name, sex, age, tel, type) VALUES ('132240195404200054', '韩霖新', '韩霖新', true, '66', '14723323901', 0);
INSERT INTO Resident (account, building, unit, room) VALUES ('132240195404200054', 34, 9, 2503);
INSERT INTO User (account, username, name, sex, age, tel, type) VALUES ('322074195407228548', '鲁赛倨', '鲁赛倨', true, '66', '13653915029', 0);
INSERT INTO Resident (account, building, unit, room) VALUES ('322074195407228548', 82, 10, 202);
INSERT INTO User (account, username, name, sex, age, tel, type) VALUES ('354825192504114275', '孟睿阳', '孟睿阳', false, '95', '19608090221', 0);
INSERT INTO Resident (account, building, unit, room) VALUES ('354825192504114275', 32, 9, 1602);
INSERT INTO User (account, username, name, sex, age, tel, type) VALUES ('364356193707025085', '胡菲', '胡菲', true, '83', '19979631745', 0);
INSERT INTO Resident (account, building, unit, room) VALUES ('364356193707025085', 97, 5, 1606);
INSERT INTO User (account, username, name, sex, age, tel, type) VALUES ('370867201209046094', '文家', '文家', false, '8', '13582351820', 0);
INSERT INTO Resident (account, building, unit, room) VALUES ('370867201209046094', 48, 3, 1002);
INSERT INTO User (account, username, name, sex, age, tel, type) VALUES ('812446196507257900', '侯腾樱', '侯腾樱', true, '55', '15969483243', 0);
INSERT INTO Resident (account, building, unit, room) VALUES ('812446196507257900', 55, 7, 1902);
INSERT INTO User (account, username, name, sex, age, tel, type) VALUES ('52179419400726113X', '郭圆正', '郭圆正', true, '80', '17695201325', 0);
INSERT INTO Resident (account, building, unit, room) VALUES ('52179419400726113X', 19, 9, 2201);
INSERT INTO User (account, username, name, sex, age, tel, type) VALUES ('462532194607020420', '姚敏夫', '姚敏夫', true, '74', '18018646090', 0);
INSERT INTO Resident (account, building, unit, room) VALUES ('462532194607020420', 37, 6, 1802);
INSERT INTO User (account, username, name, sex, age, tel, type) VALUES ('121666200311083316', '毕睿露', '毕睿露', true, '17', '19609862226', 0);
INSERT INTO Resident (account, building, unit, room) VALUES ('121666200311083316', 71, 9, 1403);
INSERT INTO User (account, username, name, sex, age, tel, type) VALUES ('622951196507225468', '孟霄洁', '孟霄洁', false, '55', '13043996821', 0);
INSERT INTO Resident (account, building, unit, room) VALUES ('622951196507225468', 24, 8, 1105);
INSERT INTO User (account, username, name, sex, age, tel, type) VALUES ('513451196311061532', '殷毅', '殷毅', false, '57', '19304621221', 0);
INSERT INTO Resident (account, building, unit, room) VALUES ('513451196311061532', 89, 1, 2102);
INSERT INTO User (account, username, name, sex, age, tel, type) VALUES ('543311199504158964', '武令阳', '武令阳', true, '25', '14579111158', 0);
INSERT INTO Resident (account, building, unit, room) VALUES ('543311199504158964', 100, 9, 805);
INSERT INTO User (account, username, name, sex, age, tel, type) VALUES ('324777193002275714', '钟帆亚', '钟帆亚', true, '90', '15967886754', 0);
INSERT INTO Resident (account, building, unit, room) VALUES ('324777193002275714', 80, 6, 702);
INSERT INTO User (account, username, name, sex, age, tel, type) VALUES ('335055192303145415', '耿圣雨', '耿圣雨', true, '97', '13017374604', 0);
INSERT INTO Resident (account, building, unit, room) VALUES ('335055192303145415', 59, 1, 1203);
INSERT INTO User (account, username, name, sex, age, tel, type) VALUES ('154405192306089700', '陈良凌', '陈良凌', false, '97', '15174498160', 0);
INSERT INTO Resident (account, building, unit, room) VALUES ('154405192306089700', 70, 10, 1306);
INSERT INTO User (account, username, name, sex, age, tel, type) VALUES ('411706197109133328', '昌瀚馨', '昌瀚馨', false, '49', '17224913590', 0);
INSERT INTO Resident (account, building, unit, room) VALUES ('411706197109133328', 18, 6, 1103);
INSERT INTO User (account, username, name, sex, age, tel, type) VALUES ('351636199302242203', '余奕佳', '余奕佳', false, '27', '18999506980', 0);
INSERT INTO Resident (account, building, unit, room) VALUES ('351636199302242203', 20, 3, 1503);
INSERT INTO User (account, username, name, sex, age, tel, type) VALUES ('612725200407193476', '麦丹天', '麦丹天', false, '16', '13020525873', 0);
INSERT INTO Resident (account, building, unit, room) VALUES ('612725200407193476', 60, 9, 2706);
INSERT INTO User (account, username, name, sex, age, tel, type) VALUES ('321827198812294289', '宫源旭', '宫源旭', true, '32', '19655908481', 0);
INSERT INTO Resident (account, building, unit, room) VALUES ('321827198812294289', 66, 7, 1704);
INSERT INTO User (account, username, name, sex, age, tel, type) VALUES ('221674197905115945', '尚琦', '尚琦', true, '41', '13156455652', 0);
INSERT INTO Resident (account, building, unit, room) VALUES ('221674197905115945', 46, 6, 1103);
INSERT INTO User (account, username, name, sex, age, tel, type) VALUES ('521702196306252881', '晁诺航', '晁诺航', false, '57', '17583423330', 0);
INSERT INTO Resident (account, building, unit, room) VALUES ('521702196306252881', 8, 7, 2302);
INSERT INTO User (account, username, name, sex, age, tel, type) VALUES ('110714192305258931', '隽飞阳', '隽飞阳', false, '97', '15014076566', 0);
INSERT INTO Resident (account, building, unit, room) VALUES ('110714192305258931', 39, 4, 2706);
INSERT INTO User (account, username, name, sex, age, tel, type) VALUES ('114556198104171354', '刘哲洁', '刘哲洁', true, '39', '18150344396', 0);
INSERT INTO Resident (account, building, unit, room) VALUES ('114556198104171354', 60, 2, 2703);
INSERT INTO User (account, username, name, sex, age, tel, type) VALUES ('12329719560724333X', '楚力', '楚力', false, '64', '17819565135', 0);
INSERT INTO Resident (account, building, unit, room) VALUES ('12329719560724333X', 58, 1, 404);
INSERT INTO User (account, username, name, sex, age, tel, type) VALUES ('530928193303102818', '李朋中', '李朋中', false, '87', '18397503667', 0);
INSERT INTO Resident (account, building, unit, room) VALUES ('530928193303102818', 72, 5, 602);
INSERT INTO User (account, username, name, sex, age, tel, type) VALUES ('364397198902259760', '文舒圆', '文舒圆', false, '31', '15734259076', 0);
INSERT INTO Resident (account, building, unit, room) VALUES ('364397198902259760', 94, 8, 1302);
INSERT INTO User (account, username, name, sex, age, tel, type) VALUES ('152313198210192449', '管昕', '管昕', false, '38', '19636403139', 0);
INSERT INTO Resident (account, building, unit, room) VALUES ('152313198210192449', 82, 5, 203);
INSERT INTO User (account, username, name, sex, age, tel, type) VALUES ('530130195607236514', '商腾瀚', '商腾瀚', false, '64', '15886165908', 0);
INSERT INTO Resident (account, building, unit, room) VALUES ('530130195607236514', 60, 8, 1603);
INSERT INTO User (account, username, name, sex, age, tel, type) VALUES ('640532194212144146', '毕英', '毕英', true, '78', '18864888362', 0);
INSERT INTO Resident (account, building, unit, room) VALUES ('640532194212144146', 78, 6, 306);
INSERT INTO User (account, username, name, sex, age, tel, type) VALUES ('500605195512086387', '边辰琦', '边辰琦', true, '65', '17289008974', 0);
INSERT INTO Resident (account, building, unit, room) VALUES ('500605195512086387', 78, 6, 2503);
INSERT INTO User (account, username, name, sex, age, tel, type) VALUES ('811539199011010783', '於锐炜', '於锐炜', true, '30', '13525696239', 0);
INSERT INTO Resident (account, building, unit, room) VALUES ('811539199011010783', 62, 4, 1406);
INSERT INTO User (account, username, name, sex, age, tel, type) VALUES ('522098196712151181', '任帆畅', '任帆畅', false, '53', '18815117389', 0);
INSERT INTO Resident (account, building, unit, room) VALUES ('522098196712151181', 62, 9, 805);
INSERT INTO User (account, username, name, sex, age, tel, type) VALUES ('21421820100729516X', '吴硕露', '吴硕露', false, '10', '13189460693', 0);
INSERT INTO Resident (account, building, unit, room) VALUES ('21421820100729516X', 39, 6, 1601);
INSERT INTO User (account, username, name, sex, age, tel, type) VALUES ('230578196606146125', '杜炜淘', '杜炜淘', false, '54', '17882467293', 0);
INSERT INTO Resident (account, building, unit, room) VALUES ('230578196606146125', 23, 8, 2106);
INSERT INTO User (account, username, name, sex, age, tel, type) VALUES ('540171196104257587', '张雯', '张雯', false, '59', '13959823487', 0);
INSERT INTO Resident (account, building, unit, room) VALUES ('540171196104257587', 28, 4, 2406);
INSERT INTO User (account, username, name, sex, age, tel, type) VALUES ('433238192408089155', '冯樱静', '冯樱静', false, '96', '18098326112', 0);
INSERT INTO Resident (account, building, unit, room) VALUES ('433238192408089155', 91, 8, 1802);
INSERT INTO User (account, username, name, sex, age, tel, type) VALUES ('512947192312097368', '杜赛静', '杜赛静', true, '97', '19095578411', 0);
INSERT INTO Resident (account, building, unit, room) VALUES ('512947192312097368', 86, 9, 1106);
INSERT INTO User (account, username, name, sex, age, tel, type) VALUES ('450746197601294425', '燕民昕', '燕民昕', false, '44', '17296104812', 0);
INSERT INTO Resident (account, building, unit, room) VALUES ('450746197601294425', 100, 3, 1904);
INSERT INTO User (account, username, name, sex, age, tel, type) VALUES ('123925193412253041', '沈腾', '沈腾', true, '86', '18493228582', 0);
INSERT INTO Resident (account, building, unit, room) VALUES ('123925193412253041', 78, 5, 2904);
INSERT INTO User (account, username, name, sex, age, tel, type) VALUES ('424188200303108946', '陈本', '陈本', true, '17', '15757865829', 0);
INSERT INTO Resident (account, building, unit, room) VALUES ('424188200303108946', 99, 5, 2701);
INSERT INTO User (account, username, name, sex, age, tel, type) VALUES ('653176196111132054', '楚润依', '楚润依', true, '59', '13524925920', 0);
INSERT INTO Resident (account, building, unit, room) VALUES ('653176196111132054', 22, 10, 1805);
INSERT INTO User (account, username, name, sex, age, tel, type) VALUES ('233648198709023916', '昌伟旭', '昌伟旭', false, '33', '19213517430', 0);
INSERT INTO Resident (account, building, unit, room) VALUES ('233648198709023916', 21, 9, 1106);
INSERT INTO User (account, username, name, sex, age, tel, type) VALUES ('811748200912295814', '陈夫依', '陈夫依', true, '11', '13846127341', 0);
INSERT INTO Resident (account, building, unit, room) VALUES ('811748200912295814', 35, 4, 2002);
INSERT INTO User (account, username, name, sex, age, tel, type) VALUES ('312276193709257896', '文立', '文立', true, '83', '13263941488', 0);
INSERT INTO Resident (account, building, unit, room) VALUES ('312276193709257896', 32, 2, 2704);
INSERT INTO User (account, username, name, sex, age, tel, type) VALUES ('333441199901229579', '陆依雯', '陆依雯', false, '21', '19758286018', 0);
INSERT INTO Resident (account, building, unit, room) VALUES ('333441199901229579', 79, 8, 1902);
INSERT INTO User (account, username, name, sex, age, tel, type) VALUES ('324305196902192275', '胡源畅', '胡源畅', true, '51', '15725127617', 0);
INSERT INTO Resident (account, building, unit, room) VALUES ('324305196902192275', 17, 10, 1803);
INSERT INTO User (account, username, name, sex, age, tel, type) VALUES ('631211192304159517', '江朋赛', '江朋赛', false, '97', '17334553447', 0);
INSERT INTO Resident (account, building, unit, room) VALUES ('631211192304159517', 57, 1, 901);
INSERT INTO User (account, username, name, sex, age, tel, type) VALUES ('153339201212254930', '审赛奕', '审赛奕', true, '8', '17393983566', 0);
INSERT INTO Resident (account, building, unit, room) VALUES ('153339201212254930', 56, 10, 1203);
INSERT INTO User (account, username, name, sex, age, tel, type) VALUES ('323493200307269278', '张佳霖', '张佳霖', true, '17', '19610854858', 0);
INSERT INTO Resident (account, building, unit, room) VALUES ('323493200307269278', 42, 9, 1401);
INSERT INTO User (account, username, name, sex, age, tel, type) VALUES ('231808196903157017', '裴凡', '裴凡', true, '51', '15365825698', 0);
INSERT INTO Resident (account, building, unit, room) VALUES ('231808196903157017', 6, 6, 301);
INSERT INTO User (account, username, name, sex, age, tel, type) VALUES ('450786193803127163', '商翔铭', '商翔铭', true, '82', '15662196600', 0);
INSERT INTO Resident (account, building, unit, room) VALUES ('450786193803127163', 10, 5, 2403);
INSERT INTO User (account, username, name, sex, age, tel, type) VALUES ('213228200102248539', '米丹民', '米丹民', false, '19', '19651915024', 0);
INSERT INTO Resident (account, building, unit, room) VALUES ('213228200102248539', 80, 7, 203);
INSERT INTO User (account, username, name, sex, age, tel, type) VALUES ('131101194208095898', '周圣音', '周圣音', false, '78', '17389919270', 0);
INSERT INTO Resident (account, building, unit, room) VALUES ('131101194208095898', 69, 8, 1704);
INSERT INTO User (account, username, name, sex, age, tel, type) VALUES ('434532193903089548', '裴兮', '裴兮', true, '81', '18099663172', 0);
INSERT INTO Resident (account, building, unit, room) VALUES ('434532193903089548', 72, 2, 1601);
INSERT INTO User (account, username, name, sex, age, tel, type) VALUES ('614714199105208756', '赵腾', '赵腾', false, '29', '18156720476', 0);
INSERT INTO Resident (account, building, unit, room) VALUES ('614714199105208756', 80, 9, 2001);
INSERT INTO User (account, username, name, sex, age, tel, type) VALUES ('631027193405290633', '王雅源', '王雅源', true, '86', '14743142558', 0);
INSERT INTO Resident (account, building, unit, room) VALUES ('631027193405290633', 53, 8, 2105);
INSERT INTO User (account, username, name, sex, age, tel, type) VALUES ('442080201405269877', '傅天圣', '傅天圣', true, '6', '15683284772', 0);
INSERT INTO Resident (account, building, unit, room) VALUES ('442080201405269877', 5, 6, 1805);
INSERT INTO User (account, username, name, sex, age, tel, type) VALUES ('234884201104022297', '晁一圣', '晁一圣', true, '9', '13428321132', 0);
INSERT INTO Resident (account, building, unit, room) VALUES ('234884201104022297', 99, 4, 306);
INSERT INTO User (account, username, name, sex, age, tel, type) VALUES ('503345194101086433', '肖宇云', '肖宇云', true, '79', '18082177968', 0);
INSERT INTO Resident (account, building, unit, room) VALUES ('503345194101086433', 74, 10, 2301);
INSERT INTO User (account, username, name, sex, age, tel, type) VALUES ('313644196308212063', '汪云', '汪云', false, '57', '15751606270', 0);
INSERT INTO Resident (account, building, unit, room) VALUES ('313644196308212063', 10, 4, 2803);
INSERT INTO User (account, username, name, sex, age, tel, type) VALUES ('632840200605072326', '毕赛有', '毕赛有', true, '14', '19297177106', 0);
INSERT INTO Resident (account, building, unit, room) VALUES ('632840200605072326', 49, 10, 801);
INSERT INTO User (account, username, name, sex, age, tel, type) VALUES ('37061119621121850X', '毛兰轩', '毛兰轩', true, '58', '15033689736', 0);
INSERT INTO Resident (account, building, unit, room) VALUES ('37061119621121850X', 73, 1, 2801);
INSERT INTO User (account, username, name, sex, age, tel, type) VALUES ('131216196709113082', '杜飞', '杜飞', false, '53', '19557866264', 0);
INSERT INTO Resident (account, building, unit, room) VALUES ('131216196709113082', 34, 9, 2701);
INSERT INTO User (account, username, name, sex, age, tel, type) VALUES ('144399200704179987', '吉良亚', '吉良亚', false, '13', '19699205280', 0);
INSERT INTO Resident (account, building, unit, room) VALUES ('144399200704179987', 63, 4, 606);
INSERT INTO User (account, username, name, sex, age, tel, type) VALUES ('644943192508274947', '童萌', '童萌', true, '95', '15352212455', 0);
INSERT INTO Resident (account, building, unit, room) VALUES ('644943192508274947', 16, 3, 2901);
INSERT INTO User (account, username, name, sex, age, tel, type) VALUES ('524853198701191940', '陈迅', '陈迅', false, '33', '18643158635', 0);
INSERT INTO Resident (account, building, unit, room) VALUES ('524853198701191940', 71, 5, 2001);
INSERT INTO User (account, username, name, sex, age, tel, type) VALUES ('821636194309083515', '张霄倨', '张霄倨', false, '77', '17660433009', 0);
INSERT INTO Resident (account, building, unit, room) VALUES ('821636194309083515', 64, 5, 1601);
INSERT INTO User (account, username, name, sex, age, tel, type) VALUES ('133381195309110087', '晁灯', '晁灯', false, '67', '13237188434', 0);
INSERT INTO Resident (account, building, unit, room) VALUES ('133381195309110087', 62, 4, 904);
INSERT INTO User (account, username, name, sex, age, tel, type) VALUES ('310295198101254168', '林哲煜', '林哲煜', false, '39', '19250961344', 0);
INSERT INTO Resident (account, building, unit, room) VALUES ('310295198101254168', 13, 5, 305);
INSERT INTO User (account, username, name, sex, age, tel, type) VALUES ('343686199303304508', '严铭亚', '严铭亚', false, '27', '18618607902', 0);
INSERT INTO Resident (account, building, unit, room) VALUES ('343686199303304508', 56, 10, 206);
INSERT INTO User (account, username, name, sex, age, tel, type) VALUES ('123599201202196794', '江豪奕', '江豪奕', false, '8', '18777755504', 0);
INSERT INTO Resident (account, building, unit, room) VALUES ('123599201202196794', 61, 10, 2403);
INSERT INTO User (account, username, name, sex, age, tel, type) VALUES ('322839199108150806', '巩炜桐', '巩炜桐', true, '29', '19741910909', 0);
INSERT INTO Resident (account, building, unit, room) VALUES ('322839199108150806', 74, 5, 1005);
INSERT INTO User (account, username, name, sex, age, tel, type) VALUES ('615039193406015095', '巩硕龙', '巩硕龙', false, '86', '14521193263', 0);
INSERT INTO Resident (account, building, unit, room) VALUES ('615039193406015095', 9, 1, 606);
INSERT INTO User (account, username, name, sex, age, tel, type) VALUES ('214469192510033822', '龚舒霖', '龚舒霖', false, '95', '13301041335', 0);
INSERT INTO Resident (account, building, unit, room) VALUES ('214469192510033822', 75, 7, 2505);
INSERT INTO User (account, username, name, sex, age, tel, type) VALUES ('314256197807286115', '严润凡', '严润凡', false, '42', '13648433318', 0);
INSERT INTO Resident (account, building, unit, room) VALUES ('314256197807286115', 40, 4, 2803);
INSERT INTO User (account, username, name, sex, age, tel, type) VALUES ('501280196907042072', '史杰旭', '史杰旭', false, '51', '14983619460', 0);
INSERT INTO Resident (account, building, unit, room) VALUES ('501280196907042072', 86, 2, 2902);
INSERT INTO User (account, username, name, sex, age, tel, type) VALUES ('374178195104090960', '权圣柏', '权圣柏', false, '69', '15167495645', 0);
INSERT INTO Resident (account, building, unit, room) VALUES ('374178195104090960', 49, 4, 1106);
INSERT INTO User (account, username, name, sex, age, tel, type) VALUES ('463938199606103830', '沈炜', '沈炜', false, '24', '14902464022', 0);
INSERT INTO Resident (account, building, unit, room) VALUES ('463938199606103830', 55, 10, 605);
INSERT INTO User (account, username, name, sex, age, tel, type) VALUES ('152015201112039622', '麦炎力', '麦炎力', false, '9', '19797805407', 0);
INSERT INTO Resident (account, building, unit, room) VALUES ('152015201112039622', 40, 4, 405);
INSERT INTO User (account, username, name, sex, age, tel, type) VALUES ('620286197701170079', '侯可航', '侯可航', true, '43', '15079304883', 0);
INSERT INTO Resident (account, building, unit, room) VALUES ('620286197701170079', 92, 10, 801);
INSERT INTO User (account, username, name, sex, age, tel, type) VALUES ('814240196802056630', '寻常炜振', '寻常炜振', true, '52', '17283242199', 0);
INSERT INTO Resident (account, building, unit, room) VALUES ('814240196802056630', 100, 2, 1003);
INSERT INTO User (account, username, name, sex, age, tel, type) VALUES ('134584194911067370', '金赛倨', '金赛倨', false, '71', '15021398432', 0);
INSERT INTO Resident (account, building, unit, room) VALUES ('134584194911067370', 31, 1, 802);
INSERT INTO User (account, username, name, sex, age, tel, type) VALUES ('323742193106089688', '郑晓静', '郑晓静', false, '89', '14530609392', 0);
INSERT INTO Resident (account, building, unit, room) VALUES ('323742193106089688', 21, 10, 1903);
INSERT INTO User (account, username, name, sex, age, tel, type) VALUES ('652111192702037735', '康千', '康千', false, '93', '15287321603', 0);
INSERT INTO Resident (account, building, unit, room) VALUES ('652111192702037735', 66, 9, 1504);
INSERT INTO User (account, username, name, sex, age, tel, type) VALUES ('635085200404214537', '山巩淘静', '山巩淘静', true, '16', '15042409396', 0);
INSERT INTO Resident (account, building, unit, room) VALUES ('635085200404214537', 31, 3, 901);
INSERT INTO User (account, username, name, sex, age, tel, type) VALUES ('361044193512066648', '任有凡', '任有凡', false, '85', '19520979961', 0);
INSERT INTO Resident (account, building, unit, room) VALUES ('361044193512066648', 51, 2, 2302);
INSERT INTO User (account, username, name, sex, age, tel, type) VALUES ('71030319360609612X', '商凌润', '商凌润', false, '84', '13871901243', 0);
INSERT INTO Resident (account, building, unit, room) VALUES ('71030319360609612X', 22, 10, 1502);
INSERT INTO User (account, username, name, sex, age, tel, type) VALUES ('36369519710614053X', '张飞正', '张飞正', false, '49', '14956828135', 0);
INSERT INTO Resident (account, building, unit, room) VALUES ('36369519710614053X', 3, 8, 1305);
INSERT INTO User (account, username, name, sex, age, tel, type) VALUES ('424067199302079358', '许倨', '许倨', false, '27', '17317228277', 0);
INSERT INTO Resident (account, building, unit, room) VALUES ('424067199302079358', 59, 4, 2805);
INSERT INTO User (account, username, name, sex, age, tel, type) VALUES ('632406195607066872', '秦豪音', '秦豪音', true, '64', '18884079954', 0);
INSERT INTO Resident (account, building, unit, room) VALUES ('632406195607066872', 55, 6, 705);
INSERT INTO User (account, username, name, sex, age, tel, type) VALUES ('122385196312053008', '麦正', '麦正', false, '57', '13778982478', 0);
INSERT INTO Resident (account, building, unit, room) VALUES ('122385196312053008', 57, 9, 1104);
INSERT INTO User (account, username, name, sex, age, tel, type) VALUES ('820427194706255550', '於广宜', '於广宜', true, '73', '18208245473', 0);
INSERT INTO Resident (account, building, unit, room) VALUES ('820427194706255550', 7, 4, 204);
INSERT INTO User (account, username, name, sex, age, tel, type) VALUES ('354219194106033087', '夏桐兰', '夏桐兰', false, '79', '19165128449', 0);
INSERT INTO Resident (account, building, unit, room) VALUES ('354219194106033087', 88, 9, 1104);
INSERT INTO User (account, username, name, sex, age, tel, type) VALUES ('343826199505299748', '毕奕毅', '毕奕毅', false, '25', '18937786263', 0);
INSERT INTO Resident (account, building, unit, room) VALUES ('343826199505299748', 7, 2, 2702);
INSERT INTO User (account, username, name, sex, age, tel, type) VALUES ('430268199202085183', '汪奇阳', '汪奇阳', true, '28', '13881567488', 0);
INSERT INTO Resident (account, building, unit, room) VALUES ('430268199202085183', 84, 7, 2001);
INSERT INTO User (account, username, name, sex, age, tel, type) VALUES ('413160200511263415', '冯丹伟', '冯丹伟', false, '15', '19675360161', 0);
INSERT INTO Resident (account, building, unit, room) VALUES ('413160200511263415', 25, 7, 2006);
INSERT INTO User (account, username, name, sex, age, tel, type) VALUES ('82077519580309626X', '钱薪哲', '钱薪哲', false, '62', '19701660720', 0);
INSERT INTO Resident (account, building, unit, room) VALUES ('82077519580309626X', 2, 4, 1306);
INSERT INTO User (account, username, name, sex, age, tel, type) VALUES ('453107196811222191', '於盈', '於盈', true, '52', '15841437260', 0);
INSERT INTO Resident (account, building, unit, room) VALUES ('453107196811222191', 12, 4, 2604);
INSERT INTO User (account, username, name, sex, age, tel, type) VALUES ('142031199106149190', '杨萱凌', '杨萱凌', true, '29', '19784103157', 0);
INSERT INTO Resident (account, building, unit, room) VALUES ('142031199106149190', 34, 4, 1406);
INSERT INTO User (account, username, name, sex, age, tel, type) VALUES ('541849194706137971', '宋敏', '宋敏', false, '73', '18816999606', 0);
INSERT INTO Resident (account, building, unit, room) VALUES ('541849194706137971', 1, 8, 2202);
INSERT INTO User (account, username, name, sex, age, tel, type) VALUES ('324437199401253532', '王硕', '王硕', false, '26', '15969761710', 0);
INSERT INTO Resident (account, building, unit, room) VALUES ('324437199401253532', 95, 3, 2303);
INSERT INTO User (account, username, name, sex, age, tel, type) VALUES ('430584198305253655', '靳瀚哲', '靳瀚哲', true, '37', '19821045554', 0);
INSERT INTO Resident (account, building, unit, room) VALUES ('430584198305253655', 32, 4, 1704);
INSERT INTO User (account, username, name, sex, age, tel, type) VALUES ('372294195801306272', '吴振', '吴振', true, '62', '17237087258', 0);
INSERT INTO Resident (account, building, unit, room) VALUES ('372294195801306272', 62, 1, 2103);
INSERT INTO User (account, username, name, sex, age, tel, type) VALUES ('510271199007221136', '王舒', '王舒', true, '30', '18383706833', 0);
INSERT INTO Resident (account, building, unit, room) VALUES ('510271199007221136', 5, 2, 401);
INSERT INTO User (account, username, name, sex, age, tel, type) VALUES ('520735199503111492', '黄雨良', '黄雨良', false, '25', '19345590592', 0);
INSERT INTO Resident (account, building, unit, room) VALUES ('520735199503111492', 69, 9, 2203);
INSERT INTO User (account, username, name, sex, age, tel, type) VALUES ('643583193302036612', '高力', '高力', false, '87', '18276520818', 0);
INSERT INTO Resident (account, building, unit, room) VALUES ('643583193302036612', 84, 4, 1001);
INSERT INTO User (account, username, name, sex, age, tel, type) VALUES ('823847197507021659', '周令嘉', '周令嘉', true, '45', '15602578574', 0);
INSERT INTO Resident (account, building, unit, room) VALUES ('823847197507021659', 49, 6, 1505);
INSERT INTO User (account, username, name, sex, age, tel, type) VALUES ('543649195303310922', '晁兰', '晁兰', true, '67', '13301852867', 0);
INSERT INTO Resident (account, building, unit, room) VALUES ('543649195303310922', 77, 6, 906);
INSERT INTO User (account, username, name, sex, age, tel, type) VALUES ('322167200706267909', '李薪琦', '李薪琦', false, '13', '13333649068', 0);
INSERT INTO Resident (account, building, unit, room) VALUES ('322167200706267909', 96, 9, 2406);
INSERT INTO User (account, username, name, sex, age, tel, type) VALUES ('501874195811053760', '文依萱', '文依萱', false, '62', '19134626883', 0);
INSERT INTO Resident (account, building, unit, room) VALUES ('501874195811053760', 85, 10, 2204);
INSERT INTO User (account, username, name, sex, age, tel, type) VALUES ('123050199904291437', '管力', '管力', false, '21', '15677017549', 0);
INSERT INTO Resident (account, building, unit, room) VALUES ('123050199904291437', 57, 10, 802);
INSERT INTO User (account, username, name, sex, age, tel, type) VALUES ('343744194502257419', '戚圆', '戚圆', true, '75', '18970613879', 0);
INSERT INTO Resident (account, building, unit, room) VALUES ('343744194502257419', 45, 9, 1104);
INSERT INTO User (account, username, name, sex, age, tel, type) VALUES ('610130192809028131', '裴翔宜', '裴翔宜', true, '92', '13578146418', 0);
INSERT INTO Resident (account, building, unit, room) VALUES ('610130192809028131', 89, 2, 504);
INSERT INTO User (account, username, name, sex, age, tel, type) VALUES ('443264201309092254', '林樱', '林樱', true, '7', '18646488368', 0);
INSERT INTO Resident (account, building, unit, room) VALUES ('443264201309092254', 96, 5, 2103);
INSERT INTO User (account, username, name, sex, age, tel, type) VALUES ('712959195107053409', '文亚轩', '文亚轩', true, '69', '15371680724', 0);
INSERT INTO Resident (account, building, unit, room) VALUES ('712959195107053409', 72, 7, 2105);
INSERT INTO User (account, username, name, sex, age, tel, type) VALUES ('65226519551029158X', '东方依', '东方依', false, '65', '17810910256', 0);
INSERT INTO Resident (account, building, unit, room) VALUES ('65226519551029158X', 71, 10, 2106);
INSERT INTO User (account, username, name, sex, age, tel, type) VALUES ('231757198205041018', '路云', '路云', true, '38', '18522434064', 0);
INSERT INTO Resident (account, building, unit, room) VALUES ('231757198205041018', 3, 7, 2506);
INSERT INTO User (account, username, name, sex, age, tel, type) VALUES ('52092119230323857X', '吕琦', '吕琦', false, '97', '17526353193', 0);
INSERT INTO Resident (account, building, unit, room) VALUES ('52092119230323857X', 8, 8, 2803);
INSERT INTO User (account, username, name, sex, age, tel, type) VALUES ('413379197504172870', '钱杰义', '钱杰义', true, '45', '13107745039', 0);
INSERT INTO Resident (account, building, unit, room) VALUES ('413379197504172870', 48, 6, 1906);
INSERT INTO User (account, username, name, sex, age, tel, type) VALUES ('365026192409190240', '史晓朋', '史晓朋', false, '96', '18690611566', 0);
INSERT INTO Resident (account, building, unit, room) VALUES ('365026192409190240', 77, 9, 1105);
INSERT INTO User (account, username, name, sex, age, tel, type) VALUES ('353932198202034579', '商菲航', '商菲航', false, '38', '13631309646', 0);
INSERT INTO Resident (account, building, unit, room) VALUES ('353932198202034579', 51, 8, 2105);
INSERT INTO User (account, username, name, sex, age, tel, type) VALUES ('464615192805165419', '严丹赛', '严丹赛', true, '92', '15929414080', 0);
INSERT INTO Resident (account, building, unit, room) VALUES ('464615192805165419', 38, 3, 1102);
INSERT INTO User (account, username, name, sex, age, tel, type) VALUES ('123929192308230528', '代一迅', '代一迅', false, '97', '13223918503', 0);
INSERT INTO Resident (account, building, unit, room) VALUES ('123929192308230528', 62, 6, 2405);
INSERT INTO User (account, username, name, sex, age, tel, type) VALUES ('522336194110052975', '汪泽振', '汪泽振', false, '79', '15547085390', 0);
INSERT INTO Resident (account, building, unit, room) VALUES ('522336194110052975', 86, 1, 1004);
INSERT INTO User (account, username, name, sex, age, tel, type) VALUES ('644307198808229419', '毛畅', '毛畅', true, '32', '18867223757', 0);
INSERT INTO Resident (account, building, unit, room) VALUES ('644307198808229419', 87, 1, 2603);
INSERT INTO User (account, username, name, sex, age, tel, type) VALUES ('44357919550403701X', '余霄', '余霄', true, '65', '13840550862', 0);
INSERT INTO Resident (account, building, unit, room) VALUES ('44357919550403701X', 83, 5, 1802);
INSERT INTO User (account, username, name, sex, age, tel, type) VALUES ('444863201211117554', '刘馨圆', '刘馨圆', true, '8', '18312149403', 0);
INSERT INTO Resident (account, building, unit, room) VALUES ('444863201211117554', 43, 9, 606);
INSERT INTO User (account, username, name, sex, age, tel, type) VALUES ('12338419951012573X', '米硕丹', '米硕丹', false, '25', '18361113457', 0);
INSERT INTO Resident (account, building, unit, room) VALUES ('12338419951012573X', 88, 10, 904);
INSERT INTO User (account, username, name, sex, age, tel, type) VALUES ('714947197910123314', '宫润朋', '宫润朋', false, '41', '18681535805', 0);
INSERT INTO Resident (account, building, unit, room) VALUES ('714947197910123314', 36, 10, 801);
INSERT INTO User (account, username, name, sex, age, tel, type) VALUES ('361992201003060114', '寻宜', '寻宜', true, '10', '17301790525', 0);
INSERT INTO Resident (account, building, unit, room) VALUES ('361992201003060114', 95, 10, 1803);
INSERT INTO User (account, username, name, sex, age, tel, type) VALUES ('460334196304158368', '岳可龙', '岳可龙', false, '57', '13571089187', 0);
INSERT INTO Resident (account, building, unit, room) VALUES ('460334196304158368', 41, 7, 601);
INSERT INTO User (account, username, name, sex, age, tel, type) VALUES ('233272199302095811', '毕正', '毕正', true, '27', '15752273319', 0);
INSERT INTO Resident (account, building, unit, room) VALUES ('233272199302095811', 71, 5, 2505);
INSERT INTO User (account, username, name, sex, age, tel, type) VALUES ('361998194010039811', '审丹', '审丹', true, '80', '18414942879', 0);
INSERT INTO Resident (account, building, unit, room) VALUES ('361998194010039811', 11, 5, 602);
INSERT INTO User (account, username, name, sex, age, tel, type) VALUES ('454817198908136913', '杜宇奇', '杜宇奇', false, '31', '18325339998', 0);
INSERT INTO Resident (account, building, unit, room) VALUES ('454817198908136913', 72, 4, 1605);
INSERT INTO User (account, username, name, sex, age, tel, type) VALUES ('445061193205063755', '尚朋铭', '尚朋铭', false, '88', '15975599106', 0);
INSERT INTO Resident (account, building, unit, room) VALUES ('445061193205063755', 70, 2, 601);
INSERT INTO User (account, username, name, sex, age, tel, type) VALUES ('611111198511090793', '符瀚', '符瀚', true, '35', '19534436294', 0);
INSERT INTO Resident (account, building, unit, room) VALUES ('611111198511090793', 33, 2, 2504);
INSERT INTO User (account, username, name, sex, age, tel, type) VALUES ('224571196810142033', '戚琦', '戚琦', false, '52', '19165936227', 0);
INSERT INTO Resident (account, building, unit, room) VALUES ('224571196810142033', 52, 10, 2501);
INSERT INTO User (account, username, name, sex, age, tel, type) VALUES ('523337192908180876', '刘柏萌', '刘柏萌', true, '91', '14719441682', 0);
INSERT INTO Resident (account, building, unit, room) VALUES ('523337192908180876', 16, 2, 2106);
INSERT INTO User (account, username, name, sex, age, tel, type) VALUES ('45139319871103562X', '吕毅泽', '吕毅泽', true, '33', '18952558481', 0);
INSERT INTO Resident (account, building, unit, room) VALUES ('45139319871103562X', 98, 6, 1101);
INSERT INTO User (account, username, name, sex, age, tel, type) VALUES ('310419198302142818', '孙煜中', '孙煜中', true, '37', '13909458642', 0);
INSERT INTO Resident (account, building, unit, room) VALUES ('310419198302142818', 79, 1, 2604);
INSERT INTO User (account, username, name, sex, age, tel, type) VALUES ('211591199305112324', '田帆子', '田帆子', true, '27', '19690418236', 0);
INSERT INTO Resident (account, building, unit, room) VALUES ('211591199305112324', 66, 1, 1704);
INSERT INTO User (account, username, name, sex, age, tel, type) VALUES ('462874192901092873', '高家畅', '高家畅', false, '91', '18021235630', 0);
INSERT INTO Resident (account, building, unit, room) VALUES ('462874192901092873', 20, 6, 1004);
INSERT INTO User (account, username, name, sex, age, tel, type) VALUES ('34453919830813570X', '仲洁力', '仲洁力', false, '37', '18979557933', 0);
INSERT INTO Resident (account, building, unit, room) VALUES ('34453919830813570X', 70, 10, 901);
INSERT INTO User (account, username, name, sex, age, tel, type) VALUES ('420124195401165437', '吕航', '吕航', false, '66', '18016631734', 0);
INSERT INTO Resident (account, building, unit, room) VALUES ('420124195401165437', 98, 4, 2703);
INSERT INTO User (account, username, name, sex, age, tel, type) VALUES ('141956194708169412', '上官淘', '上官淘', false, '73', '15788585452', 0);
INSERT INTO Resident (account, building, unit, room) VALUES ('141956194708169412', 99, 7, 2802);
INSERT INTO User (account, username, name, sex, age, tel, type) VALUES ('152680199910142555', '龚毅源', '龚毅源', false, '21', '17642434362', 0);
INSERT INTO Resident (account, building, unit, room) VALUES ('152680199910142555', 47, 4, 2204);
INSERT INTO User (account, username, name, sex, age, tel, type) VALUES ('114370193908155377', '高倨', '高倨', true, '81', '13148314496', 0);
INSERT INTO Resident (account, building, unit, room) VALUES ('114370193908155377', 33, 4, 2501);
INSERT INTO User (account, username, name, sex, age, tel, type) VALUES ('411307196106177069', '夏立兮', '夏立兮', false, '59', '15949441691', 0);
INSERT INTO Resident (account, building, unit, room) VALUES ('411307196106177069', 42, 8, 1003);
INSERT INTO User (account, username, name, sex, age, tel, type) VALUES ('460879192310266495', '秦正敏', '秦正敏', false, '97', '17278224777', 0);
INSERT INTO Resident (account, building, unit, room) VALUES ('460879192310266495', 49, 3, 2606);
INSERT INTO User (account, username, name, sex, age, tel, type) VALUES ('363106198505075466', '柳建令', '柳建令', true, '35', '15547664987', 0);
INSERT INTO Resident (account, building, unit, room) VALUES ('363106198505075466', 10, 6, 1601);
INSERT INTO User (account, username, name, sex, age, tel, type) VALUES ('630707198802120869', '文舒樱', '文舒樱', false, '32', '19109353895', 0);
INSERT INTO Resident (account, building, unit, room) VALUES ('630707198802120869', 1, 2, 2504);
INSERT INTO User (account, username, name, sex, age, tel, type) VALUES ('352333199706015695', '盛义萱', '盛义萱', true, '23', '18095961493', 0);
INSERT INTO Resident (account, building, unit, room) VALUES ('352333199706015695', 69, 6, 2303);
INSERT INTO User (account, username, name, sex, age, tel, type) VALUES ('510865192705082497', '付炎霄', '付炎霄', false, '93', '19966727745', 0);
INSERT INTO Resident (account, building, unit, room) VALUES ('510865192705082497', 76, 1, 2404);
INSERT INTO User (account, username, name, sex, age, tel, type) VALUES ('632041193105247677', '臧亚迅', '臧亚迅', false, '89', '17370175749', 0);
INSERT INTO Resident (account, building, unit, room) VALUES ('632041193105247677', 5, 1, 902);
INSERT INTO User (account, username, name, sex, age, tel, type) VALUES ('324004199407118825', '杨宇赛', '杨宇赛', false, '26', '15079232400', 0);
INSERT INTO Resident (account, building, unit, room) VALUES ('324004199407118825', 21, 10, 2906);
INSERT INTO User (account, username, name, sex, age, tel, type) VALUES ('610651200410194838', '胡倨', '胡倨', true, '16', '18429963940', 0);
INSERT INTO Resident (account, building, unit, room) VALUES ('610651200410194838', 40, 6, 1806);
INSERT INTO User (account, username, name, sex, age, tel, type) VALUES ('351239201212129745', '史宜', '史宜', false, '8', '15126914312', 0);
INSERT INTO Resident (account, building, unit, room) VALUES ('351239201212129745', 58, 7, 303);
INSERT INTO User (account, username, name, sex, age, tel, type) VALUES ('453609195608146758', '鲁锐', '鲁锐', false, '64', '17688750267', 0);
INSERT INTO Resident (account, building, unit, room) VALUES ('453609195608146758', 59, 3, 603);
INSERT INTO User (account, username, name, sex, age, tel, type) VALUES ('332278192507273246', '柳奕盈', '柳奕盈', false, '95', '19021886796', 0);
INSERT INTO Resident (account, building, unit, room) VALUES ('332278192507273246', 42, 4, 1001);
INSERT INTO User (account, username, name, sex, age, tel, type) VALUES ('143406192612162668', '葛航凡', '葛航凡', false, '94', '19976578386', 0);
INSERT INTO Resident (account, building, unit, room) VALUES ('143406192612162668', 48, 3, 1001);
INSERT INTO User (account, username, name, sex, age, tel, type) VALUES ('452961196411277382', '晁依', '晁依', true, '56', '18718011177', 0);
INSERT INTO Resident (account, building, unit, room) VALUES ('452961196411277382', 70, 9, 1105);
INSERT INTO User (account, username, name, sex, age, tel, type) VALUES ('224751193909203880', '江豪', '江豪', true, '81', '19579577337', 0);
INSERT INTO Resident (account, building, unit, room) VALUES ('224751193909203880', 17, 3, 2405);
INSERT INTO User (account, username, name, sex, age, tel, type) VALUES ('713057197712010881', '山有舒', '山有舒', true, '43', '13476235815', 0);
INSERT INTO Resident (account, building, unit, room) VALUES ('713057197712010881', 6, 9, 1004);
INSERT INTO User (account, username, name, sex, age, tel, type) VALUES ('621062200911294462', '任建正', '任建正', true, '11', '13560778426', 0);
INSERT INTO Resident (account, building, unit, room) VALUES ('621062200911294462', 35, 9, 2103);
INSERT INTO User (account, username, name, sex, age, tel, type) VALUES ('711402200407051571', '毛炎睿', '毛炎睿', false, '16', '19183551604', 0);
INSERT INTO Resident (account, building, unit, room) VALUES ('711402200407051571', 27, 8, 204);
INSERT INTO User (account, username, name, sex, age, tel, type) VALUES ('540118192908168365', '肖天辰', '肖天辰', false, '91', '13784304612', 0);
INSERT INTO Resident (account, building, unit, room) VALUES ('540118192908168365', 87, 3, 705);
INSERT INTO User (account, username, name, sex, age, tel, type) VALUES ('111304201103214222', '陆雯广', '陆雯广', false, '9', '14584283935', 0);
INSERT INTO Resident (account, building, unit, room) VALUES ('111304201103214222', 8, 2, 2803);
INSERT INTO User (account, username, name, sex, age, tel, type) VALUES ('430946192508086697', '山民云', '山民云', false, '95', '13835152184', 0);
INSERT INTO Resident (account, building, unit, room) VALUES ('430946192508086697', 18, 7, 1206);
INSERT INTO User (account, username, name, sex, age, tel, type) VALUES ('32292719490708699X', '尹丹辰', '尹丹辰', true, '71', '15956426324', 0);
INSERT INTO Resident (account, building, unit, room) VALUES ('32292719490708699X', 83, 5, 2703);
INSERT INTO User (account, username, name, sex, age, tel, type) VALUES ('711671197409213152', '郭辰馨', '郭辰馨', false, '46', '19559787732', 0);
INSERT INTO Resident (account, building, unit, room) VALUES ('711671197409213152', 4, 6, 1501);
INSERT INTO User (account, username, name, sex, age, tel, type) VALUES ('360230194803127992', '吕振凡', '吕振凡', false, '72', '17699732038', 0);
INSERT INTO Resident (account, building, unit, room) VALUES ('360230194803127992', 55, 1, 2206);
INSERT INTO User (account, username, name, sex, age, tel, type) VALUES ('424012199104136572', '田诺', '田诺', false, '29', '18061223767', 0);
INSERT INTO Resident (account, building, unit, room) VALUES ('424012199104136572', 47, 3, 2301);
INSERT INTO User (account, username, name, sex, age, tel, type) VALUES ('523821201403235432', '裴建振', '裴建振', false, '6', '13276685351', 0);
INSERT INTO Resident (account, building, unit, room) VALUES ('523821201403235432', 45, 2, 2006);
INSERT INTO User (account, username, name, sex, age, tel, type) VALUES ('13102820140724466X', '齐瀚', '齐瀚', false, '6', '19687820107', 0);
INSERT INTO Resident (account, building, unit, room) VALUES ('13102820140724466X', 49, 6, 2201);
INSERT INTO User (account, username, name, sex, age, tel, type) VALUES ('65275219680123287X', '吉瀚轩', '吉瀚轩', false, '52', '18671370810', 0);
INSERT INTO Resident (account, building, unit, room) VALUES ('65275219680123287X', 40, 6, 604);
INSERT INTO User (account, username, name, sex, age, tel, type) VALUES ('634559200206279053', '杨昕龙', '杨昕龙', true, '18', '18969756578', 0);
INSERT INTO Resident (account, building, unit, room) VALUES ('634559200206279053', 70, 8, 505);
INSERT INTO User (account, username, name, sex, age, tel, type) VALUES ('120914200301019576', '吴辰', '吴辰', true, '17', '19931389514', 0);
INSERT INTO Resident (account, building, unit, room) VALUES ('120914200301019576', 39, 2, 401);
INSERT INTO User (account, username, name, sex, age, tel, type) VALUES ('460464199909099742', '张义灯', '张义灯', false, '21', '19925464049', 0);
INSERT INTO Resident (account, building, unit, room) VALUES ('460464199909099742', 14, 6, 502);
INSERT INTO User (account, username, name, sex, age, tel, type) VALUES ('42412320041019525X', '毕云', '毕云', true, '16', '13679567646', 0);
INSERT INTO Resident (account, building, unit, room) VALUES ('42412320041019525X', 43, 1, 1205);
INSERT INTO User (account, username, name, sex, age, tel, type) VALUES ('443833193007081919', '李杰奇', '李杰奇', false, '90', '18035086771', 0);
INSERT INTO Resident (account, building, unit, room) VALUES ('443833193007081919', 20, 5, 1602);
INSERT INTO User (account, username, name, sex, age, tel, type) VALUES ('410450199508049006', '陆子', '陆子', false, '25', '15148904640', 0);
INSERT INTO Resident (account, building, unit, room) VALUES ('410450199508049006', 92, 6, 2704);
INSERT INTO User (account, username, name, sex, age, tel, type) VALUES ('154015199112035526', '田千盈', '田千盈', true, '29', '15133028597', 0);
INSERT INTO Resident (account, building, unit, room) VALUES ('154015199112035526', 60, 2, 303);
INSERT INTO User (account, username, name, sex, age, tel, type) VALUES ('713569193306164437', '郭力锐', '郭力锐', true, '87', '13993676934', 0);
INSERT INTO Resident (account, building, unit, room) VALUES ('713569193306164437', 96, 1, 1503);
INSERT INTO User (account, username, name, sex, age, tel, type) VALUES ('654569199802055454', '季亚牧', '季亚牧', true, '22', '18613891438', 0);
INSERT INTO Resident (account, building, unit, room) VALUES ('654569199802055454', 75, 6, 2601);
INSERT INTO User (account, username, name, sex, age, tel, type) VALUES ('130932193408288065', '裴奇', '裴奇', true, '86', '15233622692', 0);
INSERT INTO Resident (account, building, unit, room) VALUES ('130932193408288065', 100, 8, 2702);
INSERT INTO User (account, username, name, sex, age, tel, type) VALUES ('530142200806276174', '殷家樱', '殷家樱', true, '12', '19308949746', 0);
INSERT INTO Resident (account, building, unit, room) VALUES ('530142200806276174', 74, 9, 1001);
INSERT INTO User (account, username, name, sex, age, tel, type) VALUES ('111289198703209302', '耿锐辰', '耿锐辰', false, '33', '19387017308', 0);
INSERT INTO Resident (account, building, unit, room) VALUES ('111289198703209302', 35, 2, 2605);
INSERT INTO User (account, username, name, sex, age, tel, type) VALUES ('502113197401020225', '严嘉', '严嘉', false, '46', '15142238454', 0);
INSERT INTO Resident (account, building, unit, room) VALUES ('502113197401020225', 19, 7, 2205);
INSERT INTO User (account, username, name, sex, age, tel, type) VALUES ('324887198912068031', '部馨正', '部馨正', false, '31', '13838290823', 0);
INSERT INTO Resident (account, building, unit, room) VALUES ('324887198912068031', 51, 2, 205);
INSERT INTO User (account, username, name, sex, age, tel, type) VALUES ('522223195704076842', '赵舒冠', '赵舒冠', false, '63', '13284480443', 0);
INSERT INTO Resident (account, building, unit, room) VALUES ('522223195704076842', 93, 9, 1005);
INSERT INTO User (account, username, name, sex, age, tel, type) VALUES ('144821200111054139', '商一佳', '商一佳', false, '19', '13691268674', 0);
INSERT INTO Resident (account, building, unit, room) VALUES ('144821200111054139', 6, 10, 2505);
INSERT INTO User (account, username, name, sex, age, tel, type) VALUES ('653575198405228285', '毕炜润', '毕炜润', false, '36', '18491089837', 0);
INSERT INTO Resident (account, building, unit, room) VALUES ('653575198405228285', 42, 7, 2806);
INSERT INTO User (account, username, name, sex, age, tel, type) VALUES ('433196199709257399', '江伟', '江伟', false, '23', '15767293124', 0);
INSERT INTO Resident (account, building, unit, room) VALUES ('433196199709257399', 99, 2, 2401);
INSERT INTO User (account, username, name, sex, age, tel, type) VALUES ('353959197703139020', '权中硕', '权中硕', false, '43', '15139429507', 0);
INSERT INTO Resident (account, building, unit, room) VALUES ('353959197703139020', 97, 2, 2003);
INSERT INTO User (account, username, name, sex, age, tel, type) VALUES ('332720199307173931', '鲁雨', '鲁雨', false, '27', '18804613521', 0);
INSERT INTO Resident (account, building, unit, room) VALUES ('332720199307173931', 25, 8, 803);
INSERT INTO User (account, username, name, sex, age, tel, type) VALUES ('221558196406038657', '靳毅轩', '靳毅轩', true, '56', '13331455068', 0);
INSERT INTO Resident (account, building, unit, room) VALUES ('221558196406038657', 25, 7, 1506);
INSERT INTO User (account, username, name, sex, age, tel, type) VALUES ('223857197803116314', '米帆宇', '米帆宇', true, '42', '14508046790', 0);
INSERT INTO Resident (account, building, unit, room) VALUES ('223857197803116314', 68, 9, 404);
INSERT INTO User (account, username, name, sex, age, tel, type) VALUES ('454585192611026352', '裴子翔', '裴子翔', true, '94', '17655273942', 0);
INSERT INTO Resident (account, building, unit, room) VALUES ('454585192611026352', 50, 3, 801);
INSERT INTO User (account, username, name, sex, age, tel, type) VALUES ('213616199607015579', '侯煜', '侯煜', false, '24', '17365941612', 0);
INSERT INTO Resident (account, building, unit, room) VALUES ('213616199607015579', 79, 4, 201);
INSERT INTO User (account, username, name, sex, age, tel, type) VALUES ('822128196004193537', '黄依源', '黄依源', false, '60', '13222486131', 0);
INSERT INTO Resident (account, building, unit, room) VALUES ('822128196004193537', 7, 8, 2903);
INSERT INTO User (account, username, name, sex, age, tel, type) VALUES ('434974198708192710', '邵广中', '邵广中', false, '33', '13869053375', 0);
INSERT INTO Resident (account, building, unit, room) VALUES ('434974198708192710', 85, 10, 2404);
INSERT INTO User (account, username, name, sex, age, tel, type) VALUES ('222178199306148941', '汪帆', '汪帆', false, '27', '19538889710', 0);
INSERT INTO Resident (account, building, unit, room) VALUES ('222178199306148941', 70, 3, 2606);
INSERT INTO User (account, username, name, sex, age, tel, type) VALUES ('820141193104068495', '陆源航', '陆源航', true, '89', '18055434203', 0);
INSERT INTO Resident (account, building, unit, room) VALUES ('820141193104068495', 21, 3, 406);
INSERT INTO User (account, username, name, sex, age, tel, type) VALUES ('454632194207123397', '夏睿泽', '夏睿泽', true, '78', '17278387456', 0);
INSERT INTO Resident (account, building, unit, room) VALUES ('454632194207123397', 91, 8, 304);
INSERT INTO User (account, username, name, sex, age, tel, type) VALUES ('234434197706027233', '安天', '安天', true, '43', '17619806131', 0);
INSERT INTO Resident (account, building, unit, room) VALUES ('234434197706027233', 87, 2, 2402);
INSERT INTO User (account, username, name, sex, age, tel, type) VALUES ('813497199206214442', '边静哲', '边静哲', false, '28', '19316929054', 0);
INSERT INTO Resident (account, building, unit, room) VALUES ('813497199206214442', 7, 5, 2701);
INSERT INTO User (account, username, name, sex, age, tel, type) VALUES ('312959196405178501', '龚有舒', '龚有舒', false, '56', '18040483519', 0);
INSERT INTO Resident (account, building, unit, room) VALUES ('312959196405178501', 9, 4, 2501);
INSERT INTO User (account, username, name, sex, age, tel, type) VALUES ('214040196909235002', '文敏', '文敏', false, '51', '19666627850', 0);
INSERT INTO Resident (account, building, unit, room) VALUES ('214040196909235002', 44, 4, 1901);
INSERT INTO User (account, username, name, sex, age, tel, type) VALUES ('124706197401207317', '秦牧', '秦牧', false, '46', '13218862412', 0);
INSERT INTO Resident (account, building, unit, room) VALUES ('124706197401207317', 54, 4, 1304);
INSERT INTO User (account, username, name, sex, age, tel, type) VALUES ('313124196702182128', '寻哲中', '寻哲中', false, '53', '17815490331', 0);
INSERT INTO Resident (account, building, unit, room) VALUES ('313124196702182128', 95, 6, 205);
INSERT INTO User (account, username, name, sex, age, tel, type) VALUES ('21451119880424814X', '上官中瀚', '上官中瀚', false, '32', '19605140159', 0);
INSERT INTO Resident (account, building, unit, room) VALUES ('21451119880424814X', 66, 10, 2801);
INSERT INTO User (account, username, name, sex, age, tel, type) VALUES ('640432200412308763', '牛翔', '牛翔', false, '16', '18940203287', 0);
INSERT INTO Resident (account, building, unit, room) VALUES ('640432200412308763', 30, 5, 202);
INSERT INTO User (account, username, name, sex, age, tel, type) VALUES ('820241194904058258', '邱云炎', '邱云炎', true, '71', '15919166052', 0);
INSERT INTO Resident (account, building, unit, room) VALUES ('820241194904058258', 26, 5, 1005);
INSERT INTO User (account, username, name, sex, age, tel, type) VALUES ('541837195106137719', '孙赛琦', '孙赛琦', false, '69', '18223229312', 0);
INSERT INTO Resident (account, building, unit, room) VALUES ('541837195106137719', 3, 7, 1201);
INSERT INTO User (account, username, name, sex, age, tel, type) VALUES ('52444919790326768X', '韩凡', '韩凡', true, '41', '18675965896', 0);
INSERT INTO Resident (account, building, unit, room) VALUES ('52444919790326768X', 56, 5, 202);
INSERT INTO User (account, username, name, sex, age, tel, type) VALUES ('414158197601085961', '沈令', '沈令', false, '44', '19194234021', 0);
INSERT INTO Resident (account, building, unit, room) VALUES ('414158197601085961', 96, 9, 2401);
INSERT INTO User (account, username, name, sex, age, tel, type) VALUES ('523585199504164054', '冯霖子', '冯霖子', false, '25', '13770169635', 0);
INSERT INTO Resident (account, building, unit, room) VALUES ('523585199504164054', 21, 8, 2601);
INSERT INTO User (account, username, name, sex, age, tel, type) VALUES ('314339195205274931', '盛一', '盛一', true, '68', '15681771160', 0);
INSERT INTO Resident (account, building, unit, room) VALUES ('314339195205274931', 1, 5, 1304);
INSERT INTO User (account, username, name, sex, age, tel, type) VALUES ('311704198802072995', '欧炜樱', '欧炜樱', true, '32', '14785718906', 0);
INSERT INTO Resident (account, building, unit, room) VALUES ('311704198802072995', 82, 7, 1106);
INSERT INTO User (account, username, name, sex, age, tel, type) VALUES ('153435196104065736', '吴本丹', '吴本丹', true, '59', '17257256326', 0);
INSERT INTO Resident (account, building, unit, room) VALUES ('153435196104065736', 23, 8, 2402);
INSERT INTO User (account, username, name, sex, age, tel, type) VALUES ('44096219680914475X', '季泽睿', '季泽睿', true, '52', '15724313882', 0);
INSERT INTO Resident (account, building, unit, room) VALUES ('44096219680914475X', 51, 7, 2502);
INSERT INTO User (account, username, name, sex, age, tel, type) VALUES ('414756193102151665', '严民', '严民', true, '89', '13613051709', 0);
INSERT INTO Resident (account, building, unit, room) VALUES ('414756193102151665', 9, 8, 1701);
INSERT INTO User (account, username, name, sex, age, tel, type) VALUES ('713363193303085369', '宋音一', '宋音一', false, '87', '15561390341', 0);
INSERT INTO Resident (account, building, unit, room) VALUES ('713363193303085369', 42, 5, 1503);
INSERT INTO User (account, username, name, sex, age, tel, type) VALUES ('411041200302080522', '邵盈千', '邵盈千', true, '17', '17578056216', 0);
INSERT INTO Resident (account, building, unit, room) VALUES ('411041200302080522', 16, 6, 2403);
INSERT INTO User (account, username, name, sex, age, tel, type) VALUES ('233620197304108966', '郑洁锐', '郑洁锐', true, '47', '19369042798', 0);
INSERT INTO Resident (account, building, unit, room) VALUES ('233620197304108966', 6, 2, 804);
INSERT INTO User (account, username, name, sex, age, tel, type) VALUES ('364025196902027022', '百里菲雯', '百里菲雯', true, '51', '18805186372', 0);
INSERT INTO Resident (account, building, unit, room) VALUES ('364025196902027022', 69, 7, 1804);
INSERT INTO User (account, username, name, sex, age, tel, type) VALUES ('812264197604307836', '杨铭', '杨铭', true, '44', '15828548937', 0);
INSERT INTO Resident (account, building, unit, room) VALUES ('812264197604307836', 64, 6, 1306);
INSERT INTO User (account, username, name, sex, age, tel, type) VALUES ('813982192904135321', '曲龙倨', '曲龙倨', false, '91', '15918109833', 0);
INSERT INTO Resident (account, building, unit, room) VALUES ('813982192904135321', 54, 7, 2306);
INSERT INTO User (account, username, name, sex, age, tel, type) VALUES ('52205319510313201X', '边嘉丹', '边嘉丹', true, '69', '19519449837', 0);
INSERT INTO Resident (account, building, unit, room) VALUES ('52205319510313201X', 18, 6, 2903);
INSERT INTO User (account, username, name, sex, age, tel, type) VALUES ('713662198802041754', '黄炜新', '黄炜新', false, '32', '15582309593', 0);
INSERT INTO Resident (account, building, unit, room) VALUES ('713662198802041754', 10, 7, 505);
INSERT INTO User (account, username, name, sex, age, tel, type) VALUES ('642106198302261803', '吕正言', '吕正言', true, '37', '13380387044', 0);
INSERT INTO Resident (account, building, unit, room) VALUES ('642106198302261803', 97, 9, 1901);
INSERT INTO User (account, username, name, sex, age, tel, type) VALUES ('444811200712252051', '常振桐', '常振桐', true, '13', '17296887363', 0);
INSERT INTO Resident (account, building, unit, room) VALUES ('444811200712252051', 59, 9, 501);
INSERT INTO User (account, username, name, sex, age, tel, type) VALUES ('413485198206038306', '陈琦民', '陈琦民', true, '38', '15995079674', 0);
INSERT INTO Resident (account, building, unit, room) VALUES ('413485198206038306', 98, 9, 1106);
INSERT INTO User (account, username, name, sex, age, tel, type) VALUES ('371723194005304603', '戚佳琦', '戚佳琦', true, '80', '13839200575', 0);
INSERT INTO Resident (account, building, unit, room) VALUES ('371723194005304603', 68, 10, 301);
INSERT INTO User (account, username, name, sex, age, tel, type) VALUES ('714392198209264310', '寻正龙', '寻正龙', true, '38', '15104011433', 0);
INSERT INTO Resident (account, building, unit, room) VALUES ('714392198209264310', 8, 10, 602);
INSERT INTO User (account, username, name, sex, age, tel, type) VALUES ('312582201101207337', '范凡伟', '范凡伟', true, '9', '19730531635', 0);
INSERT INTO Resident (account, building, unit, room) VALUES ('312582201101207337', 1, 6, 803);
INSERT INTO User (account, username, name, sex, age, tel, type) VALUES ('344808194711172674', '宫轩霄', '宫轩霄', false, '73', '19939224909', 0);
INSERT INTO Resident (account, building, unit, room) VALUES ('344808194711172674', 85, 6, 1706);
INSERT INTO User (account, username, name, sex, age, tel, type) VALUES ('512301195303148333', '钱言兰', '钱言兰', false, '67', '15265018884', 0);
INSERT INTO Resident (account, building, unit, room) VALUES ('512301195303148333', 79, 3, 302);
INSERT INTO User (account, username, name, sex, age, tel, type) VALUES ('121607198712024950', '崔桐', '崔桐', true, '33', '18253235610', 0);
INSERT INTO Resident (account, building, unit, room) VALUES ('121607198712024950', 82, 10, 903);
INSERT INTO User (account, username, name, sex, age, tel, type) VALUES ('233569195907133282', '吕锐', '吕锐', false, '61', '15305683211', 0);
INSERT INTO Resident (account, building, unit, room) VALUES ('233569195907133282', 70, 3, 802);
INSERT INTO User (account, username, name, sex, age, tel, type) VALUES ('15032919501211366X', '百里亚', '百里亚', true, '70', '19551505717', 0);
INSERT INTO Resident (account, building, unit, room) VALUES ('15032919501211366X', 2, 7, 1802);
INSERT INTO User (account, username, name, sex, age, tel, type) VALUES ('622659198809211323', '余兮', '余兮', true, '32', '18658544761', 0);
INSERT INTO Resident (account, building, unit, room) VALUES ('622659198809211323', 89, 8, 1802);
INSERT INTO User (account, username, name, sex, age, tel, type) VALUES ('230728195711307705', '宋牧毅', '宋牧毅', false, '63', '18891542517', 0);
INSERT INTO Resident (account, building, unit, room) VALUES ('230728195711307705', 65, 10, 604);
INSERT INTO User (account, username, name, sex, age, tel, type) VALUES ('230777197004225330', '管萱', '管萱', true, '50', '18908352939', 0);
INSERT INTO Resident (account, building, unit, room) VALUES ('230777197004225330', 9, 5, 302);
INSERT INTO User (account, username, name, sex, age, tel, type) VALUES ('632648192903202270', '邱霖建', '邱霖建', false, '91', '19198116214', 0);
INSERT INTO Resident (account, building, unit, room) VALUES ('632648192903202270', 15, 4, 2001);
INSERT INTO User (account, username, name, sex, age, tel, type) VALUES ('522143192410114952', '鲁倨兮', '鲁倨兮', true, '96', '18669436609', 0);
INSERT INTO Resident (account, building, unit, room) VALUES ('522143192410114952', 65, 2, 404);
INSERT INTO User (account, username, name, sex, age, tel, type) VALUES ('441675197507317169', '曲圣依', '曲圣依', false, '45', '19280665497', 0);
INSERT INTO Resident (account, building, unit, room) VALUES ('441675197507317169', 14, 5, 802);
INSERT INTO User (account, username, name, sex, age, tel, type) VALUES ('113087194204092344', '岳子千', '岳子千', true, '78', '19397650824', 0);
INSERT INTO Resident (account, building, unit, room) VALUES ('113087194204092344', 50, 7, 805);
INSERT INTO User (account, username, name, sex, age, tel, type) VALUES ('233201195407155502', '欧宇露', '欧宇露', true, '66', '18844642100', 0);
INSERT INTO Resident (account, building, unit, room) VALUES ('233201195407155502', 24, 2, 2203);
INSERT INTO User (account, username, name, sex, age, tel, type) VALUES ('710689195302098446', '审依', '审依', true, '67', '17875154240', 0);
INSERT INTO Resident (account, building, unit, room) VALUES ('710689195302098446', 39, 3, 1706);
INSERT INTO User (account, username, name, sex, age, tel, type) VALUES ('541461200302273601', '付睿朋', '付睿朋', true, '17', '18806857273', 0);
INSERT INTO Resident (account, building, unit, room) VALUES ('541461200302273601', 81, 7, 2402);
INSERT INTO User (account, username, name, sex, age, tel, type) VALUES ('362742194704050454', '田铭萌', '田铭萌', false, '73', '13828845540', 0);
INSERT INTO Resident (account, building, unit, room) VALUES ('362742194704050454', 1, 2, 2705);
INSERT INTO User (account, username, name, sex, age, tel, type) VALUES ('331416193303098110', '夏晓', '夏晓', true, '87', '19169802162', 0);
INSERT INTO Resident (account, building, unit, room) VALUES ('331416193303098110', 42, 5, 2706);
INSERT INTO User (account, username, name, sex, age, tel, type) VALUES ('331537200108283816', '龚民', '龚民', false, '19', '15977604082', 0);
INSERT INTO Resident (account, building, unit, room) VALUES ('331537200108283816', 83, 8, 1703);
INSERT INTO User (account, username, name, sex, age, tel, type) VALUES ('642416193606230742', '许泽', '许泽', false, '84', '15148964388', 0);
INSERT INTO Resident (account, building, unit, room) VALUES ('642416193606230742', 59, 5, 706);
INSERT INTO User (account, username, name, sex, age, tel, type) VALUES ('331172200105270493', '杨淘', '杨淘', true, '19', '19846072058', 0);
INSERT INTO Resident (account, building, unit, room) VALUES ('331172200105270493', 79, 5, 1901);
INSERT INTO User (account, username, name, sex, age, tel, type) VALUES ('43455219420425121X', '隽天丹', '隽天丹', false, '78', '13328120992', 0);
INSERT INTO Resident (account, building, unit, room) VALUES ('43455219420425121X', 41, 6, 1706);
INSERT INTO User (account, username, name, sex, age, tel, type) VALUES ('651409193203103475', '张兮家', '张兮家', false, '88', '15335192393', 0);
INSERT INTO Resident (account, building, unit, room) VALUES ('651409193203103475', 8, 10, 601);
INSERT INTO User (account, username, name, sex, age, tel, type) VALUES ('423208198107254427', '巩菲', '巩菲', false, '39', '15233061271', 0);
INSERT INTO Resident (account, building, unit, room) VALUES ('423208198107254427', 45, 7, 2601);
INSERT INTO User (account, username, name, sex, age, tel, type) VALUES ('61381319300108317X', '林民嘉', '林民嘉', false, '90', '17203080433', 0);
INSERT INTO Resident (account, building, unit, room) VALUES ('61381319300108317X', 7, 3, 1302);
INSERT INTO User (account, username, name, sex, age, tel, type) VALUES ('643011193107089540', '仲舒霖', '仲舒霖', false, '89', '15923148799', 0);
INSERT INTO Resident (account, building, unit, room) VALUES ('643011193107089540', 88, 8, 2402);
INSERT INTO User (account, username, name, sex, age, tel, type) VALUES ('321609196412213276', '靳翔桐', '靳翔桐', false, '56', '18142519724', 0);
INSERT INTO Resident (account, building, unit, room) VALUES ('321609196412213276', 72, 10, 1106);
INSERT INTO User (account, username, name, sex, age, tel, type) VALUES ('624323194202010561', '季柏桐', '季柏桐', true, '78', '18464174219', 0);
INSERT INTO Resident (account, building, unit, room) VALUES ('624323194202010561', 6, 3, 2203);
INSERT INTO User (account, username, name, sex, age, tel, type) VALUES ('523686195606272585', '楚牧', '楚牧', false, '64', '19038996334', 0);
INSERT INTO Resident (account, building, unit, room) VALUES ('523686195606272585', 60, 3, 2903);
INSERT INTO User (account, username, name, sex, age, tel, type) VALUES ('422707193912199969', '曹豪', '曹豪', true, '81', '19675394389', 0);
INSERT INTO Resident (account, building, unit, room) VALUES ('422707193912199969', 32, 2, 2503);
INSERT INTO User (account, username, name, sex, age, tel, type) VALUES ('350804194902070572', '权冠樱', '权冠樱', true, '71', '19506779920', 0);
INSERT INTO Resident (account, building, unit, room) VALUES ('350804194902070572', 24, 5, 2704);
INSERT INTO User (account, username, name, sex, age, tel, type) VALUES ('643751200408193259', '宫建源', '宫建源', true, '16', '13825310199', 0);
INSERT INTO Resident (account, building, unit, room) VALUES ('643751200408193259', 54, 5, 1304);
/* 共生成用户500个*/

/* 建立Health信息 */
INSERT INTO Health (id, account, last_date, last_time, temperature) VALUES (1, '211953200608197063', '20200217', '08:34:09', 36.4);
INSERT INTO Health (id, account, last_date, last_time, temperature) VALUES (2, '413599196603190517', '20200518', '17:20:21', 35.9);
INSERT INTO Health (id, account, last_date, last_time, temperature) VALUES (3, '314405200402147501', '20200531', '22:59:06', 36.5);
INSERT INTO Health (id, account, last_date, last_time, temperature) VALUES (4, '220195201001179135', '20200310', '11:58:38', 35.9);
INSERT INTO Health (id, account, last_date, last_time, temperature) VALUES (5, '533829200405022945', '20200309', '09:49:56', 36.2);
INSERT INTO Health (id, account, last_date, last_time, temperature) VALUES (6, '131276196809280545', '20200419', '05:28:19', 37);
INSERT INTO Health (id, account, last_date, last_time, temperature) VALUES (7, '652574200912129970', '20200504', '07:03:34', 36.6);
INSERT INTO Health (id, account, last_date, last_time, temperature) VALUES (8, '520521195204136150', '20200307', '03:27:36', 35);
INSERT INTO Health (id, account, last_date, last_time, temperature) VALUES (9, '133113194812093405', '20200506', '20:04:16', 36.6);
INSERT INTO Health (id, account, last_date, last_time, temperature) VALUES (10, '114225197501144581', '20200214', '12:28:53', 35.1);
INSERT INTO Health (id, account, last_date, last_time, temperature) VALUES (11, '424587199403316990', '20200324', '05:31:57', 37.1);
INSERT INTO Health (id, account, last_date, last_time, temperature) VALUES (12, '323954198411267026', '20200224', '19:05:17', 36.5);
INSERT INTO Health (id, account, last_date, last_time, temperature) VALUES (13, '714626200601227432', '20200407', '00:34:38', 35.6);
INSERT INTO Health (id, account, last_date, last_time, temperature) VALUES (14, '443450197508102358', '20200424', '23:46:03', 35.6);
INSERT INTO Health (id, account, last_date, last_time, temperature) VALUES (15, '450954198504076616', '20200220', '17:46:45', 35.6);
INSERT INTO Health (id, account, last_date, last_time, temperature) VALUES (16, '14349719610618795X', '20200424', '03:13:34', 36.6);
INSERT INTO Health (id, account, last_date, last_time, temperature) VALUES (17, '152021200207226319', '20200421', '22:31:47', 35);
INSERT INTO Health (id, account, last_date, last_time, temperature) VALUES (18, '154023192903229640', '20200516', '21:18:10', 36);
INSERT INTO Health (id, account, last_date, last_time, temperature) VALUES (19, '124609198309220490', '20200528', '18:39:08', 36.7);
INSERT INTO Health (id, account, last_date, last_time, temperature) VALUES (20, '444538199503020645', '20200223', '10:22:47', 36.7);
INSERT INTO Health (id, account, last_date, last_time, temperature) VALUES (21, '420135197603284606', '20200509', '21:40:14', 37.2);
INSERT INTO Health (id, account, last_date, last_time, temperature) VALUES (22, '454252194908015312', '20200414', '15:47:24', 36.8);
INSERT INTO Health (id, account, last_date, last_time, temperature) VALUES (23, '211312194908060970', '20200220', '02:05:49', 35.6);
INSERT INTO Health (id, account, last_date, last_time, temperature) VALUES (24, '141572196308095914', '20200225', '01:52:29', 36);
INSERT INTO Health (id, account, last_date, last_time, temperature) VALUES (25, '111077200705214125', '20200414', '06:40:38', 35.2);
INSERT INTO Health (id, account, last_date, last_time, temperature) VALUES (26, '334356194909064165', '20200330', '05:09:18', 35.2);
INSERT INTO Health (id, account, last_date, last_time, temperature) VALUES (27, '233147194212086674', '20200410', '14:21:51', 37);
INSERT INTO Health (id, account, last_date, last_time, temperature) VALUES (28, '363797196008299819', '20200509', '07:36:18', 35.8);
INSERT INTO Health (id, account, last_date, last_time, temperature) VALUES (29, '514785200109204342', '20200306', '16:59:01', 35.8);
INSERT INTO Health (id, account, last_date, last_time, temperature) VALUES (30, '532969196812282940', '20200524', '14:28:01', 36.2);
INSERT INTO Health (id, account, last_date, last_time, temperature) VALUES (31, '812924199106260078', '20200204', '08:13:12', 35.8);
INSERT INTO Health (id, account, last_date, last_time, temperature) VALUES (32, '360508201203076444', '20200318', '21:37:08', 36.5);
INSERT INTO Health (id, account, last_date, last_time, temperature) VALUES (33, '61100119760529728X', '20200330', '20:02:58', 35.7);
INSERT INTO Health (id, account, last_date, last_time, temperature) VALUES (34, '52081319241109378X', '20200208', '18:17:07', 35.3);
INSERT INTO Health (id, account, last_date, last_time, temperature) VALUES (35, '512380198806229762', '20200203', '08:37:15', 35);
INSERT INTO Health (id, account, last_date, last_time, temperature) VALUES (36, '463292194203018398', '20200518', '18:23:25', 36.9);
INSERT INTO Health (id, account, last_date, last_time, temperature) VALUES (37, '500305196908173665', '20200505', '18:51:32', 36.4);
INSERT INTO Health (id, account, last_date, last_time, temperature) VALUES (38, '460440197211042301', '20200525', '02:31:14', 35);
INSERT INTO Health (id, account, last_date, last_time, temperature) VALUES (39, '330825196808297696', '20200307', '13:51:52', 36.8);
INSERT INTO Health (id, account, last_date, last_time, temperature) VALUES (40, '524446192904153952', '20200526', '15:27:23', 35.7);
INSERT INTO Health (id, account, last_date, last_time, temperature) VALUES (41, '813778200708174742', '20200311', '09:29:25', 35);
INSERT INTO Health (id, account, last_date, last_time, temperature) VALUES (42, '521876198909291960', '20200430', '06:02:53', 36.3);
INSERT INTO Health (id, account, last_date, last_time, temperature) VALUES (43, '230206197407237066', '20200519', '00:21:39', 36.1);
INSERT INTO Health (id, account, last_date, last_time, temperature) VALUES (44, '63193919790718773X', '20200520', '20:00:25', 36.9);
INSERT INTO Health (id, account, last_date, last_time, temperature) VALUES (45, '514376198006298140', '20200329', '01:33:00', 35.3);
INSERT INTO Health (id, account, last_date, last_time, temperature) VALUES (46, '350538195504022174', '20200201', '05:38:43', 36.2);
INSERT INTO Health (id, account, last_date, last_time, temperature) VALUES (47, '342777200108143272', '20200404', '17:18:24', 35.9);
INSERT INTO Health (id, account, last_date, last_time, temperature) VALUES (48, '823397193805271432', '20200330', '08:26:46', 36.8);
INSERT INTO Health (id, account, last_date, last_time, temperature) VALUES (49, '422069193801074940', '20200327', '12:41:01', 35.3);
INSERT INTO Health (id, account, last_date, last_time, temperature) VALUES (50, '330783196101275344', '20200422', '08:48:30', 36.6);
INSERT INTO Health (id, account, last_date, last_time, temperature) VALUES (51, '133345200307310028', '20200420', '07:35:55', 37);
INSERT INTO Health (id, account, last_date, last_time, temperature) VALUES (52, '371003196509288364', '20200512', '20:18:20', 35.2);
INSERT INTO Health (id, account, last_date, last_time, temperature) VALUES (53, '310882200202228355', '20200524', '15:16:56', 36.7);
INSERT INTO Health (id, account, last_date, last_time, temperature) VALUES (54, '713523199811300522', '20200420', '07:56:57', 35.2);
INSERT INTO Health (id, account, last_date, last_time, temperature) VALUES (55, '123096193501177284', '20200511', '18:58:28', 35.4);
INSERT INTO Health (id, account, last_date, last_time, temperature) VALUES (56, '370564193606121382', '20200506', '07:35:18', 36.8);
INSERT INTO Health (id, account, last_date, last_time, temperature) VALUES (57, '822218193505055610', '20200330', '21:15:50', 37.2);
INSERT INTO Health (id, account, last_date, last_time, temperature) VALUES (58, '430986200111176613', '20200301', '01:56:08', 35.3);
INSERT INTO Health (id, account, last_date, last_time, temperature) VALUES (59, '37083819851107485X', '20200423', '19:05:31', 37.3);
INSERT INTO Health (id, account, last_date, last_time, temperature) VALUES (60, '360292200808036798', '20200508', '02:49:36', 37.2);
INSERT INTO Health (id, account, last_date, last_time, temperature) VALUES (61, '343160196904055881', '20200312', '12:00:57', 38.3);
INSERT INTO Health (id, account, last_date, last_time, temperature) VALUES (62, '344410199204163338', '20200521', '14:58:43', 35.1);
INSERT INTO Health (id, account, last_date, last_time, temperature) VALUES (63, '50305119320215238X', '20200325', '02:20:32', 35.3);
INSERT INTO Health (id, account, last_date, last_time, temperature) VALUES (64, '442842192703104249', '20200413', '20:12:46', 37.2);
INSERT INTO Health (id, account, last_date, last_time, temperature) VALUES (65, '422644195805292559', '20200422', '12:57:34', 36.6);
INSERT INTO Health (id, account, last_date, last_time, temperature) VALUES (66, '141615195004231340', '20200327', '07:41:42', 35.2);
INSERT INTO Health (id, account, last_date, last_time, temperature) VALUES (67, '132285192904013246', '20200305', '14:02:28', 37.2);
INSERT INTO Health (id, account, last_date, last_time, temperature) VALUES (68, '422935194609240595', '20200224', '22:01:40', 36.8);
INSERT INTO Health (id, account, last_date, last_time, temperature) VALUES (69, '512604197006129122', '20200213', '06:06:09', 35.4);
INSERT INTO Health (id, account, last_date, last_time, temperature) VALUES (70, '653457196612051450', '20200302', '12:34:13', 37.1);
INSERT INTO Health (id, account, last_date, last_time, temperature) VALUES (71, '364276197411129518', '20200514', '16:55:41', 35.9);
INSERT INTO Health (id, account, last_date, last_time, temperature) VALUES (72, '222136200806157087', '20200304', '15:03:54', 37.5);
INSERT INTO Health (id, account, last_date, last_time, temperature) VALUES (73, '414062193805304722', '20200512', '02:33:11', 35.8);
INSERT INTO Health (id, account, last_date, last_time, temperature) VALUES (74, '712590195403154899', '20200202', '04:15:28', 35.1);
INSERT INTO Health (id, account, last_date, last_time, temperature) VALUES (75, '451581193208123801', '20200316', '08:03:04', 37.9);
INSERT INTO Health (id, account, last_date, last_time, temperature) VALUES (76, '314336198811150021', '20200317', '08:27:40', 37);
INSERT INTO Health (id, account, last_date, last_time, temperature) VALUES (77, '113618192903054324', '20200513', '23:40:18', 36.3);
INSERT INTO Health (id, account, last_date, last_time, temperature) VALUES (78, '364518192503293175', '20200505', '00:42:16', 36.6);
INSERT INTO Health (id, account, last_date, last_time, temperature) VALUES (79, '814438198801040871', '20200322', '05:03:14', 35.9);
INSERT INTO Health (id, account, last_date, last_time, temperature) VALUES (80, '220623200805296109', '20200224', '01:27:39', 37);
INSERT INTO Health (id, account, last_date, last_time, temperature) VALUES (81, '454332201211071889', '20200204', '14:27:48', 35.3);
INSERT INTO Health (id, account, last_date, last_time, temperature) VALUES (82, '461352196306059948', '20200314', '16:11:15', 35.6);
INSERT INTO Health (id, account, last_date, last_time, temperature) VALUES (83, '332819193406294035', '20200303', '23:26:21', 35.8);
INSERT INTO Health (id, account, last_date, last_time, temperature) VALUES (84, '714714193307310009', '20200416', '01:42:57', 37.2);
INSERT INTO Health (id, account, last_date, last_time, temperature) VALUES (85, '611785199905099355', '20200418', '22:56:31', 36.5);
INSERT INTO Health (id, account, last_date, last_time, temperature) VALUES (86, '111282200306283566', '20200316', '02:13:18', 35);
INSERT INTO Health (id, account, last_date, last_time, temperature) VALUES (87, '322804197311210693', '20200512', '07:16:59', 36.5);
INSERT INTO Health (id, account, last_date, last_time, temperature) VALUES (88, '310661198509237497', '20200531', '01:25:35', 36.6);
INSERT INTO Health (id, account, last_date, last_time, temperature) VALUES (89, '822453196911079377', '20200319', '16:37:05', 35.9);
INSERT INTO Health (id, account, last_date, last_time, temperature) VALUES (90, '323193197710233970', '20200310', '17:32:10', 35.4);
INSERT INTO Health (id, account, last_date, last_time, temperature) VALUES (91, '614625194307183329', '20200427', '05:50:31', 35.1);
INSERT INTO Health (id, account, last_date, last_time, temperature) VALUES (92, '312743199803031821', '20200527', '00:26:46', 37.4);
INSERT INTO Health (id, account, last_date, last_time, temperature) VALUES (93, '360943196401262542', '20200403', '11:10:25', 36.8);
INSERT INTO Health (id, account, last_date, last_time, temperature) VALUES (94, '373498199005180529', '20200221', '11:40:53', 36.2);
INSERT INTO Health (id, account, last_date, last_time, temperature) VALUES (95, '364990194001308779', '20200420', '08:55:40', 36.7);
INSERT INTO Health (id, account, last_date, last_time, temperature) VALUES (96, '46321120000506207X', '20200525', '23:52:40', 35.2);
INSERT INTO Health (id, account, last_date, last_time, temperature) VALUES (97, '654847201002250460', '20200516', '00:45:03', 35.7);
INSERT INTO Health (id, account, last_date, last_time, temperature) VALUES (98, '235053193812214380', '20200430', '09:50:17', 38.1);
INSERT INTO Health (id, account, last_date, last_time, temperature) VALUES (99, '621586195112140404', '20200410', '17:23:56', 36.6);
INSERT INTO Health (id, account, last_date, last_time, temperature) VALUES (100, '824033196902086865', '20200306', '13:07:35', 36.8);
INSERT INTO Health (id, account, last_date, last_time, temperature) VALUES (101, '500851196211145630', '20200330', '23:32:22', 35.1);
INSERT INTO Health (id, account, last_date, last_time, temperature) VALUES (102, '120280200201157817', '20200523', '02:01:36', 35.4);
INSERT INTO Health (id, account, last_date, last_time, temperature) VALUES (103, '824569199006176694', '20200228', '07:30:58', 35.4);
INSERT INTO Health (id, account, last_date, last_time, temperature) VALUES (104, '543949200812104030', '20200507', '11:55:38', 36.1);
INSERT INTO Health (id, account, last_date, last_time, temperature) VALUES (105, '463534194803145017', '20200314', '23:18:44', 36.3);
INSERT INTO Health (id, account, last_date, last_time, temperature) VALUES (106, '44506119680513881X', '20200406', '15:17:44', 37.3);
INSERT INTO Health (id, account, last_date, last_time, temperature) VALUES (107, '413908192909304266', '20200519', '11:53:26', 35.7);
INSERT INTO Health (id, account, last_date, last_time, temperature) VALUES (108, '111170196511045353', '20200521', '09:25:32', 35.5);
INSERT INTO Health (id, account, last_date, last_time, temperature) VALUES (109, '322710197704144047', '20200324', '08:04:44', 37.1);
INSERT INTO Health (id, account, last_date, last_time, temperature) VALUES (110, '133613197401149000', '20200425', '15:06:00', 37.3);
INSERT INTO Health (id, account, last_date, last_time, temperature) VALUES (111, '413910198407268484', '20200506', '04:31:28', 37.1);
INSERT INTO Health (id, account, last_date, last_time, temperature) VALUES (112, '312087194101291327', '20200530', '22:41:23', 36.1);
INSERT INTO Health (id, account, last_date, last_time, temperature) VALUES (113, '330578200201305183', '20200512', '04:13:02', 35.6);
INSERT INTO Health (id, account, last_date, last_time, temperature) VALUES (114, '504522193008248246', '20200226', '03:17:27', 35.2);
INSERT INTO Health (id, account, last_date, last_time, temperature) VALUES (115, '530287193705076488', '20200302', '03:21:32', 35.9);
INSERT INTO Health (id, account, last_date, last_time, temperature) VALUES (116, '54059419271006616X', '20200308', '02:41:58', 36.8);
INSERT INTO Health (id, account, last_date, last_time, temperature) VALUES (117, '621144194504044504', '20200418', '00:05:02', 36.2);
INSERT INTO Health (id, account, last_date, last_time, temperature) VALUES (118, '11156519530708141X', '20200303', '18:46:39', 35.8);
INSERT INTO Health (id, account, last_date, last_time, temperature) VALUES (119, '420375195911121676', '20200508', '16:14:50', 35.8);
INSERT INTO Health (id, account, last_date, last_time, temperature) VALUES (120, '544994194705230255', '20200506', '15:15:33', 36.8);
INSERT INTO Health (id, account, last_date, last_time, temperature) VALUES (121, '544690200207162827', '20200325', '23:56:45', 37.2);
INSERT INTO Health (id, account, last_date, last_time, temperature) VALUES (122, '330721200801024716', '20200329', '05:03:35', 36.9);
INSERT INTO Health (id, account, last_date, last_time, temperature) VALUES (123, '112357196011206606', '20200406', '10:50:10', 37.4);
INSERT INTO Health (id, account, last_date, last_time, temperature) VALUES (124, '372134199303299274', '20200203', '02:42:08', 35.8);
INSERT INTO Health (id, account, last_date, last_time, temperature) VALUES (125, '341412198610253460', '20200427', '07:51:45', 37.1);
INSERT INTO Health (id, account, last_date, last_time, temperature) VALUES (126, '711861200802134486', '20200219', '04:50:59', 35.5);
INSERT INTO Health (id, account, last_date, last_time, temperature) VALUES (127, '512296192603129917', '20200430', '10:21:57', 37.6);
INSERT INTO Health (id, account, last_date, last_time, temperature) VALUES (128, '522867195207314811', '20200211', '22:43:03', 35.1);
INSERT INTO Health (id, account, last_date, last_time, temperature) VALUES (129, '134432192808055714', '20200206', '08:25:59', 35.7);
INSERT INTO Health (id, account, last_date, last_time, temperature) VALUES (130, '643525198301108274', '20200504', '22:58:03', 36);
INSERT INTO Health (id, account, last_date, last_time, temperature) VALUES (131, '141823198602045871', '20200228', '15:04:45', 36.4);
INSERT INTO Health (id, account, last_date, last_time, temperature) VALUES (132, '221750196211293493', '20200428', '09:05:22', 37.6);
INSERT INTO Health (id, account, last_date, last_time, temperature) VALUES (133, '443515195102063777', '20200505', '03:26:07', 37);
INSERT INTO Health (id, account, last_date, last_time, temperature) VALUES (134, '460784193410222802', '20200209', '11:59:43', 35.2);
INSERT INTO Health (id, account, last_date, last_time, temperature) VALUES (135, '37279819670415785X', '20200415', '02:02:11', 37.2);
INSERT INTO Health (id, account, last_date, last_time, temperature) VALUES (136, '315017194409197629', '20200209', '03:56:37', 36.8);
INSERT INTO Health (id, account, last_date, last_time, temperature) VALUES (137, '343485198103157993', '20200519', '08:15:26', 36.7);
INSERT INTO Health (id, account, last_date, last_time, temperature) VALUES (138, '443638192407181404', '20200318', '05:22:08', 37.2);
INSERT INTO Health (id, account, last_date, last_time, temperature) VALUES (139, '372906201111129969', '20200418', '02:59:12', 37.3);
INSERT INTO Health (id, account, last_date, last_time, temperature) VALUES (140, '453516198811164894', '20200306', '05:12:04', 36.1);
INSERT INTO Health (id, account, last_date, last_time, temperature) VALUES (141, '111829194911034375', '20200222', '14:07:38', 36);
INSERT INTO Health (id, account, last_date, last_time, temperature) VALUES (142, '624735197212170239', '20200222', '17:14:16', 35.3);
INSERT INTO Health (id, account, last_date, last_time, temperature) VALUES (143, '615063194412086897', '20200408', '00:52:26', 36);
INSERT INTO Health (id, account, last_date, last_time, temperature) VALUES (144, '50255920040622101X', '20200302', '15:14:11', 35.1);
INSERT INTO Health (id, account, last_date, last_time, temperature) VALUES (145, '501664193906194457', '20200409', '14:58:13', 36);
INSERT INTO Health (id, account, last_date, last_time, temperature) VALUES (146, '520931197106031012', '20200520', '18:32:36', 35.1);
INSERT INTO Health (id, account, last_date, last_time, temperature) VALUES (147, '141815200407055195', '20200226', '20:44:47', 36.9);
INSERT INTO Health (id, account, last_date, last_time, temperature) VALUES (148, '130290195006159406', '20200310', '08:41:27', 35.9);
INSERT INTO Health (id, account, last_date, last_time, temperature) VALUES (149, '510302201308075172', '20200330', '23:57:49', 36.1);
INSERT INTO Health (id, account, last_date, last_time, temperature) VALUES (150, '214927201104225427', '20200202', '14:06:12', 37.5);
INSERT INTO Health (id, account, last_date, last_time, temperature) VALUES (151, '112161199202234400', '20200413', '21:15:13', 37.3);
INSERT INTO Health (id, account, last_date, last_time, temperature) VALUES (152, '151004193905294864', '20200530', '17:37:30', 35.2);
INSERT INTO Health (id, account, last_date, last_time, temperature) VALUES (153, '624092198111079264', '20200323', '10:27:08', 37.4);
INSERT INTO Health (id, account, last_date, last_time, temperature) VALUES (154, '133526194605250556', '20200331', '05:47:37', 35.2);
INSERT INTO Health (id, account, last_date, last_time, temperature) VALUES (155, '65400320090406330X', '20200430', '11:14:50', 37.2);
INSERT INTO Health (id, account, last_date, last_time, temperature) VALUES (156, '514856194111290967', '20200211', '09:03:46', 36.1);
INSERT INTO Health (id, account, last_date, last_time, temperature) VALUES (157, '223272200712221450', '20200410', '22:12:09', 36.7);
INSERT INTO Health (id, account, last_date, last_time, temperature) VALUES (158, '343447196607143581', '20200319', '16:44:05', 36.1);
INSERT INTO Health (id, account, last_date, last_time, temperature) VALUES (159, '810533192412286173', '20200502', '08:40:17', 37.2);
INSERT INTO Health (id, account, last_date, last_time, temperature) VALUES (160, '514901193810083983', '20200216', '01:02:13', 37.2);
INSERT INTO Health (id, account, last_date, last_time, temperature) VALUES (161, '533061195605095779', '20200313', '20:29:11', 36.1);
INSERT INTO Health (id, account, last_date, last_time, temperature) VALUES (162, '463451193410126374', '20200208', '15:22:22', 37.1);
INSERT INTO Health (id, account, last_date, last_time, temperature) VALUES (163, '134403193009273299', '20200324', '17:13:14', 36.9);
INSERT INTO Health (id, account, last_date, last_time, temperature) VALUES (164, '464741201111304661', '20200217', '00:02:21', 36.7);
INSERT INTO Health (id, account, last_date, last_time, temperature) VALUES (165, '361091200304120971', '20200212', '04:13:44', 35.7);
INSERT INTO Health (id, account, last_date, last_time, temperature) VALUES (166, '36497719830609415X', '20200424', '17:46:38', 35.3);
INSERT INTO Health (id, account, last_date, last_time, temperature) VALUES (167, '143170201412235180', '20200203', '09:29:25', 36.8);
INSERT INTO Health (id, account, last_date, last_time, temperature) VALUES (168, '452454198212238296', '20200402', '15:36:20', 36.2);
INSERT INTO Health (id, account, last_date, last_time, temperature) VALUES (169, '214657201412212837', '20200331', '21:24:19', 35.8);
INSERT INTO Health (id, account, last_date, last_time, temperature) VALUES (170, '363381197402257199', '20200519', '15:48:43', 37.1);
INSERT INTO Health (id, account, last_date, last_time, temperature) VALUES (171, '213729198907124991', '20200209', '14:45:25', 36.1);
INSERT INTO Health (id, account, last_date, last_time, temperature) VALUES (172, '322348197807166961', '20200214', '22:03:36', 36.9);
INSERT INTO Health (id, account, last_date, last_time, temperature) VALUES (173, '532232195705060002', '20200421', '08:58:20', 36.3);
INSERT INTO Health (id, account, last_date, last_time, temperature) VALUES (174, '220390195705071474', '20200506', '08:06:08', 35.2);
INSERT INTO Health (id, account, last_date, last_time, temperature) VALUES (175, '361167196709246370', '20200328', '08:12:12', 35.3);
INSERT INTO Health (id, account, last_date, last_time, temperature) VALUES (176, '351743201107221011', '20200207', '20:23:32', 36.1);
INSERT INTO Health (id, account, last_date, last_time, temperature) VALUES (177, '114695194703015322', '20200317', '12:08:31', 38.3);
INSERT INTO Health (id, account, last_date, last_time, temperature) VALUES (178, '450443199007239209', '20200424', '21:10:45', 37.2);
INSERT INTO Health (id, account, last_date, last_time, temperature) VALUES (179, '232978200301059822', '20200516', '00:51:26', 38.3);
INSERT INTO Health (id, account, last_date, last_time, temperature) VALUES (180, '46413319241009124X', '20200210', '09:41:44', 35);
INSERT INTO Health (id, account, last_date, last_time, temperature) VALUES (181, '21054419490919062X', '20200225', '10:41:12', 35.2);
INSERT INTO Health (id, account, last_date, last_time, temperature) VALUES (182, '542480195803267428', '20200220', '21:23:17', 36.9);
INSERT INTO Health (id, account, last_date, last_time, temperature) VALUES (183, '420842198804053327', '20200416', '06:21:13', 36.4);
INSERT INTO Health (id, account, last_date, last_time, temperature) VALUES (184, '230541198106091488', '20200511', '07:32:31', 35.7);
INSERT INTO Health (id, account, last_date, last_time, temperature) VALUES (185, '372399199208149932', '20200313', '17:26:27', 36.3);
INSERT INTO Health (id, account, last_date, last_time, temperature) VALUES (186, '813864196607057303', '20200322', '01:50:42', 36.5);
INSERT INTO Health (id, account, last_date, last_time, temperature) VALUES (187, '364820194201314280', '20200423', '17:18:26', 36.5);
INSERT INTO Health (id, account, last_date, last_time, temperature) VALUES (188, '531607201006064983', '20200226', '03:36:59', 37);
INSERT INTO Health (id, account, last_date, last_time, temperature) VALUES (189, '515085200408175073', '20200520', '18:38:49', 36.1);
INSERT INTO Health (id, account, last_date, last_time, temperature) VALUES (190, '321093194411240578', '20200322', '09:38:39', 36);
INSERT INTO Health (id, account, last_date, last_time, temperature) VALUES (191, '633167196609124405', '20200206', '17:06:17', 35.4);
INSERT INTO Health (id, account, last_date, last_time, temperature) VALUES (192, '153038196805088243', '20200308', '08:05:23', 37.3);
INSERT INTO Health (id, account, last_date, last_time, temperature) VALUES (193, '454747195906117022', '20200413', '20:57:16', 36.7);
INSERT INTO Health (id, account, last_date, last_time, temperature) VALUES (194, '310925199803217540', '20200313', '04:19:16', 36.7);
INSERT INTO Health (id, account, last_date, last_time, temperature) VALUES (195, '354893201208310006', '20200427', '08:06:42', 35.1);
INSERT INTO Health (id, account, last_date, last_time, temperature) VALUES (196, '65086319870123591X', '20200308', '20:16:43', 36.3);
INSERT INTO Health (id, account, last_date, last_time, temperature) VALUES (197, '500941195601275758', '20200430', '16:59:33', 36.5);
INSERT INTO Health (id, account, last_date, last_time, temperature) VALUES (198, '234038197311019027', '20200511', '19:29:42', 36.2);
INSERT INTO Health (id, account, last_date, last_time, temperature) VALUES (199, '810204193609077574', '20200323', '11:17:06', 36.1);
INSERT INTO Health (id, account, last_date, last_time, temperature) VALUES (200, '152110196005046214', '20200202', '23:04:44', 35);
INSERT INTO Health (id, account, last_date, last_time, temperature) VALUES (201, '351877197409256106', '20200422', '06:09:53', 35.9);
INSERT INTO Health (id, account, last_date, last_time, temperature) VALUES (202, '121977201110018068', '20200324', '21:41:51', 36.3);
INSERT INTO Health (id, account, last_date, last_time, temperature) VALUES (203, '654286196506048111', '20200407', '13:19:27', 36.7);
INSERT INTO Health (id, account, last_date, last_time, temperature) VALUES (204, '330919198610125698', '20200413', '10:14:20', 36.3);
INSERT INTO Health (id, account, last_date, last_time, temperature) VALUES (205, '823507201211101746', '20200208', '13:54:54', 36.3);
INSERT INTO Health (id, account, last_date, last_time, temperature) VALUES (206, '151958193511053363', '20200315', '19:58:56', 36.5);
INSERT INTO Health (id, account, last_date, last_time, temperature) VALUES (207, '420518196408263487', '20200512', '20:57:15', 35.8);
INSERT INTO Health (id, account, last_date, last_time, temperature) VALUES (208, '511289199008074085', '20200528', '21:32:20', 37.4);
INSERT INTO Health (id, account, last_date, last_time, temperature) VALUES (209, '131772198007123541', '20200221', '22:58:10', 36.1);
INSERT INTO Health (id, account, last_date, last_time, temperature) VALUES (210, '330486198101142705', '20200302', '20:29:21', 36.2);
INSERT INTO Health (id, account, last_date, last_time, temperature) VALUES (211, '313895201408023604', '20200409', '08:42:40', 37.4);
INSERT INTO Health (id, account, last_date, last_time, temperature) VALUES (212, '332690195607160656', '20200510', '23:12:00', 36);
INSERT INTO Health (id, account, last_date, last_time, temperature) VALUES (213, '320615198911108731', '20200227', '00:34:23', 36.8);
INSERT INTO Health (id, account, last_date, last_time, temperature) VALUES (214, '714541192712190774', '20200521', '09:44:07', 37.2);
INSERT INTO Health (id, account, last_date, last_time, temperature) VALUES (215, '450393197202083979', '20200407', '10:46:16', 35);
INSERT INTO Health (id, account, last_date, last_time, temperature) VALUES (216, '313220198502134588', '20200423', '16:30:05', 36.8);
INSERT INTO Health (id, account, last_date, last_time, temperature) VALUES (217, '132996197003136762', '20200302', '04:09:03', 36.6);
INSERT INTO Health (id, account, last_date, last_time, temperature) VALUES (218, '361104194403285166', '20200304', '02:45:48', 36.9);
INSERT INTO Health (id, account, last_date, last_time, temperature) VALUES (219, '523396198107207683', '20200403', '10:18:34', 36.7);
INSERT INTO Health (id, account, last_date, last_time, temperature) VALUES (220, '443707195410038845', '20200318', '10:36:09', 35.8);
INSERT INTO Health (id, account, last_date, last_time, temperature) VALUES (221, '113831199612256249', '20200523', '01:15:13', 36.4);
INSERT INTO Health (id, account, last_date, last_time, temperature) VALUES (222, '642057201406157996', '20200422', '22:48:37', 37.2);
INSERT INTO Health (id, account, last_date, last_time, temperature) VALUES (223, '361322193510168043', '20200204', '07:13:09', 36.6);
INSERT INTO Health (id, account, last_date, last_time, temperature) VALUES (224, '371225192306151511', '20200426', '19:08:54', 36.9);
INSERT INTO Health (id, account, last_date, last_time, temperature) VALUES (225, '143838201010285654', '20200520', '08:05:24', 37);
INSERT INTO Health (id, account, last_date, last_time, temperature) VALUES (226, '824816193905113313', '20200405', '13:03:15', 37.4);
INSERT INTO Health (id, account, last_date, last_time, temperature) VALUES (227, '371333201108085696', '20200527', '18:07:23', 36.5);
INSERT INTO Health (id, account, last_date, last_time, temperature) VALUES (228, '430638197305306536', '20200419', '03:02:50', 37.1);
INSERT INTO Health (id, account, last_date, last_time, temperature) VALUES (229, '444581197504182462', '20200513', '17:01:46', 37.2);
INSERT INTO Health (id, account, last_date, last_time, temperature) VALUES (230, '12205019830907376X', '20200326', '16:40:05', 36.7);
INSERT INTO Health (id, account, last_date, last_time, temperature) VALUES (231, '310967195702045517', '20200523', '02:33:19', 35.5);
INSERT INTO Health (id, account, last_date, last_time, temperature) VALUES (232, '410522193005281588', '20200411', '19:28:15', 36.7);
INSERT INTO Health (id, account, last_date, last_time, temperature) VALUES (233, '504459199507305610', '20200222', '19:46:10', 35.4);
INSERT INTO Health (id, account, last_date, last_time, temperature) VALUES (234, '132240195404200054', '20200507', '15:35:50', 36.2);
INSERT INTO Health (id, account, last_date, last_time, temperature) VALUES (235, '322074195407228548', '20200208', '08:58:21', 35.5);
INSERT INTO Health (id, account, last_date, last_time, temperature) VALUES (236, '354825192504114275', '20200216', '18:00:36', 35.9);
INSERT INTO Health (id, account, last_date, last_time, temperature) VALUES (237, '364356193707025085', '20200517', '07:09:48', 35.2);
INSERT INTO Health (id, account, last_date, last_time, temperature) VALUES (238, '370867201209046094', '20200223', '18:22:00', 36.5);
INSERT INTO Health (id, account, last_date, last_time, temperature) VALUES (239, '812446196507257900', '20200427', '04:22:37', 36.5);
INSERT INTO Health (id, account, last_date, last_time, temperature) VALUES (240, '52179419400726113X', '20200412', '02:42:12', 35.5);
INSERT INTO Health (id, account, last_date, last_time, temperature) VALUES (241, '462532194607020420', '20200405', '20:44:28', 36.9);
INSERT INTO Health (id, account, last_date, last_time, temperature) VALUES (242, '121666200311083316', '20200205', '23:35:30', 37.4);
INSERT INTO Health (id, account, last_date, last_time, temperature) VALUES (243, '622951196507225468', '20200311', '13:49:35', 36.9);
INSERT INTO Health (id, account, last_date, last_time, temperature) VALUES (244, '513451196311061532', '20200419', '08:16:37', 35.5);
INSERT INTO Health (id, account, last_date, last_time, temperature) VALUES (245, '543311199504158964', '20200513', '19:50:26', 36.7);
INSERT INTO Health (id, account, last_date, last_time, temperature) VALUES (246, '324777193002275714', '20200508', '09:33:00', 36.9);
INSERT INTO Health (id, account, last_date, last_time, temperature) VALUES (247, '335055192303145415', '20200328', '11:04:35', 35.4);
INSERT INTO Health (id, account, last_date, last_time, temperature) VALUES (248, '154405192306089700', '20200420', '14:40:22', 37.4);
INSERT INTO Health (id, account, last_date, last_time, temperature) VALUES (249, '411706197109133328', '20200323', '19:44:58', 35.3);
INSERT INTO Health (id, account, last_date, last_time, temperature) VALUES (250, '351636199302242203', '20200312', '14:33:22', 37.2);
INSERT INTO Health (id, account, last_date, last_time, temperature) VALUES (251, '612725200407193476', '20200525', '23:38:17', 35.6);
INSERT INTO Health (id, account, last_date, last_time, temperature) VALUES (252, '321827198812294289', '20200313', '04:13:19', 35.1);
INSERT INTO Health (id, account, last_date, last_time, temperature) VALUES (253, '221674197905115945', '20200209', '21:12:17', 36.5);
INSERT INTO Health (id, account, last_date, last_time, temperature) VALUES (254, '521702196306252881', '20200407', '22:22:28', 35);
INSERT INTO Health (id, account, last_date, last_time, temperature) VALUES (255, '110714192305258931', '20200311', '17:59:57', 35.9);
INSERT INTO Health (id, account, last_date, last_time, temperature) VALUES (256, '114556198104171354', '20200504', '01:28:48', 36.8);
INSERT INTO Health (id, account, last_date, last_time, temperature) VALUES (257, '12329719560724333X', '20200516', '00:16:41', 37.2);
INSERT INTO Health (id, account, last_date, last_time, temperature) VALUES (258, '530928193303102818', '20200521', '10:44:30', 35);
INSERT INTO Health (id, account, last_date, last_time, temperature) VALUES (259, '364397198902259760', '20200211', '00:16:36', 37.4);
INSERT INTO Health (id, account, last_date, last_time, temperature) VALUES (260, '152313198210192449', '20200225', '14:27:53', 36.7);
INSERT INTO Health (id, account, last_date, last_time, temperature) VALUES (261, '530130195607236514', '20200212', '05:36:43', 36.1);
INSERT INTO Health (id, account, last_date, last_time, temperature) VALUES (262, '640532194212144146', '20200419', '18:19:08', 37.1);
INSERT INTO Health (id, account, last_date, last_time, temperature) VALUES (263, '500605195512086387', '20200321', '21:40:24', 35.8);
INSERT INTO Health (id, account, last_date, last_time, temperature) VALUES (264, '811539199011010783', '20200525', '19:21:06', 35.2);
INSERT INTO Health (id, account, last_date, last_time, temperature) VALUES (265, '522098196712151181', '20200426', '20:23:32', 37.4);
INSERT INTO Health (id, account, last_date, last_time, temperature) VALUES (266, '21421820100729516X', '20200302', '13:20:46', 36.5);
INSERT INTO Health (id, account, last_date, last_time, temperature) VALUES (267, '230578196606146125', '20200402', '07:56:43', 36);
INSERT INTO Health (id, account, last_date, last_time, temperature) VALUES (268, '540171196104257587', '20200425', '15:39:35', 35.8);
INSERT INTO Health (id, account, last_date, last_time, temperature) VALUES (269, '433238192408089155', '20200307', '12:01:06', 36.2);
INSERT INTO Health (id, account, last_date, last_time, temperature) VALUES (270, '512947192312097368', '20200418', '12:18:24', 35.4);
INSERT INTO Health (id, account, last_date, last_time, temperature) VALUES (271, '450746197601294425', '20200309', '23:34:39', 35.3);
INSERT INTO Health (id, account, last_date, last_time, temperature) VALUES (272, '123925193412253041', '20200308', '02:15:05', 36.2);
INSERT INTO Health (id, account, last_date, last_time, temperature) VALUES (273, '424188200303108946', '20200307', '14:34:39', 36.8);
INSERT INTO Health (id, account, last_date, last_time, temperature) VALUES (274, '653176196111132054', '20200523', '23:54:30', 35.5);
INSERT INTO Health (id, account, last_date, last_time, temperature) VALUES (275, '233648198709023916', '20200216', '13:12:38', 35.7);
INSERT INTO Health (id, account, last_date, last_time, temperature) VALUES (276, '811748200912295814', '20200409', '14:16:54', 36.8);
INSERT INTO Health (id, account, last_date, last_time, temperature) VALUES (277, '312276193709257896', '20200417', '01:47:57', 35.9);
INSERT INTO Health (id, account, last_date, last_time, temperature) VALUES (278, '333441199901229579', '20200406', '04:06:01', 36.3);
INSERT INTO Health (id, account, last_date, last_time, temperature) VALUES (279, '324305196902192275', '20200330', '16:06:22', 37);
INSERT INTO Health (id, account, last_date, last_time, temperature) VALUES (280, '631211192304159517', '20200415', '08:10:43', 37.1);
INSERT INTO Health (id, account, last_date, last_time, temperature) VALUES (281, '153339201212254930', '20200320', '22:26:34', 38.1);
INSERT INTO Health (id, account, last_date, last_time, temperature) VALUES (282, '323493200307269278', '20200319', '22:36:35', 35.7);
INSERT INTO Health (id, account, last_date, last_time, temperature) VALUES (283, '231808196903157017', '20200525', '09:18:57', 35.3);
INSERT INTO Health (id, account, last_date, last_time, temperature) VALUES (284, '450786193803127163', '20200320', '11:50:57', 36.5);
INSERT INTO Health (id, account, last_date, last_time, temperature) VALUES (285, '213228200102248539', '20200212', '20:02:37', 36.7);
INSERT INTO Health (id, account, last_date, last_time, temperature) VALUES (286, '131101194208095898', '20200506', '11:36:22', 35.7);
INSERT INTO Health (id, account, last_date, last_time, temperature) VALUES (287, '434532193903089548', '20200430', '15:42:10', 37.5);
INSERT INTO Health (id, account, last_date, last_time, temperature) VALUES (288, '614714199105208756', '20200522', '20:19:34', 37.5);
INSERT INTO Health (id, account, last_date, last_time, temperature) VALUES (289, '631027193405290633', '20200209', '12:48:33', 36.4);
INSERT INTO Health (id, account, last_date, last_time, temperature) VALUES (290, '442080201405269877', '20200211', '12:36:04', 36.7);
INSERT INTO Health (id, account, last_date, last_time, temperature) VALUES (291, '234884201104022297', '20200305', '19:05:24', 37.4);
INSERT INTO Health (id, account, last_date, last_time, temperature) VALUES (292, '503345194101086433', '20200325', '14:05:04', 37.4);
INSERT INTO Health (id, account, last_date, last_time, temperature) VALUES (293, '313644196308212063', '20200425', '06:58:28', 35.8);
INSERT INTO Health (id, account, last_date, last_time, temperature) VALUES (294, '632840200605072326', '20200210', '00:42:03', 36.3);
INSERT INTO Health (id, account, last_date, last_time, temperature) VALUES (295, '37061119621121850X', '20200429', '12:48:41', 35.3);
INSERT INTO Health (id, account, last_date, last_time, temperature) VALUES (296, '131216196709113082', '20200318', '23:41:30', 36.9);
INSERT INTO Health (id, account, last_date, last_time, temperature) VALUES (297, '144399200704179987', '20200206', '09:23:17', 36.7);
INSERT INTO Health (id, account, last_date, last_time, temperature) VALUES (298, '644943192508274947', '20200514', '16:38:05', 35.9);
INSERT INTO Health (id, account, last_date, last_time, temperature) VALUES (299, '524853198701191940', '20200227', '19:22:28', 36.4);
INSERT INTO Health (id, account, last_date, last_time, temperature) VALUES (300, '821636194309083515', '20200310', '15:26:39', 35.1);
INSERT INTO Health (id, account, last_date, last_time, temperature) VALUES (301, '133381195309110087', '20200206', '22:44:08', 36.4);
INSERT INTO Health (id, account, last_date, last_time, temperature) VALUES (302, '310295198101254168', '20200327', '11:02:36', 37.1);
INSERT INTO Health (id, account, last_date, last_time, temperature) VALUES (303, '343686199303304508', '20200528', '15:59:41', 36.6);
INSERT INTO Health (id, account, last_date, last_time, temperature) VALUES (304, '123599201202196794', '20200528', '07:20:25', 37.3);
INSERT INTO Health (id, account, last_date, last_time, temperature) VALUES (305, '322839199108150806', '20200219', '20:44:53', 36);
INSERT INTO Health (id, account, last_date, last_time, temperature) VALUES (306, '615039193406015095', '20200403', '02:32:35', 36.7);
INSERT INTO Health (id, account, last_date, last_time, temperature) VALUES (307, '214469192510033822', '20200517', '17:23:08', 35.9);
INSERT INTO Health (id, account, last_date, last_time, temperature) VALUES (308, '314256197807286115', '20200301', '23:28:55', 35.8);
INSERT INTO Health (id, account, last_date, last_time, temperature) VALUES (309, '501280196907042072', '20200401', '04:39:52', 35.1);
INSERT INTO Health (id, account, last_date, last_time, temperature) VALUES (310, '374178195104090960', '20200409', '12:31:38', 37.4);
INSERT INTO Health (id, account, last_date, last_time, temperature) VALUES (311, '463938199606103830', '20200321', '09:23:49', 37);
INSERT INTO Health (id, account, last_date, last_time, temperature) VALUES (312, '152015201112039622', '20200423', '22:24:05', 38);
INSERT INTO Health (id, account, last_date, last_time, temperature) VALUES (313, '620286197701170079', '20200326', '13:41:09', 36.1);
INSERT INTO Health (id, account, last_date, last_time, temperature) VALUES (314, '814240196802056630', '20200329', '18:56:41', 36.4);
INSERT INTO Health (id, account, last_date, last_time, temperature) VALUES (315, '134584194911067370', '20200511', '14:42:37', 35.4);
INSERT INTO Health (id, account, last_date, last_time, temperature) VALUES (316, '323742193106089688', '20200315', '21:43:07', 36.9);
INSERT INTO Health (id, account, last_date, last_time, temperature) VALUES (317, '652111192702037735', '20200206', '08:43:08', 36.6);
INSERT INTO Health (id, account, last_date, last_time, temperature) VALUES (318, '635085200404214537', '20200516', '12:54:40', 36.6);
INSERT INTO Health (id, account, last_date, last_time, temperature) VALUES (319, '361044193512066648', '20200410', '17:45:50', 36.9);
INSERT INTO Health (id, account, last_date, last_time, temperature) VALUES (320, '71030319360609612X', '20200213', '11:50:17', 37.3);
INSERT INTO Health (id, account, last_date, last_time, temperature) VALUES (321, '36369519710614053X', '20200305', '05:48:06', 36.5);
INSERT INTO Health (id, account, last_date, last_time, temperature) VALUES (322, '424067199302079358', '20200330', '01:05:27', 36.5);
INSERT INTO Health (id, account, last_date, last_time, temperature) VALUES (323, '632406195607066872', '20200505', '09:34:09', 35);
INSERT INTO Health (id, account, last_date, last_time, temperature) VALUES (324, '122385196312053008', '20200426', '09:55:43', 36.8);
INSERT INTO Health (id, account, last_date, last_time, temperature) VALUES (325, '820427194706255550', '20200507', '19:25:29', 36.7);
INSERT INTO Health (id, account, last_date, last_time, temperature) VALUES (326, '354219194106033087', '20200329', '09:05:10', 35.2);
INSERT INTO Health (id, account, last_date, last_time, temperature) VALUES (327, '343826199505299748', '20200222', '23:19:15', 35.6);
INSERT INTO Health (id, account, last_date, last_time, temperature) VALUES (328, '430268199202085183', '20200502', '23:53:53', 36);
INSERT INTO Health (id, account, last_date, last_time, temperature) VALUES (329, '413160200511263415', '20200419', '10:48:31', 36.7);
INSERT INTO Health (id, account, last_date, last_time, temperature) VALUES (330, '82077519580309626X', '20200315', '06:19:53', 36.2);
INSERT INTO Health (id, account, last_date, last_time, temperature) VALUES (331, '453107196811222191', '20200403', '18:48:58', 35.1);
INSERT INTO Health (id, account, last_date, last_time, temperature) VALUES (332, '142031199106149190', '20200517', '04:28:51', 36.4);
INSERT INTO Health (id, account, last_date, last_time, temperature) VALUES (333, '541849194706137971', '20200425', '03:35:06', 36.9);
INSERT INTO Health (id, account, last_date, last_time, temperature) VALUES (334, '324437199401253532', '20200518', '14:58:40', 36.2);
INSERT INTO Health (id, account, last_date, last_time, temperature) VALUES (335, '430584198305253655', '20200401', '03:35:47', 35.2);
INSERT INTO Health (id, account, last_date, last_time, temperature) VALUES (336, '372294195801306272', '20200407', '00:21:25', 35.2);
INSERT INTO Health (id, account, last_date, last_time, temperature) VALUES (337, '510271199007221136', '20200523', '06:30:31', 36.8);
INSERT INTO Health (id, account, last_date, last_time, temperature) VALUES (338, '520735199503111492', '20200322', '01:55:04', 36.4);
INSERT INTO Health (id, account, last_date, last_time, temperature) VALUES (339, '643583193302036612', '20200527', '09:22:03', 36);
INSERT INTO Health (id, account, last_date, last_time, temperature) VALUES (340, '823847197507021659', '20200221', '20:59:52', 35.8);
INSERT INTO Health (id, account, last_date, last_time, temperature) VALUES (341, '543649195303310922', '20200317', '18:35:39', 36);
INSERT INTO Health (id, account, last_date, last_time, temperature) VALUES (342, '322167200706267909', '20200302', '00:04:55', 35.7);
INSERT INTO Health (id, account, last_date, last_time, temperature) VALUES (343, '501874195811053760', '20200215', '22:05:17', 36.5);
INSERT INTO Health (id, account, last_date, last_time, temperature) VALUES (344, '123050199904291437', '20200313', '16:31:02', 35.5);
INSERT INTO Health (id, account, last_date, last_time, temperature) VALUES (345, '343744194502257419', '20200227', '00:28:49', 35.4);
INSERT INTO Health (id, account, last_date, last_time, temperature) VALUES (346, '610130192809028131', '20200315', '02:03:58', 36.4);
INSERT INTO Health (id, account, last_date, last_time, temperature) VALUES (347, '443264201309092254', '20200515', '23:06:44', 36.2);
INSERT INTO Health (id, account, last_date, last_time, temperature) VALUES (348, '712959195107053409', '20200416', '03:07:09', 35);
INSERT INTO Health (id, account, last_date, last_time, temperature) VALUES (349, '65226519551029158X', '20200324', '00:40:20', 35.9);
INSERT INTO Health (id, account, last_date, last_time, temperature) VALUES (350, '231757198205041018', '20200204', '08:32:26', 35.4);
INSERT INTO Health (id, account, last_date, last_time, temperature) VALUES (351, '52092119230323857X', '20200502', '14:15:18', 35.9);
INSERT INTO Health (id, account, last_date, last_time, temperature) VALUES (352, '413379197504172870', '20200325', '22:25:23', 37.1);
INSERT INTO Health (id, account, last_date, last_time, temperature) VALUES (353, '365026192409190240', '20200408', '09:32:38', 35.5);
INSERT INTO Health (id, account, last_date, last_time, temperature) VALUES (354, '353932198202034579', '20200427', '10:25:49', 37);
INSERT INTO Health (id, account, last_date, last_time, temperature) VALUES (355, '464615192805165419', '20200228', '19:08:10', 35.9);
INSERT INTO Health (id, account, last_date, last_time, temperature) VALUES (356, '123929192308230528', '20200519', '17:13:02', 35.8);
INSERT INTO Health (id, account, last_date, last_time, temperature) VALUES (357, '522336194110052975', '20200211', '19:03:50', 35.2);
INSERT INTO Health (id, account, last_date, last_time, temperature) VALUES (358, '644307198808229419', '20200507', '15:52:33', 35.4);
INSERT INTO Health (id, account, last_date, last_time, temperature) VALUES (359, '44357919550403701X', '20200425', '05:23:24', 36.1);
INSERT INTO Health (id, account, last_date, last_time, temperature) VALUES (360, '444863201211117554', '20200312', '11:05:12', 35.7);
INSERT INTO Health (id, account, last_date, last_time, temperature) VALUES (361, '12338419951012573X', '20200211', '07:09:32', 36.2);
INSERT INTO Health (id, account, last_date, last_time, temperature) VALUES (362, '714947197910123314', '20200510', '16:57:29', 35);
INSERT INTO Health (id, account, last_date, last_time, temperature) VALUES (363, '361992201003060114', '20200308', '05:14:32', 35.5);
INSERT INTO Health (id, account, last_date, last_time, temperature) VALUES (364, '460334196304158368', '20200331', '04:03:31', 36.3);
INSERT INTO Health (id, account, last_date, last_time, temperature) VALUES (365, '233272199302095811', '20200204', '13:43:20', 35.7);
INSERT INTO Health (id, account, last_date, last_time, temperature) VALUES (366, '361998194010039811', '20200429', '20:06:04', 35.4);
INSERT INTO Health (id, account, last_date, last_time, temperature) VALUES (367, '454817198908136913', '20200304', '11:56:26', 35.5);
INSERT INTO Health (id, account, last_date, last_time, temperature) VALUES (368, '445061193205063755', '20200327', '05:34:18', 35.9);
INSERT INTO Health (id, account, last_date, last_time, temperature) VALUES (369, '611111198511090793', '20200420', '20:15:46', 35.4);
INSERT INTO Health (id, account, last_date, last_time, temperature) VALUES (370, '224571196810142033', '20200209', '04:01:08', 36.8);
INSERT INTO Health (id, account, last_date, last_time, temperature) VALUES (371, '523337192908180876', '20200424', '14:26:50', 36.7);
INSERT INTO Health (id, account, last_date, last_time, temperature) VALUES (372, '45139319871103562X', '20200501', '22:15:13', 35.9);
INSERT INTO Health (id, account, last_date, last_time, temperature) VALUES (373, '310419198302142818', '20200302', '13:00:22', 36.2);
INSERT INTO Health (id, account, last_date, last_time, temperature) VALUES (374, '211591199305112324', '20200323', '16:01:20', 36.8);
INSERT INTO Health (id, account, last_date, last_time, temperature) VALUES (375, '462874192901092873', '20200224', '06:26:56', 35.3);
INSERT INTO Health (id, account, last_date, last_time, temperature) VALUES (376, '34453919830813570X', '20200311', '22:53:39', 36.5);
INSERT INTO Health (id, account, last_date, last_time, temperature) VALUES (377, '420124195401165437', '20200224', '15:19:00', 36.7);
INSERT INTO Health (id, account, last_date, last_time, temperature) VALUES (378, '141956194708169412', '20200311', '15:15:48', 35.4);
INSERT INTO Health (id, account, last_date, last_time, temperature) VALUES (379, '152680199910142555', '20200512', '20:38:32', 35.9);
INSERT INTO Health (id, account, last_date, last_time, temperature) VALUES (380, '114370193908155377', '20200407', '14:04:22', 36.3);
INSERT INTO Health (id, account, last_date, last_time, temperature) VALUES (381, '411307196106177069', '20200327', '19:10:24', 35.8);
INSERT INTO Health (id, account, last_date, last_time, temperature) VALUES (382, '460879192310266495', '20200211', '01:30:00', 36.7);
INSERT INTO Health (id, account, last_date, last_time, temperature) VALUES (383, '363106198505075466', '20200514', '16:22:46', 36.6);
INSERT INTO Health (id, account, last_date, last_time, temperature) VALUES (384, '630707198802120869', '20200430', '13:13:57', 37);
INSERT INTO Health (id, account, last_date, last_time, temperature) VALUES (385, '352333199706015695', '20200523', '17:16:23', 35.4);
INSERT INTO Health (id, account, last_date, last_time, temperature) VALUES (386, '510865192705082497', '20200509', '07:38:24', 35.4);
INSERT INTO Health (id, account, last_date, last_time, temperature) VALUES (387, '632041193105247677', '20200317', '09:53:39', 37.2);
INSERT INTO Health (id, account, last_date, last_time, temperature) VALUES (388, '324004199407118825', '20200309', '04:22:12', 35.2);
INSERT INTO Health (id, account, last_date, last_time, temperature) VALUES (389, '610651200410194838', '20200423', '00:17:43', 35.9);
INSERT INTO Health (id, account, last_date, last_time, temperature) VALUES (390, '351239201212129745', '20200228', '01:11:40', 37.1);
INSERT INTO Health (id, account, last_date, last_time, temperature) VALUES (391, '453609195608146758', '20200506', '08:07:29', 35.4);
INSERT INTO Health (id, account, last_date, last_time, temperature) VALUES (392, '332278192507273246', '20200522', '19:33:56', 35.6);
INSERT INTO Health (id, account, last_date, last_time, temperature) VALUES (393, '143406192612162668', '20200423', '16:34:41', 35.7);
INSERT INTO Health (id, account, last_date, last_time, temperature) VALUES (394, '452961196411277382', '20200302', '22:30:04', 35.6);
INSERT INTO Health (id, account, last_date, last_time, temperature) VALUES (395, '224751193909203880', '20200522', '21:04:13', 36.7);
INSERT INTO Health (id, account, last_date, last_time, temperature) VALUES (396, '713057197712010881', '20200226', '17:34:59', 37.4);
INSERT INTO Health (id, account, last_date, last_time, temperature) VALUES (397, '621062200911294462', '20200517', '02:30:54', 35.7);
INSERT INTO Health (id, account, last_date, last_time, temperature) VALUES (398, '711402200407051571', '20200213', '15:58:44', 37);
INSERT INTO Health (id, account, last_date, last_time, temperature) VALUES (399, '540118192908168365', '20200531', '07:09:40', 37.2);
INSERT INTO Health (id, account, last_date, last_time, temperature) VALUES (400, '111304201103214222', '20200208', '22:00:22', 35.8);
INSERT INTO Health (id, account, last_date, last_time, temperature) VALUES (401, '430946192508086697', '20200314', '14:01:56', 36.6);
INSERT INTO Health (id, account, last_date, last_time, temperature) VALUES (402, '32292719490708699X', '20200529', '11:24:01', 37.3);
INSERT INTO Health (id, account, last_date, last_time, temperature) VALUES (403, '711671197409213152', '20200318', '22:57:48', 35.8);
INSERT INTO Health (id, account, last_date, last_time, temperature) VALUES (404, '360230194803127992', '20200522', '03:15:09', 35.6);
INSERT INTO Health (id, account, last_date, last_time, temperature) VALUES (405, '424012199104136572', '20200218', '03:08:21', 36.5);
INSERT INTO Health (id, account, last_date, last_time, temperature) VALUES (406, '523821201403235432', '20200202', '03:46:57', 36.7);
INSERT INTO Health (id, account, last_date, last_time, temperature) VALUES (407, '13102820140724466X', '20200221', '11:44:07', 35.3);
INSERT INTO Health (id, account, last_date, last_time, temperature) VALUES (408, '65275219680123287X', '20200324', '08:39:17', 35);
INSERT INTO Health (id, account, last_date, last_time, temperature) VALUES (409, '634559200206279053', '20200204', '18:22:56', 37);
INSERT INTO Health (id, account, last_date, last_time, temperature) VALUES (410, '120914200301019576', '20200323', '07:30:05', 37.4);
INSERT INTO Health (id, account, last_date, last_time, temperature) VALUES (411, '460464199909099742', '20200505', '14:43:12', 36.2);
INSERT INTO Health (id, account, last_date, last_time, temperature) VALUES (412, '42412320041019525X', '20200416', '12:05:52', 36.3);
INSERT INTO Health (id, account, last_date, last_time, temperature) VALUES (413, '443833193007081919', '20200419', '03:19:32', 37.4);
INSERT INTO Health (id, account, last_date, last_time, temperature) VALUES (414, '410450199508049006', '20200318', '14:12:42', 35.1);
INSERT INTO Health (id, account, last_date, last_time, temperature) VALUES (415, '154015199112035526', '20200220', '14:36:34', 35.9);
INSERT INTO Health (id, account, last_date, last_time, temperature) VALUES (416, '713569193306164437', '20200520', '00:28:12', 35.9);
INSERT INTO Health (id, account, last_date, last_time, temperature) VALUES (417, '654569199802055454', '20200222', '05:16:39', 35);
INSERT INTO Health (id, account, last_date, last_time, temperature) VALUES (418, '130932193408288065', '20200211', '00:06:22', 37);
INSERT INTO Health (id, account, last_date, last_time, temperature) VALUES (419, '530142200806276174', '20200401', '20:14:47', 37.4);
INSERT INTO Health (id, account, last_date, last_time, temperature) VALUES (420, '111289198703209302', '20200406', '11:32:35', 37.3);
INSERT INTO Health (id, account, last_date, last_time, temperature) VALUES (421, '502113197401020225', '20200531', '16:16:36', 36.6);
INSERT INTO Health (id, account, last_date, last_time, temperature) VALUES (422, '324887198912068031', '20200416', '15:18:35', 36);
INSERT INTO Health (id, account, last_date, last_time, temperature) VALUES (423, '522223195704076842', '20200320', '07:02:34', 36.8);
INSERT INTO Health (id, account, last_date, last_time, temperature) VALUES (424, '144821200111054139', '20200209', '22:42:07', 36);
INSERT INTO Health (id, account, last_date, last_time, temperature) VALUES (425, '653575198405228285', '20200228', '05:19:11', 35.8);
INSERT INTO Health (id, account, last_date, last_time, temperature) VALUES (426, '433196199709257399', '20200525', '16:32:00', 35.2);
INSERT INTO Health (id, account, last_date, last_time, temperature) VALUES (427, '353959197703139020', '20200319', '00:18:39', 36.2);
INSERT INTO Health (id, account, last_date, last_time, temperature) VALUES (428, '332720199307173931', '20200411', '09:09:27', 38.1);
INSERT INTO Health (id, account, last_date, last_time, temperature) VALUES (429, '221558196406038657', '20200320', '20:05:24', 37.2);
INSERT INTO Health (id, account, last_date, last_time, temperature) VALUES (430, '223857197803116314', '20200509', '14:42:08', 35.5);
INSERT INTO Health (id, account, last_date, last_time, temperature) VALUES (431, '454585192611026352', '20200409', '06:21:50', 35.7);
INSERT INTO Health (id, account, last_date, last_time, temperature) VALUES (432, '213616199607015579', '20200412', '03:09:50', 37);
INSERT INTO Health (id, account, last_date, last_time, temperature) VALUES (433, '822128196004193537', '20200228', '20:19:07', 36.3);
INSERT INTO Health (id, account, last_date, last_time, temperature) VALUES (434, '434974198708192710', '20200429', '06:10:01', 35.1);
INSERT INTO Health (id, account, last_date, last_time, temperature) VALUES (435, '222178199306148941', '20200217', '02:04:55', 35.4);
INSERT INTO Health (id, account, last_date, last_time, temperature) VALUES (436, '820141193104068495', '20200414', '05:30:54', 35.1);
INSERT INTO Health (id, account, last_date, last_time, temperature) VALUES (437, '454632194207123397', '20200521', '22:08:56', 36.6);
INSERT INTO Health (id, account, last_date, last_time, temperature) VALUES (438, '234434197706027233', '20200211', '03:19:06', 36.8);
INSERT INTO Health (id, account, last_date, last_time, temperature) VALUES (439, '813497199206214442', '20200502', '20:14:02', 37);
INSERT INTO Health (id, account, last_date, last_time, temperature) VALUES (440, '312959196405178501', '20200327', '06:05:58', 36.3);
INSERT INTO Health (id, account, last_date, last_time, temperature) VALUES (441, '214040196909235002', '20200204', '09:53:39', 36.5);
INSERT INTO Health (id, account, last_date, last_time, temperature) VALUES (442, '124706197401207317', '20200321', '03:14:19', 35.4);
INSERT INTO Health (id, account, last_date, last_time, temperature) VALUES (443, '313124196702182128', '20200530', '03:27:55', 35.3);
INSERT INTO Health (id, account, last_date, last_time, temperature) VALUES (444, '21451119880424814X', '20200421', '07:18:06', 37);
INSERT INTO Health (id, account, last_date, last_time, temperature) VALUES (445, '640432200412308763', '20200430', '06:24:56', 37.1);
INSERT INTO Health (id, account, last_date, last_time, temperature) VALUES (446, '820241194904058258', '20200303', '22:54:44', 36.9);
INSERT INTO Health (id, account, last_date, last_time, temperature) VALUES (447, '541837195106137719', '20200319', '08:59:55', 36.1);
INSERT INTO Health (id, account, last_date, last_time, temperature) VALUES (448, '52444919790326768X', '20200503', '23:35:34', 37.8);
INSERT INTO Health (id, account, last_date, last_time, temperature) VALUES (449, '414158197601085961', '20200305', '21:40:40', 35.5);
INSERT INTO Health (id, account, last_date, last_time, temperature) VALUES (450, '523585199504164054', '20200319', '14:07:13', 35.8);
INSERT INTO Health (id, account, last_date, last_time, temperature) VALUES (451, '314339195205274931', '20200517', '10:19:48', 35.4);
INSERT INTO Health (id, account, last_date, last_time, temperature) VALUES (452, '311704198802072995', '20200527', '23:58:22', 35.8);
INSERT INTO Health (id, account, last_date, last_time, temperature) VALUES (453, '153435196104065736', '20200312', '05:14:41', 37);
INSERT INTO Health (id, account, last_date, last_time, temperature) VALUES (454, '44096219680914475X', '20200523', '16:21:38', 36.2);
INSERT INTO Health (id, account, last_date, last_time, temperature) VALUES (455, '414756193102151665', '20200524', '18:10:07', 35.4);
INSERT INTO Health (id, account, last_date, last_time, temperature) VALUES (456, '713363193303085369', '20200414', '06:30:14', 37.2);
INSERT INTO Health (id, account, last_date, last_time, temperature) VALUES (457, '411041200302080522', '20200424', '22:32:04', 35.6);
INSERT INTO Health (id, account, last_date, last_time, temperature) VALUES (458, '233620197304108966', '20200322', '06:01:27', 35.9);
INSERT INTO Health (id, account, last_date, last_time, temperature) VALUES (459, '364025196902027022', '20200502', '07:28:45', 35.7);
INSERT INTO Health (id, account, last_date, last_time, temperature) VALUES (460, '812264197604307836', '20200225', '13:03:06', 35.9);
INSERT INTO Health (id, account, last_date, last_time, temperature) VALUES (461, '813982192904135321', '20200211', '10:53:38', 36.6);
INSERT INTO Health (id, account, last_date, last_time, temperature) VALUES (462, '52205319510313201X', '20200313', '08:26:37', 35.5);
INSERT INTO Health (id, account, last_date, last_time, temperature) VALUES (463, '713662198802041754', '20200326', '18:06:08', 37.2);
INSERT INTO Health (id, account, last_date, last_time, temperature) VALUES (464, '642106198302261803', '20200304', '04:10:55', 37.3);
INSERT INTO Health (id, account, last_date, last_time, temperature) VALUES (465, '444811200712252051', '20200507', '22:09:45', 35.8);
INSERT INTO Health (id, account, last_date, last_time, temperature) VALUES (466, '413485198206038306', '20200312', '14:28:22', 35.5);
INSERT INTO Health (id, account, last_date, last_time, temperature) VALUES (467, '371723194005304603', '20200505', '03:11:46', 35.1);
INSERT INTO Health (id, account, last_date, last_time, temperature) VALUES (468, '714392198209264310', '20200327', '02:10:39', 36.7);
INSERT INTO Health (id, account, last_date, last_time, temperature) VALUES (469, '312582201101207337', '20200531', '21:17:19', 36.1);
INSERT INTO Health (id, account, last_date, last_time, temperature) VALUES (470, '344808194711172674', '20200209', '07:04:51', 37.3);
INSERT INTO Health (id, account, last_date, last_time, temperature) VALUES (471, '512301195303148333', '20200522', '01:11:01', 35.9);
INSERT INTO Health (id, account, last_date, last_time, temperature) VALUES (472, '121607198712024950', '20200203', '16:28:11', 35);
INSERT INTO Health (id, account, last_date, last_time, temperature) VALUES (473, '233569195907133282', '20200205', '20:00:39', 36.8);
INSERT INTO Health (id, account, last_date, last_time, temperature) VALUES (474, '15032919501211366X', '20200311', '03:41:49', 35.8);
INSERT INTO Health (id, account, last_date, last_time, temperature) VALUES (475, '622659198809211323', '20200203', '04:07:11', 35.3);
INSERT INTO Health (id, account, last_date, last_time, temperature) VALUES (476, '230728195711307705', '20200529', '21:58:08', 36.1);
INSERT INTO Health (id, account, last_date, last_time, temperature) VALUES (477, '230777197004225330', '20200408', '14:50:56', 37);
INSERT INTO Health (id, account, last_date, last_time, temperature) VALUES (478, '632648192903202270', '20200406', '19:52:18', 35.8);
INSERT INTO Health (id, account, last_date, last_time, temperature) VALUES (479, '522143192410114952', '20200322', '06:02:07', 37.3);
INSERT INTO Health (id, account, last_date, last_time, temperature) VALUES (480, '441675197507317169', '20200209', '02:34:08', 37.3);
INSERT INTO Health (id, account, last_date, last_time, temperature) VALUES (481, '113087194204092344', '20200405', '01:59:44', 35);
INSERT INTO Health (id, account, last_date, last_time, temperature) VALUES (482, '233201195407155502', '20200405', '07:47:52', 36.2);
INSERT INTO Health (id, account, last_date, last_time, temperature) VALUES (483, '710689195302098446', '20200226', '20:24:09', 36.5);
INSERT INTO Health (id, account, last_date, last_time, temperature) VALUES (484, '541461200302273601', '20200211', '14:56:53', 36.2);
INSERT INTO Health (id, account, last_date, last_time, temperature) VALUES (485, '362742194704050454', '20200410', '05:36:10', 37.4);
INSERT INTO Health (id, account, last_date, last_time, temperature) VALUES (486, '331416193303098110', '20200327', '22:44:09', 35.4);
INSERT INTO Health (id, account, last_date, last_time, temperature) VALUES (487, '331537200108283816', '20200209', '01:53:13', 36);
INSERT INTO Health (id, account, last_date, last_time, temperature) VALUES (488, '642416193606230742', '20200215', '18:30:30', 37.4);
INSERT INTO Health (id, account, last_date, last_time, temperature) VALUES (489, '331172200105270493', '20200228', '11:36:50', 36);
INSERT INTO Health (id, account, last_date, last_time, temperature) VALUES (490, '43455219420425121X', '20200529', '09:22:47', 36.7);
INSERT INTO Health (id, account, last_date, last_time, temperature) VALUES (491, '651409193203103475', '20200307', '19:50:43', 35.9);
INSERT INTO Health (id, account, last_date, last_time, temperature) VALUES (492, '423208198107254427', '20200426', '06:34:18', 36.8);
INSERT INTO Health (id, account, last_date, last_time, temperature) VALUES (493, '61381319300108317X', '20200415', '03:52:12', 36);
INSERT INTO Health (id, account, last_date, last_time, temperature) VALUES (494, '643011193107089540', '20200215', '23:34:05', 36.6);
INSERT INTO Health (id, account, last_date, last_time, temperature) VALUES (495, '321609196412213276', '20200503', '10:22:55', 36.5);
INSERT INTO Health (id, account, last_date, last_time, temperature) VALUES (496, '624323194202010561', '20200227', '09:19:47', 36.3);
INSERT INTO Health (id, account, last_date, last_time, temperature) VALUES (497, '523686195606272585', '20200417', '20:47:04', 37.4);
INSERT INTO Health (id, account, last_date, last_time, temperature) VALUES (498, '422707193912199969', '20200209', '09:43:14', 35);
INSERT INTO Health (id, account, last_date, last_time, temperature) VALUES (499, '350804194902070572', '20200416', '07:26:17', 35.2);
INSERT INTO Health (id, account, last_date, last_time, temperature) VALUES (500, '643751200408193259', '20200321', '20:30:44', 37.3);
/* 共生成病人18个 */

/* 建立News信息 */
INSERT INTO News (account, date, time, title, abstract, content, cnt, visible) VALUES('113618192903054324', '20200508', '18:52:37', 'title 0', 'abstract 0', 'content 0', 164, true);
INSERT INTO News (account, date, time, title, abstract, content, cnt, visible) VALUES('463292194203018398', '20200410', '00:47:47', 'title 1', 'abstract 1', 'content 1', 93, false);
INSERT INTO News (account, date, time, title, abstract, content, cnt, visible) VALUES('420135197603284606', '20200416', '21:20:27', 'title 2', 'abstract 2', 'content 2', 213, true);
INSERT INTO News (account, date, time, title, abstract, content, cnt, visible) VALUES('524446192904153952', '20200403', '09:15:23', 'title 3', 'abstract 3', 'content 3', 98, true);
INSERT INTO News (account, date, time, title, abstract, content, cnt, visible) VALUES('113618192903054324', '20200508', '18:06:23', 'title 4', 'abstract 4', 'content 4', 342, true);
INSERT INTO News (account, date, time, title, abstract, content, cnt, visible) VALUES('113618192903054324', '20200531', '02:00:45', 'title 5', 'abstract 5', 'content 5', 134, true);
INSERT INTO News (account, date, time, title, abstract, content, cnt, visible) VALUES('463292194203018398', '20200430', '07:48:51', 'title 6', 'abstract 6', 'content 6', 11, true);
INSERT INTO News (account, date, time, title, abstract, content, cnt, visible) VALUES('463292194203018398', '20200212', '18:27:37', 'title 7', 'abstract 7', 'content 7', 476, true);
INSERT INTO News (account, date, time, title, abstract, content, cnt, visible) VALUES('524446192904153952', '20200321', '16:02:40', 'title 8', 'abstract 8', 'content 8', 294, true);
INSERT INTO News (account, date, time, title, abstract, content, cnt, visible) VALUES('530287193705076488', '20200203', '12:20:00', 'title 9', 'abstract 9', 'content 9', 150, true);
/* 共生成新闻10个 */

/* 建立Comments信息 */
INSERT INTO Comments (id, New_id, content, author, visible) VALUES(1, 1, 'content 0.1', '汪泽振', true);
INSERT INTO Comments (id, New_id, content, author, visible) VALUES(2, 1, 'content 0.2', '陆力', true);
INSERT INTO Comments (id, New_id, content, author, visible) VALUES(3, 1, 'content 0.3', '山巩淘静', true);
INSERT INTO Comments (id, New_id, content, author, visible) VALUES(4, 1, 'content 0.4', '姚柏朋', true);
INSERT INTO Comments (id, New_id, content, author, visible) VALUES(5, 1, 'content 0.5', '常诺兰', true);
INSERT INTO Comments (id, New_id, content, author, visible) VALUES(6, 1, 'content 0.6', '晁一圣', true);
INSERT INTO Comments (id, New_id, content, author, visible) VALUES(7, 1, 'content 0.7', '靳兮旭', true);
INSERT INTO Comments (id, New_id, content, author, visible) VALUES(8, 1, 'content 0.8', '部馨正', true);
INSERT INTO Comments (id, New_id, content, author, visible) VALUES(9, 1, 'content 0.9', '米源奕', true);
INSERT INTO Comments (id, New_id, content, author, visible) VALUES(10, 1, 'content 0.10', '仲音奇', true);
INSERT INTO Comments (id, New_id, content, author, visible) VALUES(11, 2, 'content 1.1', '宫轩霄', true);
INSERT INTO Comments (id, New_id, content, author, visible) VALUES(12, 2, 'content 1.2', '许倨', true);
INSERT INTO Comments (id, New_id, content, author, visible) VALUES(13, 2, 'content 1.3', '尚静圆', true);
INSERT INTO Comments (id, New_id, content, author, visible) VALUES(14, 2, 'content 1.4', '江伟', true);
INSERT INTO Comments (id, New_id, content, author, visible) VALUES(15, 2, 'content 1.5', '隽飞阳', true);
INSERT INTO Comments (id, New_id, content, author, visible) VALUES(16, 2, 'content 1.6', '肖天辰', true);
INSERT INTO Comments (id, New_id, content, author, visible) VALUES(17, 2, 'content 1.7', '钟帆亚', true);
INSERT INTO Comments (id, New_id, content, author, visible) VALUES(18, 2, 'content 1.8', '郑千哲', true);
INSERT INTO Comments (id, New_id, content, author, visible) VALUES(19, 2, 'content 1.9', '龚有舒', true);
INSERT INTO Comments (id, New_id, content, author, visible) VALUES(20, 2, 'content 1.10', '姚柏朋', false);
INSERT INTO Comments (id, New_id, content, author, visible) VALUES(21, 3, 'content 2.1', '寻敏', true);
INSERT INTO Comments (id, New_id, content, author, visible) VALUES(22, 3, 'content 2.2', '张佳霖', true);
INSERT INTO Comments (id, New_id, content, author, visible) VALUES(23, 3, 'content 2.3', '吴炎凌', true);
INSERT INTO Comments (id, New_id, content, author, visible) VALUES(24, 3, 'content 2.4', '康子', true);
INSERT INTO Comments (id, New_id, content, author, visible) VALUES(25, 3, 'content 2.5', '周兰', false);
INSERT INTO Comments (id, New_id, content, author, visible) VALUES(26, 3, 'content 2.6', '严润凡', true);
INSERT INTO Comments (id, New_id, content, author, visible) VALUES(27, 3, 'content 2.7', '吴一天', true);
INSERT INTO Comments (id, New_id, content, author, visible) VALUES(28, 3, 'content 2.8', '韩霖新', true);
INSERT INTO Comments (id, New_id, content, author, visible) VALUES(29, 3, 'content 2.9', '周毅冠', true);
INSERT INTO Comments (id, New_id, content, author, visible) VALUES(30, 3, 'content 2.10', '常灯', false);
INSERT INTO Comments (id, New_id, content, author, visible) VALUES(31, 4, 'content 3.1', '上官淘', true);
INSERT INTO Comments (id, New_id, content, author, visible) VALUES(32, 4, 'content 3.2', '付睿朋', true);
INSERT INTO Comments (id, New_id, content, author, visible) VALUES(33, 4, 'content 3.3', '边嘉丹', true);
INSERT INTO Comments (id, New_id, content, author, visible) VALUES(34, 4, 'content 3.4', '吕振凡', true);
INSERT INTO Comments (id, New_id, content, author, visible) VALUES(35, 4, 'content 3.5', '韩冠炜', true);
INSERT INTO Comments (id, New_id, content, author, visible) VALUES(36, 4, 'content 3.6', '晁灯', true);
INSERT INTO Comments (id, New_id, content, author, visible) VALUES(37, 4, 'content 3.7', '严铭亚', true);
INSERT INTO Comments (id, New_id, content, author, visible) VALUES(38, 4, 'content 3.8', '燕龙腾', true);
INSERT INTO Comments (id, New_id, content, author, visible) VALUES(39, 4, 'content 3.9', '商铭音', true);
INSERT INTO Comments (id, New_id, content, author, visible) VALUES(40, 4, 'content 3.10', '陈锐佳', true);
INSERT INTO Comments (id, New_id, content, author, visible) VALUES(41, 5, 'content 4.1', '杜赛静', true);
INSERT INTO Comments (id, New_id, content, author, visible) VALUES(42, 5, 'content 4.2', '尚琦', true);
INSERT INTO Comments (id, New_id, content, author, visible) VALUES(43, 5, 'content 4.3', '孙赛琦', true);
INSERT INTO Comments (id, New_id, content, author, visible) VALUES(44, 5, 'content 4.4', '夏硕佳', true);
INSERT INTO Comments (id, New_id, content, author, visible) VALUES(45, 5, 'content 4.5', '尚琦', true);
INSERT INTO Comments (id, New_id, content, author, visible) VALUES(46, 5, 'content 4.6', '臧兰', false);
INSERT INTO Comments (id, New_id, content, author, visible) VALUES(47, 5, 'content 4.7', '靳瀚哲', true);
INSERT INTO Comments (id, New_id, content, author, visible) VALUES(48, 5, 'content 4.8', '张千菲', true);
INSERT INTO Comments (id, New_id, content, author, visible) VALUES(49, 5, 'content 4.9', '严舒', false);
INSERT INTO Comments (id, New_id, content, author, visible) VALUES(50, 5, 'content 4.10', '刘音馨', true);
INSERT INTO Comments (id, New_id, content, author, visible) VALUES(51, 6, 'content 5.1', '耿圣雨', true);
INSERT INTO Comments (id, New_id, content, author, visible) VALUES(52, 6, 'content 5.2', '晁一圣', true);
INSERT INTO Comments (id, New_id, content, author, visible) VALUES(53, 6, 'content 5.3', '夏圆', true);
INSERT INTO Comments (id, New_id, content, author, visible) VALUES(54, 6, 'content 5.4', '商凌润', true);
INSERT INTO Comments (id, New_id, content, author, visible) VALUES(55, 6, 'content 5.5', '肖天辰', true);
INSERT INTO Comments (id, New_id, content, author, visible) VALUES(56, 6, 'content 5.6', '於锐炜', true);
INSERT INTO Comments (id, New_id, content, author, visible) VALUES(57, 6, 'content 5.7', '汪雅薪', true);
INSERT INTO Comments (id, New_id, content, author, visible) VALUES(58, 6, 'content 5.8', '山有舒', true);
INSERT INTO Comments (id, New_id, content, author, visible) VALUES(59, 6, 'content 5.9', '严润凡', true);
INSERT INTO Comments (id, New_id, content, author, visible) VALUES(60, 6, 'content 5.10', '耿圣雨', true);
INSERT INTO Comments (id, New_id, content, author, visible) VALUES(61, 7, 'content 6.1', '陈牧', true);
INSERT INTO Comments (id, New_id, content, author, visible) VALUES(62, 7, 'content 6.2', '郭建新', true);
INSERT INTO Comments (id, New_id, content, author, visible) VALUES(63, 7, 'content 6.3', '耿伟中', true);
INSERT INTO Comments (id, New_id, content, author, visible) VALUES(64, 7, 'content 6.4', '冯樱静', true);
INSERT INTO Comments (id, New_id, content, author, visible) VALUES(65, 7, 'content 6.5', '米源奕', true);
INSERT INTO Comments (id, New_id, content, author, visible) VALUES(66, 7, 'content 6.6', '宋牧毅', true);
INSERT INTO Comments (id, New_id, content, author, visible) VALUES(67, 7, 'content 6.7', '侯可航', true);
INSERT INTO Comments (id, New_id, content, author, visible) VALUES(68, 7, 'content 6.8', '耿圣雨', true);
INSERT INTO Comments (id, New_id, content, author, visible) VALUES(69, 7, 'content 6.9', '林一雨', false);
INSERT INTO Comments (id, New_id, content, author, visible) VALUES(70, 7, 'content 6.10', '寻哲中', true);
INSERT INTO Comments (id, New_id, content, author, visible) VALUES(71, 8, 'content 7.1', '严舒', true);
INSERT INTO Comments (id, New_id, content, author, visible) VALUES(72, 8, 'content 7.2', '宫睿有', true);
INSERT INTO Comments (id, New_id, content, author, visible) VALUES(73, 8, 'content 7.3', '路敏', true);
INSERT INTO Comments (id, New_id, content, author, visible) VALUES(74, 8, 'content 7.4', '冯樱静', true);
INSERT INTO Comments (id, New_id, content, author, visible) VALUES(75, 8, 'content 7.5', '崔樱天', true);
INSERT INTO Comments (id, New_id, content, author, visible) VALUES(76, 8, 'content 7.6', '颜圣', true);
INSERT INTO Comments (id, New_id, content, author, visible) VALUES(77, 8, 'content 7.7', '麦淘新', true);
INSERT INTO Comments (id, New_id, content, author, visible) VALUES(78, 8, 'content 7.8', '夏立兮', true);
INSERT INTO Comments (id, New_id, content, author, visible) VALUES(79, 8, 'content 7.9', '赵腾', true);
INSERT INTO Comments (id, New_id, content, author, visible) VALUES(80, 8, 'content 7.10', '史杰言', true);
INSERT INTO Comments (id, New_id, content, author, visible) VALUES(81, 9, 'content 8.1', '黄雨良', true);
INSERT INTO Comments (id, New_id, content, author, visible) VALUES(82, 9, 'content 8.2', '隽飞阳', true);
INSERT INTO Comments (id, New_id, content, author, visible) VALUES(83, 9, 'content 8.3', '侯洁云', true);
INSERT INTO Comments (id, New_id, content, author, visible) VALUES(84, 9, 'content 8.4', '杜赛静', true);
INSERT INTO Comments (id, New_id, content, author, visible) VALUES(85, 9, 'content 8.5', '林樱', true);
INSERT INTO Comments (id, New_id, content, author, visible) VALUES(86, 9, 'content 8.6', '路云', true);
INSERT INTO Comments (id, New_id, content, author, visible) VALUES(87, 9, 'content 8.7', '边朋露', true);
INSERT INTO Comments (id, New_id, content, author, visible) VALUES(88, 9, 'content 8.8', '葛航凡', true);
INSERT INTO Comments (id, New_id, content, author, visible) VALUES(89, 9, 'content 8.9', '欧宇露', true);
INSERT INTO Comments (id, New_id, content, author, visible) VALUES(90, 9, 'content 8.10', '周兰', true);
INSERT INTO Comments (id, New_id, content, author, visible) VALUES(91, 10, 'content 9.1', '沈炜', true);
INSERT INTO Comments (id, New_id, content, author, visible) VALUES(92, 10, 'content 9.2', '沈炜', true);
INSERT INTO Comments (id, New_id, content, author, visible) VALUES(93, 10, 'content 9.3', '姚柏朋', true);
INSERT INTO Comments (id, New_id, content, author, visible) VALUES(94, 10, 'content 9.4', '任建正', true);
INSERT INTO Comments (id, New_id, content, author, visible) VALUES(95, 10, 'content 9.5', '裴洁伟', true);
INSERT INTO Comments (id, New_id, content, author, visible) VALUES(96, 10, 'content 9.6', '安丹朋', false);
INSERT INTO Comments (id, New_id, content, author, visible) VALUES(97, 10, 'content 9.7', '权冠樱', true);
INSERT INTO Comments (id, New_id, content, author, visible) VALUES(98, 10, 'content 9.8', '杜飞', true);
INSERT INTO Comments (id, New_id, content, author, visible) VALUES(99, 10, 'content 9.9', '史宜', true);
INSERT INTO Comments (id, New_id, content, author, visible) VALUES(100, 10, 'content 9.10', '黄雨佳', true);
/* 共生成评论100条 */

/* 建立Team信息 */
INSERT INTO Team (name, abstract, gitCnt, memCnt, days, files) VALUES ('NoCov','这里是团队介绍', 100, 5, 30, 100);

/* 建立Transaction信息 */
INSERT INTO Transactions (id, account, start_time, end_time, info, is_finished) VALUES (1, '364397198902259760', '20200216,22:56:21', '20200408,16:50:13', 'info 0', false);
INSERT INTO Transactions (id, account, start_time, end_time, info, is_finished) VALUES (2, '642416193606230742', '20200210,12:07:25', '20200329,20:47:40', 'info 1', false);
INSERT INTO Transactions (id, account, start_time, end_time, info, is_finished) VALUES (3, '373498199005180529', '20200529,12:00:40', '20200530,23:10:48', 'info 2', false);
INSERT INTO Transactions (id, account, start_time, end_time, info, is_finished) VALUES (4, '541849194706137971', '20200430,16:38:15', '20200518,12:36:27', 'info 3', false);
INSERT INTO Transactions (id, account, start_time, end_time, info, is_finished) VALUES (5, '621062200911294462', '20200227,02:04:15', '20200419,07:41:47', 'info 4', true);
/* 共生产代办事务5条 */

/* 批量生成password_hash，初值为1234 */
UPDATE User SET password_hash = '$2y$13$dg4FlrrcXjMmvWznC3XUhehaTTZ/xfKXNpEYbSt8o3Q/9b9xonHLC' WHERE account = '211953200608197063';
UPDATE User SET password_hash = '$2y$13$dg4FlrrcXjMmvWznC3XUhehaTTZ/xfKXNpEYbSt8o3Q/9b9xonHLC' WHERE account = '413599196603190517';
UPDATE User SET password_hash = '$2y$13$dg4FlrrcXjMmvWznC3XUhehaTTZ/xfKXNpEYbSt8o3Q/9b9xonHLC' WHERE account = '314405200402147501';
UPDATE User SET password_hash = '$2y$13$dg4FlrrcXjMmvWznC3XUhehaTTZ/xfKXNpEYbSt8o3Q/9b9xonHLC' WHERE account = '220195201001179135';
UPDATE User SET password_hash = '$2y$13$dg4FlrrcXjMmvWznC3XUhehaTTZ/xfKXNpEYbSt8o3Q/9b9xonHLC' WHERE account = '533829200405022945';
UPDATE User SET password_hash = '$2y$13$dg4FlrrcXjMmvWznC3XUhehaTTZ/xfKXNpEYbSt8o3Q/9b9xonHLC' WHERE account = '131276196809280545';
UPDATE User SET password_hash = '$2y$13$dg4FlrrcXjMmvWznC3XUhehaTTZ/xfKXNpEYbSt8o3Q/9b9xonHLC' WHERE account = '652574200912129970';
UPDATE User SET password_hash = '$2y$13$dg4FlrrcXjMmvWznC3XUhehaTTZ/xfKXNpEYbSt8o3Q/9b9xonHLC' WHERE account = '520521195204136150';
UPDATE User SET password_hash = '$2y$13$dg4FlrrcXjMmvWznC3XUhehaTTZ/xfKXNpEYbSt8o3Q/9b9xonHLC' WHERE account = '133113194812093405';
UPDATE User SET password_hash = '$2y$13$dg4FlrrcXjMmvWznC3XUhehaTTZ/xfKXNpEYbSt8o3Q/9b9xonHLC' WHERE account = '114225197501144581';
UPDATE User SET password_hash = '$2y$13$dg4FlrrcXjMmvWznC3XUhehaTTZ/xfKXNpEYbSt8o3Q/9b9xonHLC' WHERE account = '424587199403316990';
UPDATE User SET password_hash = '$2y$13$dg4FlrrcXjMmvWznC3XUhehaTTZ/xfKXNpEYbSt8o3Q/9b9xonHLC' WHERE account = '323954198411267026';
UPDATE User SET password_hash = '$2y$13$dg4FlrrcXjMmvWznC3XUhehaTTZ/xfKXNpEYbSt8o3Q/9b9xonHLC' WHERE account = '714626200601227432';
UPDATE User SET password_hash = '$2y$13$dg4FlrrcXjMmvWznC3XUhehaTTZ/xfKXNpEYbSt8o3Q/9b9xonHLC' WHERE account = '443450197508102358';
UPDATE User SET password_hash = '$2y$13$dg4FlrrcXjMmvWznC3XUhehaTTZ/xfKXNpEYbSt8o3Q/9b9xonHLC' WHERE account = '450954198504076616';
UPDATE User SET password_hash = '$2y$13$dg4FlrrcXjMmvWznC3XUhehaTTZ/xfKXNpEYbSt8o3Q/9b9xonHLC' WHERE account = '14349719610618795X';
UPDATE User SET password_hash = '$2y$13$dg4FlrrcXjMmvWznC3XUhehaTTZ/xfKXNpEYbSt8o3Q/9b9xonHLC' WHERE account = '152021200207226319';
UPDATE User SET password_hash = '$2y$13$dg4FlrrcXjMmvWznC3XUhehaTTZ/xfKXNpEYbSt8o3Q/9b9xonHLC' WHERE account = '154023192903229640';
UPDATE User SET password_hash = '$2y$13$dg4FlrrcXjMmvWznC3XUhehaTTZ/xfKXNpEYbSt8o3Q/9b9xonHLC' WHERE account = '124609198309220490';
UPDATE User SET password_hash = '$2y$13$dg4FlrrcXjMmvWznC3XUhehaTTZ/xfKXNpEYbSt8o3Q/9b9xonHLC' WHERE account = '444538199503020645';
UPDATE User SET password_hash = '$2y$13$dg4FlrrcXjMmvWznC3XUhehaTTZ/xfKXNpEYbSt8o3Q/9b9xonHLC' WHERE account = '420135197603284606';
UPDATE User SET password_hash = '$2y$13$dg4FlrrcXjMmvWznC3XUhehaTTZ/xfKXNpEYbSt8o3Q/9b9xonHLC' WHERE account = '454252194908015312';
UPDATE User SET password_hash = '$2y$13$dg4FlrrcXjMmvWznC3XUhehaTTZ/xfKXNpEYbSt8o3Q/9b9xonHLC' WHERE account = '211312194908060970';
UPDATE User SET password_hash = '$2y$13$dg4FlrrcXjMmvWznC3XUhehaTTZ/xfKXNpEYbSt8o3Q/9b9xonHLC' WHERE account = '141572196308095914';
UPDATE User SET password_hash = '$2y$13$dg4FlrrcXjMmvWznC3XUhehaTTZ/xfKXNpEYbSt8o3Q/9b9xonHLC' WHERE account = '111077200705214125';
UPDATE User SET password_hash = '$2y$13$dg4FlrrcXjMmvWznC3XUhehaTTZ/xfKXNpEYbSt8o3Q/9b9xonHLC' WHERE account = '334356194909064165';
UPDATE User SET password_hash = '$2y$13$dg4FlrrcXjMmvWznC3XUhehaTTZ/xfKXNpEYbSt8o3Q/9b9xonHLC' WHERE account = '233147194212086674';
UPDATE User SET password_hash = '$2y$13$dg4FlrrcXjMmvWznC3XUhehaTTZ/xfKXNpEYbSt8o3Q/9b9xonHLC' WHERE account = '363797196008299819';
UPDATE User SET password_hash = '$2y$13$dg4FlrrcXjMmvWznC3XUhehaTTZ/xfKXNpEYbSt8o3Q/9b9xonHLC' WHERE account = '514785200109204342';
UPDATE User SET password_hash = '$2y$13$dg4FlrrcXjMmvWznC3XUhehaTTZ/xfKXNpEYbSt8o3Q/9b9xonHLC' WHERE account = '532969196812282940';
UPDATE User SET password_hash = '$2y$13$dg4FlrrcXjMmvWznC3XUhehaTTZ/xfKXNpEYbSt8o3Q/9b9xonHLC' WHERE account = '812924199106260078';
UPDATE User SET password_hash = '$2y$13$dg4FlrrcXjMmvWznC3XUhehaTTZ/xfKXNpEYbSt8o3Q/9b9xonHLC' WHERE account = '360508201203076444';
UPDATE User SET password_hash = '$2y$13$dg4FlrrcXjMmvWznC3XUhehaTTZ/xfKXNpEYbSt8o3Q/9b9xonHLC' WHERE account = '61100119760529728X';
UPDATE User SET password_hash = '$2y$13$dg4FlrrcXjMmvWznC3XUhehaTTZ/xfKXNpEYbSt8o3Q/9b9xonHLC' WHERE account = '52081319241109378X';
UPDATE User SET password_hash = '$2y$13$dg4FlrrcXjMmvWznC3XUhehaTTZ/xfKXNpEYbSt8o3Q/9b9xonHLC' WHERE account = '512380198806229762';
UPDATE User SET password_hash = '$2y$13$dg4FlrrcXjMmvWznC3XUhehaTTZ/xfKXNpEYbSt8o3Q/9b9xonHLC' WHERE account = '463292194203018398';
UPDATE User SET password_hash = '$2y$13$dg4FlrrcXjMmvWznC3XUhehaTTZ/xfKXNpEYbSt8o3Q/9b9xonHLC' WHERE account = '500305196908173665';
UPDATE User SET password_hash = '$2y$13$dg4FlrrcXjMmvWznC3XUhehaTTZ/xfKXNpEYbSt8o3Q/9b9xonHLC' WHERE account = '460440197211042301';
UPDATE User SET password_hash = '$2y$13$dg4FlrrcXjMmvWznC3XUhehaTTZ/xfKXNpEYbSt8o3Q/9b9xonHLC' WHERE account = '330825196808297696';
UPDATE User SET password_hash = '$2y$13$dg4FlrrcXjMmvWznC3XUhehaTTZ/xfKXNpEYbSt8o3Q/9b9xonHLC' WHERE account = '524446192904153952';
UPDATE User SET password_hash = '$2y$13$dg4FlrrcXjMmvWznC3XUhehaTTZ/xfKXNpEYbSt8o3Q/9b9xonHLC' WHERE account = '813778200708174742';
UPDATE User SET password_hash = '$2y$13$dg4FlrrcXjMmvWznC3XUhehaTTZ/xfKXNpEYbSt8o3Q/9b9xonHLC' WHERE account = '521876198909291960';
UPDATE User SET password_hash = '$2y$13$dg4FlrrcXjMmvWznC3XUhehaTTZ/xfKXNpEYbSt8o3Q/9b9xonHLC' WHERE account = '230206197407237066';
UPDATE User SET password_hash = '$2y$13$dg4FlrrcXjMmvWznC3XUhehaTTZ/xfKXNpEYbSt8o3Q/9b9xonHLC' WHERE account = '63193919790718773X';
UPDATE User SET password_hash = '$2y$13$dg4FlrrcXjMmvWznC3XUhehaTTZ/xfKXNpEYbSt8o3Q/9b9xonHLC' WHERE account = '514376198006298140';
UPDATE User SET password_hash = '$2y$13$dg4FlrrcXjMmvWznC3XUhehaTTZ/xfKXNpEYbSt8o3Q/9b9xonHLC' WHERE account = '350538195504022174';
UPDATE User SET password_hash = '$2y$13$dg4FlrrcXjMmvWznC3XUhehaTTZ/xfKXNpEYbSt8o3Q/9b9xonHLC' WHERE account = '342777200108143272';
UPDATE User SET password_hash = '$2y$13$dg4FlrrcXjMmvWznC3XUhehaTTZ/xfKXNpEYbSt8o3Q/9b9xonHLC' WHERE account = '823397193805271432';
UPDATE User SET password_hash = '$2y$13$dg4FlrrcXjMmvWznC3XUhehaTTZ/xfKXNpEYbSt8o3Q/9b9xonHLC' WHERE account = '422069193801074940';
UPDATE User SET password_hash = '$2y$13$dg4FlrrcXjMmvWznC3XUhehaTTZ/xfKXNpEYbSt8o3Q/9b9xonHLC' WHERE account = '330783196101275344';
UPDATE User SET password_hash = '$2y$13$dg4FlrrcXjMmvWznC3XUhehaTTZ/xfKXNpEYbSt8o3Q/9b9xonHLC' WHERE account = '133345200307310028';
UPDATE User SET password_hash = '$2y$13$dg4FlrrcXjMmvWznC3XUhehaTTZ/xfKXNpEYbSt8o3Q/9b9xonHLC' WHERE account = '371003196509288364';
UPDATE User SET password_hash = '$2y$13$dg4FlrrcXjMmvWznC3XUhehaTTZ/xfKXNpEYbSt8o3Q/9b9xonHLC' WHERE account = '310882200202228355';
UPDATE User SET password_hash = '$2y$13$dg4FlrrcXjMmvWznC3XUhehaTTZ/xfKXNpEYbSt8o3Q/9b9xonHLC' WHERE account = '713523199811300522';
UPDATE User SET password_hash = '$2y$13$dg4FlrrcXjMmvWznC3XUhehaTTZ/xfKXNpEYbSt8o3Q/9b9xonHLC' WHERE account = '123096193501177284';
UPDATE User SET password_hash = '$2y$13$dg4FlrrcXjMmvWznC3XUhehaTTZ/xfKXNpEYbSt8o3Q/9b9xonHLC' WHERE account = '370564193606121382';
UPDATE User SET password_hash = '$2y$13$dg4FlrrcXjMmvWznC3XUhehaTTZ/xfKXNpEYbSt8o3Q/9b9xonHLC' WHERE account = '822218193505055610';
UPDATE User SET password_hash = '$2y$13$dg4FlrrcXjMmvWznC3XUhehaTTZ/xfKXNpEYbSt8o3Q/9b9xonHLC' WHERE account = '430986200111176613';
UPDATE User SET password_hash = '$2y$13$dg4FlrrcXjMmvWznC3XUhehaTTZ/xfKXNpEYbSt8o3Q/9b9xonHLC' WHERE account = '37083819851107485X';
UPDATE User SET password_hash = '$2y$13$dg4FlrrcXjMmvWznC3XUhehaTTZ/xfKXNpEYbSt8o3Q/9b9xonHLC' WHERE account = '360292200808036798';
UPDATE User SET password_hash = '$2y$13$dg4FlrrcXjMmvWznC3XUhehaTTZ/xfKXNpEYbSt8o3Q/9b9xonHLC' WHERE account = '343160196904055881';
UPDATE User SET password_hash = '$2y$13$dg4FlrrcXjMmvWznC3XUhehaTTZ/xfKXNpEYbSt8o3Q/9b9xonHLC' WHERE account = '344410199204163338';
UPDATE User SET password_hash = '$2y$13$dg4FlrrcXjMmvWznC3XUhehaTTZ/xfKXNpEYbSt8o3Q/9b9xonHLC' WHERE account = '50305119320215238X';
UPDATE User SET password_hash = '$2y$13$dg4FlrrcXjMmvWznC3XUhehaTTZ/xfKXNpEYbSt8o3Q/9b9xonHLC' WHERE account = '442842192703104249';
UPDATE User SET password_hash = '$2y$13$dg4FlrrcXjMmvWznC3XUhehaTTZ/xfKXNpEYbSt8o3Q/9b9xonHLC' WHERE account = '422644195805292559';
UPDATE User SET password_hash = '$2y$13$dg4FlrrcXjMmvWznC3XUhehaTTZ/xfKXNpEYbSt8o3Q/9b9xonHLC' WHERE account = '141615195004231340';
UPDATE User SET password_hash = '$2y$13$dg4FlrrcXjMmvWznC3XUhehaTTZ/xfKXNpEYbSt8o3Q/9b9xonHLC' WHERE account = '132285192904013246';
UPDATE User SET password_hash = '$2y$13$dg4FlrrcXjMmvWznC3XUhehaTTZ/xfKXNpEYbSt8o3Q/9b9xonHLC' WHERE account = '422935194609240595';
UPDATE User SET password_hash = '$2y$13$dg4FlrrcXjMmvWznC3XUhehaTTZ/xfKXNpEYbSt8o3Q/9b9xonHLC' WHERE account = '512604197006129122';
UPDATE User SET password_hash = '$2y$13$dg4FlrrcXjMmvWznC3XUhehaTTZ/xfKXNpEYbSt8o3Q/9b9xonHLC' WHERE account = '653457196612051450';
UPDATE User SET password_hash = '$2y$13$dg4FlrrcXjMmvWznC3XUhehaTTZ/xfKXNpEYbSt8o3Q/9b9xonHLC' WHERE account = '364276197411129518';
UPDATE User SET password_hash = '$2y$13$dg4FlrrcXjMmvWznC3XUhehaTTZ/xfKXNpEYbSt8o3Q/9b9xonHLC' WHERE account = '222136200806157087';
UPDATE User SET password_hash = '$2y$13$dg4FlrrcXjMmvWznC3XUhehaTTZ/xfKXNpEYbSt8o3Q/9b9xonHLC' WHERE account = '414062193805304722';
UPDATE User SET password_hash = '$2y$13$dg4FlrrcXjMmvWznC3XUhehaTTZ/xfKXNpEYbSt8o3Q/9b9xonHLC' WHERE account = '712590195403154899';
UPDATE User SET password_hash = '$2y$13$dg4FlrrcXjMmvWznC3XUhehaTTZ/xfKXNpEYbSt8o3Q/9b9xonHLC' WHERE account = '451581193208123801';
UPDATE User SET password_hash = '$2y$13$dg4FlrrcXjMmvWznC3XUhehaTTZ/xfKXNpEYbSt8o3Q/9b9xonHLC' WHERE account = '314336198811150021';
UPDATE User SET password_hash = '$2y$13$dg4FlrrcXjMmvWznC3XUhehaTTZ/xfKXNpEYbSt8o3Q/9b9xonHLC' WHERE account = '113618192903054324';
UPDATE User SET password_hash = '$2y$13$dg4FlrrcXjMmvWznC3XUhehaTTZ/xfKXNpEYbSt8o3Q/9b9xonHLC' WHERE account = '364518192503293175';
UPDATE User SET password_hash = '$2y$13$dg4FlrrcXjMmvWznC3XUhehaTTZ/xfKXNpEYbSt8o3Q/9b9xonHLC' WHERE account = '814438198801040871';
UPDATE User SET password_hash = '$2y$13$dg4FlrrcXjMmvWznC3XUhehaTTZ/xfKXNpEYbSt8o3Q/9b9xonHLC' WHERE account = '220623200805296109';
UPDATE User SET password_hash = '$2y$13$dg4FlrrcXjMmvWznC3XUhehaTTZ/xfKXNpEYbSt8o3Q/9b9xonHLC' WHERE account = '454332201211071889';
UPDATE User SET password_hash = '$2y$13$dg4FlrrcXjMmvWznC3XUhehaTTZ/xfKXNpEYbSt8o3Q/9b9xonHLC' WHERE account = '461352196306059948';
UPDATE User SET password_hash = '$2y$13$dg4FlrrcXjMmvWznC3XUhehaTTZ/xfKXNpEYbSt8o3Q/9b9xonHLC' WHERE account = '332819193406294035';
UPDATE User SET password_hash = '$2y$13$dg4FlrrcXjMmvWznC3XUhehaTTZ/xfKXNpEYbSt8o3Q/9b9xonHLC' WHERE account = '714714193307310009';
UPDATE User SET password_hash = '$2y$13$dg4FlrrcXjMmvWznC3XUhehaTTZ/xfKXNpEYbSt8o3Q/9b9xonHLC' WHERE account = '611785199905099355';
UPDATE User SET password_hash = '$2y$13$dg4FlrrcXjMmvWznC3XUhehaTTZ/xfKXNpEYbSt8o3Q/9b9xonHLC' WHERE account = '111282200306283566';
UPDATE User SET password_hash = '$2y$13$dg4FlrrcXjMmvWznC3XUhehaTTZ/xfKXNpEYbSt8o3Q/9b9xonHLC' WHERE account = '322804197311210693';
UPDATE User SET password_hash = '$2y$13$dg4FlrrcXjMmvWznC3XUhehaTTZ/xfKXNpEYbSt8o3Q/9b9xonHLC' WHERE account = '310661198509237497';
UPDATE User SET password_hash = '$2y$13$dg4FlrrcXjMmvWznC3XUhehaTTZ/xfKXNpEYbSt8o3Q/9b9xonHLC' WHERE account = '822453196911079377';
UPDATE User SET password_hash = '$2y$13$dg4FlrrcXjMmvWznC3XUhehaTTZ/xfKXNpEYbSt8o3Q/9b9xonHLC' WHERE account = '323193197710233970';
UPDATE User SET password_hash = '$2y$13$dg4FlrrcXjMmvWznC3XUhehaTTZ/xfKXNpEYbSt8o3Q/9b9xonHLC' WHERE account = '614625194307183329';
UPDATE User SET password_hash = '$2y$13$dg4FlrrcXjMmvWznC3XUhehaTTZ/xfKXNpEYbSt8o3Q/9b9xonHLC' WHERE account = '312743199803031821';
UPDATE User SET password_hash = '$2y$13$dg4FlrrcXjMmvWznC3XUhehaTTZ/xfKXNpEYbSt8o3Q/9b9xonHLC' WHERE account = '360943196401262542';
UPDATE User SET password_hash = '$2y$13$dg4FlrrcXjMmvWznC3XUhehaTTZ/xfKXNpEYbSt8o3Q/9b9xonHLC' WHERE account = '373498199005180529';
UPDATE User SET password_hash = '$2y$13$dg4FlrrcXjMmvWznC3XUhehaTTZ/xfKXNpEYbSt8o3Q/9b9xonHLC' WHERE account = '364990194001308779';
UPDATE User SET password_hash = '$2y$13$dg4FlrrcXjMmvWznC3XUhehaTTZ/xfKXNpEYbSt8o3Q/9b9xonHLC' WHERE account = '46321120000506207X';
UPDATE User SET password_hash = '$2y$13$dg4FlrrcXjMmvWznC3XUhehaTTZ/xfKXNpEYbSt8o3Q/9b9xonHLC' WHERE account = '654847201002250460';
UPDATE User SET password_hash = '$2y$13$dg4FlrrcXjMmvWznC3XUhehaTTZ/xfKXNpEYbSt8o3Q/9b9xonHLC' WHERE account = '235053193812214380';
UPDATE User SET password_hash = '$2y$13$dg4FlrrcXjMmvWznC3XUhehaTTZ/xfKXNpEYbSt8o3Q/9b9xonHLC' WHERE account = '621586195112140404';
UPDATE User SET password_hash = '$2y$13$dg4FlrrcXjMmvWznC3XUhehaTTZ/xfKXNpEYbSt8o3Q/9b9xonHLC' WHERE account = '824033196902086865';
UPDATE User SET password_hash = '$2y$13$dg4FlrrcXjMmvWznC3XUhehaTTZ/xfKXNpEYbSt8o3Q/9b9xonHLC' WHERE account = '500851196211145630';
UPDATE User SET password_hash = '$2y$13$dg4FlrrcXjMmvWznC3XUhehaTTZ/xfKXNpEYbSt8o3Q/9b9xonHLC' WHERE account = '120280200201157817';
UPDATE User SET password_hash = '$2y$13$dg4FlrrcXjMmvWznC3XUhehaTTZ/xfKXNpEYbSt8o3Q/9b9xonHLC' WHERE account = '824569199006176694';
UPDATE User SET password_hash = '$2y$13$dg4FlrrcXjMmvWznC3XUhehaTTZ/xfKXNpEYbSt8o3Q/9b9xonHLC' WHERE account = '543949200812104030';
UPDATE User SET password_hash = '$2y$13$dg4FlrrcXjMmvWznC3XUhehaTTZ/xfKXNpEYbSt8o3Q/9b9xonHLC' WHERE account = '463534194803145017';
UPDATE User SET password_hash = '$2y$13$dg4FlrrcXjMmvWznC3XUhehaTTZ/xfKXNpEYbSt8o3Q/9b9xonHLC' WHERE account = '44506119680513881X';
UPDATE User SET password_hash = '$2y$13$dg4FlrrcXjMmvWznC3XUhehaTTZ/xfKXNpEYbSt8o3Q/9b9xonHLC' WHERE account = '413908192909304266';
UPDATE User SET password_hash = '$2y$13$dg4FlrrcXjMmvWznC3XUhehaTTZ/xfKXNpEYbSt8o3Q/9b9xonHLC' WHERE account = '111170196511045353';
UPDATE User SET password_hash = '$2y$13$dg4FlrrcXjMmvWznC3XUhehaTTZ/xfKXNpEYbSt8o3Q/9b9xonHLC' WHERE account = '322710197704144047';
UPDATE User SET password_hash = '$2y$13$dg4FlrrcXjMmvWznC3XUhehaTTZ/xfKXNpEYbSt8o3Q/9b9xonHLC' WHERE account = '133613197401149000';
UPDATE User SET password_hash = '$2y$13$dg4FlrrcXjMmvWznC3XUhehaTTZ/xfKXNpEYbSt8o3Q/9b9xonHLC' WHERE account = '413910198407268484';
UPDATE User SET password_hash = '$2y$13$dg4FlrrcXjMmvWznC3XUhehaTTZ/xfKXNpEYbSt8o3Q/9b9xonHLC' WHERE account = '312087194101291327';
UPDATE User SET password_hash = '$2y$13$dg4FlrrcXjMmvWznC3XUhehaTTZ/xfKXNpEYbSt8o3Q/9b9xonHLC' WHERE account = '330578200201305183';
UPDATE User SET password_hash = '$2y$13$dg4FlrrcXjMmvWznC3XUhehaTTZ/xfKXNpEYbSt8o3Q/9b9xonHLC' WHERE account = '504522193008248246';
UPDATE User SET password_hash = '$2y$13$dg4FlrrcXjMmvWznC3XUhehaTTZ/xfKXNpEYbSt8o3Q/9b9xonHLC' WHERE account = '530287193705076488';
UPDATE User SET password_hash = '$2y$13$dg4FlrrcXjMmvWznC3XUhehaTTZ/xfKXNpEYbSt8o3Q/9b9xonHLC' WHERE account = '54059419271006616X';
UPDATE User SET password_hash = '$2y$13$dg4FlrrcXjMmvWznC3XUhehaTTZ/xfKXNpEYbSt8o3Q/9b9xonHLC' WHERE account = '621144194504044504';
UPDATE User SET password_hash = '$2y$13$dg4FlrrcXjMmvWznC3XUhehaTTZ/xfKXNpEYbSt8o3Q/9b9xonHLC' WHERE account = '11156519530708141X';
UPDATE User SET password_hash = '$2y$13$dg4FlrrcXjMmvWznC3XUhehaTTZ/xfKXNpEYbSt8o3Q/9b9xonHLC' WHERE account = '420375195911121676';
UPDATE User SET password_hash = '$2y$13$dg4FlrrcXjMmvWznC3XUhehaTTZ/xfKXNpEYbSt8o3Q/9b9xonHLC' WHERE account = '544994194705230255';
UPDATE User SET password_hash = '$2y$13$dg4FlrrcXjMmvWznC3XUhehaTTZ/xfKXNpEYbSt8o3Q/9b9xonHLC' WHERE account = '544690200207162827';
UPDATE User SET password_hash = '$2y$13$dg4FlrrcXjMmvWznC3XUhehaTTZ/xfKXNpEYbSt8o3Q/9b9xonHLC' WHERE account = '330721200801024716';
UPDATE User SET password_hash = '$2y$13$dg4FlrrcXjMmvWznC3XUhehaTTZ/xfKXNpEYbSt8o3Q/9b9xonHLC' WHERE account = '112357196011206606';
UPDATE User SET password_hash = '$2y$13$dg4FlrrcXjMmvWznC3XUhehaTTZ/xfKXNpEYbSt8o3Q/9b9xonHLC' WHERE account = '372134199303299274';
UPDATE User SET password_hash = '$2y$13$dg4FlrrcXjMmvWznC3XUhehaTTZ/xfKXNpEYbSt8o3Q/9b9xonHLC' WHERE account = '341412198610253460';
UPDATE User SET password_hash = '$2y$13$dg4FlrrcXjMmvWznC3XUhehaTTZ/xfKXNpEYbSt8o3Q/9b9xonHLC' WHERE account = '711861200802134486';
UPDATE User SET password_hash = '$2y$13$dg4FlrrcXjMmvWznC3XUhehaTTZ/xfKXNpEYbSt8o3Q/9b9xonHLC' WHERE account = '512296192603129917';
UPDATE User SET password_hash = '$2y$13$dg4FlrrcXjMmvWznC3XUhehaTTZ/xfKXNpEYbSt8o3Q/9b9xonHLC' WHERE account = '522867195207314811';
UPDATE User SET password_hash = '$2y$13$dg4FlrrcXjMmvWznC3XUhehaTTZ/xfKXNpEYbSt8o3Q/9b9xonHLC' WHERE account = '134432192808055714';
UPDATE User SET password_hash = '$2y$13$dg4FlrrcXjMmvWznC3XUhehaTTZ/xfKXNpEYbSt8o3Q/9b9xonHLC' WHERE account = '643525198301108274';
UPDATE User SET password_hash = '$2y$13$dg4FlrrcXjMmvWznC3XUhehaTTZ/xfKXNpEYbSt8o3Q/9b9xonHLC' WHERE account = '141823198602045871';
UPDATE User SET password_hash = '$2y$13$dg4FlrrcXjMmvWznC3XUhehaTTZ/xfKXNpEYbSt8o3Q/9b9xonHLC' WHERE account = '221750196211293493';
UPDATE User SET password_hash = '$2y$13$dg4FlrrcXjMmvWznC3XUhehaTTZ/xfKXNpEYbSt8o3Q/9b9xonHLC' WHERE account = '443515195102063777';
UPDATE User SET password_hash = '$2y$13$dg4FlrrcXjMmvWznC3XUhehaTTZ/xfKXNpEYbSt8o3Q/9b9xonHLC' WHERE account = '460784193410222802';
UPDATE User SET password_hash = '$2y$13$dg4FlrrcXjMmvWznC3XUhehaTTZ/xfKXNpEYbSt8o3Q/9b9xonHLC' WHERE account = '37279819670415785X';
UPDATE User SET password_hash = '$2y$13$dg4FlrrcXjMmvWznC3XUhehaTTZ/xfKXNpEYbSt8o3Q/9b9xonHLC' WHERE account = '315017194409197629';
UPDATE User SET password_hash = '$2y$13$dg4FlrrcXjMmvWznC3XUhehaTTZ/xfKXNpEYbSt8o3Q/9b9xonHLC' WHERE account = '343485198103157993';
UPDATE User SET password_hash = '$2y$13$dg4FlrrcXjMmvWznC3XUhehaTTZ/xfKXNpEYbSt8o3Q/9b9xonHLC' WHERE account = '443638192407181404';
UPDATE User SET password_hash = '$2y$13$dg4FlrrcXjMmvWznC3XUhehaTTZ/xfKXNpEYbSt8o3Q/9b9xonHLC' WHERE account = '372906201111129969';
UPDATE User SET password_hash = '$2y$13$dg4FlrrcXjMmvWznC3XUhehaTTZ/xfKXNpEYbSt8o3Q/9b9xonHLC' WHERE account = '453516198811164894';
UPDATE User SET password_hash = '$2y$13$dg4FlrrcXjMmvWznC3XUhehaTTZ/xfKXNpEYbSt8o3Q/9b9xonHLC' WHERE account = '111829194911034375';
UPDATE User SET password_hash = '$2y$13$dg4FlrrcXjMmvWznC3XUhehaTTZ/xfKXNpEYbSt8o3Q/9b9xonHLC' WHERE account = '624735197212170239';
UPDATE User SET password_hash = '$2y$13$dg4FlrrcXjMmvWznC3XUhehaTTZ/xfKXNpEYbSt8o3Q/9b9xonHLC' WHERE account = '615063194412086897';
UPDATE User SET password_hash = '$2y$13$dg4FlrrcXjMmvWznC3XUhehaTTZ/xfKXNpEYbSt8o3Q/9b9xonHLC' WHERE account = '50255920040622101X';
UPDATE User SET password_hash = '$2y$13$dg4FlrrcXjMmvWznC3XUhehaTTZ/xfKXNpEYbSt8o3Q/9b9xonHLC' WHERE account = '501664193906194457';
UPDATE User SET password_hash = '$2y$13$dg4FlrrcXjMmvWznC3XUhehaTTZ/xfKXNpEYbSt8o3Q/9b9xonHLC' WHERE account = '520931197106031012';
UPDATE User SET password_hash = '$2y$13$dg4FlrrcXjMmvWznC3XUhehaTTZ/xfKXNpEYbSt8o3Q/9b9xonHLC' WHERE account = '141815200407055195';
UPDATE User SET password_hash = '$2y$13$dg4FlrrcXjMmvWznC3XUhehaTTZ/xfKXNpEYbSt8o3Q/9b9xonHLC' WHERE account = '130290195006159406';
UPDATE User SET password_hash = '$2y$13$dg4FlrrcXjMmvWznC3XUhehaTTZ/xfKXNpEYbSt8o3Q/9b9xonHLC' WHERE account = '510302201308075172';
UPDATE User SET password_hash = '$2y$13$dg4FlrrcXjMmvWznC3XUhehaTTZ/xfKXNpEYbSt8o3Q/9b9xonHLC' WHERE account = '214927201104225427';
UPDATE User SET password_hash = '$2y$13$dg4FlrrcXjMmvWznC3XUhehaTTZ/xfKXNpEYbSt8o3Q/9b9xonHLC' WHERE account = '112161199202234400';
UPDATE User SET password_hash = '$2y$13$dg4FlrrcXjMmvWznC3XUhehaTTZ/xfKXNpEYbSt8o3Q/9b9xonHLC' WHERE account = '151004193905294864';
UPDATE User SET password_hash = '$2y$13$dg4FlrrcXjMmvWznC3XUhehaTTZ/xfKXNpEYbSt8o3Q/9b9xonHLC' WHERE account = '624092198111079264';
UPDATE User SET password_hash = '$2y$13$dg4FlrrcXjMmvWznC3XUhehaTTZ/xfKXNpEYbSt8o3Q/9b9xonHLC' WHERE account = '133526194605250556';
UPDATE User SET password_hash = '$2y$13$dg4FlrrcXjMmvWznC3XUhehaTTZ/xfKXNpEYbSt8o3Q/9b9xonHLC' WHERE account = '65400320090406330X';
UPDATE User SET password_hash = '$2y$13$dg4FlrrcXjMmvWznC3XUhehaTTZ/xfKXNpEYbSt8o3Q/9b9xonHLC' WHERE account = '514856194111290967';
UPDATE User SET password_hash = '$2y$13$dg4FlrrcXjMmvWznC3XUhehaTTZ/xfKXNpEYbSt8o3Q/9b9xonHLC' WHERE account = '223272200712221450';
UPDATE User SET password_hash = '$2y$13$dg4FlrrcXjMmvWznC3XUhehaTTZ/xfKXNpEYbSt8o3Q/9b9xonHLC' WHERE account = '343447196607143581';
UPDATE User SET password_hash = '$2y$13$dg4FlrrcXjMmvWznC3XUhehaTTZ/xfKXNpEYbSt8o3Q/9b9xonHLC' WHERE account = '810533192412286173';
UPDATE User SET password_hash = '$2y$13$dg4FlrrcXjMmvWznC3XUhehaTTZ/xfKXNpEYbSt8o3Q/9b9xonHLC' WHERE account = '514901193810083983';
UPDATE User SET password_hash = '$2y$13$dg4FlrrcXjMmvWznC3XUhehaTTZ/xfKXNpEYbSt8o3Q/9b9xonHLC' WHERE account = '533061195605095779';
UPDATE User SET password_hash = '$2y$13$dg4FlrrcXjMmvWznC3XUhehaTTZ/xfKXNpEYbSt8o3Q/9b9xonHLC' WHERE account = '463451193410126374';
UPDATE User SET password_hash = '$2y$13$dg4FlrrcXjMmvWznC3XUhehaTTZ/xfKXNpEYbSt8o3Q/9b9xonHLC' WHERE account = '134403193009273299';
UPDATE User SET password_hash = '$2y$13$dg4FlrrcXjMmvWznC3XUhehaTTZ/xfKXNpEYbSt8o3Q/9b9xonHLC' WHERE account = '464741201111304661';
UPDATE User SET password_hash = '$2y$13$dg4FlrrcXjMmvWznC3XUhehaTTZ/xfKXNpEYbSt8o3Q/9b9xonHLC' WHERE account = '361091200304120971';
UPDATE User SET password_hash = '$2y$13$dg4FlrrcXjMmvWznC3XUhehaTTZ/xfKXNpEYbSt8o3Q/9b9xonHLC' WHERE account = '36497719830609415X';
UPDATE User SET password_hash = '$2y$13$dg4FlrrcXjMmvWznC3XUhehaTTZ/xfKXNpEYbSt8o3Q/9b9xonHLC' WHERE account = '143170201412235180';
UPDATE User SET password_hash = '$2y$13$dg4FlrrcXjMmvWznC3XUhehaTTZ/xfKXNpEYbSt8o3Q/9b9xonHLC' WHERE account = '452454198212238296';
UPDATE User SET password_hash = '$2y$13$dg4FlrrcXjMmvWznC3XUhehaTTZ/xfKXNpEYbSt8o3Q/9b9xonHLC' WHERE account = '214657201412212837';
UPDATE User SET password_hash = '$2y$13$dg4FlrrcXjMmvWznC3XUhehaTTZ/xfKXNpEYbSt8o3Q/9b9xonHLC' WHERE account = '363381197402257199';
UPDATE User SET password_hash = '$2y$13$dg4FlrrcXjMmvWznC3XUhehaTTZ/xfKXNpEYbSt8o3Q/9b9xonHLC' WHERE account = '213729198907124991';
UPDATE User SET password_hash = '$2y$13$dg4FlrrcXjMmvWznC3XUhehaTTZ/xfKXNpEYbSt8o3Q/9b9xonHLC' WHERE account = '322348197807166961';
UPDATE User SET password_hash = '$2y$13$dg4FlrrcXjMmvWznC3XUhehaTTZ/xfKXNpEYbSt8o3Q/9b9xonHLC' WHERE account = '532232195705060002';
UPDATE User SET password_hash = '$2y$13$dg4FlrrcXjMmvWznC3XUhehaTTZ/xfKXNpEYbSt8o3Q/9b9xonHLC' WHERE account = '220390195705071474';
UPDATE User SET password_hash = '$2y$13$dg4FlrrcXjMmvWznC3XUhehaTTZ/xfKXNpEYbSt8o3Q/9b9xonHLC' WHERE account = '361167196709246370';
UPDATE User SET password_hash = '$2y$13$dg4FlrrcXjMmvWznC3XUhehaTTZ/xfKXNpEYbSt8o3Q/9b9xonHLC' WHERE account = '351743201107221011';
UPDATE User SET password_hash = '$2y$13$dg4FlrrcXjMmvWznC3XUhehaTTZ/xfKXNpEYbSt8o3Q/9b9xonHLC' WHERE account = '114695194703015322';
UPDATE User SET password_hash = '$2y$13$dg4FlrrcXjMmvWznC3XUhehaTTZ/xfKXNpEYbSt8o3Q/9b9xonHLC' WHERE account = '450443199007239209';
UPDATE User SET password_hash = '$2y$13$dg4FlrrcXjMmvWznC3XUhehaTTZ/xfKXNpEYbSt8o3Q/9b9xonHLC' WHERE account = '232978200301059822';
UPDATE User SET password_hash = '$2y$13$dg4FlrrcXjMmvWznC3XUhehaTTZ/xfKXNpEYbSt8o3Q/9b9xonHLC' WHERE account = '46413319241009124X';
UPDATE User SET password_hash = '$2y$13$dg4FlrrcXjMmvWznC3XUhehaTTZ/xfKXNpEYbSt8o3Q/9b9xonHLC' WHERE account = '21054419490919062X';
UPDATE User SET password_hash = '$2y$13$dg4FlrrcXjMmvWznC3XUhehaTTZ/xfKXNpEYbSt8o3Q/9b9xonHLC' WHERE account = '542480195803267428';
UPDATE User SET password_hash = '$2y$13$dg4FlrrcXjMmvWznC3XUhehaTTZ/xfKXNpEYbSt8o3Q/9b9xonHLC' WHERE account = '420842198804053327';
UPDATE User SET password_hash = '$2y$13$dg4FlrrcXjMmvWznC3XUhehaTTZ/xfKXNpEYbSt8o3Q/9b9xonHLC' WHERE account = '230541198106091488';
UPDATE User SET password_hash = '$2y$13$dg4FlrrcXjMmvWznC3XUhehaTTZ/xfKXNpEYbSt8o3Q/9b9xonHLC' WHERE account = '372399199208149932';
UPDATE User SET password_hash = '$2y$13$dg4FlrrcXjMmvWznC3XUhehaTTZ/xfKXNpEYbSt8o3Q/9b9xonHLC' WHERE account = '813864196607057303';
UPDATE User SET password_hash = '$2y$13$dg4FlrrcXjMmvWznC3XUhehaTTZ/xfKXNpEYbSt8o3Q/9b9xonHLC' WHERE account = '364820194201314280';
UPDATE User SET password_hash = '$2y$13$dg4FlrrcXjMmvWznC3XUhehaTTZ/xfKXNpEYbSt8o3Q/9b9xonHLC' WHERE account = '531607201006064983';
UPDATE User SET password_hash = '$2y$13$dg4FlrrcXjMmvWznC3XUhehaTTZ/xfKXNpEYbSt8o3Q/9b9xonHLC' WHERE account = '515085200408175073';
UPDATE User SET password_hash = '$2y$13$dg4FlrrcXjMmvWznC3XUhehaTTZ/xfKXNpEYbSt8o3Q/9b9xonHLC' WHERE account = '321093194411240578';
UPDATE User SET password_hash = '$2y$13$dg4FlrrcXjMmvWznC3XUhehaTTZ/xfKXNpEYbSt8o3Q/9b9xonHLC' WHERE account = '633167196609124405';
UPDATE User SET password_hash = '$2y$13$dg4FlrrcXjMmvWznC3XUhehaTTZ/xfKXNpEYbSt8o3Q/9b9xonHLC' WHERE account = '153038196805088243';
UPDATE User SET password_hash = '$2y$13$dg4FlrrcXjMmvWznC3XUhehaTTZ/xfKXNpEYbSt8o3Q/9b9xonHLC' WHERE account = '454747195906117022';
UPDATE User SET password_hash = '$2y$13$dg4FlrrcXjMmvWznC3XUhehaTTZ/xfKXNpEYbSt8o3Q/9b9xonHLC' WHERE account = '310925199803217540';
UPDATE User SET password_hash = '$2y$13$dg4FlrrcXjMmvWznC3XUhehaTTZ/xfKXNpEYbSt8o3Q/9b9xonHLC' WHERE account = '354893201208310006';
UPDATE User SET password_hash = '$2y$13$dg4FlrrcXjMmvWznC3XUhehaTTZ/xfKXNpEYbSt8o3Q/9b9xonHLC' WHERE account = '65086319870123591X';
UPDATE User SET password_hash = '$2y$13$dg4FlrrcXjMmvWznC3XUhehaTTZ/xfKXNpEYbSt8o3Q/9b9xonHLC' WHERE account = '500941195601275758';
UPDATE User SET password_hash = '$2y$13$dg4FlrrcXjMmvWznC3XUhehaTTZ/xfKXNpEYbSt8o3Q/9b9xonHLC' WHERE account = '234038197311019027';
UPDATE User SET password_hash = '$2y$13$dg4FlrrcXjMmvWznC3XUhehaTTZ/xfKXNpEYbSt8o3Q/9b9xonHLC' WHERE account = '810204193609077574';
UPDATE User SET password_hash = '$2y$13$dg4FlrrcXjMmvWznC3XUhehaTTZ/xfKXNpEYbSt8o3Q/9b9xonHLC' WHERE account = '152110196005046214';
UPDATE User SET password_hash = '$2y$13$dg4FlrrcXjMmvWznC3XUhehaTTZ/xfKXNpEYbSt8o3Q/9b9xonHLC' WHERE account = '351877197409256106';
UPDATE User SET password_hash = '$2y$13$dg4FlrrcXjMmvWznC3XUhehaTTZ/xfKXNpEYbSt8o3Q/9b9xonHLC' WHERE account = '121977201110018068';
UPDATE User SET password_hash = '$2y$13$dg4FlrrcXjMmvWznC3XUhehaTTZ/xfKXNpEYbSt8o3Q/9b9xonHLC' WHERE account = '654286196506048111';
UPDATE User SET password_hash = '$2y$13$dg4FlrrcXjMmvWznC3XUhehaTTZ/xfKXNpEYbSt8o3Q/9b9xonHLC' WHERE account = '330919198610125698';
UPDATE User SET password_hash = '$2y$13$dg4FlrrcXjMmvWznC3XUhehaTTZ/xfKXNpEYbSt8o3Q/9b9xonHLC' WHERE account = '823507201211101746';
UPDATE User SET password_hash = '$2y$13$dg4FlrrcXjMmvWznC3XUhehaTTZ/xfKXNpEYbSt8o3Q/9b9xonHLC' WHERE account = '151958193511053363';
UPDATE User SET password_hash = '$2y$13$dg4FlrrcXjMmvWznC3XUhehaTTZ/xfKXNpEYbSt8o3Q/9b9xonHLC' WHERE account = '420518196408263487';
UPDATE User SET password_hash = '$2y$13$dg4FlrrcXjMmvWznC3XUhehaTTZ/xfKXNpEYbSt8o3Q/9b9xonHLC' WHERE account = '511289199008074085';
UPDATE User SET password_hash = '$2y$13$dg4FlrrcXjMmvWznC3XUhehaTTZ/xfKXNpEYbSt8o3Q/9b9xonHLC' WHERE account = '131772198007123541';
UPDATE User SET password_hash = '$2y$13$dg4FlrrcXjMmvWznC3XUhehaTTZ/xfKXNpEYbSt8o3Q/9b9xonHLC' WHERE account = '330486198101142705';
UPDATE User SET password_hash = '$2y$13$dg4FlrrcXjMmvWznC3XUhehaTTZ/xfKXNpEYbSt8o3Q/9b9xonHLC' WHERE account = '313895201408023604';
UPDATE User SET password_hash = '$2y$13$dg4FlrrcXjMmvWznC3XUhehaTTZ/xfKXNpEYbSt8o3Q/9b9xonHLC' WHERE account = '332690195607160656';
UPDATE User SET password_hash = '$2y$13$dg4FlrrcXjMmvWznC3XUhehaTTZ/xfKXNpEYbSt8o3Q/9b9xonHLC' WHERE account = '320615198911108731';
UPDATE User SET password_hash = '$2y$13$dg4FlrrcXjMmvWznC3XUhehaTTZ/xfKXNpEYbSt8o3Q/9b9xonHLC' WHERE account = '714541192712190774';
UPDATE User SET password_hash = '$2y$13$dg4FlrrcXjMmvWznC3XUhehaTTZ/xfKXNpEYbSt8o3Q/9b9xonHLC' WHERE account = '450393197202083979';
UPDATE User SET password_hash = '$2y$13$dg4FlrrcXjMmvWznC3XUhehaTTZ/xfKXNpEYbSt8o3Q/9b9xonHLC' WHERE account = '313220198502134588';
UPDATE User SET password_hash = '$2y$13$dg4FlrrcXjMmvWznC3XUhehaTTZ/xfKXNpEYbSt8o3Q/9b9xonHLC' WHERE account = '132996197003136762';
UPDATE User SET password_hash = '$2y$13$dg4FlrrcXjMmvWznC3XUhehaTTZ/xfKXNpEYbSt8o3Q/9b9xonHLC' WHERE account = '361104194403285166';
UPDATE User SET password_hash = '$2y$13$dg4FlrrcXjMmvWznC3XUhehaTTZ/xfKXNpEYbSt8o3Q/9b9xonHLC' WHERE account = '523396198107207683';
UPDATE User SET password_hash = '$2y$13$dg4FlrrcXjMmvWznC3XUhehaTTZ/xfKXNpEYbSt8o3Q/9b9xonHLC' WHERE account = '443707195410038845';
UPDATE User SET password_hash = '$2y$13$dg4FlrrcXjMmvWznC3XUhehaTTZ/xfKXNpEYbSt8o3Q/9b9xonHLC' WHERE account = '113831199612256249';
UPDATE User SET password_hash = '$2y$13$dg4FlrrcXjMmvWznC3XUhehaTTZ/xfKXNpEYbSt8o3Q/9b9xonHLC' WHERE account = '642057201406157996';
UPDATE User SET password_hash = '$2y$13$dg4FlrrcXjMmvWznC3XUhehaTTZ/xfKXNpEYbSt8o3Q/9b9xonHLC' WHERE account = '361322193510168043';
UPDATE User SET password_hash = '$2y$13$dg4FlrrcXjMmvWznC3XUhehaTTZ/xfKXNpEYbSt8o3Q/9b9xonHLC' WHERE account = '371225192306151511';
UPDATE User SET password_hash = '$2y$13$dg4FlrrcXjMmvWznC3XUhehaTTZ/xfKXNpEYbSt8o3Q/9b9xonHLC' WHERE account = '143838201010285654';
UPDATE User SET password_hash = '$2y$13$dg4FlrrcXjMmvWznC3XUhehaTTZ/xfKXNpEYbSt8o3Q/9b9xonHLC' WHERE account = '824816193905113313';
UPDATE User SET password_hash = '$2y$13$dg4FlrrcXjMmvWznC3XUhehaTTZ/xfKXNpEYbSt8o3Q/9b9xonHLC' WHERE account = '371333201108085696';
UPDATE User SET password_hash = '$2y$13$dg4FlrrcXjMmvWznC3XUhehaTTZ/xfKXNpEYbSt8o3Q/9b9xonHLC' WHERE account = '430638197305306536';
UPDATE User SET password_hash = '$2y$13$dg4FlrrcXjMmvWznC3XUhehaTTZ/xfKXNpEYbSt8o3Q/9b9xonHLC' WHERE account = '444581197504182462';
UPDATE User SET password_hash = '$2y$13$dg4FlrrcXjMmvWznC3XUhehaTTZ/xfKXNpEYbSt8o3Q/9b9xonHLC' WHERE account = '12205019830907376X';
UPDATE User SET password_hash = '$2y$13$dg4FlrrcXjMmvWznC3XUhehaTTZ/xfKXNpEYbSt8o3Q/9b9xonHLC' WHERE account = '310967195702045517';
UPDATE User SET password_hash = '$2y$13$dg4FlrrcXjMmvWznC3XUhehaTTZ/xfKXNpEYbSt8o3Q/9b9xonHLC' WHERE account = '410522193005281588';
UPDATE User SET password_hash = '$2y$13$dg4FlrrcXjMmvWznC3XUhehaTTZ/xfKXNpEYbSt8o3Q/9b9xonHLC' WHERE account = '504459199507305610';
UPDATE User SET password_hash = '$2y$13$dg4FlrrcXjMmvWznC3XUhehaTTZ/xfKXNpEYbSt8o3Q/9b9xonHLC' WHERE account = '132240195404200054';
UPDATE User SET password_hash = '$2y$13$dg4FlrrcXjMmvWznC3XUhehaTTZ/xfKXNpEYbSt8o3Q/9b9xonHLC' WHERE account = '322074195407228548';
UPDATE User SET password_hash = '$2y$13$dg4FlrrcXjMmvWznC3XUhehaTTZ/xfKXNpEYbSt8o3Q/9b9xonHLC' WHERE account = '354825192504114275';
UPDATE User SET password_hash = '$2y$13$dg4FlrrcXjMmvWznC3XUhehaTTZ/xfKXNpEYbSt8o3Q/9b9xonHLC' WHERE account = '364356193707025085';
UPDATE User SET password_hash = '$2y$13$dg4FlrrcXjMmvWznC3XUhehaTTZ/xfKXNpEYbSt8o3Q/9b9xonHLC' WHERE account = '370867201209046094';
UPDATE User SET password_hash = '$2y$13$dg4FlrrcXjMmvWznC3XUhehaTTZ/xfKXNpEYbSt8o3Q/9b9xonHLC' WHERE account = '812446196507257900';
UPDATE User SET password_hash = '$2y$13$dg4FlrrcXjMmvWznC3XUhehaTTZ/xfKXNpEYbSt8o3Q/9b9xonHLC' WHERE account = '52179419400726113X';
UPDATE User SET password_hash = '$2y$13$dg4FlrrcXjMmvWznC3XUhehaTTZ/xfKXNpEYbSt8o3Q/9b9xonHLC' WHERE account = '462532194607020420';
UPDATE User SET password_hash = '$2y$13$dg4FlrrcXjMmvWznC3XUhehaTTZ/xfKXNpEYbSt8o3Q/9b9xonHLC' WHERE account = '121666200311083316';
UPDATE User SET password_hash = '$2y$13$dg4FlrrcXjMmvWznC3XUhehaTTZ/xfKXNpEYbSt8o3Q/9b9xonHLC' WHERE account = '622951196507225468';
UPDATE User SET password_hash = '$2y$13$dg4FlrrcXjMmvWznC3XUhehaTTZ/xfKXNpEYbSt8o3Q/9b9xonHLC' WHERE account = '513451196311061532';
UPDATE User SET password_hash = '$2y$13$dg4FlrrcXjMmvWznC3XUhehaTTZ/xfKXNpEYbSt8o3Q/9b9xonHLC' WHERE account = '543311199504158964';
UPDATE User SET password_hash = '$2y$13$dg4FlrrcXjMmvWznC3XUhehaTTZ/xfKXNpEYbSt8o3Q/9b9xonHLC' WHERE account = '324777193002275714';
UPDATE User SET password_hash = '$2y$13$dg4FlrrcXjMmvWznC3XUhehaTTZ/xfKXNpEYbSt8o3Q/9b9xonHLC' WHERE account = '335055192303145415';
UPDATE User SET password_hash = '$2y$13$dg4FlrrcXjMmvWznC3XUhehaTTZ/xfKXNpEYbSt8o3Q/9b9xonHLC' WHERE account = '154405192306089700';
UPDATE User SET password_hash = '$2y$13$dg4FlrrcXjMmvWznC3XUhehaTTZ/xfKXNpEYbSt8o3Q/9b9xonHLC' WHERE account = '411706197109133328';
UPDATE User SET password_hash = '$2y$13$dg4FlrrcXjMmvWznC3XUhehaTTZ/xfKXNpEYbSt8o3Q/9b9xonHLC' WHERE account = '351636199302242203';
UPDATE User SET password_hash = '$2y$13$dg4FlrrcXjMmvWznC3XUhehaTTZ/xfKXNpEYbSt8o3Q/9b9xonHLC' WHERE account = '612725200407193476';
UPDATE User SET password_hash = '$2y$13$dg4FlrrcXjMmvWznC3XUhehaTTZ/xfKXNpEYbSt8o3Q/9b9xonHLC' WHERE account = '321827198812294289';
UPDATE User SET password_hash = '$2y$13$dg4FlrrcXjMmvWznC3XUhehaTTZ/xfKXNpEYbSt8o3Q/9b9xonHLC' WHERE account = '221674197905115945';
UPDATE User SET password_hash = '$2y$13$dg4FlrrcXjMmvWznC3XUhehaTTZ/xfKXNpEYbSt8o3Q/9b9xonHLC' WHERE account = '521702196306252881';
UPDATE User SET password_hash = '$2y$13$dg4FlrrcXjMmvWznC3XUhehaTTZ/xfKXNpEYbSt8o3Q/9b9xonHLC' WHERE account = '110714192305258931';
UPDATE User SET password_hash = '$2y$13$dg4FlrrcXjMmvWznC3XUhehaTTZ/xfKXNpEYbSt8o3Q/9b9xonHLC' WHERE account = '114556198104171354';
UPDATE User SET password_hash = '$2y$13$dg4FlrrcXjMmvWznC3XUhehaTTZ/xfKXNpEYbSt8o3Q/9b9xonHLC' WHERE account = '12329719560724333X';
UPDATE User SET password_hash = '$2y$13$dg4FlrrcXjMmvWznC3XUhehaTTZ/xfKXNpEYbSt8o3Q/9b9xonHLC' WHERE account = '530928193303102818';
UPDATE User SET password_hash = '$2y$13$dg4FlrrcXjMmvWznC3XUhehaTTZ/xfKXNpEYbSt8o3Q/9b9xonHLC' WHERE account = '364397198902259760';
UPDATE User SET password_hash = '$2y$13$dg4FlrrcXjMmvWznC3XUhehaTTZ/xfKXNpEYbSt8o3Q/9b9xonHLC' WHERE account = '152313198210192449';
UPDATE User SET password_hash = '$2y$13$dg4FlrrcXjMmvWznC3XUhehaTTZ/xfKXNpEYbSt8o3Q/9b9xonHLC' WHERE account = '530130195607236514';
UPDATE User SET password_hash = '$2y$13$dg4FlrrcXjMmvWznC3XUhehaTTZ/xfKXNpEYbSt8o3Q/9b9xonHLC' WHERE account = '640532194212144146';
UPDATE User SET password_hash = '$2y$13$dg4FlrrcXjMmvWznC3XUhehaTTZ/xfKXNpEYbSt8o3Q/9b9xonHLC' WHERE account = '500605195512086387';
UPDATE User SET password_hash = '$2y$13$dg4FlrrcXjMmvWznC3XUhehaTTZ/xfKXNpEYbSt8o3Q/9b9xonHLC' WHERE account = '811539199011010783';
UPDATE User SET password_hash = '$2y$13$dg4FlrrcXjMmvWznC3XUhehaTTZ/xfKXNpEYbSt8o3Q/9b9xonHLC' WHERE account = '522098196712151181';
UPDATE User SET password_hash = '$2y$13$dg4FlrrcXjMmvWznC3XUhehaTTZ/xfKXNpEYbSt8o3Q/9b9xonHLC' WHERE account = '21421820100729516X';
UPDATE User SET password_hash = '$2y$13$dg4FlrrcXjMmvWznC3XUhehaTTZ/xfKXNpEYbSt8o3Q/9b9xonHLC' WHERE account = '230578196606146125';
UPDATE User SET password_hash = '$2y$13$dg4FlrrcXjMmvWznC3XUhehaTTZ/xfKXNpEYbSt8o3Q/9b9xonHLC' WHERE account = '540171196104257587';
UPDATE User SET password_hash = '$2y$13$dg4FlrrcXjMmvWznC3XUhehaTTZ/xfKXNpEYbSt8o3Q/9b9xonHLC' WHERE account = '433238192408089155';
UPDATE User SET password_hash = '$2y$13$dg4FlrrcXjMmvWznC3XUhehaTTZ/xfKXNpEYbSt8o3Q/9b9xonHLC' WHERE account = '512947192312097368';
UPDATE User SET password_hash = '$2y$13$dg4FlrrcXjMmvWznC3XUhehaTTZ/xfKXNpEYbSt8o3Q/9b9xonHLC' WHERE account = '450746197601294425';
UPDATE User SET password_hash = '$2y$13$dg4FlrrcXjMmvWznC3XUhehaTTZ/xfKXNpEYbSt8o3Q/9b9xonHLC' WHERE account = '123925193412253041';
UPDATE User SET password_hash = '$2y$13$dg4FlrrcXjMmvWznC3XUhehaTTZ/xfKXNpEYbSt8o3Q/9b9xonHLC' WHERE account = '424188200303108946';
UPDATE User SET password_hash = '$2y$13$dg4FlrrcXjMmvWznC3XUhehaTTZ/xfKXNpEYbSt8o3Q/9b9xonHLC' WHERE account = '653176196111132054';
UPDATE User SET password_hash = '$2y$13$dg4FlrrcXjMmvWznC3XUhehaTTZ/xfKXNpEYbSt8o3Q/9b9xonHLC' WHERE account = '233648198709023916';
UPDATE User SET password_hash = '$2y$13$dg4FlrrcXjMmvWznC3XUhehaTTZ/xfKXNpEYbSt8o3Q/9b9xonHLC' WHERE account = '811748200912295814';
UPDATE User SET password_hash = '$2y$13$dg4FlrrcXjMmvWznC3XUhehaTTZ/xfKXNpEYbSt8o3Q/9b9xonHLC' WHERE account = '312276193709257896';
UPDATE User SET password_hash = '$2y$13$dg4FlrrcXjMmvWznC3XUhehaTTZ/xfKXNpEYbSt8o3Q/9b9xonHLC' WHERE account = '333441199901229579';
UPDATE User SET password_hash = '$2y$13$dg4FlrrcXjMmvWznC3XUhehaTTZ/xfKXNpEYbSt8o3Q/9b9xonHLC' WHERE account = '324305196902192275';
UPDATE User SET password_hash = '$2y$13$dg4FlrrcXjMmvWznC3XUhehaTTZ/xfKXNpEYbSt8o3Q/9b9xonHLC' WHERE account = '631211192304159517';
UPDATE User SET password_hash = '$2y$13$dg4FlrrcXjMmvWznC3XUhehaTTZ/xfKXNpEYbSt8o3Q/9b9xonHLC' WHERE account = '153339201212254930';
UPDATE User SET password_hash = '$2y$13$dg4FlrrcXjMmvWznC3XUhehaTTZ/xfKXNpEYbSt8o3Q/9b9xonHLC' WHERE account = '323493200307269278';
UPDATE User SET password_hash = '$2y$13$dg4FlrrcXjMmvWznC3XUhehaTTZ/xfKXNpEYbSt8o3Q/9b9xonHLC' WHERE account = '231808196903157017';
UPDATE User SET password_hash = '$2y$13$dg4FlrrcXjMmvWznC3XUhehaTTZ/xfKXNpEYbSt8o3Q/9b9xonHLC' WHERE account = '450786193803127163';
UPDATE User SET password_hash = '$2y$13$dg4FlrrcXjMmvWznC3XUhehaTTZ/xfKXNpEYbSt8o3Q/9b9xonHLC' WHERE account = '213228200102248539';
UPDATE User SET password_hash = '$2y$13$dg4FlrrcXjMmvWznC3XUhehaTTZ/xfKXNpEYbSt8o3Q/9b9xonHLC' WHERE account = '131101194208095898';
UPDATE User SET password_hash = '$2y$13$dg4FlrrcXjMmvWznC3XUhehaTTZ/xfKXNpEYbSt8o3Q/9b9xonHLC' WHERE account = '434532193903089548';
UPDATE User SET password_hash = '$2y$13$dg4FlrrcXjMmvWznC3XUhehaTTZ/xfKXNpEYbSt8o3Q/9b9xonHLC' WHERE account = '614714199105208756';
UPDATE User SET password_hash = '$2y$13$dg4FlrrcXjMmvWznC3XUhehaTTZ/xfKXNpEYbSt8o3Q/9b9xonHLC' WHERE account = '631027193405290633';
UPDATE User SET password_hash = '$2y$13$dg4FlrrcXjMmvWznC3XUhehaTTZ/xfKXNpEYbSt8o3Q/9b9xonHLC' WHERE account = '442080201405269877';
UPDATE User SET password_hash = '$2y$13$dg4FlrrcXjMmvWznC3XUhehaTTZ/xfKXNpEYbSt8o3Q/9b9xonHLC' WHERE account = '234884201104022297';
UPDATE User SET password_hash = '$2y$13$dg4FlrrcXjMmvWznC3XUhehaTTZ/xfKXNpEYbSt8o3Q/9b9xonHLC' WHERE account = '503345194101086433';
UPDATE User SET password_hash = '$2y$13$dg4FlrrcXjMmvWznC3XUhehaTTZ/xfKXNpEYbSt8o3Q/9b9xonHLC' WHERE account = '313644196308212063';
UPDATE User SET password_hash = '$2y$13$dg4FlrrcXjMmvWznC3XUhehaTTZ/xfKXNpEYbSt8o3Q/9b9xonHLC' WHERE account = '632840200605072326';
UPDATE User SET password_hash = '$2y$13$dg4FlrrcXjMmvWznC3XUhehaTTZ/xfKXNpEYbSt8o3Q/9b9xonHLC' WHERE account = '37061119621121850X';
UPDATE User SET password_hash = '$2y$13$dg4FlrrcXjMmvWznC3XUhehaTTZ/xfKXNpEYbSt8o3Q/9b9xonHLC' WHERE account = '131216196709113082';
UPDATE User SET password_hash = '$2y$13$dg4FlrrcXjMmvWznC3XUhehaTTZ/xfKXNpEYbSt8o3Q/9b9xonHLC' WHERE account = '144399200704179987';
UPDATE User SET password_hash = '$2y$13$dg4FlrrcXjMmvWznC3XUhehaTTZ/xfKXNpEYbSt8o3Q/9b9xonHLC' WHERE account = '644943192508274947';
UPDATE User SET password_hash = '$2y$13$dg4FlrrcXjMmvWznC3XUhehaTTZ/xfKXNpEYbSt8o3Q/9b9xonHLC' WHERE account = '524853198701191940';
UPDATE User SET password_hash = '$2y$13$dg4FlrrcXjMmvWznC3XUhehaTTZ/xfKXNpEYbSt8o3Q/9b9xonHLC' WHERE account = '821636194309083515';
UPDATE User SET password_hash = '$2y$13$dg4FlrrcXjMmvWznC3XUhehaTTZ/xfKXNpEYbSt8o3Q/9b9xonHLC' WHERE account = '133381195309110087';
UPDATE User SET password_hash = '$2y$13$dg4FlrrcXjMmvWznC3XUhehaTTZ/xfKXNpEYbSt8o3Q/9b9xonHLC' WHERE account = '310295198101254168';
UPDATE User SET password_hash = '$2y$13$dg4FlrrcXjMmvWznC3XUhehaTTZ/xfKXNpEYbSt8o3Q/9b9xonHLC' WHERE account = '343686199303304508';
UPDATE User SET password_hash = '$2y$13$dg4FlrrcXjMmvWznC3XUhehaTTZ/xfKXNpEYbSt8o3Q/9b9xonHLC' WHERE account = '123599201202196794';
UPDATE User SET password_hash = '$2y$13$dg4FlrrcXjMmvWznC3XUhehaTTZ/xfKXNpEYbSt8o3Q/9b9xonHLC' WHERE account = '322839199108150806';
UPDATE User SET password_hash = '$2y$13$dg4FlrrcXjMmvWznC3XUhehaTTZ/xfKXNpEYbSt8o3Q/9b9xonHLC' WHERE account = '615039193406015095';
UPDATE User SET password_hash = '$2y$13$dg4FlrrcXjMmvWznC3XUhehaTTZ/xfKXNpEYbSt8o3Q/9b9xonHLC' WHERE account = '214469192510033822';
UPDATE User SET password_hash = '$2y$13$dg4FlrrcXjMmvWznC3XUhehaTTZ/xfKXNpEYbSt8o3Q/9b9xonHLC' WHERE account = '314256197807286115';
UPDATE User SET password_hash = '$2y$13$dg4FlrrcXjMmvWznC3XUhehaTTZ/xfKXNpEYbSt8o3Q/9b9xonHLC' WHERE account = '501280196907042072';
UPDATE User SET password_hash = '$2y$13$dg4FlrrcXjMmvWznC3XUhehaTTZ/xfKXNpEYbSt8o3Q/9b9xonHLC' WHERE account = '374178195104090960';
UPDATE User SET password_hash = '$2y$13$dg4FlrrcXjMmvWznC3XUhehaTTZ/xfKXNpEYbSt8o3Q/9b9xonHLC' WHERE account = '463938199606103830';
UPDATE User SET password_hash = '$2y$13$dg4FlrrcXjMmvWznC3XUhehaTTZ/xfKXNpEYbSt8o3Q/9b9xonHLC' WHERE account = '152015201112039622';
UPDATE User SET password_hash = '$2y$13$dg4FlrrcXjMmvWznC3XUhehaTTZ/xfKXNpEYbSt8o3Q/9b9xonHLC' WHERE account = '620286197701170079';
UPDATE User SET password_hash = '$2y$13$dg4FlrrcXjMmvWznC3XUhehaTTZ/xfKXNpEYbSt8o3Q/9b9xonHLC' WHERE account = '814240196802056630';
UPDATE User SET password_hash = '$2y$13$dg4FlrrcXjMmvWznC3XUhehaTTZ/xfKXNpEYbSt8o3Q/9b9xonHLC' WHERE account = '134584194911067370';
UPDATE User SET password_hash = '$2y$13$dg4FlrrcXjMmvWznC3XUhehaTTZ/xfKXNpEYbSt8o3Q/9b9xonHLC' WHERE account = '323742193106089688';
UPDATE User SET password_hash = '$2y$13$dg4FlrrcXjMmvWznC3XUhehaTTZ/xfKXNpEYbSt8o3Q/9b9xonHLC' WHERE account = '652111192702037735';
UPDATE User SET password_hash = '$2y$13$dg4FlrrcXjMmvWznC3XUhehaTTZ/xfKXNpEYbSt8o3Q/9b9xonHLC' WHERE account = '635085200404214537';
UPDATE User SET password_hash = '$2y$13$dg4FlrrcXjMmvWznC3XUhehaTTZ/xfKXNpEYbSt8o3Q/9b9xonHLC' WHERE account = '361044193512066648';
UPDATE User SET password_hash = '$2y$13$dg4FlrrcXjMmvWznC3XUhehaTTZ/xfKXNpEYbSt8o3Q/9b9xonHLC' WHERE account = '71030319360609612X';
UPDATE User SET password_hash = '$2y$13$dg4FlrrcXjMmvWznC3XUhehaTTZ/xfKXNpEYbSt8o3Q/9b9xonHLC' WHERE account = '36369519710614053X';
UPDATE User SET password_hash = '$2y$13$dg4FlrrcXjMmvWznC3XUhehaTTZ/xfKXNpEYbSt8o3Q/9b9xonHLC' WHERE account = '424067199302079358';
UPDATE User SET password_hash = '$2y$13$dg4FlrrcXjMmvWznC3XUhehaTTZ/xfKXNpEYbSt8o3Q/9b9xonHLC' WHERE account = '632406195607066872';
UPDATE User SET password_hash = '$2y$13$dg4FlrrcXjMmvWznC3XUhehaTTZ/xfKXNpEYbSt8o3Q/9b9xonHLC' WHERE account = '122385196312053008';
UPDATE User SET password_hash = '$2y$13$dg4FlrrcXjMmvWznC3XUhehaTTZ/xfKXNpEYbSt8o3Q/9b9xonHLC' WHERE account = '820427194706255550';
UPDATE User SET password_hash = '$2y$13$dg4FlrrcXjMmvWznC3XUhehaTTZ/xfKXNpEYbSt8o3Q/9b9xonHLC' WHERE account = '354219194106033087';
UPDATE User SET password_hash = '$2y$13$dg4FlrrcXjMmvWznC3XUhehaTTZ/xfKXNpEYbSt8o3Q/9b9xonHLC' WHERE account = '343826199505299748';
UPDATE User SET password_hash = '$2y$13$dg4FlrrcXjMmvWznC3XUhehaTTZ/xfKXNpEYbSt8o3Q/9b9xonHLC' WHERE account = '430268199202085183';
UPDATE User SET password_hash = '$2y$13$dg4FlrrcXjMmvWznC3XUhehaTTZ/xfKXNpEYbSt8o3Q/9b9xonHLC' WHERE account = '413160200511263415';
UPDATE User SET password_hash = '$2y$13$dg4FlrrcXjMmvWznC3XUhehaTTZ/xfKXNpEYbSt8o3Q/9b9xonHLC' WHERE account = '82077519580309626X';
UPDATE User SET password_hash = '$2y$13$dg4FlrrcXjMmvWznC3XUhehaTTZ/xfKXNpEYbSt8o3Q/9b9xonHLC' WHERE account = '453107196811222191';
UPDATE User SET password_hash = '$2y$13$dg4FlrrcXjMmvWznC3XUhehaTTZ/xfKXNpEYbSt8o3Q/9b9xonHLC' WHERE account = '142031199106149190';
UPDATE User SET password_hash = '$2y$13$dg4FlrrcXjMmvWznC3XUhehaTTZ/xfKXNpEYbSt8o3Q/9b9xonHLC' WHERE account = '541849194706137971';
UPDATE User SET password_hash = '$2y$13$dg4FlrrcXjMmvWznC3XUhehaTTZ/xfKXNpEYbSt8o3Q/9b9xonHLC' WHERE account = '324437199401253532';
UPDATE User SET password_hash = '$2y$13$dg4FlrrcXjMmvWznC3XUhehaTTZ/xfKXNpEYbSt8o3Q/9b9xonHLC' WHERE account = '430584198305253655';
UPDATE User SET password_hash = '$2y$13$dg4FlrrcXjMmvWznC3XUhehaTTZ/xfKXNpEYbSt8o3Q/9b9xonHLC' WHERE account = '372294195801306272';
UPDATE User SET password_hash = '$2y$13$dg4FlrrcXjMmvWznC3XUhehaTTZ/xfKXNpEYbSt8o3Q/9b9xonHLC' WHERE account = '510271199007221136';
UPDATE User SET password_hash = '$2y$13$dg4FlrrcXjMmvWznC3XUhehaTTZ/xfKXNpEYbSt8o3Q/9b9xonHLC' WHERE account = '520735199503111492';
UPDATE User SET password_hash = '$2y$13$dg4FlrrcXjMmvWznC3XUhehaTTZ/xfKXNpEYbSt8o3Q/9b9xonHLC' WHERE account = '643583193302036612';
UPDATE User SET password_hash = '$2y$13$dg4FlrrcXjMmvWznC3XUhehaTTZ/xfKXNpEYbSt8o3Q/9b9xonHLC' WHERE account = '823847197507021659';
UPDATE User SET password_hash = '$2y$13$dg4FlrrcXjMmvWznC3XUhehaTTZ/xfKXNpEYbSt8o3Q/9b9xonHLC' WHERE account = '543649195303310922';
UPDATE User SET password_hash = '$2y$13$dg4FlrrcXjMmvWznC3XUhehaTTZ/xfKXNpEYbSt8o3Q/9b9xonHLC' WHERE account = '322167200706267909';
UPDATE User SET password_hash = '$2y$13$dg4FlrrcXjMmvWznC3XUhehaTTZ/xfKXNpEYbSt8o3Q/9b9xonHLC' WHERE account = '501874195811053760';
UPDATE User SET password_hash = '$2y$13$dg4FlrrcXjMmvWznC3XUhehaTTZ/xfKXNpEYbSt8o3Q/9b9xonHLC' WHERE account = '123050199904291437';
UPDATE User SET password_hash = '$2y$13$dg4FlrrcXjMmvWznC3XUhehaTTZ/xfKXNpEYbSt8o3Q/9b9xonHLC' WHERE account = '343744194502257419';
UPDATE User SET password_hash = '$2y$13$dg4FlrrcXjMmvWznC3XUhehaTTZ/xfKXNpEYbSt8o3Q/9b9xonHLC' WHERE account = '610130192809028131';
UPDATE User SET password_hash = '$2y$13$dg4FlrrcXjMmvWznC3XUhehaTTZ/xfKXNpEYbSt8o3Q/9b9xonHLC' WHERE account = '443264201309092254';
UPDATE User SET password_hash = '$2y$13$dg4FlrrcXjMmvWznC3XUhehaTTZ/xfKXNpEYbSt8o3Q/9b9xonHLC' WHERE account = '712959195107053409';
UPDATE User SET password_hash = '$2y$13$dg4FlrrcXjMmvWznC3XUhehaTTZ/xfKXNpEYbSt8o3Q/9b9xonHLC' WHERE account = '65226519551029158X';
UPDATE User SET password_hash = '$2y$13$dg4FlrrcXjMmvWznC3XUhehaTTZ/xfKXNpEYbSt8o3Q/9b9xonHLC' WHERE account = '231757198205041018';
UPDATE User SET password_hash = '$2y$13$dg4FlrrcXjMmvWznC3XUhehaTTZ/xfKXNpEYbSt8o3Q/9b9xonHLC' WHERE account = '52092119230323857X';
UPDATE User SET password_hash = '$2y$13$dg4FlrrcXjMmvWznC3XUhehaTTZ/xfKXNpEYbSt8o3Q/9b9xonHLC' WHERE account = '413379197504172870';
UPDATE User SET password_hash = '$2y$13$dg4FlrrcXjMmvWznC3XUhehaTTZ/xfKXNpEYbSt8o3Q/9b9xonHLC' WHERE account = '365026192409190240';
UPDATE User SET password_hash = '$2y$13$dg4FlrrcXjMmvWznC3XUhehaTTZ/xfKXNpEYbSt8o3Q/9b9xonHLC' WHERE account = '353932198202034579';
UPDATE User SET password_hash = '$2y$13$dg4FlrrcXjMmvWznC3XUhehaTTZ/xfKXNpEYbSt8o3Q/9b9xonHLC' WHERE account = '464615192805165419';
UPDATE User SET password_hash = '$2y$13$dg4FlrrcXjMmvWznC3XUhehaTTZ/xfKXNpEYbSt8o3Q/9b9xonHLC' WHERE account = '123929192308230528';
UPDATE User SET password_hash = '$2y$13$dg4FlrrcXjMmvWznC3XUhehaTTZ/xfKXNpEYbSt8o3Q/9b9xonHLC' WHERE account = '522336194110052975';
UPDATE User SET password_hash = '$2y$13$dg4FlrrcXjMmvWznC3XUhehaTTZ/xfKXNpEYbSt8o3Q/9b9xonHLC' WHERE account = '644307198808229419';
UPDATE User SET password_hash = '$2y$13$dg4FlrrcXjMmvWznC3XUhehaTTZ/xfKXNpEYbSt8o3Q/9b9xonHLC' WHERE account = '44357919550403701X';
UPDATE User SET password_hash = '$2y$13$dg4FlrrcXjMmvWznC3XUhehaTTZ/xfKXNpEYbSt8o3Q/9b9xonHLC' WHERE account = '444863201211117554';
UPDATE User SET password_hash = '$2y$13$dg4FlrrcXjMmvWznC3XUhehaTTZ/xfKXNpEYbSt8o3Q/9b9xonHLC' WHERE account = '12338419951012573X';
UPDATE User SET password_hash = '$2y$13$dg4FlrrcXjMmvWznC3XUhehaTTZ/xfKXNpEYbSt8o3Q/9b9xonHLC' WHERE account = '714947197910123314';
UPDATE User SET password_hash = '$2y$13$dg4FlrrcXjMmvWznC3XUhehaTTZ/xfKXNpEYbSt8o3Q/9b9xonHLC' WHERE account = '361992201003060114';
UPDATE User SET password_hash = '$2y$13$dg4FlrrcXjMmvWznC3XUhehaTTZ/xfKXNpEYbSt8o3Q/9b9xonHLC' WHERE account = '460334196304158368';
UPDATE User SET password_hash = '$2y$13$dg4FlrrcXjMmvWznC3XUhehaTTZ/xfKXNpEYbSt8o3Q/9b9xonHLC' WHERE account = '233272199302095811';
UPDATE User SET password_hash = '$2y$13$dg4FlrrcXjMmvWznC3XUhehaTTZ/xfKXNpEYbSt8o3Q/9b9xonHLC' WHERE account = '361998194010039811';
UPDATE User SET password_hash = '$2y$13$dg4FlrrcXjMmvWznC3XUhehaTTZ/xfKXNpEYbSt8o3Q/9b9xonHLC' WHERE account = '454817198908136913';
UPDATE User SET password_hash = '$2y$13$dg4FlrrcXjMmvWznC3XUhehaTTZ/xfKXNpEYbSt8o3Q/9b9xonHLC' WHERE account = '445061193205063755';
UPDATE User SET password_hash = '$2y$13$dg4FlrrcXjMmvWznC3XUhehaTTZ/xfKXNpEYbSt8o3Q/9b9xonHLC' WHERE account = '611111198511090793';
UPDATE User SET password_hash = '$2y$13$dg4FlrrcXjMmvWznC3XUhehaTTZ/xfKXNpEYbSt8o3Q/9b9xonHLC' WHERE account = '224571196810142033';
UPDATE User SET password_hash = '$2y$13$dg4FlrrcXjMmvWznC3XUhehaTTZ/xfKXNpEYbSt8o3Q/9b9xonHLC' WHERE account = '523337192908180876';
UPDATE User SET password_hash = '$2y$13$dg4FlrrcXjMmvWznC3XUhehaTTZ/xfKXNpEYbSt8o3Q/9b9xonHLC' WHERE account = '45139319871103562X';
UPDATE User SET password_hash = '$2y$13$dg4FlrrcXjMmvWznC3XUhehaTTZ/xfKXNpEYbSt8o3Q/9b9xonHLC' WHERE account = '310419198302142818';
UPDATE User SET password_hash = '$2y$13$dg4FlrrcXjMmvWznC3XUhehaTTZ/xfKXNpEYbSt8o3Q/9b9xonHLC' WHERE account = '211591199305112324';
UPDATE User SET password_hash = '$2y$13$dg4FlrrcXjMmvWznC3XUhehaTTZ/xfKXNpEYbSt8o3Q/9b9xonHLC' WHERE account = '462874192901092873';
UPDATE User SET password_hash = '$2y$13$dg4FlrrcXjMmvWznC3XUhehaTTZ/xfKXNpEYbSt8o3Q/9b9xonHLC' WHERE account = '34453919830813570X';
UPDATE User SET password_hash = '$2y$13$dg4FlrrcXjMmvWznC3XUhehaTTZ/xfKXNpEYbSt8o3Q/9b9xonHLC' WHERE account = '420124195401165437';
UPDATE User SET password_hash = '$2y$13$dg4FlrrcXjMmvWznC3XUhehaTTZ/xfKXNpEYbSt8o3Q/9b9xonHLC' WHERE account = '141956194708169412';
UPDATE User SET password_hash = '$2y$13$dg4FlrrcXjMmvWznC3XUhehaTTZ/xfKXNpEYbSt8o3Q/9b9xonHLC' WHERE account = '152680199910142555';
UPDATE User SET password_hash = '$2y$13$dg4FlrrcXjMmvWznC3XUhehaTTZ/xfKXNpEYbSt8o3Q/9b9xonHLC' WHERE account = '114370193908155377';
UPDATE User SET password_hash = '$2y$13$dg4FlrrcXjMmvWznC3XUhehaTTZ/xfKXNpEYbSt8o3Q/9b9xonHLC' WHERE account = '411307196106177069';
UPDATE User SET password_hash = '$2y$13$dg4FlrrcXjMmvWznC3XUhehaTTZ/xfKXNpEYbSt8o3Q/9b9xonHLC' WHERE account = '460879192310266495';
UPDATE User SET password_hash = '$2y$13$dg4FlrrcXjMmvWznC3XUhehaTTZ/xfKXNpEYbSt8o3Q/9b9xonHLC' WHERE account = '363106198505075466';
UPDATE User SET password_hash = '$2y$13$dg4FlrrcXjMmvWznC3XUhehaTTZ/xfKXNpEYbSt8o3Q/9b9xonHLC' WHERE account = '630707198802120869';
UPDATE User SET password_hash = '$2y$13$dg4FlrrcXjMmvWznC3XUhehaTTZ/xfKXNpEYbSt8o3Q/9b9xonHLC' WHERE account = '352333199706015695';
UPDATE User SET password_hash = '$2y$13$dg4FlrrcXjMmvWznC3XUhehaTTZ/xfKXNpEYbSt8o3Q/9b9xonHLC' WHERE account = '510865192705082497';
UPDATE User SET password_hash = '$2y$13$dg4FlrrcXjMmvWznC3XUhehaTTZ/xfKXNpEYbSt8o3Q/9b9xonHLC' WHERE account = '632041193105247677';
UPDATE User SET password_hash = '$2y$13$dg4FlrrcXjMmvWznC3XUhehaTTZ/xfKXNpEYbSt8o3Q/9b9xonHLC' WHERE account = '324004199407118825';
UPDATE User SET password_hash = '$2y$13$dg4FlrrcXjMmvWznC3XUhehaTTZ/xfKXNpEYbSt8o3Q/9b9xonHLC' WHERE account = '610651200410194838';
UPDATE User SET password_hash = '$2y$13$dg4FlrrcXjMmvWznC3XUhehaTTZ/xfKXNpEYbSt8o3Q/9b9xonHLC' WHERE account = '351239201212129745';
UPDATE User SET password_hash = '$2y$13$dg4FlrrcXjMmvWznC3XUhehaTTZ/xfKXNpEYbSt8o3Q/9b9xonHLC' WHERE account = '453609195608146758';
UPDATE User SET password_hash = '$2y$13$dg4FlrrcXjMmvWznC3XUhehaTTZ/xfKXNpEYbSt8o3Q/9b9xonHLC' WHERE account = '332278192507273246';
UPDATE User SET password_hash = '$2y$13$dg4FlrrcXjMmvWznC3XUhehaTTZ/xfKXNpEYbSt8o3Q/9b9xonHLC' WHERE account = '143406192612162668';
UPDATE User SET password_hash = '$2y$13$dg4FlrrcXjMmvWznC3XUhehaTTZ/xfKXNpEYbSt8o3Q/9b9xonHLC' WHERE account = '452961196411277382';
UPDATE User SET password_hash = '$2y$13$dg4FlrrcXjMmvWznC3XUhehaTTZ/xfKXNpEYbSt8o3Q/9b9xonHLC' WHERE account = '224751193909203880';
UPDATE User SET password_hash = '$2y$13$dg4FlrrcXjMmvWznC3XUhehaTTZ/xfKXNpEYbSt8o3Q/9b9xonHLC' WHERE account = '713057197712010881';
UPDATE User SET password_hash = '$2y$13$dg4FlrrcXjMmvWznC3XUhehaTTZ/xfKXNpEYbSt8o3Q/9b9xonHLC' WHERE account = '621062200911294462';
UPDATE User SET password_hash = '$2y$13$dg4FlrrcXjMmvWznC3XUhehaTTZ/xfKXNpEYbSt8o3Q/9b9xonHLC' WHERE account = '711402200407051571';
UPDATE User SET password_hash = '$2y$13$dg4FlrrcXjMmvWznC3XUhehaTTZ/xfKXNpEYbSt8o3Q/9b9xonHLC' WHERE account = '540118192908168365';
UPDATE User SET password_hash = '$2y$13$dg4FlrrcXjMmvWznC3XUhehaTTZ/xfKXNpEYbSt8o3Q/9b9xonHLC' WHERE account = '111304201103214222';
UPDATE User SET password_hash = '$2y$13$dg4FlrrcXjMmvWznC3XUhehaTTZ/xfKXNpEYbSt8o3Q/9b9xonHLC' WHERE account = '430946192508086697';
UPDATE User SET password_hash = '$2y$13$dg4FlrrcXjMmvWznC3XUhehaTTZ/xfKXNpEYbSt8o3Q/9b9xonHLC' WHERE account = '32292719490708699X';
UPDATE User SET password_hash = '$2y$13$dg4FlrrcXjMmvWznC3XUhehaTTZ/xfKXNpEYbSt8o3Q/9b9xonHLC' WHERE account = '711671197409213152';
UPDATE User SET password_hash = '$2y$13$dg4FlrrcXjMmvWznC3XUhehaTTZ/xfKXNpEYbSt8o3Q/9b9xonHLC' WHERE account = '360230194803127992';
UPDATE User SET password_hash = '$2y$13$dg4FlrrcXjMmvWznC3XUhehaTTZ/xfKXNpEYbSt8o3Q/9b9xonHLC' WHERE account = '424012199104136572';
UPDATE User SET password_hash = '$2y$13$dg4FlrrcXjMmvWznC3XUhehaTTZ/xfKXNpEYbSt8o3Q/9b9xonHLC' WHERE account = '523821201403235432';
UPDATE User SET password_hash = '$2y$13$dg4FlrrcXjMmvWznC3XUhehaTTZ/xfKXNpEYbSt8o3Q/9b9xonHLC' WHERE account = '13102820140724466X';
UPDATE User SET password_hash = '$2y$13$dg4FlrrcXjMmvWznC3XUhehaTTZ/xfKXNpEYbSt8o3Q/9b9xonHLC' WHERE account = '65275219680123287X';
UPDATE User SET password_hash = '$2y$13$dg4FlrrcXjMmvWznC3XUhehaTTZ/xfKXNpEYbSt8o3Q/9b9xonHLC' WHERE account = '634559200206279053';
UPDATE User SET password_hash = '$2y$13$dg4FlrrcXjMmvWznC3XUhehaTTZ/xfKXNpEYbSt8o3Q/9b9xonHLC' WHERE account = '120914200301019576';
UPDATE User SET password_hash = '$2y$13$dg4FlrrcXjMmvWznC3XUhehaTTZ/xfKXNpEYbSt8o3Q/9b9xonHLC' WHERE account = '460464199909099742';
UPDATE User SET password_hash = '$2y$13$dg4FlrrcXjMmvWznC3XUhehaTTZ/xfKXNpEYbSt8o3Q/9b9xonHLC' WHERE account = '42412320041019525X';
UPDATE User SET password_hash = '$2y$13$dg4FlrrcXjMmvWznC3XUhehaTTZ/xfKXNpEYbSt8o3Q/9b9xonHLC' WHERE account = '443833193007081919';
UPDATE User SET password_hash = '$2y$13$dg4FlrrcXjMmvWznC3XUhehaTTZ/xfKXNpEYbSt8o3Q/9b9xonHLC' WHERE account = '410450199508049006';
UPDATE User SET password_hash = '$2y$13$dg4FlrrcXjMmvWznC3XUhehaTTZ/xfKXNpEYbSt8o3Q/9b9xonHLC' WHERE account = '154015199112035526';
UPDATE User SET password_hash = '$2y$13$dg4FlrrcXjMmvWznC3XUhehaTTZ/xfKXNpEYbSt8o3Q/9b9xonHLC' WHERE account = '713569193306164437';
UPDATE User SET password_hash = '$2y$13$dg4FlrrcXjMmvWznC3XUhehaTTZ/xfKXNpEYbSt8o3Q/9b9xonHLC' WHERE account = '654569199802055454';
UPDATE User SET password_hash = '$2y$13$dg4FlrrcXjMmvWznC3XUhehaTTZ/xfKXNpEYbSt8o3Q/9b9xonHLC' WHERE account = '130932193408288065';
UPDATE User SET password_hash = '$2y$13$dg4FlrrcXjMmvWznC3XUhehaTTZ/xfKXNpEYbSt8o3Q/9b9xonHLC' WHERE account = '530142200806276174';
UPDATE User SET password_hash = '$2y$13$dg4FlrrcXjMmvWznC3XUhehaTTZ/xfKXNpEYbSt8o3Q/9b9xonHLC' WHERE account = '111289198703209302';
UPDATE User SET password_hash = '$2y$13$dg4FlrrcXjMmvWznC3XUhehaTTZ/xfKXNpEYbSt8o3Q/9b9xonHLC' WHERE account = '502113197401020225';
UPDATE User SET password_hash = '$2y$13$dg4FlrrcXjMmvWznC3XUhehaTTZ/xfKXNpEYbSt8o3Q/9b9xonHLC' WHERE account = '324887198912068031';
UPDATE User SET password_hash = '$2y$13$dg4FlrrcXjMmvWznC3XUhehaTTZ/xfKXNpEYbSt8o3Q/9b9xonHLC' WHERE account = '522223195704076842';
UPDATE User SET password_hash = '$2y$13$dg4FlrrcXjMmvWznC3XUhehaTTZ/xfKXNpEYbSt8o3Q/9b9xonHLC' WHERE account = '144821200111054139';
UPDATE User SET password_hash = '$2y$13$dg4FlrrcXjMmvWznC3XUhehaTTZ/xfKXNpEYbSt8o3Q/9b9xonHLC' WHERE account = '653575198405228285';
UPDATE User SET password_hash = '$2y$13$dg4FlrrcXjMmvWznC3XUhehaTTZ/xfKXNpEYbSt8o3Q/9b9xonHLC' WHERE account = '433196199709257399';
UPDATE User SET password_hash = '$2y$13$dg4FlrrcXjMmvWznC3XUhehaTTZ/xfKXNpEYbSt8o3Q/9b9xonHLC' WHERE account = '353959197703139020';
UPDATE User SET password_hash = '$2y$13$dg4FlrrcXjMmvWznC3XUhehaTTZ/xfKXNpEYbSt8o3Q/9b9xonHLC' WHERE account = '332720199307173931';
UPDATE User SET password_hash = '$2y$13$dg4FlrrcXjMmvWznC3XUhehaTTZ/xfKXNpEYbSt8o3Q/9b9xonHLC' WHERE account = '221558196406038657';
UPDATE User SET password_hash = '$2y$13$dg4FlrrcXjMmvWznC3XUhehaTTZ/xfKXNpEYbSt8o3Q/9b9xonHLC' WHERE account = '223857197803116314';
UPDATE User SET password_hash = '$2y$13$dg4FlrrcXjMmvWznC3XUhehaTTZ/xfKXNpEYbSt8o3Q/9b9xonHLC' WHERE account = '454585192611026352';
UPDATE User SET password_hash = '$2y$13$dg4FlrrcXjMmvWznC3XUhehaTTZ/xfKXNpEYbSt8o3Q/9b9xonHLC' WHERE account = '213616199607015579';
UPDATE User SET password_hash = '$2y$13$dg4FlrrcXjMmvWznC3XUhehaTTZ/xfKXNpEYbSt8o3Q/9b9xonHLC' WHERE account = '822128196004193537';
UPDATE User SET password_hash = '$2y$13$dg4FlrrcXjMmvWznC3XUhehaTTZ/xfKXNpEYbSt8o3Q/9b9xonHLC' WHERE account = '434974198708192710';
UPDATE User SET password_hash = '$2y$13$dg4FlrrcXjMmvWznC3XUhehaTTZ/xfKXNpEYbSt8o3Q/9b9xonHLC' WHERE account = '222178199306148941';
UPDATE User SET password_hash = '$2y$13$dg4FlrrcXjMmvWznC3XUhehaTTZ/xfKXNpEYbSt8o3Q/9b9xonHLC' WHERE account = '820141193104068495';
UPDATE User SET password_hash = '$2y$13$dg4FlrrcXjMmvWznC3XUhehaTTZ/xfKXNpEYbSt8o3Q/9b9xonHLC' WHERE account = '454632194207123397';
UPDATE User SET password_hash = '$2y$13$dg4FlrrcXjMmvWznC3XUhehaTTZ/xfKXNpEYbSt8o3Q/9b9xonHLC' WHERE account = '234434197706027233';
UPDATE User SET password_hash = '$2y$13$dg4FlrrcXjMmvWznC3XUhehaTTZ/xfKXNpEYbSt8o3Q/9b9xonHLC' WHERE account = '813497199206214442';
UPDATE User SET password_hash = '$2y$13$dg4FlrrcXjMmvWznC3XUhehaTTZ/xfKXNpEYbSt8o3Q/9b9xonHLC' WHERE account = '312959196405178501';
UPDATE User SET password_hash = '$2y$13$dg4FlrrcXjMmvWznC3XUhehaTTZ/xfKXNpEYbSt8o3Q/9b9xonHLC' WHERE account = '214040196909235002';
UPDATE User SET password_hash = '$2y$13$dg4FlrrcXjMmvWznC3XUhehaTTZ/xfKXNpEYbSt8o3Q/9b9xonHLC' WHERE account = '124706197401207317';
UPDATE User SET password_hash = '$2y$13$dg4FlrrcXjMmvWznC3XUhehaTTZ/xfKXNpEYbSt8o3Q/9b9xonHLC' WHERE account = '313124196702182128';
UPDATE User SET password_hash = '$2y$13$dg4FlrrcXjMmvWznC3XUhehaTTZ/xfKXNpEYbSt8o3Q/9b9xonHLC' WHERE account = '21451119880424814X';
UPDATE User SET password_hash = '$2y$13$dg4FlrrcXjMmvWznC3XUhehaTTZ/xfKXNpEYbSt8o3Q/9b9xonHLC' WHERE account = '640432200412308763';
UPDATE User SET password_hash = '$2y$13$dg4FlrrcXjMmvWznC3XUhehaTTZ/xfKXNpEYbSt8o3Q/9b9xonHLC' WHERE account = '820241194904058258';
UPDATE User SET password_hash = '$2y$13$dg4FlrrcXjMmvWznC3XUhehaTTZ/xfKXNpEYbSt8o3Q/9b9xonHLC' WHERE account = '541837195106137719';
UPDATE User SET password_hash = '$2y$13$dg4FlrrcXjMmvWznC3XUhehaTTZ/xfKXNpEYbSt8o3Q/9b9xonHLC' WHERE account = '52444919790326768X';
UPDATE User SET password_hash = '$2y$13$dg4FlrrcXjMmvWznC3XUhehaTTZ/xfKXNpEYbSt8o3Q/9b9xonHLC' WHERE account = '414158197601085961';
UPDATE User SET password_hash = '$2y$13$dg4FlrrcXjMmvWznC3XUhehaTTZ/xfKXNpEYbSt8o3Q/9b9xonHLC' WHERE account = '523585199504164054';
UPDATE User SET password_hash = '$2y$13$dg4FlrrcXjMmvWznC3XUhehaTTZ/xfKXNpEYbSt8o3Q/9b9xonHLC' WHERE account = '314339195205274931';
UPDATE User SET password_hash = '$2y$13$dg4FlrrcXjMmvWznC3XUhehaTTZ/xfKXNpEYbSt8o3Q/9b9xonHLC' WHERE account = '311704198802072995';
UPDATE User SET password_hash = '$2y$13$dg4FlrrcXjMmvWznC3XUhehaTTZ/xfKXNpEYbSt8o3Q/9b9xonHLC' WHERE account = '153435196104065736';
UPDATE User SET password_hash = '$2y$13$dg4FlrrcXjMmvWznC3XUhehaTTZ/xfKXNpEYbSt8o3Q/9b9xonHLC' WHERE account = '44096219680914475X';
UPDATE User SET password_hash = '$2y$13$dg4FlrrcXjMmvWznC3XUhehaTTZ/xfKXNpEYbSt8o3Q/9b9xonHLC' WHERE account = '414756193102151665';
UPDATE User SET password_hash = '$2y$13$dg4FlrrcXjMmvWznC3XUhehaTTZ/xfKXNpEYbSt8o3Q/9b9xonHLC' WHERE account = '713363193303085369';
UPDATE User SET password_hash = '$2y$13$dg4FlrrcXjMmvWznC3XUhehaTTZ/xfKXNpEYbSt8o3Q/9b9xonHLC' WHERE account = '411041200302080522';
UPDATE User SET password_hash = '$2y$13$dg4FlrrcXjMmvWznC3XUhehaTTZ/xfKXNpEYbSt8o3Q/9b9xonHLC' WHERE account = '233620197304108966';
UPDATE User SET password_hash = '$2y$13$dg4FlrrcXjMmvWznC3XUhehaTTZ/xfKXNpEYbSt8o3Q/9b9xonHLC' WHERE account = '364025196902027022';
UPDATE User SET password_hash = '$2y$13$dg4FlrrcXjMmvWznC3XUhehaTTZ/xfKXNpEYbSt8o3Q/9b9xonHLC' WHERE account = '812264197604307836';
UPDATE User SET password_hash = '$2y$13$dg4FlrrcXjMmvWznC3XUhehaTTZ/xfKXNpEYbSt8o3Q/9b9xonHLC' WHERE account = '813982192904135321';
UPDATE User SET password_hash = '$2y$13$dg4FlrrcXjMmvWznC3XUhehaTTZ/xfKXNpEYbSt8o3Q/9b9xonHLC' WHERE account = '52205319510313201X';
UPDATE User SET password_hash = '$2y$13$dg4FlrrcXjMmvWznC3XUhehaTTZ/xfKXNpEYbSt8o3Q/9b9xonHLC' WHERE account = '713662198802041754';
UPDATE User SET password_hash = '$2y$13$dg4FlrrcXjMmvWznC3XUhehaTTZ/xfKXNpEYbSt8o3Q/9b9xonHLC' WHERE account = '642106198302261803';
UPDATE User SET password_hash = '$2y$13$dg4FlrrcXjMmvWznC3XUhehaTTZ/xfKXNpEYbSt8o3Q/9b9xonHLC' WHERE account = '444811200712252051';
UPDATE User SET password_hash = '$2y$13$dg4FlrrcXjMmvWznC3XUhehaTTZ/xfKXNpEYbSt8o3Q/9b9xonHLC' WHERE account = '413485198206038306';
UPDATE User SET password_hash = '$2y$13$dg4FlrrcXjMmvWznC3XUhehaTTZ/xfKXNpEYbSt8o3Q/9b9xonHLC' WHERE account = '371723194005304603';
UPDATE User SET password_hash = '$2y$13$dg4FlrrcXjMmvWznC3XUhehaTTZ/xfKXNpEYbSt8o3Q/9b9xonHLC' WHERE account = '714392198209264310';
UPDATE User SET password_hash = '$2y$13$dg4FlrrcXjMmvWznC3XUhehaTTZ/xfKXNpEYbSt8o3Q/9b9xonHLC' WHERE account = '312582201101207337';
UPDATE User SET password_hash = '$2y$13$dg4FlrrcXjMmvWznC3XUhehaTTZ/xfKXNpEYbSt8o3Q/9b9xonHLC' WHERE account = '344808194711172674';
UPDATE User SET password_hash = '$2y$13$dg4FlrrcXjMmvWznC3XUhehaTTZ/xfKXNpEYbSt8o3Q/9b9xonHLC' WHERE account = '512301195303148333';
UPDATE User SET password_hash = '$2y$13$dg4FlrrcXjMmvWznC3XUhehaTTZ/xfKXNpEYbSt8o3Q/9b9xonHLC' WHERE account = '121607198712024950';
UPDATE User SET password_hash = '$2y$13$dg4FlrrcXjMmvWznC3XUhehaTTZ/xfKXNpEYbSt8o3Q/9b9xonHLC' WHERE account = '233569195907133282';
UPDATE User SET password_hash = '$2y$13$dg4FlrrcXjMmvWznC3XUhehaTTZ/xfKXNpEYbSt8o3Q/9b9xonHLC' WHERE account = '15032919501211366X';
UPDATE User SET password_hash = '$2y$13$dg4FlrrcXjMmvWznC3XUhehaTTZ/xfKXNpEYbSt8o3Q/9b9xonHLC' WHERE account = '622659198809211323';
UPDATE User SET password_hash = '$2y$13$dg4FlrrcXjMmvWznC3XUhehaTTZ/xfKXNpEYbSt8o3Q/9b9xonHLC' WHERE account = '230728195711307705';
UPDATE User SET password_hash = '$2y$13$dg4FlrrcXjMmvWznC3XUhehaTTZ/xfKXNpEYbSt8o3Q/9b9xonHLC' WHERE account = '230777197004225330';
UPDATE User SET password_hash = '$2y$13$dg4FlrrcXjMmvWznC3XUhehaTTZ/xfKXNpEYbSt8o3Q/9b9xonHLC' WHERE account = '632648192903202270';
UPDATE User SET password_hash = '$2y$13$dg4FlrrcXjMmvWznC3XUhehaTTZ/xfKXNpEYbSt8o3Q/9b9xonHLC' WHERE account = '522143192410114952';
UPDATE User SET password_hash = '$2y$13$dg4FlrrcXjMmvWznC3XUhehaTTZ/xfKXNpEYbSt8o3Q/9b9xonHLC' WHERE account = '441675197507317169';
UPDATE User SET password_hash = '$2y$13$dg4FlrrcXjMmvWznC3XUhehaTTZ/xfKXNpEYbSt8o3Q/9b9xonHLC' WHERE account = '113087194204092344';
UPDATE User SET password_hash = '$2y$13$dg4FlrrcXjMmvWznC3XUhehaTTZ/xfKXNpEYbSt8o3Q/9b9xonHLC' WHERE account = '233201195407155502';
UPDATE User SET password_hash = '$2y$13$dg4FlrrcXjMmvWznC3XUhehaTTZ/xfKXNpEYbSt8o3Q/9b9xonHLC' WHERE account = '710689195302098446';
UPDATE User SET password_hash = '$2y$13$dg4FlrrcXjMmvWznC3XUhehaTTZ/xfKXNpEYbSt8o3Q/9b9xonHLC' WHERE account = '541461200302273601';
UPDATE User SET password_hash = '$2y$13$dg4FlrrcXjMmvWznC3XUhehaTTZ/xfKXNpEYbSt8o3Q/9b9xonHLC' WHERE account = '362742194704050454';
UPDATE User SET password_hash = '$2y$13$dg4FlrrcXjMmvWznC3XUhehaTTZ/xfKXNpEYbSt8o3Q/9b9xonHLC' WHERE account = '331416193303098110';
UPDATE User SET password_hash = '$2y$13$dg4FlrrcXjMmvWznC3XUhehaTTZ/xfKXNpEYbSt8o3Q/9b9xonHLC' WHERE account = '331537200108283816';
UPDATE User SET password_hash = '$2y$13$dg4FlrrcXjMmvWznC3XUhehaTTZ/xfKXNpEYbSt8o3Q/9b9xonHLC' WHERE account = '642416193606230742';
UPDATE User SET password_hash = '$2y$13$dg4FlrrcXjMmvWznC3XUhehaTTZ/xfKXNpEYbSt8o3Q/9b9xonHLC' WHERE account = '331172200105270493';
UPDATE User SET password_hash = '$2y$13$dg4FlrrcXjMmvWznC3XUhehaTTZ/xfKXNpEYbSt8o3Q/9b9xonHLC' WHERE account = '43455219420425121X';
UPDATE User SET password_hash = '$2y$13$dg4FlrrcXjMmvWznC3XUhehaTTZ/xfKXNpEYbSt8o3Q/9b9xonHLC' WHERE account = '651409193203103475';
UPDATE User SET password_hash = '$2y$13$dg4FlrrcXjMmvWznC3XUhehaTTZ/xfKXNpEYbSt8o3Q/9b9xonHLC' WHERE account = '423208198107254427';
UPDATE User SET password_hash = '$2y$13$dg4FlrrcXjMmvWznC3XUhehaTTZ/xfKXNpEYbSt8o3Q/9b9xonHLC' WHERE account = '61381319300108317X';
UPDATE User SET password_hash = '$2y$13$dg4FlrrcXjMmvWznC3XUhehaTTZ/xfKXNpEYbSt8o3Q/9b9xonHLC' WHERE account = '643011193107089540';
UPDATE User SET password_hash = '$2y$13$dg4FlrrcXjMmvWznC3XUhehaTTZ/xfKXNpEYbSt8o3Q/9b9xonHLC' WHERE account = '321609196412213276';
UPDATE User SET password_hash = '$2y$13$dg4FlrrcXjMmvWznC3XUhehaTTZ/xfKXNpEYbSt8o3Q/9b9xonHLC' WHERE account = '624323194202010561';
UPDATE User SET password_hash = '$2y$13$dg4FlrrcXjMmvWznC3XUhehaTTZ/xfKXNpEYbSt8o3Q/9b9xonHLC' WHERE account = '523686195606272585';
UPDATE User SET password_hash = '$2y$13$dg4FlrrcXjMmvWznC3XUhehaTTZ/xfKXNpEYbSt8o3Q/9b9xonHLC' WHERE account = '422707193912199969';
UPDATE User SET password_hash = '$2y$13$dg4FlrrcXjMmvWznC3XUhehaTTZ/xfKXNpEYbSt8o3Q/9b9xonHLC' WHERE account = '350804194902070572';
UPDATE User SET password_hash = '$2y$13$dg4FlrrcXjMmvWznC3XUhehaTTZ/xfKXNpEYbSt8o3Q/9b9xonHLC' WHERE account = '643751200408193259';

/* 建立PriorityType信息 */
INSERT INTO `prioritytype` (`name`, `information`) VALUES ('访问居民数据库', '允许访问居民数据库，新增、修改和删除居民信息'), ('访问职员数据库', '允许访问职员数据库，并对职员信息进行增加、删除和修改'), ('分配权限', '给职员分配权限'), ('发布公告', '查看公告，经审核后进行发布，允许删除公告'), ('编辑公告', '新增要发布的公告'), ('审核评论', '对前台在各新闻和公告中的评论进行审核，审核通过的评论才可以在前台显示'), ('追踪体温异常病例', '查看体温异常者的信息，及时与疑似病例进行联系');
