/* 建立User, Resident, Committee信息 */
INSERT INTO User (account, username, name, sex, age, tel, type, auth_key) VALUES ('153909199705058741', '胡睿倨', '胡睿倨', false, '23', '17323707805', 0, 'Ptrfv1o1RvB9ffWP89a2cCLlM2i2z7JP');
INSERT INTO Resident (account, building, unit, room) VALUES ('153909199705058741', 3, 8, 601);
INSERT INTO User (account, username, name, sex, age, tel, type, auth_key) VALUES ('143402193208198010', '田杰轩', '田杰轩', true, '88', '15730932987', 0, '78J7f0N72LS4bp2GAdd03dQo358nF6p7');
INSERT INTO Resident (account, building, unit, room) VALUES ('143402193208198010', 62, 4, 1704);
INSERT INTO User (account, username, name, sex, age, tel, type, auth_key) VALUES ('424818197605101850', '燕静柏', '燕静柏', true, '44', '19367699611', 0, 'pzSb0T50l33GF2L2pYqWi152KYmYXCF3');
INSERT INTO Resident (account, building, unit, room) VALUES ('424818197605101850', 52, 9, 1703);
INSERT INTO User (account, username, name, sex, age, tel, type, auth_key) VALUES ('12141019710710993X', '江朋本', '江朋本', true, '49', '19999630195', 0, 'm9YL96RKCt9OAX55SnpccR8ptu74b55X');
INSERT INTO Resident (account, building, unit, room) VALUES ('12141019710710993X', 10, 8, 803);
INSERT INTO User (account, username, name, sex, age, tel, type, auth_key) VALUES ('650446193202038510', '戚夫', '戚夫', true, '88', '14518548034', 0, 'E4J0dJX430fplZCo6Rt3AWP0187bTHBW');
INSERT INTO Resident (account, building, unit, room) VALUES ('650446193202038510', 70, 3, 2401);
INSERT INTO User (account, username, name, sex, age, tel, type, auth_key) VALUES ('374572192301220780', '高兰哲', '高兰哲', false, '97', '15333167692', 1, 'r64y4oMn5Ru6JdbfbAB00372xp88gd7c');
INSERT INTO Committee (account, in_date, is_admin) VALUES ('374572192301220780', '19470413', false);
INSERT INTO User (account, username, name, sex, age, tel, type, auth_key) VALUES ('151308195105126826', '康凡炎', '康凡炎', true, '69', '13909942015', 0, '7OMWr6PHxLZ1P3H2v1v3Q94R472Nvzxu');
INSERT INTO Resident (account, building, unit, room) VALUES ('151308195105126826', 49, 4, 403);
INSERT INTO User (account, username, name, sex, age, tel, type, auth_key) VALUES ('710827193510277161', '於炜辰', '於炜辰', false, '85', '19120265573', 0, 'iKdX3UIT61UTFoOg81dv9P9VX4oO7US5');
INSERT INTO Resident (account, building, unit, room) VALUES ('710827193510277161', 27, 4, 1501);
INSERT INTO User (account, username, name, sex, age, tel, type, auth_key) VALUES ('500942197706096944', '任令思', '任令思', true, '43', '18534504209', 0, '9RD714F80RqVnd9196Q9z2ZFhKOQYW2m');
INSERT INTO Resident (account, building, unit, room) VALUES ('500942197706096944', 2, 5, 1304);
INSERT INTO User (account, username, name, sex, age, tel, type, auth_key) VALUES ('454003196809015733', '郑兰', '郑兰', true, '52', '18832539355', 0, 'mCNgbKxLBnR9m3oY09tMx3yDBf3Lu79Z');
INSERT INTO Resident (account, building, unit, room) VALUES ('454003196809015733', 59, 9, 1002);
INSERT INTO User (account, username, name, sex, age, tel, type, auth_key) VALUES ('374703200410042401', '肖言睿', '肖言睿', true, '16', '18315677288', 0, '9gE8NYekks47434W10NN50W3Nf8arM1T');
INSERT INTO Resident (account, building, unit, room) VALUES ('374703200410042401', 98, 4, 401);
INSERT INTO User (account, username, name, sex, age, tel, type, auth_key) VALUES ('503367193702194309', '季薪有', '季薪有', true, '83', '18796882734', 0, 'MFpbHtDLMGW08H9Bd95XvHA5pp59vvQ1');
INSERT INTO Resident (account, building, unit, room) VALUES ('503367193702194309', 70, 8, 903);
INSERT INTO User (account, username, name, sex, age, tel, type, auth_key) VALUES ('53056019770719013X', '尚圆', '尚圆', true, '43', '17579419115', 1, 'vp7xBDJ2dXRAH3cIlpz0NYbz7X69uDZt');
INSERT INTO Committee (account, in_date, is_admin) VALUES ('53056019770719013X', '20071215', false);
INSERT INTO User (account, username, name, sex, age, tel, type, auth_key) VALUES ('152352200908022294', '林奇腾', '林奇腾', true, '11', '13555403335', 0, 'wSf75TZu19z18pY7pN6p6ItZjopT37lM');
INSERT INTO Resident (account, building, unit, room) VALUES ('152352200908022294', 8, 8, 2902);
INSERT INTO User (account, username, name, sex, age, tel, type, auth_key) VALUES ('644377200904304394', '杨杰', '杨杰', true, '11', '14928989338', 0, 'W59pO9O1GpVFTazMbNuZh4tr66x7oIrD');
INSERT INTO Resident (account, building, unit, room) VALUES ('644377200904304394', 70, 10, 406);
INSERT INTO User (account, username, name, sex, age, tel, type, auth_key) VALUES ('225077194607218124', '晁依颖', '晁依颖', false, '74', '13251474890', 0, 'gC76LzM07aTJio2T0yxk23A1i9pY29nY');
INSERT INTO Resident (account, building, unit, room) VALUES ('225077194607218124', 21, 10, 2502);
INSERT INTO User (account, username, name, sex, age, tel, type, auth_key) VALUES ('610141193105083302', '裴嘉倨', '裴嘉倨', false, '89', '18814631358', 0, 'G34m6rXX5D20SyY9XbO6n7rMiZED7559');
INSERT INTO Resident (account, building, unit, room) VALUES ('610141193105083302', 2, 7, 1206);
INSERT INTO User (account, username, name, sex, age, tel, type, auth_key) VALUES ('234179200611289773', '盛硕兰', '盛硕兰', false, '14', '15539126957', 0, 'Z90LeiJit82IU4cdejiVe6FgL0A6di3Y');
INSERT INTO Resident (account, building, unit, room) VALUES ('234179200611289773', 50, 2, 1003);
INSERT INTO User (account, username, name, sex, age, tel, type, auth_key) VALUES ('622617194703210714', '颜锐洁', '颜锐洁', false, '73', '13192672530', 0, '0n3AI19wzhWRQfCE4rv4r6W0g7hIPrPJ');
INSERT INTO Resident (account, building, unit, room) VALUES ('622617194703210714', 55, 10, 602);
INSERT INTO User (account, username, name, sex, age, tel, type, auth_key) VALUES ('423651194109153904', '耿思', '耿思', true, '79', '19042500660', 0, 'jwMl4R7iit4Ty42f8jPSC1L7EJ79VG0n');
INSERT INTO Resident (account, building, unit, room) VALUES ('423651194109153904', 6, 2, 703);
INSERT INTO User (account, username, name, sex, age, tel, type, auth_key) VALUES ('453973192810264002', '高力豪', '高力豪', true, '92', '15368359851', 0, 'v1pLPwW61Gt21qbD7h9m7Rx2dYW4cb5L');
INSERT INTO Resident (account, building, unit, room) VALUES ('453973192810264002', 58, 6, 1905);
INSERT INTO User (account, username, name, sex, age, tel, type, auth_key) VALUES ('812816193901045207', '刘民', '刘民', true, '81', '19291792664', 0, '4xG4w5d5rl9sTx8E46RugWXJx9E0834l');
INSERT INTO Resident (account, building, unit, room) VALUES ('812816193901045207', 46, 3, 2005);
INSERT INTO User (account, username, name, sex, age, tel, type, auth_key) VALUES ('12198719991110354X', '武音诺', '武音诺', false, '21', '18736313910', 0, 'hwC5DFTYv4G3QM0xxqAKK0ybcKC9U53Y');
INSERT INTO Resident (account, building, unit, room) VALUES ('12198719991110354X', 18, 10, 1305);
INSERT INTO User (account, username, name, sex, age, tel, type, auth_key) VALUES ('813258195709182101', '毛有煜', '毛有煜', false, '63', '14977344077', 0, 'v0Y28g9216d7xpt62SLM62eiFvJuoiw8');
INSERT INTO Resident (account, building, unit, room) VALUES ('813258195709182101', 28, 4, 1802);
INSERT INTO User (account, username, name, sex, age, tel, type, auth_key) VALUES ('370164194807036618', '寻煜宜', '寻煜宜', true, '72', '15192549876', 0, '7651ZIp5mdG3jJ8TaA4fV92oma02owa9');
INSERT INTO Resident (account, building, unit, room) VALUES ('370164194807036618', 3, 7, 1605);
INSERT INTO User (account, username, name, sex, age, tel, type, auth_key) VALUES ('332205198101279695', '路锐迅', '路锐迅', true, '39', '13470405730', 0, 'OB41dAzY88xewAHg2c6Q83e0aZ84XTG3');
INSERT INTO Resident (account, building, unit, room) VALUES ('332205198101279695', 32, 2, 801);
INSERT INTO User (account, username, name, sex, age, tel, type, auth_key) VALUES ('223082200703188459', '龚正', '龚正', true, '13', '18450292338', 0, '2LCz3BPwh8mgS94kV1TN85B73Gn2D6jf');
INSERT INTO Resident (account, building, unit, room) VALUES ('223082200703188459', 53, 9, 2103);
INSERT INTO User (account, username, name, sex, age, tel, type, auth_key) VALUES ('213026201006129776', '部凡杰', '部凡杰', true, '10', '17699966314', 0, 'Q0KT3DL7O5BB41fRmgx5y9XapO535g9F');
INSERT INTO Resident (account, building, unit, room) VALUES ('213026201006129776', 63, 4, 2103);
INSERT INTO User (account, username, name, sex, age, tel, type, auth_key) VALUES ('544892197308054360', '葛锐薪', '葛锐薪', true, '47', '13425731950', 0, 'yrfZ454PbvMQ91W6d02641w34P4x6QOK');
INSERT INTO Resident (account, building, unit, room) VALUES ('544892197308054360', 47, 4, 702);
INSERT INTO User (account, username, name, sex, age, tel, type, auth_key) VALUES ('512566199411077755', '代力杰', '代力杰', false, '26', '18051730890', 0, '344wTroXPX54xf5JQTqT6FEv76Y3mY75');
INSERT INTO Resident (account, building, unit, room) VALUES ('512566199411077755', 84, 5, 2305);
INSERT INTO User (account, username, name, sex, age, tel, type, auth_key) VALUES ('423323198309130105', '钱千', '钱千', false, '37', '18855137758', 0, 'hjb9326xYrRbsYk9xs4N12jLnHyv66We');
INSERT INTO Resident (account, building, unit, room) VALUES ('423323198309130105', 35, 4, 1601);
INSERT INTO User (account, username, name, sex, age, tel, type, auth_key) VALUES ('532173195706170766', '安宇萱', '安宇萱', false, '63', '17339001955', 0, 'dpPoP77bY9l3RkPIHEGINvG7vNYCfooN');
INSERT INTO Resident (account, building, unit, room) VALUES ('532173195706170766', 4, 5, 905);
INSERT INTO User (account, username, name, sex, age, tel, type, auth_key) VALUES ('500423193910038111', '宫铭煜', '宫铭煜', false, '81', '14514282690', 0, '11i8eDWCnaZTq322bt4mc2WjY5QJ5DiY');
INSERT INTO Resident (account, building, unit, room) VALUES ('500423193910038111', 42, 2, 1701);
INSERT INTO User (account, username, name, sex, age, tel, type, auth_key) VALUES ('31101320090511122X', '曹子嘉', '曹子嘉', false, '11', '13294291060', 0, 'T0R87fVoP4orMLODq8Ta5o923g12yt8F');
INSERT INTO Resident (account, building, unit, room) VALUES ('31101320090511122X', 30, 2, 2004);
INSERT INTO User (account, username, name, sex, age, tel, type, auth_key) VALUES ('320182198203315244', '鲁萱', '鲁萱', false, '38', '18077988387', 0, 'v045ySdLoOKzpf9hC81w5nkNyjb5Ofw1');
INSERT INTO Resident (account, building, unit, room) VALUES ('320182198203315244', 44, 7, 2303);
INSERT INTO User (account, username, name, sex, age, tel, type, auth_key) VALUES ('632210199804115088', '徐新', '徐新', true, '22', '15969560198', 0, '2fUFzP11H9005Ct7IRZX2oQ82qB7jZmK');
INSERT INTO Resident (account, building, unit, room) VALUES ('632210199804115088', 59, 8, 1603);
INSERT INTO User (account, username, name, sex, age, tel, type, auth_key) VALUES ('541134200302177885', '邵菲圣', '邵菲圣', true, '17', '13548271684', 0, '4jq5Hp0132VPXZehx41b390Bi5no1re9');
INSERT INTO Resident (account, building, unit, room) VALUES ('541134200302177885', 93, 9, 1102);
INSERT INTO User (account, username, name, sex, age, tel, type, auth_key) VALUES ('522565193602149181', '路广', '路广', false, '84', '16610931191', 0, '2E5N9815w3yj2f92D9ZY084qj70nkBz8');
INSERT INTO Resident (account, building, unit, room) VALUES ('522565193602149181', 52, 5, 2102);
INSERT INTO User (account, username, name, sex, age, tel, type, auth_key) VALUES ('112392195411086537', '审雅源', '审雅源', false, '66', '15291337687', 0, 'j7eF69K7211VlHn87bv2919lfLkkxHbd');
INSERT INTO Resident (account, building, unit, room) VALUES ('112392195411086537', 42, 10, 1903);
INSERT INTO User (account, username, name, sex, age, tel, type, auth_key) VALUES ('360617196107263998', '郑亚淘', '郑亚淘', false, '59', '18810557762', 0, 'rKAg79Mk07L7Oui29WuHkj77zv4gUc48');
INSERT INTO Resident (account, building, unit, room) VALUES ('360617196107263998', 7, 5, 1003);
INSERT INTO User (account, username, name, sex, age, tel, type, auth_key) VALUES ('134294194002181206', '邵宇良', '邵宇良', false, '80', '15032391692', 0, '0mNyRY0H80hi5Yq9DrR3A1ltJIr5M1V3');
INSERT INTO Resident (account, building, unit, room) VALUES ('134294194002181206', 70, 3, 2706);
INSERT INTO User (account, username, name, sex, age, tel, type, auth_key) VALUES ('213519193410244774', '戚薪', '戚薪', false, '86', '19846649564', 0, 'p83WNsM3pTP4Td27sXp6mhHz0FfP23Kh');
INSERT INTO Resident (account, building, unit, room) VALUES ('213519193410244774', 54, 6, 306);
INSERT INTO User (account, username, name, sex, age, tel, type, auth_key) VALUES ('37365919380321187X', '高一睿', '高一睿', true, '82', '17617371784', 0, '823nKT16M6v5D382KNF0Mhb23GTbH22k');
INSERT INTO Resident (account, building, unit, room) VALUES ('37365919380321187X', 75, 6, 1604);
INSERT INTO User (account, username, name, sex, age, tel, type, auth_key) VALUES ('710568197204243424', '商露正', '商露正', false, '48', '19902044268', 0, 'u497Cfl8OjLMBSvtWcXaATiVjS4F2o1P');
INSERT INTO Resident (account, building, unit, room) VALUES ('710568197204243424', 74, 10, 1801);
INSERT INTO User (account, username, name, sex, age, tel, type, auth_key) VALUES ('344810200406174912', '吉牧圆', '吉牧圆', true, '16', '19269898848', 0, 'jhH8D92202TQ4IoA65HQ6CM70a468YVR');
INSERT INTO Resident (account, building, unit, room) VALUES ('344810200406174912', 51, 1, 2605);
INSERT INTO User (account, username, name, sex, age, tel, type, auth_key) VALUES ('354854198801223287', '周硕樱', '周硕樱', false, '32', '16643696325', 0, 'M3Dczq1LEUNdz6sywZW8v1twb9Nz8251');
INSERT INTO Resident (account, building, unit, room) VALUES ('354854198801223287', 64, 5, 1001);
INSERT INTO User (account, username, name, sex, age, tel, type, auth_key) VALUES ('153365193002287090', '岳佳英', '岳佳英', true, '90', '17209196026', 0, '9hLOFlkuuFyDe53CM9b70hx3u8VJn0Jl');
INSERT INTO Resident (account, building, unit, room) VALUES ('153365193002287090', 9, 6, 506);
INSERT INTO User (account, username, name, sex, age, tel, type, auth_key) VALUES ('130570192605060007', '常正睿', '常正睿', false, '94', '18182395145', 0, 'eVk9C7zOPF4x5tKI8V662AWhTdQ0xMmU');
INSERT INTO Resident (account, building, unit, room) VALUES ('130570192605060007', 24, 6, 1104);
INSERT INTO User (account, username, name, sex, age, tel, type, auth_key) VALUES ('612344194805023157', '符哲倨', '符哲倨', true, '72', '13134582915', 0, 'EBKR6YY0aYy92ay9AqH5k7G2471dHV4T');
INSERT INTO Resident (account, building, unit, room) VALUES ('612344194805023157', 90, 10, 1903);
INSERT INTO User (account, username, name, sex, age, tel, type, auth_key) VALUES ('511073194106069794', '崔丹雯', '崔丹雯', true, '79', '17892222078', 0, 'p807U5QccfWOgm880161D892lObSC1gQ');
INSERT INTO Resident (account, building, unit, room) VALUES ('511073194106069794', 75, 9, 504);
INSERT INTO User (account, username, name, sex, age, tel, type, auth_key) VALUES ('444124197006290718', '葛樱令', '葛樱令', false, '50', '19183894401', 0, 'q80xfI3pS5E5It35oQy3UTjqWPfBhIM3');
INSERT INTO Resident (account, building, unit, room) VALUES ('444124197006290718', 83, 8, 1301);
INSERT INTO User (account, username, name, sex, age, tel, type, auth_key) VALUES ('343697193611078605', '欧萱', '欧萱', true, '84', '13326467376', 0, 'Ly0PqfJRv7iZVusL06F8sJde9W3o5DE9');
INSERT INTO Resident (account, building, unit, room) VALUES ('343697193611078605', 90, 8, 2902);
INSERT INTO User (account, username, name, sex, age, tel, type, auth_key) VALUES ('63222519660721539X', '宫正建', '宫正建', true, '54', '18914670018', 0, '58h71ZE5h5nun3X8H6k9rcrl83Vj7fU2');
INSERT INTO Resident (account, building, unit, room) VALUES ('63222519660721539X', 59, 5, 1304);
INSERT INTO User (account, username, name, sex, age, tel, type, auth_key) VALUES ('150906194505090435', '夏雯', '夏雯', true, '75', '18793811634', 0, 'N20kkWrT2dzOHy374F7MnESAWXF9OjMJ');
INSERT INTO Resident (account, building, unit, room) VALUES ('150906194505090435', 17, 7, 1205);
INSERT INTO User (account, username, name, sex, age, tel, type, auth_key) VALUES ('330730198911042108', '柳正', '柳正', false, '31', '19979592852', 0, '69Vy9j0KZbkAJg330Tv7B3S0j7qUA904');
INSERT INTO Resident (account, building, unit, room) VALUES ('330730198911042108', 76, 2, 1905);
INSERT INTO User (account, username, name, sex, age, tel, type, auth_key) VALUES ('351828199703119898', '邵煜振', '邵煜振', false, '23', '18515956836', 0, 'lxOZ9m7D5KDmKphY8bl9ztTlzc87n1T7');
INSERT INTO Resident (account, building, unit, room) VALUES ('351828199703119898', 39, 2, 502);
INSERT INTO User (account, username, name, sex, age, tel, type, auth_key) VALUES ('443267193401181791', '於雨嘉', '於雨嘉', true, '86', '13497264738', 0, 'Uxk1w8LPpLTHuD5OZ6Obf4YCi48Tpp64');
INSERT INTO Resident (account, building, unit, room) VALUES ('443267193401181791', 55, 6, 2901);
INSERT INTO User (account, username, name, sex, age, tel, type, auth_key) VALUES ('455038199906296879', '傅源舒', '傅源舒', true, '21', '13009925453', 0, 'ZPJ675BpGFbxvD07pfE727537o3E2oU1');
INSERT INTO Resident (account, building, unit, room) VALUES ('455038199906296879', 88, 4, 702);
INSERT INTO User (account, username, name, sex, age, tel, type, auth_key) VALUES ('641491197205217160', '史馨宜', '史馨宜', false, '48', '13883674967', 0, '3698AUy65xJ7DOIMo4M06itgI5YgTi6U');
INSERT INTO Resident (account, building, unit, room) VALUES ('641491197205217160', 63, 5, 2704);
INSERT INTO User (account, username, name, sex, age, tel, type, auth_key) VALUES ('462280200601309289', '柳丹航', '柳丹航', true, '14', '18862437736', 0, 'b2t4X37cTGOoiW1t178mm5qLMetXdQmG');
INSERT INTO Resident (account, building, unit, room) VALUES ('462280200601309289', 96, 10, 1005);
INSERT INTO User (account, username, name, sex, age, tel, type, auth_key) VALUES ('333507193510197946', '康一薪', '康一薪', true, '85', '15737637768', 0, 'wD1o3tG9B8xG6akuJw95AYhr939vyVEz');
INSERT INTO Resident (account, building, unit, room) VALUES ('333507193510197946', 21, 5, 2406);
INSERT INTO User (account, username, name, sex, age, tel, type, auth_key) VALUES ('15260819640724291X', '曲音', '曲音', true, '56', '18304425037', 0, 'iW7jYr2m5f0Pg74n93yL3IC93f8B670G');
INSERT INTO Resident (account, building, unit, room) VALUES ('15260819640724291X', 9, 8, 1701);
INSERT INTO User (account, username, name, sex, age, tel, type, auth_key) VALUES ('212468193808286539', '钱桐', '钱桐', true, '82', '19531522515', 0, 'p74ivNcxOBL4gtTNSbUop2P9ZPq3T285');
INSERT INTO Resident (account, building, unit, room) VALUES ('212468193808286539', 49, 6, 2601);
INSERT INTO User (account, username, name, sex, age, tel, type, auth_key) VALUES ('313992199810022218', '董倨畅', '董倨畅', false, '22', '14960272035', 0, 'pyzM6wd0k2OyM3c5E56qK5NhCooQ50Av');
INSERT INTO Resident (account, building, unit, room) VALUES ('313992199810022218', 46, 5, 205);
INSERT INTO User (account, username, name, sex, age, tel, type, auth_key) VALUES ('330804193008211691', '曹朋源', '曹朋源', true, '90', '16606473802', 0, 'ia3XwFS9Rhogk6seXbNZ1F72G6mBYUO5');
INSERT INTO Resident (account, building, unit, room) VALUES ('330804193008211691', 15, 2, 2503);
INSERT INTO User (account, username, name, sex, age, tel, type, auth_key) VALUES ('503271194909199232', '山倨炎', '山倨炎', false, '71', '19701515107', 0, '3xxe3Wk1SO8t0436gX1K6Wr16iWgCnlf');
INSERT INTO Resident (account, building, unit, room) VALUES ('503271194909199232', 94, 3, 1205);
INSERT INTO User (account, username, name, sex, age, tel, type, auth_key) VALUES ('311276194412027844', '曲帆民', '曲帆民', false, '76', '19548111028', 0, 'c7Vk1u1Gqz53VFL4manJj3RaVHXneen4');
INSERT INTO Resident (account, building, unit, room) VALUES ('311276194412027844', 18, 8, 2503);
INSERT INTO User (account, username, name, sex, age, tel, type, auth_key) VALUES ('43271919311018392X', '寻兮', '寻兮', true, '89', '14726122067', 0, 'r5TI1IkMvQOV9gOwW4K1Ni9cbvm6q9SR');
INSERT INTO Resident (account, building, unit, room) VALUES ('43271919311018392X', 51, 10, 2303);
INSERT INTO User (account, username, name, sex, age, tel, type, auth_key) VALUES ('634894199904050148', '崔家颖', '崔家颖', true, '21', '17817027119', 0, 'S3Mbq7F22Ru66V7dCerivkC7J4eq483F');
INSERT INTO Resident (account, building, unit, room) VALUES ('634894199904050148', 52, 6, 2401);
INSERT INTO User (account, username, name, sex, age, tel, type, auth_key) VALUES ('655094200002221803', '昌灯', '昌灯', true, '20', '19636202749', 0, 'tNom7tv43Xf6Jz6935FMMY407yV8Vmsz');
INSERT INTO Resident (account, building, unit, room) VALUES ('655094200002221803', 99, 2, 1306);
INSERT INTO User (account, username, name, sex, age, tel, type, auth_key) VALUES ('210332199301027175', '严露', '严露', true, '27', '19309850947', 0, 'gz6i7Ocf22SO6ipII5vf7SiA715nVCAX');
INSERT INTO Resident (account, building, unit, room) VALUES ('210332199301027175', 45, 7, 2502);
INSERT INTO User (account, username, name, sex, age, tel, type, auth_key) VALUES ('323642193602224290', '文夫', '文夫', true, '84', '18310734139', 0, 'qHgbc0To77275g94cBAkCpSL8A0A8RSI');
INSERT INTO Resident (account, building, unit, room) VALUES ('323642193602224290', 71, 6, 2606);
INSERT INTO User (account, username, name, sex, age, tel, type, auth_key) VALUES ('453069194503156561', '鲁煜阳', '鲁煜阳', false, '75', '19944412931', 0, 'LM164I296Tn4hbdO429dlnuXpMO4KVu5');
INSERT INTO Resident (account, building, unit, room) VALUES ('453069194503156561', 90, 2, 706);
INSERT INTO User (account, username, name, sex, age, tel, type, auth_key) VALUES ('711693197906082394', '郭建凌', '郭建凌', true, '41', '15255559187', 0, 'VB60POSQHqJo9pN1ORwF74W607Yqzvg6');
INSERT INTO Resident (account, building, unit, room) VALUES ('711693197906082394', 40, 6, 801);
INSERT INTO User (account, username, name, sex, age, tel, type, auth_key) VALUES ('635081197505182205', '仲良广', '仲良广', false, '45', '14781874156', 0, '39kT1pZTo2DXe8Ut73M43YH88KqBj1CM');
INSERT INTO Resident (account, building, unit, room) VALUES ('635081197505182205', 70, 2, 202);
INSERT INTO User (account, username, name, sex, age, tel, type, auth_key) VALUES ('504672196906192619', '边英', '边英', true, '51', '13703520173', 0, 'ZOSsf8GF62y1Wh07trlBH95WEtZE81ob');
INSERT INTO Resident (account, building, unit, room) VALUES ('504672196906192619', 29, 4, 902);
INSERT INTO User (account, username, name, sex, age, tel, type, auth_key) VALUES ('310137196908267868', '林晓灯', '林晓灯', false, '51', '18177900033', 0, 'Xt88xtLJD51QVkuY8i326tHsWOHWqiW4');
INSERT INTO Resident (account, building, unit, room) VALUES ('310137196908267868', 56, 5, 2902);
INSERT INTO User (account, username, name, sex, age, tel, type, auth_key) VALUES ('364767197603264225', '毕豪良', '毕豪良', false, '44', '13232761747', 0, 'c9uvc8ue1iH33KZIThrhks09ADtrlDhE');
INSERT INTO Resident (account, building, unit, room) VALUES ('364767197603264225', 16, 4, 2505);
INSERT INTO User (account, username, name, sex, age, tel, type, auth_key) VALUES ('14194219420903159X', '尹桐飞', '尹桐飞', true, '78', '19094202097', 0, 'vFRp89V42hJUkdit47bbtGNdL3U0kP21');
INSERT INTO Resident (account, building, unit, room) VALUES ('14194219420903159X', 10, 5, 1501);
INSERT INTO User (account, username, name, sex, age, tel, type, auth_key) VALUES ('650271198603153456', '江音有', '江音有', false, '34', '18571132553', 0, '43b8atRrTQ2byEqqy5PCKWZN1dxh7UBB');
INSERT INTO Resident (account, building, unit, room) VALUES ('650271198603153456', 54, 7, 1206);
INSERT INTO User (account, username, name, sex, age, tel, type, auth_key) VALUES ('321521195407075374', '孙霖', '孙霖', true, '66', '13041663054', 0, 'f7xEmXI1jv2G8it1X2Zz7erl13gR2HF2');
INSERT INTO Resident (account, building, unit, room) VALUES ('321521195407075374', 63, 8, 504);
INSERT INTO User (account, username, name, sex, age, tel, type, auth_key) VALUES ('654567195101290650', '山牧杰', '山牧杰', true, '69', '15889144099', 0, 'Q62f8bW05oCfYmK0jm1je3RZnrwh58EV');
INSERT INTO Resident (account, building, unit, room) VALUES ('654567195101290650', 1, 9, 1905);
INSERT INTO User (account, username, name, sex, age, tel, type, auth_key) VALUES ('513366195803266145', '季飞', '季飞', true, '62', '17602206975', 0, 'ygb9gs5gCnlrBTCF8i87F5vcb27DDa91');
INSERT INTO Resident (account, building, unit, room) VALUES ('513366195803266145', 52, 3, 2402);
INSERT INTO User (account, username, name, sex, age, tel, type, auth_key) VALUES ('631305193510017859', '符旭龙', '符旭龙', false, '85', '13575569813', 0, '7mXi7W2cA4E0HgPhD86AH3c3FtpiKJNl');
INSERT INTO Resident (account, building, unit, room) VALUES ('631305193510017859', 92, 7, 1002);
INSERT INTO User (account, username, name, sex, age, tel, type, auth_key) VALUES ('23453520090702159X', '傅凌睿', '傅凌睿', false, '11', '13900770274', 0, 'l2bP60NDlj0H9Tc5O2e5cBb1GJW564D7');
INSERT INTO Resident (account, building, unit, room) VALUES ('23453520090702159X', 45, 2, 1103);
INSERT INTO User (account, username, name, sex, age, tel, type, auth_key) VALUES ('21274319811017242X', '邵旭', '邵旭', true, '39', '18123804505', 0, '45iw6a2360T9s59GH5olw8R2dvNct2ro');
INSERT INTO Resident (account, building, unit, room) VALUES ('21274319811017242X', 30, 1, 2304);
INSERT INTO User (account, username, name, sex, age, tel, type, auth_key) VALUES ('364775193408228022', '姚良伟', '姚良伟', false, '86', '16640758001', 0, '42p60nbc8g12lnoyZA8aa58t7k04ik5Y');
INSERT INTO Resident (account, building, unit, room) VALUES ('364775193408228022', 21, 6, 2101);
INSERT INTO User (account, username, name, sex, age, tel, type, auth_key) VALUES ('461733196301072621', '付圆翔', '付圆翔', true, '57', '15600651960', 0, 'G44hR1tr69COzIw960F1vy06QIJEu7D7');
INSERT INTO Resident (account, building, unit, room) VALUES ('461733196301072621', 79, 3, 306);
INSERT INTO User (account, username, name, sex, age, tel, type, auth_key) VALUES ('111445198503176763', '昌舒伟', '昌舒伟', true, '35', '16604784937', 0, '6g4zBT3R3Ifl38X0X73lKJ5ghtEui7Oo');
INSERT INTO Resident (account, building, unit, room) VALUES ('111445198503176763', 30, 2, 203);
INSERT INTO User (account, username, name, sex, age, tel, type, auth_key) VALUES ('141953200012232018', '权静', '权静', true, '20', '15149432623', 0, 'N8AxB1R1a3LYKH79D99nmaSj67xQA7mf');
INSERT INTO Resident (account, building, unit, room) VALUES ('141953200012232018', 83, 6, 805);
INSERT INTO User (account, username, name, sex, age, tel, type, auth_key) VALUES ('220773195610097632', '殷萱', '殷萱', false, '64', '13758851355', 0, '3RkzJuta12TRwIbK2534ZCfg8unp4KAE');
INSERT INTO Resident (account, building, unit, room) VALUES ('220773195610097632', 76, 9, 2906);
INSERT INTO User (account, username, name, sex, age, tel, type, auth_key) VALUES ('621659199305291378', '山家', '山家', false, '27', '18849707256', 0, '02S7GqZlsW1R070vgPh75R5WDspN9sS7');
INSERT INTO Resident (account, building, unit, room) VALUES ('621659199305291378', 35, 10, 2902);
INSERT INTO User (account, username, name, sex, age, tel, type, auth_key) VALUES ('433678196412149621', '童桐', '童桐', true, '56', '13397165222', 0, 'NmcEsnQ19xLVX2LXc9xdB2X7CsHE70YI');
INSERT INTO Resident (account, building, unit, room) VALUES ('433678196412149621', 8, 9, 2403);
INSERT INTO User (account, username, name, sex, age, tel, type, auth_key) VALUES ('444771196904256869', '边铭旭', '边铭旭', false, '51', '13084526511', 0, 'Cej5V89FJUxKAtb9o1983JntKerR76VA');
INSERT INTO Resident (account, building, unit, room) VALUES ('444771196904256869', 44, 1, 805);
INSERT INTO User (account, username, name, sex, age, tel, type, auth_key) VALUES ('110111199711297560', '晁倨民', '晁倨民', true, '23', '15925396002', 0, 'd3diVzw43349K79wOdMa6gc8cuh8BEC2');
INSERT INTO Resident (account, building, unit, room) VALUES ('110111199711297560', 80, 3, 806);
INSERT INTO User (account, username, name, sex, age, tel, type, auth_key) VALUES ('541553200711085364', '江天', '江天', true, '13', '19187720385', 0, '4wax3f1GoW63sQmxzm5UoHxvwB8n9FT9');
INSERT INTO Resident (account, building, unit, room) VALUES ('541553200711085364', 64, 7, 2603);
INSERT INTO User (account, username, name, sex, age, tel, type, auth_key) VALUES ('313577192907049702', '沈薪', '沈薪', true, '91', '17254596182', 0, 'Axg3y6wFe69v93IEBb9Nsgac0U4VwCIk');
INSERT INTO Resident (account, building, unit, room) VALUES ('313577192907049702', 10, 7, 1003);
INSERT INTO User (account, username, name, sex, age, tel, type, auth_key) VALUES ('822551192706234065', '隽令炜', '隽令炜', true, '93', '15609343420', 0, '0noV0V6t735OSC6PIpWN5rk8W1WXLQ7L');
INSERT INTO Resident (account, building, unit, room) VALUES ('822551192706234065', 95, 3, 504);
INSERT INTO User (account, username, name, sex, age, tel, type, auth_key) VALUES ('533220194509126666', '陈义', '陈义', true, '75', '13659481475', 0, '1r45k8SM7ajv1K5V99211MEcx596x4R3');
INSERT INTO Resident (account, building, unit, room) VALUES ('533220194509126666', 30, 5, 2903);
INSERT INTO User (account, username, name, sex, age, tel, type, auth_key) VALUES ('620853197603165081', '燕言雯', '燕言雯', true, '44', '17602441184', 0, '3o0947WECcm50tvd51rlP58Y8kkMft35');
INSERT INTO Resident (account, building, unit, room) VALUES ('620853197603165081', 23, 2, 604);
INSERT INTO User (account, username, name, sex, age, tel, type, auth_key) VALUES ('513101197904150302', '张可圣', '张可圣', false, '41', '18441515239', 0, '3l9sKxaz0B0S377sS295G92FAm6XutOj');
INSERT INTO Resident (account, building, unit, room) VALUES ('513101197904150302', 55, 3, 2406);
INSERT INTO User (account, username, name, sex, age, tel, type, auth_key) VALUES ('414826198811170019', '杨馨伟', '杨馨伟', true, '32', '19381068850', 0, 'YXO8GZf2ysxYq4j4ZAW5cW77023Y0syk');
INSERT INTO Resident (account, building, unit, room) VALUES ('414826198811170019', 40, 10, 1301);
INSERT INTO User (account, username, name, sex, age, tel, type, auth_key) VALUES ('143475192901218019', '秦旭瀚', '秦旭瀚', false, '91', '19188894024', 0, 'l14C7E92S5z2VBR3toR1THsATuacjcxk');
INSERT INTO Resident (account, building, unit, room) VALUES ('143475192901218019', 75, 5, 1705);
INSERT INTO User (account, username, name, sex, age, tel, type, auth_key) VALUES ('651571192604072023', '审静铭', '审静铭', true, '94', '18288574927', 0, '3LubFz7fNjsqTc7oKnEfH89RJo550Vg4');
INSERT INTO Resident (account, building, unit, room) VALUES ('651571192604072023', 2, 9, 606);
INSERT INTO User (account, username, name, sex, age, tel, type, auth_key) VALUES ('154277194710296775', '邱赛霖', '邱赛霖', false, '73', '15240331627', 1, '233AH79d2A64sXnqY3kN13G411LQEEgj');
INSERT INTO Committee (account, in_date, is_admin) VALUES ('154277194710296775', '19661220', false);
INSERT INTO User (account, username, name, sex, age, tel, type, auth_key) VALUES ('232924195411026422', '盛翔', '盛翔', false, '66', '18915174298', 0, 'rKWwiWJV5V62dLl273QcAxJg9pC827Ge');
INSERT INTO Resident (account, building, unit, room) VALUES ('232924195411026422', 51, 6, 301);
INSERT INTO User (account, username, name, sex, age, tel, type, auth_key) VALUES ('121232199610313585', '夏盈淘', '夏盈淘', true, '24', '18304241916', 0, '30wtDSmTCWd3531QWvR3HwZ3ntm0EDtL');
INSERT INTO Resident (account, building, unit, room) VALUES ('121232199610313585', 9, 3, 906);
INSERT INTO User (account, username, name, sex, age, tel, type, auth_key) VALUES ('523778199805273068', '楚舒', '楚舒', false, '22', '17826210840', 0, 'R5SY6NJ0slX4e4elAehM0pw5z6nG6qBM');
INSERT INTO Resident (account, building, unit, room) VALUES ('523778199805273068', 57, 10, 805);
INSERT INTO User (account, username, name, sex, age, tel, type, auth_key) VALUES ('132286201210074424', '金天', '金天', true, '8', '15234034548', 0, '8dIIM39j1s6Ph5tpbBJ9aws3nuR5f3Oq');
INSERT INTO Resident (account, building, unit, room) VALUES ('132286201210074424', 81, 10, 206);
INSERT INTO User (account, username, name, sex, age, tel, type, auth_key) VALUES ('213228197311173445', '宫夫思', '宫夫思', false, '47', '15065237001', 0, 'XT64bw38AjkODwnhA3NyJ0weo8GKiXnu');
INSERT INTO Resident (account, building, unit, room) VALUES ('213228197311173445', 59, 7, 401);
INSERT INTO User (account, username, name, sex, age, tel, type, auth_key) VALUES ('352785199903094892', '冯哲馨', '冯哲馨', true, '21', '15742516559', 0, '1156OPcDCG8PpXCzMYtZtjcRzo5l7Oyl');
INSERT INTO Resident (account, building, unit, room) VALUES ('352785199903094892', 15, 9, 1404);
INSERT INTO User (account, username, name, sex, age, tel, type, auth_key) VALUES ('531488196612314854', '燕晓', '燕晓', false, '54', '18881241478', 0, 'v7PK63LOb0Soiv9ZMqhYFHy90D704nVX');
INSERT INTO Resident (account, building, unit, room) VALUES ('531488196612314854', 72, 6, 1303);
INSERT INTO User (account, username, name, sex, age, tel, type, auth_key) VALUES ('514670193104021111', '巩良畅', '巩良畅', true, '89', '15097070491', 0, 'Mze67tO52p8GmrTm5m938A2EI428T2yv');
INSERT INTO Resident (account, building, unit, room) VALUES ('514670193104021111', 14, 1, 1101);
INSERT INTO User (account, username, name, sex, age, tel, type, auth_key) VALUES ('714810195803208369', '审迅', '审迅', false, '62', '13876826193', 0, 'y6xlVxXrpr6WASbIh2ka2avaXtF1534a');
INSERT INTO Resident (account, building, unit, room) VALUES ('714810195803208369', 32, 1, 2305);
INSERT INTO User (account, username, name, sex, age, tel, type, auth_key) VALUES ('613287193206138388', '杨宇', '杨宇', true, '88', '15600375594', 0, '101G77eSCFs22vgh97gnv3ClQn626C34');
INSERT INTO Resident (account, building, unit, room) VALUES ('613287193206138388', 23, 1, 2003);
INSERT INTO User (account, username, name, sex, age, tel, type, auth_key) VALUES ('131919198204198833', '付敏亚', '付敏亚', true, '38', '19250935620', 0, 'btXEY0Q83v60422S1ymM8b1P14m6RdtM');
INSERT INTO Resident (account, building, unit, room) VALUES ('131919198204198833', 28, 4, 2106);
INSERT INTO User (account, username, name, sex, age, tel, type, auth_key) VALUES ('131681197308188784', '毕盈', '毕盈', true, '47', '14583265476', 0, 'F0lyv5GTMlLIt832JM94hS0JzxOUfp5l');
INSERT INTO Resident (account, building, unit, room) VALUES ('131681197308188784', 32, 3, 303);
INSERT INTO User (account, username, name, sex, age, tel, type, auth_key) VALUES ('151976195806033751', '尚睿凌', '尚睿凌', false, '62', '13677287915', 0, 'LvpGMbBUjGoCA6o4jbZu69cW49RYYnsd');
INSERT INTO Resident (account, building, unit, room) VALUES ('151976195806033751', 94, 10, 1401);
INSERT INTO User (account, username, name, sex, age, tel, type, auth_key) VALUES ('440751198209193638', '邱菲', '邱菲', true, '38', '13763141821', 0, '76iiyB7jiVd069G9fv9VYOygkmj6NYlc');
INSERT INTO Resident (account, building, unit, room) VALUES ('440751198209193638', 81, 9, 1105);
INSERT INTO User (account, username, name, sex, age, tel, type, auth_key) VALUES ('343313196812076776', '周辰圆', '周辰圆', false, '52', '18518776520', 0, 'i01kTwxYJXXl89cO5Qy1Uu5zykwhvgU3');
INSERT INTO Resident (account, building, unit, room) VALUES ('343313196812076776', 16, 10, 803);
INSERT INTO User (account, username, name, sex, age, tel, type, auth_key) VALUES ('220367197105180585', '审阳可', '审阳可', true, '49', '15907211780', 0, '3peuD7xW5p8it6uo7LbT7bJR6vX0bsJa');
INSERT INTO Resident (account, building, unit, room) VALUES ('220367197105180585', 18, 4, 2201);
INSERT INTO User (account, username, name, sex, age, tel, type, auth_key) VALUES ('43042619601019522X', '常雅', '常雅', false, '60', '15737336903', 0, '9H2KR9b9c83RDqQyeza180l3h5Muk3l6');
INSERT INTO Resident (account, building, unit, room) VALUES ('43042619601019522X', 46, 5, 1704);
INSERT INTO User (account, username, name, sex, age, tel, type, auth_key) VALUES ('711613193901300467', '郭露正', '郭露正', true, '81', '14739152462', 0, 'B4qEL5Dm5ZD3yLrVK7GU9WyJmXI5txND');
INSERT INTO Resident (account, building, unit, room) VALUES ('711613193901300467', 70, 10, 706);
INSERT INTO User (account, username, name, sex, age, tel, type, auth_key) VALUES ('523811197002245459', '王薪盈', '王薪盈', false, '50', '15864033088', 0, 'FjOtNDfP44y37y43WjFWforj4CZ45Tm6');
INSERT INTO Resident (account, building, unit, room) VALUES ('523811197002245459', 95, 10, 1601);
INSERT INTO User (account, username, name, sex, age, tel, type, auth_key) VALUES ('324205200806209504', '田振菲', '田振菲', true, '12', '18378601005', 0, 'swzYa3ow2oq2vzN33u7enmGwTWlstnzn');
INSERT INTO Resident (account, building, unit, room) VALUES ('324205200806209504', 43, 7, 1203);
INSERT INTO User (account, username, name, sex, age, tel, type, auth_key) VALUES ('124542198806256803', '靳雯露', '靳雯露', false, '32', '15557714806', 0, '016lxX04h8b9Xp60LsqC5UJi7Ed1si8g');
INSERT INTO Resident (account, building, unit, room) VALUES ('124542198806256803', 25, 7, 1203);
INSERT INTO User (account, username, name, sex, age, tel, type, auth_key) VALUES ('50409519920224509X', '戚敏', '戚敏', false, '28', '17522175321', 0, 'dn75gpLHQ2HZwFI68I0D882y22iwA6qR');
INSERT INTO Resident (account, building, unit, room) VALUES ('50409519920224509X', 76, 2, 502);
INSERT INTO User (account, username, name, sex, age, tel, type, auth_key) VALUES ('430884192505038481', '常泽瀚', '常泽瀚', true, '95', '14527817122', 0, '1YdG5ptGhf30DXyho0m3TZe2h0125syu');
INSERT INTO Resident (account, building, unit, room) VALUES ('430884192505038481', 13, 5, 401);
INSERT INTO User (account, username, name, sex, age, tel, type, auth_key) VALUES ('353246198106193476', '李凡雅', '李凡雅', false, '39', '19746609196', 0, 'm1L7p7sl5k3K4a0539r8Lly3tqt9IXr8');
INSERT INTO Resident (account, building, unit, room) VALUES ('353246198106193476', 15, 2, 405);
INSERT INTO User (account, username, name, sex, age, tel, type, auth_key) VALUES ('500475198906103290', '季英翔', '季英翔', true, '31', '18186035410', 0, 'a38d6B45TagrmWu4Q2nctSu14C3h80f1');
INSERT INTO Resident (account, building, unit, room) VALUES ('500475198906103290', 75, 10, 401);
INSERT INTO User (account, username, name, sex, age, tel, type, auth_key) VALUES ('533919199407136087', '秦馨音', '秦馨音', false, '26', '19211382153', 0, 'yF5gFzFU3VL0x7Yi71b3b5oWXDoc3B49');
INSERT INTO Resident (account, building, unit, room) VALUES ('533919199407136087', 32, 1, 302);
INSERT INTO User (account, username, name, sex, age, tel, type, auth_key) VALUES ('334236201306078069', '裴萌航', '裴萌航', false, '7', '13011641233', 0, 'ldNOxH26G3pKJLy1KMXzkfTW5j5BFlg7');
INSERT INTO Resident (account, building, unit, room) VALUES ('334236201306078069', 74, 5, 2804);
INSERT INTO User (account, username, name, sex, age, tel, type, auth_key) VALUES ('330234194406239510', '郑广诺', '郑广诺', false, '76', '13808181290', 0, 'U9HS6lj488tGcFlUu4484i9h2sYXTOA7');
INSERT INTO Resident (account, building, unit, room) VALUES ('330234194406239510', 85, 8, 605);
INSERT INTO User (account, username, name, sex, age, tel, type, auth_key) VALUES ('441421198210125671', '安夫雅', '安夫雅', true, '38', '15624427070', 0, 'tZL4OO4oxbqx4YywE32Ps2S6mq3ndMTx');
INSERT INTO Resident (account, building, unit, room) VALUES ('441421198210125671', 91, 9, 403);
INSERT INTO User (account, username, name, sex, age, tel, type, auth_key) VALUES ('503218199503296804', '於中雨', '於中雨', true, '25', '14914218618', 0, 'ewjqCZ8a8M7jvABDPMSVZ8lc41Cd8311');
INSERT INTO Resident (account, building, unit, room) VALUES ('503218199503296804', 75, 6, 803);
INSERT INTO User (account, username, name, sex, age, tel, type, auth_key) VALUES ('13419319820112444X', '昌阳音', '昌阳音', true, '38', '19600016709', 0, 'gqKPllJ36pX0fCiayRj0K72qGPy4pg6d');
INSERT INTO Resident (account, building, unit, room) VALUES ('13419319820112444X', 60, 4, 2201);
INSERT INTO User (account, username, name, sex, age, tel, type, auth_key) VALUES ('351609200906096696', '曹淘瀚', '曹淘瀚', false, '11', '18223605756', 0, '58V5LKF8Q6bfoU6V98bqGe0IL72tY2fb');
INSERT INTO Resident (account, building, unit, room) VALUES ('351609200906096696', 98, 9, 1706);
INSERT INTO User (account, username, name, sex, age, tel, type, auth_key) VALUES ('641376194002069898', '史霄牧', '史霄牧', true, '80', '14985941988', 0, '1187j3FYub68e9zwEB9H2aFZxru9NE2k');
INSERT INTO Resident (account, building, unit, room) VALUES ('641376194002069898', 50, 3, 302);
INSERT INTO User (account, username, name, sex, age, tel, type, auth_key) VALUES ('460453192304011044', '杜豪', '杜豪', true, '97', '17675251609', 0, 'f9mw52wF1G94kVLCD3N4ksmpvl4c2d5Z');
INSERT INTO Resident (account, building, unit, room) VALUES ('460453192304011044', 67, 5, 606);
INSERT INTO User (account, username, name, sex, age, tel, type, auth_key) VALUES ('230791196506142213', '寻凌帆', '寻凌帆', false, '55', '18108699777', 0, 'Lt94cuu1TV7W9C4AM0hcT9IH7vP8M1iH');
INSERT INTO Resident (account, building, unit, room) VALUES ('230791196506142213', 91, 5, 2305);
INSERT INTO User (account, username, name, sex, age, tel, type, auth_key) VALUES ('410605194510250315', '王航', '王航', true, '75', '18445422991', 0, 'VIon902ZL6W46OeyKl8VV5hkupvV2uuu');
INSERT INTO Resident (account, building, unit, room) VALUES ('410605194510250315', 29, 2, 606);
INSERT INTO User (account, username, name, sex, age, tel, type, auth_key) VALUES ('152637201203040715', '黄炜圆', '黄炜圆', false, '8', '15357134989', 0, '57iJg3yeAavTQztNBe0FQwQCths60372');
INSERT INTO Resident (account, building, unit, room) VALUES ('152637201203040715', 14, 7, 2402);
INSERT INTO User (account, username, name, sex, age, tel, type, auth_key) VALUES ('423559193412068288', '颜家锐', '颜家锐', false, '86', '13160768723', 0, '0ij89Yvr030qWA46M3xGiVH7q7k6V8BH');
INSERT INTO Resident (account, building, unit, room) VALUES ('423559193412068288', 73, 1, 203);
INSERT INTO User (account, username, name, sex, age, tel, type, auth_key) VALUES ('522881193612088183', '臧嘉圆', '臧嘉圆', true, '84', '14742844095', 0, 'NBYcXinRn14Di07Dhhz65g6a90e85N7N');
INSERT INTO Resident (account, building, unit, room) VALUES ('522881193612088183', 4, 1, 2402);
INSERT INTO User (account, username, name, sex, age, tel, type, auth_key) VALUES ('434265198405017622', '吴圣阳', '吴圣阳', true, '36', '18143748647', 0, 'pN7xAv9kMl09SePY39v6O73TSf9s88SY');
INSERT INTO Resident (account, building, unit, room) VALUES ('434265198405017622', 81, 8, 2402);
INSERT INTO User (account, username, name, sex, age, tel, type, auth_key) VALUES ('110703193005271114', '秦千源', '秦千源', false, '90', '13855806195', 0, 'fk1vZVEyBUmEWS7AsC2SB0OLR8ow9oil');
INSERT INTO Resident (account, building, unit, room) VALUES ('110703193005271114', 7, 8, 602);
INSERT INTO User (account, username, name, sex, age, tel, type, auth_key) VALUES ('210476197702190570', '路圣翔', '路圣翔', true, '43', '13306656770', 0, 'Jmjzrit5irT23BI1w6iuT3fYJXbsGNFo');
INSERT INTO Resident (account, building, unit, room) VALUES ('210476197702190570', 48, 7, 1304);
INSERT INTO User (account, username, name, sex, age, tel, type, auth_key) VALUES ('62109819410417776X', '董豪', '董豪', true, '79', '13068955912', 0, '0pJJSaJOjbUH84JzKCj062hE2Xui69C2');
INSERT INTO Resident (account, building, unit, room) VALUES ('62109819410417776X', 42, 7, 2203);
INSERT INTO User (account, username, name, sex, age, tel, type, auth_key) VALUES ('813295199408153501', '郭薪千', '郭薪千', true, '26', '18137739469', 0, '1r3B3L5dC8Z11Fda73ITI0b0y06s7B4P');
INSERT INTO Resident (account, building, unit, room) VALUES ('813295199408153501', 25, 10, 204);
INSERT INTO User (account, username, name, sex, age, tel, type, auth_key) VALUES ('331032193606046374', '岳朋冠', '岳朋冠', true, '84', '13076511047', 0, 'Qfq4AzW8tzk5eH828CXRh58dgTKpnI4m');
INSERT INTO Resident (account, building, unit, room) VALUES ('331032193606046374', 25, 9, 2802);
INSERT INTO User (account, username, name, sex, age, tel, type, auth_key) VALUES ('822542193204119289', '高诺阳', '高诺阳', true, '88', '18693467133', 0, 'lakktw0z6hdD75wfh8m4F5bg7nJXIgER');
INSERT INTO Resident (account, building, unit, room) VALUES ('822542193204119289', 1, 5, 2601);
INSERT INTO User (account, username, name, sex, age, tel, type, auth_key) VALUES ('314190201410118636', '杨牧', '杨牧', true, '6', '13768739393', 0, 'Bhsek05C3tW75BXbLv83v6NMH8N23gx8');
INSERT INTO Resident (account, building, unit, room) VALUES ('314190201410118636', 4, 6, 2702);
INSERT INTO User (account, username, name, sex, age, tel, type, auth_key) VALUES ('113867197510063699', '江阳子', '江阳子', false, '45', '17504657457', 0, '5O4jF7kJiOl6t8wdn1L1Nz2cIc6d392S');
INSERT INTO Resident (account, building, unit, room) VALUES ('113867197510063699', 42, 9, 2306);
INSERT INTO User (account, username, name, sex, age, tel, type, auth_key) VALUES ('422558193110287528', '殷义雨', '殷义雨', true, '89', '15014666137', 0, 'M8us3FNCnvI9wHx691yeYh07817j684e');
INSERT INTO Resident (account, building, unit, room) VALUES ('422558193110287528', 88, 1, 304);
INSERT INTO User (account, username, name, sex, age, tel, type, auth_key) VALUES ('234302193905255897', '肖云子', '肖云子', true, '81', '18477377204', 0, '0X0xny9IC49FZHsFXZpS3Qbi9655IgYA');
INSERT INTO Resident (account, building, unit, room) VALUES ('234302193905255897', 87, 1, 2401);
INSERT INTO User (account, username, name, sex, age, tel, type, auth_key) VALUES ('461023195305101324', '毕令盈', '毕令盈', false, '67', '14700857000', 0, 'qSoItvtTeA9585D8016kYW4S03m7Gwwt');
INSERT INTO Resident (account, building, unit, room) VALUES ('461023195305101324', 75, 1, 2904);
INSERT INTO User (account, username, name, sex, age, tel, type, auth_key) VALUES ('32031719470225423X', '臧源帆', '臧源帆', true, '73', '18050861442', 0, 'kQCc21wWnQU5klYgX5YW2o0LB4d4CjB0');
INSERT INTO Resident (account, building, unit, room) VALUES ('32031719470225423X', 26, 9, 2705);
INSERT INTO User (account, username, name, sex, age, tel, type, auth_key) VALUES ('430772198606098573', '张可广', '张可广', false, '34', '14737702884', 0, 'c068T4x78S25KoFSlxvbV1Yojb8B83eg');
INSERT INTO Resident (account, building, unit, room) VALUES ('430772198606098573', 27, 4, 2903);
INSERT INTO User (account, username, name, sex, age, tel, type, auth_key) VALUES ('502760197008277594', '燕迅', '燕迅', true, '50', '18309412135', 0, 'yTxEaxoeIf864tV3EJ2qa9X6Qg94uM9l');
INSERT INTO Resident (account, building, unit, room) VALUES ('502760197008277594', 3, 6, 204);
INSERT INTO User (account, username, name, sex, age, tel, type, auth_key) VALUES ('452737195108071777', '颜腾', '颜腾', true, '69', '15811149617', 0, 'S2u2Djg2498n4h8F4I32mF8xa85grD02');
INSERT INTO Resident (account, building, unit, room) VALUES ('452737195108071777', 70, 10, 2302);
INSERT INTO User (account, username, name, sex, age, tel, type, auth_key) VALUES ('421588199302012720', '龚良', '龚良', true, '27', '19118192991', 0, 'n5LpBl4wM7RG4x28hnFeEfZb7mzWJR5M');
INSERT INTO Resident (account, building, unit, room) VALUES ('421588199302012720', 21, 9, 1304);
INSERT INTO User (account, username, name, sex, age, tel, type, auth_key) VALUES ('212247195712086115', '边柏萱', '边柏萱', false, '63', '13744529414', 0, '5IWq9OTIkI67iG91KSkvgk43m4PYA776');
INSERT INTO Resident (account, building, unit, room) VALUES ('212247195712086115', 82, 3, 404);
INSERT INTO User (account, username, name, sex, age, tel, type, auth_key) VALUES ('462383197701184745', '张辰', '张辰', false, '43', '18618376419', 0, '3VkU8fb9124YRERvLQqqlHUb83NxptT6');
INSERT INTO Resident (account, building, unit, room) VALUES ('462383197701184745', 32, 10, 1601);
INSERT INTO User (account, username, name, sex, age, tel, type, auth_key) VALUES ('233649193305299335', '付阳', '付阳', false, '87', '13756486156', 0, 'l8Rc802iOOV9nbe6iPjByk90Br1aJZ0l');
INSERT INTO Resident (account, building, unit, room) VALUES ('233649193305299335', 4, 3, 1403);
INSERT INTO User (account, username, name, sex, age, tel, type, auth_key) VALUES ('151181198006047816', '龚盈铭', '龚盈铭', false, '40', '15828709361', 0, 'kMw9rKhJXfmwVYIt1f5GWkfb6cg27ni2');
INSERT INTO Resident (account, building, unit, room) VALUES ('151181198006047816', 91, 1, 2003);
INSERT INTO User (account, username, name, sex, age, tel, type, auth_key) VALUES ('650821194606028161', '尹天正', '尹天正', false, '74', '19598152268', 0, 'rK5vNj8mPuCvrQP72Mule5603W5Q7gd8');
INSERT INTO Resident (account, building, unit, room) VALUES ('650821194606028161', 88, 10, 2703);
INSERT INTO User (account, username, name, sex, age, tel, type, auth_key) VALUES ('210796193412158940', '吴萱露', '吴萱露', true, '86', '15195712019', 0, 'STJa1M52h82v6BDkp96n4Ay2872t66iu');
INSERT INTO Resident (account, building, unit, room) VALUES ('210796193412158940', 86, 5, 1601);
INSERT INTO User (account, username, name, sex, age, tel, type, auth_key) VALUES ('542134195308050297', '欧凌', '欧凌', true, '67', '13116294791', 0, 'T1iW9Wa37lKl7suFZVhRte9YC9difPgK');
INSERT INTO Resident (account, building, unit, room) VALUES ('542134195308050297', 38, 2, 1001);
INSERT INTO User (account, username, name, sex, age, tel, type, auth_key) VALUES ('110814200004031972', '付睿云', '付睿云', false, '20', '17549876873', 0, 'uz7s7H6EthJodQcl0K8tlIY1TGUOx9j4');
INSERT INTO Resident (account, building, unit, room) VALUES ('110814200004031972', 5, 6, 2504);
INSERT INTO User (account, username, name, sex, age, tel, type, auth_key) VALUES ('622453201305050325', '李天', '李天', false, '7', '13316290302', 0, 'g47g5Bs84F4JjoN31925zbyGt72kg9Si');
INSERT INTO Resident (account, building, unit, room) VALUES ('622453201305050325', 52, 4, 2703);
INSERT INTO User (account, username, name, sex, age, tel, type, auth_key) VALUES ('620341192404141108', '付睿凡', '付睿凡', true, '96', '17388124315', 0, 'XKhtk1nfnZm665hfEa0U5O8Rz6MBB3hG');
INSERT INTO Resident (account, building, unit, room) VALUES ('620341192404141108', 15, 8, 1202);
INSERT INTO User (account, username, name, sex, age, tel, type, auth_key) VALUES ('632430193009053397', '昌柏子', '昌柏子', false, '90', '18901682096', 0, 'jQbncjf853LPg8i50DRy9RFD9dtALgnk');
INSERT INTO Resident (account, building, unit, room) VALUES ('632430193009053397', 42, 1, 204);
INSERT INTO User (account, username, name, sex, age, tel, type, auth_key) VALUES ('431207200611131873', '吉民', '吉民', false, '14', '18916073474', 0, 'O9h271b4sZ760Sd9IrmKUugx163D7nUN');
INSERT INTO Resident (account, building, unit, room) VALUES ('431207200611131873', 84, 4, 1703);
INSERT INTO User (account, username, name, sex, age, tel, type, auth_key) VALUES ('372185198603294211', '史言赛', '史言赛', true, '34', '19199171115', 0, '6O2GwK3R4gx6Uj8Rb1RFqpdZm6d1z535');
INSERT INTO Resident (account, building, unit, room) VALUES ('372185198603294211', 84, 3, 803);
INSERT INTO User (account, username, name, sex, age, tel, type, auth_key) VALUES ('315057195907022241', '裴凡兮', '裴凡兮', true, '61', '19888879703', 0, 'fTWhqndC05N30TW96L40Bhy24ll408De');
INSERT INTO Resident (account, building, unit, room) VALUES ('315057195907022241', 43, 8, 1105);
INSERT INTO User (account, username, name, sex, age, tel, type, auth_key) VALUES ('122886197211198883', '齐丹敏', '齐丹敏', true, '48', '15342474961', 0, 'o2RUj4w18pS872MiLACPN8S2V4kMXf8u');
INSERT INTO Resident (account, building, unit, room) VALUES ('122886197211198883', 78, 8, 301);
INSERT INTO User (account, username, name, sex, age, tel, type, auth_key) VALUES ('320597198502274058', '姚雨晓', '姚雨晓', true, '35', '13065911762', 0, 'nnD29mUeg2VbtXj7mXzSp72De3SlTOVb');
INSERT INTO Resident (account, building, unit, room) VALUES ('320597198502274058', 54, 3, 1305);
INSERT INTO User (account, username, name, sex, age, tel, type, auth_key) VALUES ('323615193611304290', '审凌倨', '审凌倨', false, '84', '13925004387', 0, 'L0Mc7EqSCVTyO7P3gFzt20z13Z5NG62T');
INSERT INTO Resident (account, building, unit, room) VALUES ('323615193611304290', 7, 2, 2306);
INSERT INTO User (account, username, name, sex, age, tel, type, auth_key) VALUES ('110425193009034421', '葛雯', '葛雯', true, '90', '19980789305', 0, 'zJrA97K3A3Hhvk8xV6Kl6xZwUUddSfGR');
INSERT INTO Resident (account, building, unit, room) VALUES ('110425193009034421', 34, 1, 704);
INSERT INTO User (account, username, name, sex, age, tel, type, auth_key) VALUES ('653416201401258050', '宫兰伟', '宫兰伟', true, '6', '19382959818', 0, 'G6HYrqMjAlnmqL60sznu0cRiI1U298GR');
INSERT INTO Resident (account, building, unit, room) VALUES ('653416201401258050', 91, 10, 2104);
INSERT INTO User (account, username, name, sex, age, tel, type, auth_key) VALUES ('232934196708319940', '尚畅毅', '尚畅毅', false, '53', '17696308802', 0, 'b5bboB0h37OpF5nt2yU71zKgWHm2e7Zs');
INSERT INTO Resident (account, building, unit, room) VALUES ('232934196708319940', 19, 10, 505);
INSERT INTO User (account, username, name, sex, age, tel, type, auth_key) VALUES ('333907197804088721', '吴建振', '吴建振', false, '42', '13840618564', 0, 'mjdel0Rpkq92d5HpGU53SRKSjIda0MK6');
INSERT INTO Resident (account, building, unit, room) VALUES ('333907197804088721', 93, 1, 402);
INSERT INTO User (account, username, name, sex, age, tel, type, auth_key) VALUES ('634070197211237041', '臧豪', '臧豪', false, '48', '15838749128', 0, 'Li7cy2p4XqXZ6dF946U3b9J371o84xXT');
INSERT INTO Resident (account, building, unit, room) VALUES ('634070197211237041', 59, 8, 1003);
INSERT INTO User (account, username, name, sex, age, tel, type, auth_key) VALUES ('37354219821228008X', '盛力瀚', '盛力瀚', true, '38', '18240151594', 0, '0oE2pgB5HLQ9wRlV374i5v4oRE8ELCn6');
INSERT INTO Resident (account, building, unit, room) VALUES ('37354219821228008X', 65, 1, 502);
INSERT INTO User (account, username, name, sex, age, tel, type, auth_key) VALUES ('330228195003091533', '邵薪', '邵薪', false, '70', '15572125706', 0, '4GI4v8V2QF9ZEs7W9083y4QZ3f1IhnB4');
INSERT INTO Resident (account, building, unit, room) VALUES ('330228195003091533', 78, 9, 2204);
INSERT INTO User (account, username, name, sex, age, tel, type, auth_key) VALUES ('322230198704102917', '杜霖迅', '杜霖迅', true, '33', '16693982692', 0, '538S09dk7Ad4ZD3Bs0XcKWHSixFp41Xj');
INSERT INTO Resident (account, building, unit, room) VALUES ('322230198704102917', 86, 2, 2802);
INSERT INTO User (account, username, name, sex, age, tel, type, auth_key) VALUES ('443428194604077463', '郭凡淘', '郭凡淘', true, '74', '13134585790', 0, 'PhpMnybMJLg3kx394x5ja9P1x42kPBo2');
INSERT INTO Resident (account, building, unit, room) VALUES ('443428194604077463', 4, 3, 1805);
INSERT INTO User (account, username, name, sex, age, tel, type, auth_key) VALUES ('36280219260125254X', '柳家言', '柳家言', true, '94', '17578451854', 0, 'a9YinpncC3UVJarYG80gBfpj2tZcbIQi');
INSERT INTO Resident (account, building, unit, room) VALUES ('36280219260125254X', 91, 7, 1804);
INSERT INTO User (account, username, name, sex, age, tel, type, auth_key) VALUES ('211941194810170554', '付兰', '付兰', true, '72', '15392087202', 0, 'qPEt2l7To2uY8VcbMfGWHufk5lIT0VyE');
INSERT INTO Resident (account, building, unit, room) VALUES ('211941194810170554', 93, 8, 2501);
INSERT INTO User (account, username, name, sex, age, tel, type, auth_key) VALUES ('460980194211190365', '靳樱', '靳樱', true, '78', '18090255457', 0, 'EElk3aew8gHfBNz726bjsagoQJJ8eKq0');
INSERT INTO Resident (account, building, unit, room) VALUES ('460980194211190365', 28, 9, 1806);
INSERT INTO User (account, username, name, sex, age, tel, type, auth_key) VALUES ('644909198802288731', '陈迅樱', '陈迅樱', true, '32', '18001701991', 0, '897bSA5Nrf54vYMyNVR2bF85797ssC1I');
INSERT INTO Resident (account, building, unit, room) VALUES ('644909198802288731', 53, 4, 2602);
INSERT INTO User (account, username, name, sex, age, tel, type, auth_key) VALUES ('311662195002207909', '边本一', '边本一', false, '70', '17605894773', 0, 'RdjPhJ31oLOm5m2By0R2WZSMqstemscF');
INSERT INTO Resident (account, building, unit, room) VALUES ('311662195002207909', 11, 1, 602);
INSERT INTO User (account, username, name, sex, age, tel, type, auth_key) VALUES ('523092193604123287', '安建', '安建', true, '84', '19073008704', 0, '2984Rtsh79f92DWA27LXV3rzR64qoY39');
INSERT INTO Resident (account, building, unit, room) VALUES ('523092193604123287', 31, 5, 2805);
INSERT INTO User (account, username, name, sex, age, tel, type, auth_key) VALUES ('500443192809253951', '张薪晓', '张薪晓', true, '92', '18945145472', 0, 'XR4IFrg97f525hO9PJP9yF148x4U5EaP');
INSERT INTO Resident (account, building, unit, room) VALUES ('500443192809253951', 50, 4, 2902);
INSERT INTO User (account, username, name, sex, age, tel, type, auth_key) VALUES ('624543196411253487', '董腾锐', '董腾锐', true, '56', '13576023806', 0, 'dPk0199dp3EN74UjSb4N2AjkOgrq52hq');
INSERT INTO Resident (account, building, unit, room) VALUES ('624543196411253487', 88, 7, 206);
INSERT INTO User (account, username, name, sex, age, tel, type, auth_key) VALUES ('644624196102189078', '岳本阳', '岳本阳', false, '59', '19604887237', 0, '80Wf48S1Futsro0C2Q77T0mi67ihTX2C');
INSERT INTO Resident (account, building, unit, room) VALUES ('644624196102189078', 50, 10, 2505);
INSERT INTO User (account, username, name, sex, age, tel, type, auth_key) VALUES ('360129195908055853', '宫千嘉', '宫千嘉', true, '61', '18758955552', 0, 'Ey15pMPHS6wjb3N8T14cqLSQyq8LSS27');
INSERT INTO Resident (account, building, unit, room) VALUES ('360129195908055853', 93, 9, 802);
INSERT INTO User (account, username, name, sex, age, tel, type, auth_key) VALUES ('12109019660310954X', '郭迅露', '郭迅露', true, '54', '13120835038', 0, 'Y72H35X60LQ7y50avLnq596l0El6VaJ2');
INSERT INTO Resident (account, building, unit, room) VALUES ('12109019660310954X', 32, 2, 1703);
INSERT INTO User (account, username, name, sex, age, tel, type, auth_key) VALUES ('611680199301059041', '吕樱可', '吕樱可', true, '27', '14956754413', 0, 'QqoK33gpfzQX46ZR7t6aBNE0LdTtL4r4');
INSERT INTO Resident (account, building, unit, room) VALUES ('611680199301059041', 80, 8, 1104);
INSERT INTO User (account, username, name, sex, age, tel, type, auth_key) VALUES ('643109196908081867', '寻天英', '寻天英', true, '51', '18768184892', 0, 'PzX54fPA7pduuM5UP1JKPsHM6vfDlTQv');
INSERT INTO Resident (account, building, unit, room) VALUES ('643109196908081867', 38, 8, 1102);
INSERT INTO User (account, username, name, sex, age, tel, type, auth_key) VALUES ('640588193912066431', '裴宇义', '裴宇义', false, '81', '19220378941', 0, 'nMBEG3kNMyl3d8V0BnZAGtV43536k46K');
INSERT INTO Resident (account, building, unit, room) VALUES ('640588193912066431', 33, 7, 804);
INSERT INTO User (account, username, name, sex, age, tel, type, auth_key) VALUES ('342396200704231805', '靳昕思', '靳昕思', true, '13', '13967491346', 0, '6D9hI791sLEU99k2Qr2IEgN437W7Gg9y');
INSERT INTO Resident (account, building, unit, room) VALUES ('342396200704231805', 91, 8, 906);
INSERT INTO User (account, username, name, sex, age, tel, type, auth_key) VALUES ('821829193406107259', '郑杰宇', '郑杰宇', true, '86', '14913149519', 0, 'q7rXcSpL266mjWKv1PTkPX43YJmZkT5i');
INSERT INTO Resident (account, building, unit, room) VALUES ('821829193406107259', 74, 1, 1806);
INSERT INTO User (account, username, name, sex, age, tel, type, auth_key) VALUES ('541277201403062028', '钱柏昕', '钱柏昕', false, '6', '19227972953', 0, '1emRDuT86VKQgTza42Bz1faeE243976F');
INSERT INTO Resident (account, building, unit, room) VALUES ('541277201403062028', 53, 9, 1301);
INSERT INTO User (account, username, name, sex, age, tel, type, auth_key) VALUES ('640434192810024535', '於凌义', '於凌义', false, '92', '13507617939', 0, '480843tHRLH4sI3n7DMOfY8qZEy5XRLU');
INSERT INTO Resident (account, building, unit, room) VALUES ('640434192810024535', 58, 8, 601);
INSERT INTO User (account, username, name, sex, age, tel, type, auth_key) VALUES ('502455201203250946', '靳菲亚', '靳菲亚', true, '8', '19807016765', 0, 'nL1x99Hr9LDE678Ox5gzBzGXOOLhPKMu');
INSERT INTO Resident (account, building, unit, room) VALUES ('502455201203250946', 53, 8, 2304);
INSERT INTO User (account, username, name, sex, age, tel, type, auth_key) VALUES ('422643193705206197', '黄冠轩', '黄冠轩', true, '83', '17685906924', 0, 'N0CYlvZtQ57I5R8H6oMoyxk38rF4HqRn');
INSERT INTO Resident (account, building, unit, room) VALUES ('422643193705206197', 55, 8, 1602);
INSERT INTO User (account, username, name, sex, age, tel, type, auth_key) VALUES ('112408197403175774', '商晓旭', '商晓旭', true, '46', '17559337458', 0, 'Z8rtD5SLydQ1N08076Lz3gD13ZhZMEDL');
INSERT INTO Resident (account, building, unit, room) VALUES ('112408197403175774', 40, 8, 1503);
INSERT INTO User (account, username, name, sex, age, tel, type, auth_key) VALUES ('454741194508165154', '米炜炜', '米炜炜', true, '75', '13072385319', 0, '6vf3zVSk1x6jss6jAV4FVzBf830PlkH3');
INSERT INTO Resident (account, building, unit, room) VALUES ('454741194508165154', 97, 4, 1004);
INSERT INTO User (account, username, name, sex, age, tel, type, auth_key) VALUES ('441828199309277222', '刘睿佳', '刘睿佳', true, '27', '15854869347', 0, 'I7Km410l6etA08weOzoICWc5F4q3iqeS');
INSERT INTO Resident (account, building, unit, room) VALUES ('441828199309277222', 18, 7, 1804);
INSERT INTO User (account, username, name, sex, age, tel, type, auth_key) VALUES ('321534196502250868', '邱兰音', '邱兰音', false, '55', '13664030659', 0, '7PqBzZxoaUZJA5r550M2J392i29Xnbp5');
INSERT INTO Resident (account, building, unit, room) VALUES ('321534196502250868', 75, 6, 2701);
INSERT INTO User (account, username, name, sex, age, tel, type, auth_key) VALUES ('713175200506089901', '裴振', '裴振', false, '15', '15544103996', 0, 'osQgNO33dJx95OZk3G9pv89Re5WQ7t2R');
INSERT INTO Resident (account, building, unit, room) VALUES ('713175200506089901', 86, 2, 2506);
INSERT INTO User (account, username, name, sex, age, tel, type, auth_key) VALUES ('132794193210311208', '戚千冠', '戚千冠', false, '88', '18548390090', 0, 'vKWu6MNWz2nDSoZ07kmb461M3527CKoH');
INSERT INTO Resident (account, building, unit, room) VALUES ('132794193210311208', 23, 9, 1402);
INSERT INTO User (account, username, name, sex, age, tel, type, auth_key) VALUES ('15213319250216982X', '杨樱阳', '杨樱阳', false, '95', '13194614291', 0, 'uMFFMHmgD2cnn1L739hn3M572MXiZ04z');
INSERT INTO Resident (account, building, unit, room) VALUES ('15213319250216982X', 22, 10, 1805);
INSERT INTO User (account, username, name, sex, age, tel, type, auth_key) VALUES ('23122619310127251X', '米令', '米令', false, '89', '14748976884', 0, 'f5Lfi2wdv715KI5s5U5Rho9M70o3HnAB');
INSERT INTO Resident (account, building, unit, room) VALUES ('23122619310127251X', 40, 9, 2706);
INSERT INTO User (account, username, name, sex, age, tel, type, auth_key) VALUES ('543797193202219744', '邵凌淘', '邵凌淘', false, '88', '18221339128', 0, 'X1a7JxQ2j4tG2aBj0Fz6mnnjky6BTMaQ');
INSERT INTO Resident (account, building, unit, room) VALUES ('543797193202219744', 69, 6, 1901);
INSERT INTO User (account, username, name, sex, age, tel, type, auth_key) VALUES ('124749199009152881', '曹佳', '曹佳', false, '30', '15053224135', 0, 'IKHH319tx0x54ki2O4c7MqB0Cj9c0vuE');
INSERT INTO Resident (account, building, unit, room) VALUES ('124749199009152881', 64, 4, 2201);
INSERT INTO User (account, username, name, sex, age, tel, type, auth_key) VALUES ('361717200102227406', '付毅龙', '付毅龙', false, '19', '15560909382', 0, 'VgnttL73m6BP506R97Cc6RJ57Nk135W5');
INSERT INTO Resident (account, building, unit, room) VALUES ('361717200102227406', 62, 5, 2403);
INSERT INTO User (account, username, name, sex, age, tel, type, auth_key) VALUES ('313931196808162103', '殷子霖', '殷子霖', false, '52', '13187824979', 0, 'W7tKvk1q3dxlw43N40l5OOz5L60K0516');
INSERT INTO Resident (account, building, unit, room) VALUES ('313931196808162103', 94, 3, 2103);
INSERT INTO User (account, username, name, sex, age, tel, type, auth_key) VALUES ('510217197207224758', '董诺敏', '董诺敏', false, '48', '15919070575', 0, '5h07UOMSZt6nvIWaXk2k97pNp4uQsON0');
INSERT INTO Resident (account, building, unit, room) VALUES ('510217197207224758', 82, 1, 2104);
INSERT INTO User (account, username, name, sex, age, tel, type, auth_key) VALUES ('153369199008025548', '边雨家', '边雨家', false, '30', '13233738058', 0, 'a0uMPhqSfjxW5ir0eOnnhOs21V0U5MVB');
INSERT INTO Resident (account, building, unit, room) VALUES ('153369199008025548', 3, 6, 1503);
INSERT INTO User (account, username, name, sex, age, tel, type, auth_key) VALUES ('41368019800420930X', '欧馨淘', '欧馨淘', false, '40', '19085866957', 0, 'MavyC90sc72HD92g2iNan9MMtBym47W6');
INSERT INTO Resident (account, building, unit, room) VALUES ('41368019800420930X', 99, 6, 2805);
INSERT INTO User (account, username, name, sex, age, tel, type, auth_key) VALUES ('31332919241230513X', '付立', '付立', true, '96', '13315526206', 0, 'zR1Hik9EUaQ57R0mAUzmbr25N348w517');
INSERT INTO Resident (account, building, unit, room) VALUES ('31332919241230513X', 15, 7, 802);
INSERT INTO User (account, username, name, sex, age, tel, type, auth_key) VALUES ('524145194402082035', '宫凡嘉', '宫凡嘉', false, '76', '13976895861', 0, '0G3H2SWkrWWJEhFu2BlqCM42ath1X54Z');
INSERT INTO Resident (account, building, unit, room) VALUES ('524145194402082035', 71, 1, 605);
INSERT INTO User (account, username, name, sex, age, tel, type, auth_key) VALUES ('32471919450516083X', '金英赛', '金英赛', true, '75', '15119650309', 0, 'ZzfpC7mkPE80H9tWqrow1Y1MleHVCo17');
INSERT INTO Resident (account, building, unit, room) VALUES ('32471919450516083X', 22, 6, 1001);
INSERT INTO User (account, username, name, sex, age, tel, type, auth_key) VALUES ('815018198708125258', '付圣轩', '付圣轩', false, '33', '19090091631', 0, '78C2v3Gg6u1g9qhBLGls2Qdm59o347tB');
INSERT INTO Resident (account, building, unit, room) VALUES ('815018198708125258', 34, 4, 1405);
INSERT INTO User (account, username, name, sex, age, tel, type, auth_key) VALUES ('610911196110111257', '韩炜音', '韩炜音', false, '59', '18788884210', 0, '3B64k06tE9rYTq427l7G9lBk11tT5o0g');
INSERT INTO Resident (account, building, unit, room) VALUES ('610911196110111257', 17, 7, 406);
INSERT INTO User (account, username, name, sex, age, tel, type, auth_key) VALUES ('46112219290720553X', '毛腾', '毛腾', true, '91', '17587737003', 0, 'SnHpd9NbtV201j920IR8JCJcDb8MMib2');
INSERT INTO Resident (account, building, unit, room) VALUES ('46112219290720553X', 42, 4, 1902);
INSERT INTO User (account, username, name, sex, age, tel, type, auth_key) VALUES ('412794195004056889', '靳炜', '靳炜', false, '70', '18740561324', 0, 's7N8P84A700aWb1Ac1z8rx5ZuVX2wNqu');
INSERT INTO Resident (account, building, unit, room) VALUES ('412794195004056889', 99, 1, 1305);
INSERT INTO User (account, username, name, sex, age, tel, type, auth_key) VALUES ('210536195710109593', '山中奕', '山中奕', false, '63', '17569490190', 0, 'z7tICk7mQlLB8giyPfGDcTALjA5Jywaf');
INSERT INTO Resident (account, building, unit, room) VALUES ('210536195710109593', 6, 4, 904);
INSERT INTO User (account, username, name, sex, age, tel, type, auth_key) VALUES ('414949194606116125', '侯牧', '侯牧', false, '74', '18164175680', 0, 'rIed31qy0abKnoD4UtC6Fs0p67Orv48S');
INSERT INTO Resident (account, building, unit, room) VALUES ('414949194606116125', 91, 6, 603);
INSERT INTO User (account, username, name, sex, age, tel, type, auth_key) VALUES ('310340199804214924', '颜晓', '颜晓', false, '22', '13286453246', 0, 'P1j8u505C571LWiGS3HBOb41Q0uShhQ8');
INSERT INTO Resident (account, building, unit, room) VALUES ('310340199804214924', 46, 4, 803);
INSERT INTO User (account, username, name, sex, age, tel, type, auth_key) VALUES ('151070200205189891', '季良', '季良', true, '18', '15819387856', 0, '9tFlE0IgRrk78jRd7stbtW59KN6KVPBA');
INSERT INTO Resident (account, building, unit, room) VALUES ('151070200205189891', 13, 4, 1901);
INSERT INTO User (account, username, name, sex, age, tel, type, auth_key) VALUES ('623088195908089837', '宫宇', '宫宇', true, '61', '18964127366', 0, '2HMg498wEW653M659fxZ97r6yP74HOHW');
INSERT INTO Resident (account, building, unit, room) VALUES ('623088195908089837', 67, 5, 605);
INSERT INTO User (account, username, name, sex, age, tel, type, auth_key) VALUES ('502562195004131571', '侯建伟', '侯建伟', false, '70', '18643377271', 0, '46938Uy4YJsKY4iTJk4q5bU9lKw3j58B');
INSERT INTO Resident (account, building, unit, room) VALUES ('502562195004131571', 13, 6, 2603);
INSERT INTO User (account, username, name, sex, age, tel, type, auth_key) VALUES ('360277199110102303', '傅雯桐', '傅雯桐', true, '29', '15320699989', 0, 'as3xLwnH78t1K917AAodD4Xoj4A51938');
INSERT INTO Resident (account, building, unit, room) VALUES ('360277199110102303', 55, 6, 2002);
INSERT INTO User (account, username, name, sex, age, tel, type, auth_key) VALUES ('821439198310211982', '毕丹晓', '毕丹晓', false, '37', '17533671730', 0, '6B39ZQIYOt0lld7iRXD04W5aN1Drzj86');
INSERT INTO Resident (account, building, unit, room) VALUES ('821439198310211982', 80, 9, 2803);
INSERT INTO User (account, username, name, sex, age, tel, type, auth_key) VALUES ('644971200805059247', '符龙', '符龙', false, '12', '15730910675', 0, 'V3b9463k3p272cPBqi15ny826i8LPnt4');
INSERT INTO Resident (account, building, unit, room) VALUES ('644971200805059247', 37, 1, 2702);
INSERT INTO User (account, username, name, sex, age, tel, type, auth_key) VALUES ('50111019581205146X', '吴轩朋', '吴轩朋', true, '62', '18365029308', 0, 'V7374Hgr8TL729iH1gUgQD4hSP91NRA6');
INSERT INTO Resident (account, building, unit, room) VALUES ('50111019581205146X', 7, 8, 2302);
INSERT INTO User (account, username, name, sex, age, tel, type, auth_key) VALUES ('344478198308044179', '宫龙帆', '宫龙帆', true, '37', '19879044437', 0, 'I6IrP9ygH1N8DcJpDtUxT202nvlypNJA');
INSERT INTO Resident (account, building, unit, room) VALUES ('344478198308044179', 28, 1, 604);
INSERT INTO User (account, username, name, sex, age, tel, type, auth_key) VALUES ('223654195010190527', '孟敏萌', '孟敏萌', false, '70', '17597880097', 0, 'Yk8u9jHsEM3m5fSYUC0QQccAOwUTbZPa');
INSERT INTO Resident (account, building, unit, room) VALUES ('223654195010190527', 91, 8, 1406);
INSERT INTO User (account, username, name, sex, age, tel, type, auth_key) VALUES ('122861195202238555', '管舒', '管舒', false, '68', '18305321727', 0, 'oYwt9kafG0K8y1EZ036zjVi85BpBoYAA');
INSERT INTO Resident (account, building, unit, room) VALUES ('122861195202238555', 42, 7, 2305);
INSERT INTO User (account, username, name, sex, age, tel, type, auth_key) VALUES ('522289192704257530', '郑新嘉', '郑新嘉', true, '93', '13588925774', 0, '6u42gQ8erw3zxW2Okjw2xJuTogAjN4NT');
INSERT INTO Resident (account, building, unit, room) VALUES ('522289192704257530', 89, 9, 703);
INSERT INTO User (account, username, name, sex, age, tel, type, auth_key) VALUES ('133283193809099010', '邱晓', '邱晓', false, '82', '17626576048', 0, '6yT538Jk9c59moL53JHJ2i1H9kMXbMNg');
INSERT INTO Resident (account, building, unit, room) VALUES ('133283193809099010', 23, 10, 703);
INSERT INTO User (account, username, name, sex, age, tel, type, auth_key) VALUES ('63372319510621421X', '山本晓', '山本晓', true, '69', '13413273220', 0, '7c6fK73mZD39wUr4zsH0vzLZuB3M9nFN');
INSERT INTO Resident (account, building, unit, room) VALUES ('63372319510621421X', 20, 2, 2404);
INSERT INTO User (account, username, name, sex, age, tel, type, auth_key) VALUES ('371938195305315476', '昌可嘉', '昌可嘉', false, '67', '13320789760', 0, '2Jf5P2U19F0FX9L35yviqjqEh0vqxe96');
INSERT INTO Resident (account, building, unit, room) VALUES ('371938195305315476', 35, 5, 2203);
INSERT INTO User (account, username, name, sex, age, tel, type, auth_key) VALUES ('134303193702242118', '管柏英', '管柏英', true, '83', '19055091350', 0, 'qn590dmdsiYzHh9iRe13EBkz4oo04J97');
INSERT INTO Resident (account, building, unit, room) VALUES ('134303193702242118', 26, 7, 2301);
INSERT INTO User (account, username, name, sex, age, tel, type, auth_key) VALUES ('461672199808155899', '吕盈千', '吕盈千', true, '22', '14752458457', 0, 'rhQ19QBWJBu4Mm14AMesPAtCoOI9S061');
INSERT INTO Resident (account, building, unit, room) VALUES ('461672199808155899', 36, 4, 404);
INSERT INTO User (account, username, name, sex, age, tel, type, auth_key) VALUES ('443004200003258160', '殷菲建', '殷菲建', true, '20', '18872880652', 0, 'wU3A0IWKY2uUn5rKl4MUx7J3OE3L586z');
INSERT INTO Resident (account, building, unit, room) VALUES ('443004200003258160', 3, 7, 403);
INSERT INTO User (account, username, name, sex, age, tel, type, auth_key) VALUES ('411443195404128113', '鲁昕奇', '鲁昕奇', false, '66', '13060734088', 0, 'jz3q9ewZ31c4whl07g0BiaDDKoQ8H04a');
INSERT INTO Resident (account, building, unit, room) VALUES ('411443195404128113', 6, 3, 506);
INSERT INTO User (account, username, name, sex, age, tel, type, auth_key) VALUES ('650236193310086747', '严帆广', '严帆广', true, '87', '17365324151', 0, '6G63Wt5HpYg7dJkadwmn93Telt6r23WH');
INSERT INTO Resident (account, building, unit, room) VALUES ('650236193310086747', 100, 8, 904);
INSERT INTO User (account, username, name, sex, age, tel, type, auth_key) VALUES ('113630200608044540', '沈倨牧', '沈倨牧', true, '14', '18315067681', 0, '2w03X68xuPKgHw6a8828xC1TZ3qI6SGF');
INSERT INTO Resident (account, building, unit, room) VALUES ('113630200608044540', 59, 4, 1803);
INSERT INTO User (account, username, name, sex, age, tel, type, auth_key) VALUES ('654322199111083252', '欧煜淘', '欧煜淘', true, '29', '13557383105', 0, '42f0S7F19zMTBwZ98639rB56ZoJu5lT6');
INSERT INTO Resident (account, building, unit, room) VALUES ('654322199111083252', 3, 6, 2105);
INSERT INTO User (account, username, name, sex, age, tel, type, auth_key) VALUES ('152946200410247325', '晁萌广', '晁萌广', true, '16', '13564602104', 0, 'v6d4Kx0HeTcZ2AwVukCVSJjk66qX06Qk');
INSERT INTO Resident (account, building, unit, room) VALUES ('152946200410247325', 74, 8, 801);
INSERT INTO User (account, username, name, sex, age, tel, type, auth_key) VALUES ('210885195302075191', '龚力', '龚力', false, '67', '19034458590', 0, '5Tt3Lg38GU60JAb9m17YH250dB4eX30f');
INSERT INTO Resident (account, building, unit, room) VALUES ('210885195302075191', 61, 7, 2502);
INSERT INTO User (account, username, name, sex, age, tel, type, auth_key) VALUES ('620422194705151208', '宋伟有', '宋伟有', false, '73', '14786524479', 0, 'skx1ZB8WS7RrZy945p1xy8v2gU6b3P4x');
INSERT INTO Resident (account, building, unit, room) VALUES ('620422194705151208', 76, 3, 902);
INSERT INTO User (account, username, name, sex, age, tel, type, auth_key) VALUES ('652310194704198574', '隽兰立', '隽兰立', true, '73', '18152144922', 0, '13996zk1zvXF66rKU8SL2dgtC2JkntQ7');
INSERT INTO Resident (account, building, unit, room) VALUES ('652310194704198574', 51, 2, 1702);
INSERT INTO User (account, username, name, sex, age, tel, type, auth_key) VALUES ('821235196212188714', '高诺', '高诺', false, '58', '15195015188', 0, 'Gu863ds7c505LHZw792Of2Q7RmTh0KMo');
INSERT INTO Resident (account, building, unit, room) VALUES ('821235196212188714', 100, 8, 1806);
INSERT INTO User (account, username, name, sex, age, tel, type, auth_key) VALUES ('340956196306219057', '钟牧新', '钟牧新', false, '57', '18505747533', 0, 'eV45A6N4FagF8VzeNvTBCHc53bz2YRXv');
INSERT INTO Resident (account, building, unit, room) VALUES ('340956196306219057', 4, 8, 2005);
INSERT INTO User (account, username, name, sex, age, tel, type, auth_key) VALUES ('340646198304075223', '齐翔宇', '齐翔宇', true, '37', '18764877394', 0, 'Ky0nmIG3720d9No3JV3nF94ieAfIv59i');
INSERT INTO Resident (account, building, unit, room) VALUES ('340646198304075223', 44, 5, 2602);
INSERT INTO User (account, username, name, sex, age, tel, type, auth_key) VALUES ('520571200308060615', '高舒瀚', '高舒瀚', false, '17', '13403523486', 0, 'Xq5W67KEoY0RbvH2hEcZTwtDy9PudW30');
INSERT INTO Resident (account, building, unit, room) VALUES ('520571200308060615', 8, 2, 1506);
INSERT INTO User (account, username, name, sex, age, tel, type, auth_key) VALUES ('540228196009058512', '路哲云', '路哲云', true, '60', '19802939257', 0, 'Dh994rzfG157igT090yd7fokIR82j2Q6');
INSERT INTO Resident (account, building, unit, room) VALUES ('540228196009058512', 19, 7, 404);
INSERT INTO User (account, username, name, sex, age, tel, type, auth_key) VALUES ('824123194108077156', '武豪', '武豪', false, '79', '16683928742', 0, 'Nbs7HwCy9P1hCfoTyDn4cU4124Yu49pO');
INSERT INTO Resident (account, building, unit, room) VALUES ('824123194108077156', 29, 7, 2705);
INSERT INTO User (account, username, name, sex, age, tel, type, auth_key) VALUES ('611406193507126306', '胡薪', '胡薪', false, '85', '15726219760', 0, 'PJ1fmyGL7p1PmXom8DZvU5Gr9N95l905');
INSERT INTO Resident (account, building, unit, room) VALUES ('611406193507126306', 88, 7, 1903);
INSERT INTO User (account, username, name, sex, age, tel, type, auth_key) VALUES ('713941192503204724', '胡言', '胡言', false, '95', '17656878722', 0, '7V6Z94dES4J0XVA196r6LEZX10qX5dbP');
INSERT INTO Resident (account, building, unit, room) VALUES ('713941192503204724', 88, 5, 2306);
INSERT INTO User (account, username, name, sex, age, tel, type, auth_key) VALUES ('211671201012248918', '金有', '金有', false, '10', '14702279981', 0, 'DvAsGi1R62lX2616sE02gA60gIekne5I');
INSERT INTO Resident (account, building, unit, room) VALUES ('211671201012248918', 85, 1, 2003);
INSERT INTO User (account, username, name, sex, age, tel, type, auth_key) VALUES ('371540194407219538', '张炎奇', '张炎奇', true, '76', '19615210878', 0, 'Vcfeo15U2hHsmFAcjhcjn9m0ux4bCcv5');
INSERT INTO Resident (account, building, unit, room) VALUES ('371540194407219538', 82, 9, 2702);
INSERT INTO User (account, username, name, sex, age, tel, type, auth_key) VALUES ('143844197812275680', '於杰建', '於杰建', true, '42', '19331708471', 0, 'Qik3pQp3k08C5q29bWM26Mth47qDXnDd');
INSERT INTO Resident (account, building, unit, room) VALUES ('143844197812275680', 37, 3, 1502);
INSERT INTO User (account, username, name, sex, age, tel, type, auth_key) VALUES ('533618197207091029', '崔子瀚', '崔子瀚', true, '48', '18564590378', 0, 'U37pRu2qG0NgG07UWSn1LF8dHTGNa09f');
INSERT INTO Resident (account, building, unit, room) VALUES ('533618197207091029', 34, 4, 305);
INSERT INTO User (account, username, name, sex, age, tel, type, auth_key) VALUES ('620401197508187622', '颜义轩', '颜义轩', false, '45', '15576977738', 0, '0zCX7Obj5QwIcDuCWnl20Bv155qBlOwy');
INSERT INTO Resident (account, building, unit, room) VALUES ('620401197508187622', 40, 2, 404);
INSERT INTO User (account, username, name, sex, age, tel, type, auth_key) VALUES ('611332193604035007', '米夫', '米夫', false, '84', '18473748559', 0, 'FG04ploeH6w0T3mGM8314pR1LQRGV44h');
INSERT INTO Resident (account, building, unit, room) VALUES ('611332193604035007', 73, 9, 1403);
INSERT INTO User (account, username, name, sex, age, tel, type, auth_key) VALUES ('462311198102173570', '黄辰舒', '黄辰舒', false, '39', '18126700149', 0, '51r5pU770XKGp15xc48rWED47xmG5iq4');
INSERT INTO Resident (account, building, unit, room) VALUES ('462311198102173570', 12, 1, 305);
INSERT INTO User (account, username, name, sex, age, tel, type, auth_key) VALUES ('655092201206291149', '审立泽', '审立泽', true, '8', '13435314884', 0, 'hY1QlczjV7K975lVr1m0gRBT3C0XG9z4');
INSERT INTO Resident (account, building, unit, room) VALUES ('655092201206291149', 24, 1, 1502);
INSERT INTO User (account, username, name, sex, age, tel, type, auth_key) VALUES ('54356920111209606X', '陆萱嘉', '陆萱嘉', true, '9', '17294428189', 0, 'j7G552FE4eT1Ra392X8YYj16xZg3dPA1');
INSERT INTO Resident (account, building, unit, room) VALUES ('54356920111209606X', 22, 9, 305);
INSERT INTO User (account, username, name, sex, age, tel, type, auth_key) VALUES ('222851196302197825', '张霖霄', '张霖霄', true, '57', '13603875605', 0, '428wZT2dk75kh794bF8LZv4641u4429s');
INSERT INTO Resident (account, building, unit, room) VALUES ('222851196302197825', 12, 1, 1602);
INSERT INTO User (account, username, name, sex, age, tel, type, auth_key) VALUES ('344774198301185791', '楚振晓', '楚振晓', false, '37', '18849796275', 0, '72Ud0x144w74KQ1i7HW7D2FHAi7C6N0A');
INSERT INTO Resident (account, building, unit, room) VALUES ('344774198301185791', 1, 6, 803);
INSERT INTO User (account, username, name, sex, age, tel, type, auth_key) VALUES ('442909195306255246', '鲁新', '鲁新', true, '67', '15783498515', 0, 'TR2Jq3D5Z12AP55Ntm9H5OCRz1y0rWWH');
INSERT INTO Resident (account, building, unit, room) VALUES ('442909195306255246', 6, 1, 2706);
INSERT INTO User (account, username, name, sex, age, tel, type, auth_key) VALUES ('231645198511124115', '寻凌淘', '寻凌淘', true, '35', '15581086273', 0, 'O1IiKIEhbbl4D1g33EcDl9j8z70sEYLz');
INSERT INTO Resident (account, building, unit, room) VALUES ('231645198511124115', 8, 4, 2706);
INSERT INTO User (account, username, name, sex, age, tel, type, auth_key) VALUES ('124261193003209401', '鲁晓可', '鲁晓可', false, '90', '18426614136', 0, 'y9Ff1SOB5SPkbrULIQD96Jf07JXG48pv');
INSERT INTO Resident (account, building, unit, room) VALUES ('124261193003209401', 58, 10, 1806);
INSERT INTO User (account, username, name, sex, age, tel, type, auth_key) VALUES ('114867195106225385', '傅樱义', '傅樱义', true, '69', '19235185300', 0, '7Jx4Fedc8Tid28h1FJ3F76306eIr4NTo');
INSERT INTO Resident (account, building, unit, room) VALUES ('114867195106225385', 78, 5, 1904);
INSERT INTO User (account, username, name, sex, age, tel, type, auth_key) VALUES ('434125197402274494', '商新露', '商新露', false, '46', '17367889205', 0, 'CnGZXrQ30Fv3atu8or0P63g3sl9plT8E');
INSERT INTO Resident (account, building, unit, room) VALUES ('434125197402274494', 37, 9, 1205);
INSERT INTO User (account, username, name, sex, age, tel, type, auth_key) VALUES ('653289201207028201', '毕本硕', '毕本硕', true, '8', '17549783655', 0, '5wJo7m6ZwWvLW33o7Jp30RC35KEqlFeJ');
INSERT INTO Resident (account, building, unit, room) VALUES ('653289201207028201', 36, 5, 2706);
INSERT INTO User (account, username, name, sex, age, tel, type, auth_key) VALUES ('214364193209097110', '米凌新', '米凌新', true, '88', '13917466098', 0, 'jZT99YE0vb5W4n1DQyol9a4f7YiLBKII');
INSERT INTO Resident (account, building, unit, room) VALUES ('214364193209097110', 5, 9, 1406);
INSERT INTO User (account, username, name, sex, age, tel, type, auth_key) VALUES ('320386195709122209', '耿静柏', '耿静柏', true, '63', '19917890540', 0, 'CS2K3j5bIoz0uPb96x68a19ejAG5bf6X');
INSERT INTO Resident (account, building, unit, room) VALUES ('320386195709122209', 18, 9, 2604);
INSERT INTO User (account, username, name, sex, age, tel, type, auth_key) VALUES ('442142192411032508', '宫敏', '宫敏', false, '96', '19372961801', 0, 'IL7W8yGOwM9N5n5Z6n79tNJ8Z8gQ2w3C');
INSERT INTO Resident (account, building, unit, room) VALUES ('442142192411032508', 6, 7, 1303);
INSERT INTO User (account, username, name, sex, age, tel, type, auth_key) VALUES ('623921195006284991', '权夫霄', '权夫霄', false, '70', '18680300187', 0, 'k6Dc00YIZ6V5P9tYs9iGkZoOiXI4Rcbu');
INSERT INTO Resident (account, building, unit, room) VALUES ('623921195006284991', 54, 8, 403);
INSERT INTO User (account, username, name, sex, age, tel, type, auth_key) VALUES ('71147519511223025X', '范可义', '范可义', false, '69', '19126835941', 0, 'wr55fOdFwn971Py5H8rP6Gxp8wm19SAq');
INSERT INTO Resident (account, building, unit, room) VALUES ('71147519511223025X', 18, 3, 2804);
INSERT INTO User (account, username, name, sex, age, tel, type, auth_key) VALUES ('342083198105040057', '欧萱', '欧萱', true, '39', '19294197831', 0, 'br8120fm95BAtjNbOg3W92Vx9ShExv9T');
INSERT INTO Resident (account, building, unit, room) VALUES ('342083198105040057', 81, 10, 2705);
INSERT INTO User (account, username, name, sex, age, tel, type, auth_key) VALUES ('710555196303075469', '权牧炎', '权牧炎', false, '57', '15046948464', 0, 'DM1tAQYOxGD8z73J2U9MnQu04H8oJgd8');
INSERT INTO Resident (account, building, unit, room) VALUES ('710555196303075469', 17, 7, 2401);
INSERT INTO User (account, username, name, sex, age, tel, type, auth_key) VALUES ('61380819340331408X', '肖夫', '肖夫', true, '86', '19071266638', 0, 'UkVZa96196iMHt62vJhR02D1PbUZBO9E');
INSERT INTO Resident (account, building, unit, room) VALUES ('61380819340331408X', 29, 7, 2306);
INSERT INTO User (account, username, name, sex, age, tel, type, auth_key) VALUES ('372253199810034136', '田亚昕', '田亚昕', true, '22', '19068650723', 0, '9m7QN3w7tHQTr1145fglM4539JOZc7ir');
INSERT INTO Resident (account, building, unit, room) VALUES ('372253199810034136', 59, 3, 2806);
INSERT INTO User (account, username, name, sex, age, tel, type, auth_key) VALUES ('111134194511280379', '季昕', '季昕', true, '75', '13072273137', 0, 'fKlc35mjo0FU8eEcw1TDs1749Wu4PB9F');
INSERT INTO Resident (account, building, unit, room) VALUES ('111134194511280379', 63, 3, 206);
INSERT INTO User (account, username, name, sex, age, tel, type, auth_key) VALUES ('823928195002150457', '仲敏', '仲敏', false, '70', '15366657253', 0, 'U1MaS54Ey3U5o9t1A9ZJaFBN5Fzc3Ir1');
INSERT INTO Resident (account, building, unit, room) VALUES ('823928195002150457', 17, 1, 2706);
INSERT INTO User (account, username, name, sex, age, tel, type, auth_key) VALUES ('222852199501227297', '靳馨', '靳馨', false, '25', '13483321907', 0, '5dDOv14KxJYLYgulari5ZfR5IUOpF95b');
INSERT INTO Resident (account, building, unit, room) VALUES ('222852199501227297', 4, 2, 501);
INSERT INTO User (account, username, name, sex, age, tel, type, auth_key) VALUES ('410172193009060761', '权圣奇', '权圣奇', true, '90', '17393215509', 0, '5liTuzuigcBp92155TsNH9P2yjIE3gOV');
INSERT INTO Resident (account, building, unit, room) VALUES ('410172193009060761', 18, 5, 2306);
INSERT INTO User (account, username, name, sex, age, tel, type, auth_key) VALUES ('374755197302097367', '殷樱', '殷樱', true, '47', '17260393506', 0, 'jZLoR4acTDJtbXJZ09niOcI582zgXcdA');
INSERT INTO Resident (account, building, unit, room) VALUES ('374755197302097367', 19, 4, 1905);
INSERT INTO User (account, username, name, sex, age, tel, type, auth_key) VALUES ('373326197306070018', '毕盈正', '毕盈正', true, '47', '17397043438', 0, 'J30IqiDhbofbVK1lj8ji3gPEEm6xhXsy');
INSERT INTO Resident (account, building, unit, room) VALUES ('373326197306070018', 81, 9, 1905);
INSERT INTO User (account, username, name, sex, age, tel, type, auth_key) VALUES ('642456201012263250', '百里翔', '百里翔', false, '10', '15809497923', 0, '9W3JF6eYaDoGIV10jo9hnQTq7kBy93zS');
INSERT INTO Resident (account, building, unit, room) VALUES ('642456201012263250', 17, 2, 1601);
INSERT INTO User (account, username, name, sex, age, tel, type, auth_key) VALUES ('452222199405270585', '路中天', '路中天', true, '26', '14927873116', 0, 'ETJ2nH5vDSso9ol2x9FHRIRZkB9hNc1O');
INSERT INTO Resident (account, building, unit, room) VALUES ('452222199405270585', 54, 2, 303);
INSERT INTO User (account, username, name, sex, age, tel, type, auth_key) VALUES ('233747192310189691', '吉丹', '吉丹', false, '97', '14768997058', 0, 'h4kPVGSGEj1Y28u69l753PeWBJqf07zr');
INSERT INTO Resident (account, building, unit, room) VALUES ('233747192310189691', 17, 4, 1006);
INSERT INTO User (account, username, name, sex, age, tel, type, auth_key) VALUES ('361227196007168770', '柳桐千', '柳桐千', false, '60', '15983551254', 0, 'oY3xzMIU4gWwQlC64L7p1d9W0E4CKIiw');
INSERT INTO Resident (account, building, unit, room) VALUES ('361227196007168770', 5, 7, 2105);
INSERT INTO User (account, username, name, sex, age, tel, type, auth_key) VALUES ('462289197103064201', '曹雅雯', '曹雅雯', false, '49', '18799541625', 0, 'AGTIa4OjyY49d4YwYUzlT8Yoq7jk10ff');
INSERT INTO Resident (account, building, unit, room) VALUES ('462289197103064201', 57, 10, 905);
INSERT INTO User (account, username, name, sex, age, tel, type, auth_key) VALUES ('532764194511010889', '齐宇铭', '齐宇铭', true, '75', '19359798346', 0, 'J64T5FrW084Ksvi715RCJOo7J0l1ngr2');
INSERT INTO Resident (account, building, unit, room) VALUES ('532764194511010889', 78, 7, 2301);
INSERT INTO User (account, username, name, sex, age, tel, type, auth_key) VALUES ('500920197304036364', '刘豪', '刘豪', true, '47', '14738965812', 1, 'WwMY9nVVV6zo4p5v6tBfx9x9D566kwCQ');
INSERT INTO Committee (account, in_date, is_admin) VALUES ('500920197304036364', '20000909', false);
INSERT INTO User (account, username, name, sex, age, tel, type, auth_key) VALUES ('504125198901056242', '王可霖', '王可霖', false, '31', '17535108261', 0, '1Kb9OevYvCrZD0QJjH87CU9wSgZcvf58');
INSERT INTO Resident (account, building, unit, room) VALUES ('504125198901056242', 31, 1, 1903);
INSERT INTO User (account, username, name, sex, age, tel, type, auth_key) VALUES ('331614199406129486', '燕迅', '燕迅', false, '26', '13751954836', 0, '3F20bCjiDfN6BtrMjWvK439Q38hpBg1W');
INSERT INTO Resident (account, building, unit, room) VALUES ('331614199406129486', 5, 7, 1503);
INSERT INTO User (account, username, name, sex, age, tel, type, auth_key) VALUES ('114963201409085455', '安朋', '安朋', true, '6', '14575632365', 0, '5S7BpL4E0Ql8ElUP1w6m6j1ZV5xuaKv0');
INSERT INTO Resident (account, building, unit, room) VALUES ('114963201409085455', 54, 3, 1804);
INSERT INTO User (account, username, name, sex, age, tel, type, auth_key) VALUES ('42104719580616512X', '童萱', '童萱', false, '62', '13245135604', 0, 'S463B44cr2q5TgJ8JrPK55OYBi7WrBy7');
INSERT INTO Resident (account, building, unit, room) VALUES ('42104719580616512X', 15, 9, 1504);
INSERT INTO User (account, username, name, sex, age, tel, type, auth_key) VALUES ('434951201108196232', '胡新', '胡新', false, '9', '19524718761', 0, 'hPpUABmh7dy6yuy2Jaa5SgIl6sYAOm2y');
INSERT INTO Resident (account, building, unit, room) VALUES ('434951201108196232', 26, 1, 903);
INSERT INTO User (account, username, name, sex, age, tel, type, auth_key) VALUES ('23106519510802120X', '宫依亚', '宫依亚', true, '69', '18152931512', 0, 'DNBqH80eJboFf5bR1D3Bb2p12Nk4x044');
INSERT INTO Resident (account, building, unit, room) VALUES ('23106519510802120X', 18, 7, 603);
INSERT INTO User (account, username, name, sex, age, tel, type, auth_key) VALUES ('321386193306151922', '姚雨家', '姚雨家', false, '87', '19894858512', 0, '73T1sF70yGPKjD8O2mrjdOKTp9C2sD0M');
INSERT INTO Resident (account, building, unit, room) VALUES ('321386193306151922', 81, 4, 302);
INSERT INTO User (account, username, name, sex, age, tel, type, auth_key) VALUES ('633492198008101559', '巩源嘉', '巩源嘉', false, '40', '15650171188', 0, '1eZt3pKMs2ipwzAwrG2005b2ZTSA1Bww');
INSERT INTO Resident (account, building, unit, room) VALUES ('633492198008101559', 95, 6, 201);
INSERT INTO User (account, username, name, sex, age, tel, type, auth_key) VALUES ('364018195803011350', '代龙良', '代龙良', true, '62', '18456829678', 0, 'd71B4iG786BRfy6pjPSS3660Y4L5S5kH');
INSERT INTO Resident (account, building, unit, room) VALUES ('364018195803011350', 8, 1, 2105);
INSERT INTO User (account, username, name, sex, age, tel, type, auth_key) VALUES ('522525195104304388', '边家', '边家', false, '69', '19974178783', 0, '424mkr7L4K8pjJknNYES3lq0hW9M5Yv6');
INSERT INTO Resident (account, building, unit, room) VALUES ('522525195104304388', 63, 7, 1903);
INSERT INTO User (account, username, name, sex, age, tel, type, auth_key) VALUES ('122227198401308095', '曹阳航', '曹阳航', false, '36', '18467615191', 0, '909rguWUa03nY5oeQWIW5QauahAYK9jX');
INSERT INTO Resident (account, building, unit, room) VALUES ('122227198401308095', 46, 1, 2306);
INSERT INTO User (account, username, name, sex, age, tel, type, auth_key) VALUES ('460136192509123315', '岳夫', '岳夫', false, '95', '19051102190', 0, '1e7CWY3OaCxfuQd4AWgl2DAms8ec8Zv8');
INSERT INTO Resident (account, building, unit, room) VALUES ('460136192509123315', 56, 3, 1301);
INSERT INTO User (account, username, name, sex, age, tel, type, auth_key) VALUES ('634408196806207783', '齐泽炜', '齐泽炜', false, '52', '13718175327', 0, '1JQiiwU3Z0KRmjOhwUeSrFp6743RA2yF');
INSERT INTO Resident (account, building, unit, room) VALUES ('634408196806207783', 58, 4, 1503);
INSERT INTO User (account, username, name, sex, age, tel, type, auth_key) VALUES ('211774201402047021', '商源', '商源', false, '6', '15090084240', 0, '1j6V88wwJ0h1G4V4M5Dm8564usD6X9C8');
INSERT INTO Resident (account, building, unit, room) VALUES ('211774201402047021', 12, 2, 1805);
INSERT INTO User (account, username, name, sex, age, tel, type, auth_key) VALUES ('230947194310081168', '曲佳萱', '曲佳萱', false, '77', '15902355609', 0, '61KJnHMj50r55u2vMW7x4L8i0u442bvb');
INSERT INTO Resident (account, building, unit, room) VALUES ('230947194310081168', 71, 5, 404);
INSERT INTO User (account, username, name, sex, age, tel, type, auth_key) VALUES ('362842194309165447', '李晓', '李晓', false, '77', '13765538422', 0, '3E5KR57fpmRfAqGm8V8s6f5VUi65H7nN');
INSERT INTO Resident (account, building, unit, room) VALUES ('362842194309165447', 2, 9, 2002);
INSERT INTO User (account, username, name, sex, age, tel, type, auth_key) VALUES ('613526195405147394', '耿音淘', '耿音淘', true, '66', '13520602180', 0, 'pi9oeWGb3HECix0fr34E2oTVnI6KTdCF');
INSERT INTO Resident (account, building, unit, room) VALUES ('613526195405147394', 37, 10, 1002);
INSERT INTO User (account, username, name, sex, age, tel, type, auth_key) VALUES ('131372201112299985', '邵牧丹', '邵牧丹', false, '9', '19278828346', 0, '2FCjctS6XOQ1c1pEe98Awe26qQ9Xj2m3');
INSERT INTO Resident (account, building, unit, room) VALUES ('131372201112299985', 34, 7, 1505);
INSERT INTO User (account, username, name, sex, age, tel, type, auth_key) VALUES ('514121201012127315', '龚辰', '龚辰', true, '10', '15915141990', 0, 'Xbga2JySGa89gRbZ0cd27ms623lE5h63');
INSERT INTO Resident (account, building, unit, room) VALUES ('514121201012127315', 93, 10, 1003);
INSERT INTO User (account, username, name, sex, age, tel, type, auth_key) VALUES ('513235195907022777', '侯千晓', '侯千晓', true, '61', '13578687910', 0, 'p0llv6CJ6fwr3F4Mmkp9BmTr31Ht4l35');
INSERT INTO Resident (account, building, unit, room) VALUES ('513235195907022777', 9, 6, 2201);
INSERT INTO User (account, username, name, sex, age, tel, type, auth_key) VALUES ('125055194305122697', '胡露昕', '胡露昕', true, '77', '13328707622', 0, '2PxCMTAsWxwGGRvlqJJegbycz2Y2XX23');
INSERT INTO Resident (account, building, unit, room) VALUES ('125055194305122697', 76, 9, 1902);
INSERT INTO User (account, username, name, sex, age, tel, type, auth_key) VALUES ('541185195006225610', '夏洁可', '夏洁可', false, '70', '16679280082', 0, 'T1HH8EMrOTvqJbi92vy9HdPLrSQJ7ZQ5');
INSERT INTO Resident (account, building, unit, room) VALUES ('541185195006225610', 55, 6, 706);
INSERT INTO User (account, username, name, sex, age, tel, type, auth_key) VALUES ('234241197111064217', '鲁音阳', '鲁音阳', true, '49', '18120005184', 0, 'O7HV5KKp59f86W986ISbZ0Q0Q9M8iarL');
INSERT INTO Resident (account, building, unit, room) VALUES ('234241197111064217', 36, 4, 2904);
INSERT INTO User (account, username, name, sex, age, tel, type, auth_key) VALUES ('630567197406254240', '路睿', '路睿', true, '46', '13417513051', 0, 'tEY26x1T119PE37pb9YengO5v7lP8PAU');
INSERT INTO Resident (account, building, unit, room) VALUES ('630567197406254240', 92, 8, 803);
INSERT INTO User (account, username, name, sex, age, tel, type, auth_key) VALUES ('333871192811129950', '许子', '许子', true, '92', '19917973746', 0, 'fuO2LPnV8qPVv4ChVr6ka1hy4phri0SB');
INSERT INTO Resident (account, building, unit, room) VALUES ('333871192811129950', 67, 2, 2204);
INSERT INTO User (account, username, name, sex, age, tel, type, auth_key) VALUES ('230439192402146346', '田琦薪', '田琦薪', true, '96', '13136268115', 0, 'qZPa03vxtR26X341fzF66e9T407zW1va');
INSERT INTO Resident (account, building, unit, room) VALUES ('230439192402146346', 59, 8, 1104);
INSERT INTO User (account, username, name, sex, age, tel, type, auth_key) VALUES ('443906199409205490', '康泽亚', '康泽亚', false, '26', '15556335840', 0, '3lfO3B8g5Dr0Xi7FB97DxJEV5c65Uj56');
INSERT INTO Resident (account, building, unit, room) VALUES ('443906199409205490', 6, 4, 1801);
INSERT INTO User (account, username, name, sex, age, tel, type, auth_key) VALUES ('540912196709221302', '傅灯', '傅灯', false, '53', '19363459118', 0, 'bak78duG7v6V67y4310sInufqHlvu2W0');
INSERT INTO Resident (account, building, unit, room) VALUES ('540912196709221302', 98, 6, 806);
INSERT INTO User (account, username, name, sex, age, tel, type, auth_key) VALUES ('501175196509152762', '裴菲天', '裴菲天', true, '55', '13168994544', 0, '5clf0OlR7740EAM5MAFGwPC9YL9g23t5');
INSERT INTO Resident (account, building, unit, room) VALUES ('501175196509152762', 64, 7, 1501);
INSERT INTO User (account, username, name, sex, age, tel, type, auth_key) VALUES ('431243195208161900', '林泽晓', '林泽晓', true, '68', '18583824359', 0, 'dCUhDRD5AqodEVhE2aYK6QKPM7T74n25');
INSERT INTO Resident (account, building, unit, room) VALUES ('431243195208161900', 71, 7, 801);
INSERT INTO User (account, username, name, sex, age, tel, type, auth_key) VALUES ('712980200701127887', '杨朋馨', '杨朋馨', false, '13', '13856385396', 0, '17jfPXWXoFNAFn1r27J1pP17tIstKEIG');
INSERT INTO Resident (account, building, unit, room) VALUES ('712980200701127887', 98, 4, 2505);
INSERT INTO User (account, username, name, sex, age, tel, type, auth_key) VALUES ('142940199804091075', '耿振伟', '耿振伟', true, '22', '13114897933', 0, 'y4CEJQCoU1GIou7G1V7arWcy60mT098E');
INSERT INTO Resident (account, building, unit, room) VALUES ('142940199804091075', 81, 4, 2902);
INSERT INTO User (account, username, name, sex, age, tel, type, auth_key) VALUES ('515054192804190364', '宋嘉诺', '宋嘉诺', true, '92', '15294722014', 0, 'Wq2v1V70c9Yi9U4RZDW8mWF5IZXg8due');
INSERT INTO Resident (account, building, unit, room) VALUES ('515054192804190364', 85, 2, 1205);
INSERT INTO User (account, username, name, sex, age, tel, type, auth_key) VALUES ('650355194410234753', '楚依', '楚依', true, '76', '18311746623', 0, '21C48DcJ16xRIrrn9o2I38k226bg4ZkI');
INSERT INTO Resident (account, building, unit, room) VALUES ('650355194410234753', 87, 6, 2803);
INSERT INTO User (account, username, name, sex, age, tel, type, auth_key) VALUES ('824021195406156881', '田露', '田露', false, '66', '13814112224', 0, 'CXysbrH3yXvupO02O9AbksMBRH9g62yv');
INSERT INTO Resident (account, building, unit, room) VALUES ('824021195406156881', 4, 5, 1106);
INSERT INTO User (account, username, name, sex, age, tel, type, auth_key) VALUES ('513034196507225759', '孟畅音', '孟畅音', true, '55', '13284417052', 0, '5Fno7YHCW0Cv2XtEETo272Bs0jo8ph7I');
INSERT INTO Resident (account, building, unit, room) VALUES ('513034196507225759', 37, 1, 1206);
INSERT INTO User (account, username, name, sex, age, tel, type, auth_key) VALUES ('354744196503262340', '燕萱丹', '燕萱丹', false, '55', '19508279312', 0, 't161iO31wqdMoKczT0gUnjPO0agUc592');
INSERT INTO Resident (account, building, unit, room) VALUES ('354744196503262340', 100, 10, 804);
INSERT INTO User (account, username, name, sex, age, tel, type, auth_key) VALUES ('544154196603175053', '陈倨云', '陈倨云', true, '54', '14904656007', 0, '148z5n4gU8X85CxPqtR0bdAmxAh0P9v6');
INSERT INTO Resident (account, building, unit, room) VALUES ('544154196603175053', 5, 4, 2604);
INSERT INTO User (account, username, name, sex, age, tel, type, auth_key) VALUES ('371179201210133627', '傅毅', '傅毅', false, '8', '18460117489', 0, 'DxSL2lLY73r6dV71tu2tioKKCqNkcyVC');
INSERT INTO Resident (account, building, unit, room) VALUES ('371179201210133627', 82, 1, 2602);
INSERT INTO User (account, username, name, sex, age, tel, type, auth_key) VALUES ('634845192501152796', '姚露广', '姚露广', true, '95', '13621462038', 0, '16iXN7F18K5b7l1D1vCj38dANuB013vJ');
INSERT INTO Resident (account, building, unit, room) VALUES ('634845192501152796', 15, 4, 2204);
INSERT INTO User (account, username, name, sex, age, tel, type, auth_key) VALUES ('824856198403048703', '武柏', '武柏', false, '36', '17683677197', 0, 'Pd3160Fq26Qfku4663Wr5y1JTL48yX6U');
INSERT INTO Resident (account, building, unit, room) VALUES ('824856198403048703', 80, 1, 2006);
INSERT INTO User (account, username, name, sex, age, tel, type, auth_key) VALUES ('640193200006166153', '韩宇', '韩宇', true, '20', '14768237027', 0, 'nene51NQox0K66jHo5BL15oU4KW98pO5');
INSERT INTO Resident (account, building, unit, room) VALUES ('640193200006166153', 41, 9, 403);
INSERT INTO User (account, username, name, sex, age, tel, type, auth_key) VALUES ('622859195911036670', '柳本可', '柳本可', false, '61', '18106321025', 0, 'GMM4jktftG3V0Q43iVL7nHNMeIb2md1f');
INSERT INTO Resident (account, building, unit, room) VALUES ('622859195911036670', 40, 3, 2303);
INSERT INTO User (account, username, name, sex, age, tel, type, auth_key) VALUES ('444502197005228029', '山丹雅', '山丹雅', false, '50', '18426081062', 0, 'a1Ym7hrlyCTi76SZ62MvUUQXIJ7R3boy');
INSERT INTO Resident (account, building, unit, room) VALUES ('444502197005228029', 49, 9, 2203);
INSERT INTO User (account, username, name, sex, age, tel, type, auth_key) VALUES ('353448198708306854', '安昕', '安昕', false, '33', '18737639936', 0, '0N12893C89Y7P2OND2kzQ9YbZfq189Ck');
INSERT INTO Resident (account, building, unit, room) VALUES ('353448198708306854', 89, 7, 605);
INSERT INTO User (account, username, name, sex, age, tel, type, auth_key) VALUES ('311938196701035521', '宫力', '宫力', true, '53', '15808264520', 0, '5ck2G128y3c83ha27GD9Yvyi8NSdmEk9');
INSERT INTO Resident (account, building, unit, room) VALUES ('311938196701035521', 64, 2, 1404);
INSERT INTO User (account, username, name, sex, age, tel, type, auth_key) VALUES ('613854192410231637', '黄赛', '黄赛', true, '96', '18761481840', 0, 'td8pSYCEcOknSbYs0u5PZ9Aa9xoG1G6v');
INSERT INTO Resident (account, building, unit, room) VALUES ('613854192410231637', 19, 10, 2201);
INSERT INTO User (account, username, name, sex, age, tel, type, auth_key) VALUES ('431913197508273170', '商腾', '商腾', true, '45', '19327572231', 0, '2NiWFsVE7tV6ptd6EdC6VBXF7o58YqQi');
INSERT INTO Resident (account, building, unit, room) VALUES ('431913197508273170', 45, 5, 1504);
INSERT INTO User (account, username, name, sex, age, tel, type, auth_key) VALUES ('371486199710076699', '汪牧润', '汪牧润', false, '23', '15701191219', 1, '52l629lurPM6d36d3NUxO80c5R67APf7');
INSERT INTO Committee (account, in_date, is_admin) VALUES ('371486199710076699', '20180823', false);
INSERT INTO User (account, username, name, sex, age, tel, type, auth_key) VALUES ('223904196310272077', '徐露静', '徐露静', true, '57', '19931743062', 0, 'XWo4byJmkVP1DSfIm8386NODpeg0q7BP');
INSERT INTO Resident (account, building, unit, room) VALUES ('223904196310272077', 66, 6, 2205);
INSERT INTO User (account, username, name, sex, age, tel, type, auth_key) VALUES ('370140196912249398', '东方馨', '东方馨', true, '51', '13171200364', 0, 'FCdcWsc5ePuwJxB3aCCpsgCHgoH6b39L');
INSERT INTO Resident (account, building, unit, room) VALUES ('370140196912249398', 36, 5, 2204);
INSERT INTO User (account, username, name, sex, age, tel, type, auth_key) VALUES ('341675199701233620', '边夫力', '边夫力', false, '23', '18777438693', 0, '7dfrFbJtX9f25TBmlP3j3c3O72p17ak4');
INSERT INTO Resident (account, building, unit, room) VALUES ('341675199701233620', 76, 1, 201);
INSERT INTO User (account, username, name, sex, age, tel, type, auth_key) VALUES ('312462193411242129', '山子泽', '山子泽', false, '86', '16695139967', 0, 'pBg8i3zqCInjO1u03TjuXyF4d74bd4Ga');
INSERT INTO Resident (account, building, unit, room) VALUES ('312462193411242129', 44, 10, 1102);
INSERT INTO User (account, username, name, sex, age, tel, type, auth_key) VALUES ('533926194701042427', '柳锐有', '柳锐有', false, '73', '18537305120', 0, '31kQVz53btAkB59H3eYDRXJrt58x56fu');
INSERT INTO Resident (account, building, unit, room) VALUES ('533926194701042427', 48, 5, 2306);
INSERT INTO User (account, username, name, sex, age, tel, type, auth_key) VALUES ('333596194211210792', '宋音兰', '宋音兰', false, '78', '18120561266', 0, 'i2ZXBMJn1BnSl74l7gCotkHxG7X0y731');
INSERT INTO Resident (account, building, unit, room) VALUES ('333596194211210792', 100, 9, 1803);
INSERT INTO User (account, username, name, sex, age, tel, type, auth_key) VALUES ('154532197907281292', '金思杰', '金思杰', false, '41', '14722479611', 0, '27qYyI9677jp9MO8j23e1qU9ddFP09P3');
INSERT INTO Resident (account, building, unit, room) VALUES ('154532197907281292', 73, 4, 305);
INSERT INTO User (account, username, name, sex, age, tel, type, auth_key) VALUES ('213737199704185391', '部哲', '部哲', true, '23', '15561757930', 0, 'U0Lk7J02KLFi2b8An0W38k45IuC4A1Ou');
INSERT INTO Resident (account, building, unit, room) VALUES ('213737199704185391', 13, 10, 1104);
INSERT INTO User (account, username, name, sex, age, tel, type, auth_key) VALUES ('650299196908193368', '冯子', '冯子', false, '51', '17280977694', 0, 'l0Tku0d90e1dh1r25dbH2G4luyUcQ163');
INSERT INTO Resident (account, building, unit, room) VALUES ('650299196908193368', 23, 7, 506);
INSERT INTO User (account, username, name, sex, age, tel, type, auth_key) VALUES ('312966199302207350', '钱锐牧', '钱锐牧', true, '27', '18650201845', 0, 'HCm985414U1AW8Ym0RG6nc2cl3H5Y3Xc');
INSERT INTO Resident (account, building, unit, room) VALUES ('312966199302207350', 58, 9, 1103);
INSERT INTO User (account, username, name, sex, age, tel, type, auth_key) VALUES ('323875198012136315', '付颖桐', '付颖桐', false, '40', '19878125054', 0, 'b391JBxUY495B28Var3EN6Ho3pbANyAp');
INSERT INTO Resident (account, building, unit, room) VALUES ('323875198012136315', 52, 10, 1806);
INSERT INTO User (account, username, name, sex, age, tel, type, auth_key) VALUES ('612154193512171190', '殷桐舒', '殷桐舒', true, '85', '17661691881', 0, 'XXBFage0zjbAq6OqJox910pbDrC8bJjf');
INSERT INTO Resident (account, building, unit, room) VALUES ('612154193512171190', 69, 1, 2804);
INSERT INTO User (account, username, name, sex, age, tel, type, auth_key) VALUES ('652443200611118832', '周盈令', '周盈令', false, '14', '15924135395', 0, '01N5JLmfr7wn621Sjd96mO72yz4e77LF');
INSERT INTO Resident (account, building, unit, room) VALUES ('652443200611118832', 28, 6, 505);
INSERT INTO User (account, username, name, sex, age, tel, type, auth_key) VALUES ('151371201409129385', '傅依兰', '傅依兰', true, '6', '15164873253', 0, 'Msl44O0VE723nz8lKLHyB7xYpD1WWebe');
INSERT INTO Resident (account, building, unit, room) VALUES ('151371201409129385', 96, 7, 2805);
INSERT INTO User (account, username, name, sex, age, tel, type, auth_key) VALUES ('511859195707278982', '管炎硕', '管炎硕', true, '63', '14987646891', 0, 'amS3enhl1owqAc7B58Ct3556K2ptDpa5');
INSERT INTO Resident (account, building, unit, room) VALUES ('511859195707278982', 9, 3, 1806);
INSERT INTO User (account, username, name, sex, age, tel, type, auth_key) VALUES ('360159198209174586', '刘霖', '刘霖', true, '38', '13247325074', 0, 'WnEyJ8F5B747X1h3U62r1y6Fn58T4h33');
INSERT INTO Resident (account, building, unit, room) VALUES ('360159198209174586', 75, 7, 2205);
INSERT INTO User (account, username, name, sex, age, tel, type, auth_key) VALUES ('434835201209035717', '靳奕令', '靳奕令', true, '8', '15829421102', 0, 'W2m3Ng1Ys9Tb5IFbRBW8tTH74575NvxJ');
INSERT INTO Resident (account, building, unit, room) VALUES ('434835201209035717', 29, 2, 1904);
INSERT INTO User (account, username, name, sex, age, tel, type, auth_key) VALUES ('504741193808061819', '林琦英', '林琦英', false, '82', '19604787590', 0, 'tf21JMu3Nybe6y53336Qsh03jNTt9642');
INSERT INTO Resident (account, building, unit, room) VALUES ('504741193808061819', 28, 8, 1405);
INSERT INTO User (account, username, name, sex, age, tel, type, auth_key) VALUES ('332496194409285255', '钱飞', '钱飞', true, '76', '15195341912', 0, 'Wdsl14eQ6M1M91k41SY267R67ZOhRL5H');
INSERT INTO Resident (account, building, unit, room) VALUES ('332496194409285255', 75, 3, 401);
INSERT INTO User (account, username, name, sex, age, tel, type, auth_key) VALUES ('413265194312122678', '昌千杰', '昌千杰', false, '77', '18706015223', 0, 'e68A3R6A55NHe3WNm7vM14857z3MZdch');
INSERT INTO Resident (account, building, unit, room) VALUES ('413265194312122678', 100, 10, 305);
INSERT INTO User (account, username, name, sex, age, tel, type, auth_key) VALUES ('143609194410168573', '耿有', '耿有', false, '76', '13234188091', 0, 'eoqaSOHUFE9Z8OE69gCnx9kCQ4SK5Xxg');
INSERT INTO Resident (account, building, unit, room) VALUES ('143609194410168573', 48, 5, 1703);
INSERT INTO User (account, username, name, sex, age, tel, type, auth_key) VALUES ('325012192706291642', '金本建', '金本建', false, '93', '19777923414', 0, '97R5k04qjV71kA8AxUC72u2LpND928nj');
INSERT INTO Resident (account, building, unit, room) VALUES ('325012192706291642', 75, 5, 2701);
INSERT INTO User (account, username, name, sex, age, tel, type, auth_key) VALUES ('52302120010628905X', '汪赛', '汪赛', false, '19', '18004637222', 0, 'czECEjsNukW5X9700AWus7H95yTHvNAy');
INSERT INTO Resident (account, building, unit, room) VALUES ('52302120010628905X', 77, 1, 1903);
INSERT INTO User (account, username, name, sex, age, tel, type, auth_key) VALUES ('621324194607144866', '徐昕杰', '徐昕杰', true, '74', '13941061225', 0, 'Vss3xl574Q9cq6Y98mZTiE7O821YMb2Z');
INSERT INTO Resident (account, building, unit, room) VALUES ('621324194607144866', 21, 6, 905);
INSERT INTO User (account, username, name, sex, age, tel, type, auth_key) VALUES ('824545194408056223', '安舒有', '安舒有', false, '76', '17325042817', 0, '8hCA1v6930OOjQ4XjQD0ZRirCIZy3dfg');
INSERT INTO Resident (account, building, unit, room) VALUES ('824545194408056223', 34, 3, 1505);
INSERT INTO User (account, username, name, sex, age, tel, type, auth_key) VALUES ('313031200205127718', '昌龙', '昌龙', true, '18', '15729163307', 0, '9O8wDYQTl01GBSpyYQuSKsGh384guU91');
INSERT INTO Resident (account, building, unit, room) VALUES ('313031200205127718', 52, 10, 2604);
INSERT INTO User (account, username, name, sex, age, tel, type, auth_key) VALUES ('232652193101236564', '任兰雅', '任兰雅', true, '89', '15857995526', 0, 'WE78m9He438Bmt0v3hO4UEroQ4zG1n4J');
INSERT INTO Resident (account, building, unit, room) VALUES ('232652193101236564', 65, 2, 2702);
INSERT INTO User (account, username, name, sex, age, tel, type, auth_key) VALUES ('421525200908055818', '史凌', '史凌', true, '11', '15025285061', 0, '2FdIPw0y0rA0bk2hmiDem9j4F6Sr098B');
INSERT INTO Resident (account, building, unit, room) VALUES ('421525200908055818', 32, 2, 202);
INSERT INTO User (account, username, name, sex, age, tel, type, auth_key) VALUES ('500525194808050508', '毕嘉雅', '毕嘉雅', false, '72', '19080278665', 0, 'Ih76i5l0zHM7sFh9I795fBlqkGCq9BTG');
INSERT INTO Resident (account, building, unit, room) VALUES ('500525194808050508', 13, 8, 1003);
INSERT INTO User (account, username, name, sex, age, tel, type, auth_key) VALUES ('63436119690512839X', '赵可淘', '赵可淘', true, '51', '19248659334', 0, '7EIREk5uBptzKIyPnsLh9i7eSPAHVdZ1');
INSERT INTO Resident (account, building, unit, room) VALUES ('63436119690512839X', 6, 5, 2803);
INSERT INTO User (account, username, name, sex, age, tel, type, auth_key) VALUES ('543875199308030985', '耿千畅', '耿千畅', true, '27', '18878197812', 0, 'ma499IR4LTm6WtW5TNbW03euVeEZMwxX');
INSERT INTO Resident (account, building, unit, room) VALUES ('543875199308030985', 21, 5, 2503);
INSERT INTO User (account, username, name, sex, age, tel, type, auth_key) VALUES ('814989201203011627', '付樱静', '付樱静', true, '8', '18331672158', 0, '8o7K11Ngz5Re7f52LLr8fqqjN1yFgKMn');
INSERT INTO Resident (account, building, unit, room) VALUES ('814989201203011627', 92, 5, 1105);
INSERT INTO User (account, username, name, sex, age, tel, type, auth_key) VALUES ('651017201103013115', '路宇依', '路宇依', false, '9', '17645526496', 0, '00Gnb402kFa5oy38F0v5F1TVdm5T315l');
INSERT INTO Resident (account, building, unit, room) VALUES ('651017201103013115', 38, 3, 2605);
INSERT INTO User (account, username, name, sex, age, tel, type, auth_key) VALUES ('213968194901193822', '王良翔', '王良翔', true, '71', '19593763812', 0, '89EJ4coVlUqoax8W8034Lm140i8x2wPA');
INSERT INTO Resident (account, building, unit, room) VALUES ('213968194901193822', 59, 5, 2006);
INSERT INTO User (account, username, name, sex, age, tel, type, auth_key) VALUES ('520335197609231958', '陈云', '陈云', true, '44', '18439267277', 0, 'TLszrq1RvbOP5q3Y4BUW2kn614pqMQzh');
INSERT INTO Resident (account, building, unit, room) VALUES ('520335197609231958', 61, 10, 1203);
INSERT INTO User (account, username, name, sex, age, tel, type, auth_key) VALUES ('631613200701280947', '於雅琦', '於雅琦', false, '13', '19792277406', 0, 'o41ACxNyP2C6cufTBAmJbCA35zuuy6Qj');
INSERT INTO Resident (account, building, unit, room) VALUES ('631613200701280947', 30, 2, 1605);
INSERT INTO User (account, username, name, sex, age, tel, type, auth_key) VALUES ('432489198210273368', '权敏', '权敏', false, '38', '17516522704', 0, 'QksXTW8U9Nb7RwYijUAO1C74VjmO047D');
INSERT INTO Resident (account, building, unit, room) VALUES ('432489198210273368', 61, 6, 706);
INSERT INTO User (account, username, name, sex, age, tel, type, auth_key) VALUES ('823162197101204290', '黄倨菲', '黄倨菲', true, '49', '13679561853', 0, '59WwG8Z7uSOBe7Fq4g82SHg7OpNEx3i3');
INSERT INTO Resident (account, building, unit, room) VALUES ('823162197101204290', 39, 2, 2601);
INSERT INTO User (account, username, name, sex, age, tel, type, auth_key) VALUES ('511616196006137148', '岳子', '岳子', false, '60', '17274917263', 0, 'I4ouHXafwy6645u7m7UViy46M1sV2Y8F');
INSERT INTO Resident (account, building, unit, room) VALUES ('511616196006137148', 100, 8, 2805);
INSERT INTO User (account, username, name, sex, age, tel, type, auth_key) VALUES ('632774197107298195', '毛畅润', '毛畅润', true, '49', '13897050941', 0, 'Vi7AY3jcRcm3VB0r2s39b3LyYK4bLK6A');
INSERT INTO Resident (account, building, unit, room) VALUES ('632774197107298195', 89, 6, 404);
INSERT INTO User (account, username, name, sex, age, tel, type, auth_key) VALUES ('232623199109042251', '宋义霖', '宋义霖', false, '29', '19880812215', 0, '9s87FVb5z2pPTQDT2bTE6Xxg0j2DV5lO');
INSERT INTO Resident (account, building, unit, room) VALUES ('232623199109042251', 100, 1, 2303);
INSERT INTO User (account, username, name, sex, age, tel, type, auth_key) VALUES ('822753198803239712', '李义', '李义', true, '32', '13956130915', 0, '01Ol7Whk17BJEdb24xQUkg6Ca0zy4rEI');
INSERT INTO Resident (account, building, unit, room) VALUES ('822753198803239712', 82, 5, 706);
INSERT INTO User (account, username, name, sex, age, tel, type, auth_key) VALUES ('503878200401231199', '牛有', '牛有', false, '16', '18026726348', 0, '132C58G6Ex7eIWJv1Pi9VjC92bFyKVa1');
INSERT INTO Resident (account, building, unit, room) VALUES ('503878200401231199', 7, 5, 1001);
INSERT INTO User (account, username, name, sex, age, tel, type, auth_key) VALUES ('512932193206162884', '盛航力', '盛航力', false, '88', '18142361746', 0, '2enKzPdDkqk3aajVXDRAej9IrO7Nu06z');
INSERT INTO Resident (account, building, unit, room) VALUES ('512932193206162884', 79, 9, 1205);
INSERT INTO User (account, username, name, sex, age, tel, type, auth_key) VALUES ('114124192608161997', '欧圆毅', '欧圆毅', true, '94', '15107929237', 0, 'gE7X1c4D2PP4L6eWqGC249O82WDGTjRx');
INSERT INTO Resident (account, building, unit, room) VALUES ('114124192608161997', 79, 5, 1405);
INSERT INTO User (account, username, name, sex, age, tel, type, auth_key) VALUES ('42384219311119099X', '颜辰思', '颜辰思', true, '89', '15268507557', 0, 'u3uuNJct159N74Wri9Ut1pc08EWis3Ii');
INSERT INTO Resident (account, building, unit, room) VALUES ('42384219311119099X', 88, 6, 1306);
INSERT INTO User (account, username, name, sex, age, tel, type, auth_key) VALUES ('52085619940612402X', '夏佳嘉', '夏佳嘉', true, '26', '19697363264', 0, 'd96mG2zz7wxm6EVbD1d8i50z0SYrqZ6d');
INSERT INTO Resident (account, building, unit, room) VALUES ('52085619940612402X', 54, 2, 502);
INSERT INTO User (account, username, name, sex, age, tel, type, auth_key) VALUES ('334283201105254340', '晁旭', '晁旭', false, '9', '15323543359', 0, 'i7gGHD04aj4VDmvQGB9OVNN4pM8PDv2L');
INSERT INTO Resident (account, building, unit, room) VALUES ('334283201105254340', 58, 6, 2302);
INSERT INTO User (account, username, name, sex, age, tel, type, auth_key) VALUES ('441267193602102504', '麦菲煜', '麦菲煜', false, '84', '19383521533', 0, '00UV55Zp5EcYk6HOup3w00E7dy5tR6b6');
INSERT INTO Resident (account, building, unit, room) VALUES ('441267193602102504', 42, 3, 401);
INSERT INTO User (account, username, name, sex, age, tel, type, auth_key) VALUES ('643059195307024592', '胡辰建', '胡辰建', true, '67', '17667609466', 0, '0reS7aoNPg12w0dh29sKH76b4Bt4IYoB');
INSERT INTO Resident (account, building, unit, room) VALUES ('643059195307024592', 26, 3, 1906);
INSERT INTO User (account, username, name, sex, age, tel, type, auth_key) VALUES ('624752197005238371', '严畅', '严畅', false, '50', '19836896622', 0, 'sYaB2dpDY6nqVwhz5BE67Kz2801Nnt48');
INSERT INTO Resident (account, building, unit, room) VALUES ('624752197005238371', 14, 1, 1406);
INSERT INTO User (account, username, name, sex, age, tel, type, auth_key) VALUES ('414162192907219265', '宫晓诺', '宫晓诺', true, '91', '18790656982', 0, 'ozGgQ2caoZOy90XA7Ph2y96X0xEc8Vd8');
INSERT INTO Resident (account, building, unit, room) VALUES ('414162192907219265', 26, 9, 604);
INSERT INTO User (account, username, name, sex, age, tel, type, auth_key) VALUES ('821739193212228729', '毕圆', '毕圆', true, '88', '19030226743', 0, 'M57VeWhY4N98a4WL1S6VRxKvE5x4Qoaq');
INSERT INTO Resident (account, building, unit, room) VALUES ('821739193212228729', 69, 4, 903);
INSERT INTO User (account, username, name, sex, age, tel, type, auth_key) VALUES ('360657200704248185', '齐晓舒', '齐晓舒', true, '13', '19381042508', 0, 'je2867bk571199B2UfRD1uG21n1T9oid');
INSERT INTO Resident (account, building, unit, room) VALUES ('360657200704248185', 12, 4, 2106);
INSERT INTO User (account, username, name, sex, age, tel, type, auth_key) VALUES ('411478199009168080', '徐源兮', '徐源兮', false, '30', '13099131440', 0, 'M1di171gAJsfAQO9n7W4DgGbBuzJyRbf');
INSERT INTO Resident (account, building, unit, room) VALUES ('411478199009168080', 16, 6, 605);
INSERT INTO User (account, username, name, sex, age, tel, type, auth_key) VALUES ('653696196701307818', '於樱灯', '於樱灯', false, '53', '18037648437', 0, '2F175n7UtQ5H3W634q6ud3Cjlg0dCr5O');
INSERT INTO Resident (account, building, unit, room) VALUES ('653696196701307818', 24, 8, 1804);
INSERT INTO User (account, username, name, sex, age, tel, type, auth_key) VALUES ('821704200010019335', '隽飞豪', '隽飞豪', true, '20', '18484178398', 0, 'rt1vgPCmC0BH9i70k55e2PwQs239FPc2');
INSERT INTO Resident (account, building, unit, room) VALUES ('821704200010019335', 71, 5, 2105);
INSERT INTO User (account, username, name, sex, age, tel, type, auth_key) VALUES ('421192194709163225', '吉英', '吉英', true, '73', '18474502707', 0, '8s9IUg95zfc8kpkMVCOXGW897a57ns5b');
INSERT INTO Resident (account, building, unit, room) VALUES ('421192194709163225', 95, 4, 1804);
INSERT INTO User (account, username, name, sex, age, tel, type, auth_key) VALUES ('342546200008138228', '崔正晓', '崔正晓', false, '20', '19314236490', 0, '6sDWUmA8ERCnidSOhEIL007JC70W9d30');
INSERT INTO Resident (account, building, unit, room) VALUES ('342546200008138228', 74, 5, 602);
INSERT INTO User (account, username, name, sex, age, tel, type, auth_key) VALUES ('714580194705056799', '钱薪旭', '钱薪旭', false, '73', '13815420267', 0, 'j7njX7C47dlGI43NYF12iQlxKwbwqyI8');
INSERT INTO Resident (account, building, unit, room) VALUES ('714580194705056799', 15, 3, 2404);
INSERT INTO User (account, username, name, sex, age, tel, type, auth_key) VALUES ('133786194902126492', '田音', '田音', false, '71', '15623271313', 0, 'rQ3mS1NrtV0sfx77A0JdSJRu15bCFT6S');
INSERT INTO Resident (account, building, unit, room) VALUES ('133786194902126492', 35, 4, 2802);
INSERT INTO User (account, username, name, sex, age, tel, type, auth_key) VALUES ('463946194208144461', '毕兰馨', '毕兰馨', false, '78', '15078794684', 0, 'nwl7fsjrpe8jb4a9VwtIvsZXyYNzzO1R');
INSERT INTO Resident (account, building, unit, room) VALUES ('463946194208144461', 29, 8, 1406);
INSERT INTO User (account, username, name, sex, age, tel, type, auth_key) VALUES ('45278319390409629X', '林音淘', '林音淘', false, '81', '15241794519', 0, '7xZMo0k5hyo6uqxSh4Ku7462SilB3F1o');
INSERT INTO Resident (account, building, unit, room) VALUES ('45278319390409629X', 56, 7, 2401);
INSERT INTO User (account, username, name, sex, age, tel, type, auth_key) VALUES ('364073198709253219', '米旭龙', '米旭龙', true, '33', '17252583827', 0, 'Ke4C4K1xyqS543i140e51uYyNZiZ61RL');
INSERT INTO Resident (account, building, unit, room) VALUES ('364073198709253219', 87, 10, 904);
INSERT INTO User (account, username, name, sex, age, tel, type, auth_key) VALUES ('421989199310136015', '史建兮', '史建兮', true, '27', '19540491738', 0, '31mx7fV4I1HdW26Xi344768q82j192uH');
INSERT INTO Resident (account, building, unit, room) VALUES ('421989199310136015', 74, 4, 1801);
INSERT INTO User (account, username, name, sex, age, tel, type, auth_key) VALUES ('341380196310104789', '吴露丹', '吴露丹', true, '57', '19964180947', 0, 'txV5uu0qJ5xI68H2nF8JmtdM20S6q80u');
INSERT INTO Resident (account, building, unit, room) VALUES ('341380196310104789', 25, 10, 1106);
INSERT INTO User (account, username, name, sex, age, tel, type, auth_key) VALUES ('813848198809132331', '秦铭', '秦铭', false, '32', '15052124217', 0, 'ONcxY2cT9umT6yM08jIfede6k8lS73R9');
INSERT INTO Resident (account, building, unit, room) VALUES ('813848198809132331', 53, 7, 1804);
INSERT INTO User (account, username, name, sex, age, tel, type, auth_key) VALUES ('142826199310059740', '岳子萱', '岳子萱', false, '27', '17502059574', 0, 'g4jZ5v3qPDxXz51M6JM7Eo97i1Dztz90');
INSERT INTO Resident (account, building, unit, room) VALUES ('142826199310059740', 17, 6, 703);
INSERT INTO User (account, username, name, sex, age, tel, type, auth_key) VALUES ('370373197810074069', '尚奇丹', '尚奇丹', false, '42', '19027084858', 0, '6GF1wCGDS0vx2g83kZ4Ip1d1gG05v6z6');
INSERT INTO Resident (account, building, unit, room) VALUES ('370373197810074069', 80, 10, 204);
INSERT INTO User (account, username, name, sex, age, tel, type, auth_key) VALUES ('113957197704086416', '盛豪露', '盛豪露', true, '43', '19308264199', 0, 'Bw8co7o3xQNKtr2YCUB1UQCel32Ryh30');
INSERT INTO Resident (account, building, unit, room) VALUES ('113957197704086416', 98, 1, 2102);
INSERT INTO User (account, username, name, sex, age, tel, type, auth_key) VALUES ('630860199503228160', '夏炜雨', '夏炜雨', true, '25', '17309681667', 0, '57m0q00Q5s9PR2zMP758tZW27wH6b49f');
INSERT INTO Resident (account, building, unit, room) VALUES ('630860199503228160', 84, 1, 1204);
INSERT INTO User (account, username, name, sex, age, tel, type, auth_key) VALUES ('152770197007273323', '姚夫', '姚夫', true, '50', '14980444304', 0, '1N26yvf7gRM2mR45f93INfdtk7G713YA');
INSERT INTO Resident (account, building, unit, room) VALUES ('152770197007273323', 73, 9, 1301);
INSERT INTO User (account, username, name, sex, age, tel, type, auth_key) VALUES ('825054193904085945', '文思龙', '文思龙', true, '81', '18978014347', 0, 'OeHD2Y7wqFa2KUtlw4Ph5zHxQH8J7vJI');
INSERT INTO Resident (account, building, unit, room) VALUES ('825054193904085945', 35, 4, 1802);
INSERT INTO User (account, username, name, sex, age, tel, type, auth_key) VALUES ('460799193708143524', '徐颖雅', '徐颖雅', true, '83', '19665017410', 0, 'f89f2j0GFdasKOl0c198HWcUuk47Fn20');
INSERT INTO Resident (account, building, unit, room) VALUES ('460799193708143524', 33, 2, 504);
INSERT INTO User (account, username, name, sex, age, tel, type, auth_key) VALUES ('420229192812250247', '燕倨', '燕倨', true, '92', '17869540823', 0, '5RU9DjK8Dfcq7ckL7s4fH1DGSc25PKwP');
INSERT INTO Resident (account, building, unit, room) VALUES ('420229192812250247', 34, 8, 2806);
INSERT INTO User (account, username, name, sex, age, tel, type, auth_key) VALUES ('811930192810200001', '靳宇', '靳宇', false, '92', '19214905435', 0, '1VE1Uts2AGn2lr98Y85b704QQQ7tL24V');
INSERT INTO Resident (account, building, unit, room) VALUES ('811930192810200001', 12, 3, 1203);
INSERT INTO User (account, username, name, sex, age, tel, type, auth_key) VALUES ('714247199603097700', '葛淘毅', '葛淘毅', false, '24', '13040525012', 0, '6j5twu710n66421v27MexbN7759KR0g9');
INSERT INTO Resident (account, building, unit, room) VALUES ('714247199603097700', 40, 8, 2305);
INSERT INTO User (account, username, name, sex, age, tel, type, auth_key) VALUES ('612943193104244013', '孙敏', '孙敏', false, '89', '18392120625', 0, 'ZJhANdxYzTE52GnSiFu6J5f1q34taIg6');
INSERT INTO Resident (account, building, unit, room) VALUES ('612943193104244013', 81, 1, 302);
INSERT INTO User (account, username, name, sex, age, tel, type, auth_key) VALUES ('411787194712107710', '汪兰丹', '汪兰丹', false, '73', '14986450096', 0, 'JG9tT5rH2g2nk0Kjo10M7x729Wb2Of34');
INSERT INTO Resident (account, building, unit, room) VALUES ('411787194712107710', 97, 4, 2405);
INSERT INTO User (account, username, name, sex, age, tel, type, auth_key) VALUES ('444834195302182681', '曹翔雅', '曹翔雅', false, '67', '19128783337', 0, 'gEn83fSAyl182Kz9KDD9t0uP080w028J');
INSERT INTO Resident (account, building, unit, room) VALUES ('444834195302182681', 61, 2, 2804);
INSERT INTO User (account, username, name, sex, age, tel, type, auth_key) VALUES ('412141200607025308', '童正倨', '童正倨', false, '14', '17820580059', 0, 'i3ws82Easd5F98H8Zd53qL2XN1R661yM');
INSERT INTO Resident (account, building, unit, room) VALUES ('412141200607025308', 84, 7, 1605);
INSERT INTO User (account, username, name, sex, age, tel, type, auth_key) VALUES ('634983199606068107', '秦言', '秦言', true, '24', '13519853363', 0, 'hYyD2k65kxCT84pcpneSbJ3Py7x8q4V8');
INSERT INTO Resident (account, building, unit, room) VALUES ('634983199606068107', 77, 2, 703);
INSERT INTO User (account, username, name, sex, age, tel, type, auth_key) VALUES ('224939201202109128', '裴瀚萌', '裴瀚萌', false, '8', '13224749651', 0, 'zsiqJnQ9txEqcfd161aaC1Dsg9gK7W2k');
INSERT INTO Resident (account, building, unit, room) VALUES ('224939201202109128', 20, 3, 1504);
INSERT INTO User (account, username, name, sex, age, tel, type, auth_key) VALUES ('614235195502035478', '黄牧柏', '黄牧柏', true, '65', '19359924729', 0, '40HUP5JaVkDIWh2JWpF4xk844VboHxm2');
INSERT INTO Resident (account, building, unit, room) VALUES ('614235195502035478', 65, 1, 406);
INSERT INTO User (account, username, name, sex, age, tel, type, auth_key) VALUES ('34180119510718615X', '路瀚广', '路瀚广', false, '69', '15067656928', 0, 'US5zwWPBDR15XlCE7nrE03vecG92clrV');
INSERT INTO Resident (account, building, unit, room) VALUES ('34180119510718615X', 35, 2, 901);
INSERT INTO User (account, username, name, sex, age, tel, type, auth_key) VALUES ('142245195706163335', '颜天', '颜天', true, '63', '13202183085', 0, '4OFP5C629yur6Zs1z4a0R441Z0W28ITo');
INSERT INTO Resident (account, building, unit, room) VALUES ('142245195706163335', 12, 9, 2404);
INSERT INTO User (account, username, name, sex, age, tel, type, auth_key) VALUES ('223599194306023620', '殷宇', '殷宇', false, '77', '15019913370', 0, '01Vx791OEv0q5rEyE8F00wGJ734rl2Gw');
INSERT INTO Resident (account, building, unit, room) VALUES ('223599194306023620', 30, 1, 2301);
INSERT INTO User (account, username, name, sex, age, tel, type, auth_key) VALUES ('21508319601229651X', '周新润', '周新润', true, '60', '18918533211', 0, 'AypsRPJ55mp4Hu4gFq0Ll8wE3fk1wyQ7');
INSERT INTO Resident (account, building, unit, room) VALUES ('21508319601229651X', 76, 4, 1604);
INSERT INTO User (account, username, name, sex, age, tel, type, auth_key) VALUES ('714666196502102416', '龚云樱', '龚云樱', false, '55', '17549162321', 0, '1xDy704v7utJFz973QSKl3SDMQ6T6M43');
INSERT INTO Resident (account, building, unit, room) VALUES ('714666196502102416', 55, 4, 803);
INSERT INTO User (account, username, name, sex, age, tel, type, auth_key) VALUES ('641521198908028794', '童广', '童广', true, '31', '15009692543', 0, 'fFQpNpre4Hs8J4cbBq0radKOXsRQP9Im');
INSERT INTO Resident (account, building, unit, room) VALUES ('641521198908028794', 76, 8, 2601);
INSERT INTO User (account, username, name, sex, age, tel, type, auth_key) VALUES ('423245192803244652', '冯硕', '冯硕', false, '92', '13853021499', 0, 'OYh4NPJNmpsXPyxw7S6o1vP50fYEIGFv');
INSERT INTO Resident (account, building, unit, room) VALUES ('423245192803244652', 13, 4, 1706);
INSERT INTO User (account, username, name, sex, age, tel, type, auth_key) VALUES ('641434198812272092', '田煜令', '田煜令', false, '32', '13883901547', 0, 'EL1FCUvPuJU4D1TkU7kMNAE0Rm3zNo1q');
INSERT INTO Resident (account, building, unit, room) VALUES ('641434198812272092', 90, 5, 1204);
INSERT INTO User (account, username, name, sex, age, tel, type, auth_key) VALUES ('422631198812059533', '汪煜琦', '汪煜琦', true, '32', '13155109085', 0, 'oHxn78mh0x342curaL3qe5D6d2Vmyb4w');
INSERT INTO Resident (account, building, unit, room) VALUES ('422631198812059533', 5, 4, 1401);
INSERT INTO User (account, username, name, sex, age, tel, type, auth_key) VALUES ('612477198201180892', '臧琦', '臧琦', false, '38', '15220715287', 0, 'Nlv3ClXjOa2qNnYcGOiBflY3Ll4C61px');
INSERT INTO Resident (account, building, unit, room) VALUES ('612477198201180892', 64, 2, 2403);
INSERT INTO User (account, username, name, sex, age, tel, type, auth_key) VALUES ('370661192906196672', '代毅晓', '代毅晓', false, '91', '18033043942', 0, 'z9E8G8AKp510Av3H96g5e44jR79u2JZU');
INSERT INTO Resident (account, building, unit, room) VALUES ('370661192906196672', 96, 1, 2701);
INSERT INTO User (account, username, name, sex, age, tel, type, auth_key) VALUES ('502959200712025020', '陆萱露', '陆萱露', true, '13', '17223154241', 0, 'XTXP9cuy497K2OhJpRPwiXf9B4yMCOb0');
INSERT INTO Resident (account, building, unit, room) VALUES ('502959200712025020', 2, 3, 1304);
INSERT INTO User (account, username, name, sex, age, tel, type, auth_key) VALUES ('63103319600423545X', '徐伟源', '徐伟源', false, '60', '19902942674', 0, 'eXBpukAn55TpqV1YXAe2crpQdmvO1h1v');
INSERT INTO Resident (account, building, unit, room) VALUES ('63103319600423545X', 24, 10, 405);
INSERT INTO User (account, username, name, sex, age, tel, type, auth_key) VALUES ('125089198812286277', '冯宜', '冯宜', false, '32', '19973961563', 0, 'RgVj5X5k9lOSBUO4X7lMp74HgzMurcFh');
INSERT INTO Resident (account, building, unit, room) VALUES ('125089198812286277', 58, 3, 1906);
INSERT INTO User (account, username, name, sex, age, tel, type, auth_key) VALUES ('344007199003229092', '於煜菲', '於煜菲', false, '30', '14962095689', 0, '7F2F2Mm593KN2Oi88lEYA9g0n4KwsOU0');
INSERT INTO Resident (account, building, unit, room) VALUES ('344007199003229092', 79, 8, 901);
INSERT INTO User (account, username, name, sex, age, tel, type, auth_key) VALUES ('712160194911062689', '史灯馨', '史灯馨', true, '71', '15737550051', 0, 'v7JqOb57U3u3BbyA8qaHKLYm0gF1i8lF');
INSERT INTO Resident (account, building, unit, room) VALUES ('712160194911062689', 96, 3, 401);
INSERT INTO User (account, username, name, sex, age, tel, type, auth_key) VALUES ('614456195901256371', '韩圆伟', '韩圆伟', true, '61', '15315623656', 0, 'Nke8KDiOG4Dxq1VDxVhx5XE68nX3ecy6');
INSERT INTO Resident (account, building, unit, room) VALUES ('614456195901256371', 49, 2, 601);
INSERT INTO User (account, username, name, sex, age, tel, type, auth_key) VALUES ('223642196703038597', '仲轩帆', '仲轩帆', true, '53', '15375672254', 0, 'dPQGb3WN0CUgN5tT61A1x24TwdccWYR7');
INSERT INTO Resident (account, building, unit, room) VALUES ('223642196703038597', 75, 9, 1404);
INSERT INTO User (account, username, name, sex, age, tel, type, auth_key) VALUES ('623813199412036575', '靳锐雨', '靳锐雨', false, '26', '15922650135', 0, 'sA0CuR03gCZOZ7S424N60nh90iU80MX6');
INSERT INTO Resident (account, building, unit, room) VALUES ('623813199412036575', 40, 5, 503);
INSERT INTO User (account, username, name, sex, age, tel, type, auth_key) VALUES ('534365194212138199', '肖阳', '肖阳', false, '78', '15164758479', 0, '7UM48pdh4KBUjaVZgGJB2tWTtX8Zc917');
INSERT INTO Resident (account, building, unit, room) VALUES ('534365194212138199', 20, 5, 603);
INSERT INTO User (account, username, name, sex, age, tel, type, auth_key) VALUES ('433349201208206672', '曹新', '曹新', false, '8', '17666959872', 0, '6ac80BWw0318Ox4f8lw4P0rprmQN6Zfs');
INSERT INTO Resident (account, building, unit, room) VALUES ('433349201208206672', 10, 9, 1704);
INSERT INTO User (account, username, name, sex, age, tel, type, auth_key) VALUES ('341327200802170766', '楚铭可', '楚铭可', false, '12', '19008556768', 0, '3ebU4Z7772yc62l57AC2fhE39GevGe8l');
INSERT INTO Resident (account, building, unit, room) VALUES ('341327200802170766', 64, 10, 1901);
INSERT INTO User (account, username, name, sex, age, tel, type, auth_key) VALUES ('62335419351204987X', '田新硕', '田新硕', true, '85', '18579761203', 0, 'LBuQT9523Q99V76J5qJq4o9mctQr201U');
INSERT INTO Resident (account, building, unit, room) VALUES ('62335419351204987X', 20, 9, 2004);
INSERT INTO User (account, username, name, sex, age, tel, type, auth_key) VALUES ('612991195907295004', '山奇', '山奇', true, '61', '19569699545', 0, 'clH9X84jbBason888yDLGPWMk2P9mQh9');
INSERT INTO Resident (account, building, unit, room) VALUES ('612991195907295004', 2, 4, 2704);
INSERT INTO User (account, username, name, sex, age, tel, type, auth_key) VALUES ('144831195201308098', '臧馨力', '臧馨力', false, '68', '18918009477', 0, 'IgRk4rr87H09AECQS0iD71T8i146lX4q');
INSERT INTO Resident (account, building, unit, room) VALUES ('144831195201308098', 45, 3, 2001);
INSERT INTO User (account, username, name, sex, age, tel, type, auth_key) VALUES ('81151119490409435X', '楚有泽', '楚有泽', false, '71', '15942865305', 0, '89ZCW6aAHmn7dC3BU3jBb2gyUa3y8IZn');
INSERT INTO Resident (account, building, unit, room) VALUES ('81151119490409435X', 84, 8, 506);
INSERT INTO User (account, username, name, sex, age, tel, type, auth_key) VALUES ('324056196708212992', '隽雅义', '隽雅义', false, '53', '17840815961', 0, '7pBEQJvwQ835z10CokNSRUJ5J0q5i1ud');
INSERT INTO Resident (account, building, unit, room) VALUES ('324056196708212992', 3, 1, 2604);
INSERT INTO User (account, username, name, sex, age, tel, type, auth_key) VALUES ('372616199508260594', '康力义', '康力义', false, '25', '19868708210', 0, 'ifZ8JkFlIHfezsA7exK8tiGU9u9Dy6Rd');
INSERT INTO Resident (account, building, unit, room) VALUES ('372616199508260594', 62, 8, 2603);
INSERT INTO User (account, username, name, sex, age, tel, type, auth_key) VALUES ('414184193603158909', '殷硕', '殷硕', false, '84', '13081282052', 0, '4Hq5Gbrk02ky8Gk5Rlc0C3u881b852Gh');
INSERT INTO Resident (account, building, unit, room) VALUES ('414184193603158909', 30, 1, 401);
INSERT INTO User (account, username, name, sex, age, tel, type, auth_key) VALUES ('112971200804100458', '山雅', '山雅', false, '12', '19550778970', 0, 'eG894WJqz2jXq22d8l13E6ViDV0lSS26');
INSERT INTO Resident (account, building, unit, room) VALUES ('112971200804100458', 79, 8, 1504);
INSERT INTO User (account, username, name, sex, age, tel, type, auth_key) VALUES ('351601195603166014', '欧炎振', '欧炎振', true, '64', '18567328869', 0, 'gIkGSo6CPr6C35Gh2DVwgpal8Q90Vs21');
INSERT INTO Resident (account, building, unit, room) VALUES ('351601195603166014', 64, 4, 406);
INSERT INTO User (account, username, name, sex, age, tel, type, auth_key) VALUES ('140804193706217848', '金阳', '金阳', false, '83', '19651889852', 0, '615u2V7i2Vlbf4lTJeXNi84Kc904CmBr');
INSERT INTO Resident (account, building, unit, room) VALUES ('140804193706217848', 9, 3, 1404);
INSERT INTO User (account, username, name, sex, age, tel, type, auth_key) VALUES ('653476200812266473', '吕腾依', '吕腾依', true, '12', '18986972313', 0, 'e64VL8Qtq4XxKtt2ba5Qyn0zhrmc2U08');
INSERT INTO Resident (account, building, unit, room) VALUES ('653476200812266473', 68, 7, 304);
INSERT INTO User (account, username, name, sex, age, tel, type, auth_key) VALUES ('123637199707206689', '昌柏', '昌柏', true, '23', '15132350832', 0, 'vHXi2c2FNN541yF221nupBT9iGtguqpV');
INSERT INTO Resident (account, building, unit, room) VALUES ('123637199707206689', 91, 3, 1306);
INSERT INTO User (account, username, name, sex, age, tel, type, auth_key) VALUES ('330592199007014878', '宫萱', '宫萱', true, '30', '15926029807', 0, 'OF7P9Ttw5Qos5FG3yP0Q9Gq70LbEgMry');
INSERT INTO Resident (account, building, unit, room) VALUES ('330592199007014878', 68, 2, 1102);
INSERT INTO User (account, username, name, sex, age, tel, type, auth_key) VALUES ('462495192801134830', '范雨桐', '范雨桐', true, '92', '17279423845', 0, 'kpRaoGvv6t75l53tue9SqbN454UCkRvi');
INSERT INTO Resident (account, building, unit, room) VALUES ('462495192801134830', 82, 9, 504);
INSERT INTO User (account, username, name, sex, age, tel, type, auth_key) VALUES ('613144192408097644', '汪炎静', '汪炎静', false, '96', '15667622618', 0, 'muec2tiR2bC55K9qe0137uas2HERoeks');
INSERT INTO Resident (account, building, unit, room) VALUES ('613144192408097644', 60, 4, 2904);
INSERT INTO User (account, username, name, sex, age, tel, type, auth_key) VALUES ('143146194308193612', '裴锐', '裴锐', false, '77', '15654486319', 0, '3qT4sbrHBuAFdhp78DLHto6plM32Cffc');
INSERT INTO Resident (account, building, unit, room) VALUES ('143146194308193612', 86, 2, 2902);
INSERT INTO User (account, username, name, sex, age, tel, type, auth_key) VALUES ('350930200401167617', '宋良伟', '宋良伟', true, '16', '14507259957', 0, 'iYB31b7Vd655m2jqY774nsTGG07ojwp3');
INSERT INTO Resident (account, building, unit, room) VALUES ('350930200401167617', 29, 4, 1602);
INSERT INTO User (account, username, name, sex, age, tel, type, auth_key) VALUES ('650307196610233030', '臧言敏', '臧言敏', false, '54', '15895358288', 0, 'JZC9G7uPMYukhToRX78Sr0f148N17SnI');
INSERT INTO Resident (account, building, unit, room) VALUES ('650307196610233030', 4, 9, 1005);
INSERT INTO User (account, username, name, sex, age, tel, type, auth_key) VALUES ('363154192411173353', '童佳', '童佳', true, '96', '14968751357', 0, 'NJJr96HXUgD1WaUreT8Q1ja4CZ85mkb3');
INSERT INTO Resident (account, building, unit, room) VALUES ('363154192411173353', 83, 5, 2905);
INSERT INTO User (account, username, name, sex, age, tel, type, auth_key) VALUES ('320607196311109107', '姚令锐', '姚令锐', false, '57', '19658379727', 0, 'n2K39Lk6ly6DW63ArKl4U6CavjpD1dAN');
INSERT INTO Resident (account, building, unit, room) VALUES ('320607196311109107', 11, 8, 2601);
INSERT INTO User (account, username, name, sex, age, tel, type, auth_key) VALUES ('21067320010722163X', '代灯铭', '代灯铭', false, '19', '15772746440', 0, '0AOJLC6inki6TsKphNYo1tv9BeWqe9p2');
INSERT INTO Resident (account, building, unit, room) VALUES ('21067320010722163X', 16, 6, 2403);
INSERT INTO User (account, username, name, sex, age, tel, type, auth_key) VALUES ('21141119790926085X', '龚萌', '龚萌', true, '41', '19063656199', 0, 'N7y7L1tYjMbu1hUwQIZxDa2RSbg1qv2t');
INSERT INTO Resident (account, building, unit, room) VALUES ('21141119790926085X', 21, 5, 303);
INSERT INTO User (account, username, name, sex, age, tel, type, auth_key) VALUES ('363846195410059609', '周飞', '周飞', true, '66', '13336750623', 0, 'yksguuG8P4U3zO3549Xsl89fcy2ZqQ6s');
INSERT INTO Resident (account, building, unit, room) VALUES ('363846195410059609', 79, 5, 1402);
INSERT INTO User (account, username, name, sex, age, tel, type, auth_key) VALUES ('430743195312296598', '尹舒霖', '尹舒霖', false, '67', '19385830006', 0, 'Wv2HH5UbBenoFQn6Xftaqc3zs89bK020');
INSERT INTO Resident (account, building, unit, room) VALUES ('430743195312296598', 84, 5, 2006);
INSERT INTO User (account, username, name, sex, age, tel, type, auth_key) VALUES ('442362197301106747', '代赛民', '代赛民', false, '47', '15309815812', 0, 'E420H81hOr57P4H17Uq6UVAKb2zSv784');
INSERT INTO Resident (account, building, unit, room) VALUES ('442362197301106747', 93, 6, 2802);
INSERT INTO User (account, username, name, sex, age, tel, type, auth_key) VALUES ('374949197711165136', '殷丹', '殷丹', true, '43', '14557961088', 0, '67jjU5442IfAOi2AF6Lk62lW43ddb5mJ');
INSERT INTO Resident (account, building, unit, room) VALUES ('374949197711165136', 85, 9, 304);
INSERT INTO User (account, username, name, sex, age, tel, type, auth_key) VALUES ('15027819510817125X', '颜舒', '颜舒', true, '69', '15147386855', 0, 'iFYl58I5Z7hR8SyneXffr0jEHGN15CHZ');
INSERT INTO Resident (account, building, unit, room) VALUES ('15027819510817125X', 1, 7, 2504);
INSERT INTO User (account, username, name, sex, age, tel, type, auth_key) VALUES ('521940196211303939', '秦霄振', '秦霄振', false, '58', '15009714457', 0, 'osjylnE7iDknrT040WZcz4F2jIgU6y0d');
INSERT INTO Resident (account, building, unit, room) VALUES ('521940196211303939', 50, 5, 1002);
INSERT INTO User (account, username, name, sex, age, tel, type, auth_key) VALUES ('144091200808212724', '赵建', '赵建', true, '12', '14751932036', 0, 'b53noP4t0VRrM520a7LO9kd90MfDpn83');
INSERT INTO Resident (account, building, unit, room) VALUES ('144091200808212724', 77, 6, 301);
INSERT INTO User (account, username, name, sex, age, tel, type, auth_key) VALUES ('213144193903083800', '尚霄夫', '尚霄夫', true, '81', '18960148438', 0, 'MCpCzw0RL0641Va86h3Hx26X5d6X2U3X');
INSERT INTO Resident (account, building, unit, room) VALUES ('213144193903083800', 92, 7, 2503);
INSERT INTO User (account, username, name, sex, age, tel, type, auth_key) VALUES ('320638194011112486', '宋翔', '宋翔', true, '80', '14739058590', 0, '4St9y2hF2LN7511S5w29T5YdqUdU67KB');
INSERT INTO Resident (account, building, unit, room) VALUES ('320638194011112486', 87, 3, 2504);
INSERT INTO User (account, username, name, sex, age, tel, type, auth_key) VALUES ('335027192609071063', '吴宇思', '吴宇思', true, '94', '18980698070', 0, '34a1i7e1eN8DWWh73Z8J8Lcvp5PHtQi2');
INSERT INTO Resident (account, building, unit, room) VALUES ('335027192609071063', 32, 4, 1401);
INSERT INTO User (account, username, name, sex, age, tel, type, auth_key) VALUES ('112158200403163540', '戚睿冠', '戚睿冠', false, '16', '19051108044', 0, 'cEJqFp5kTd5R63qY27pPFWWoG0N18wTD');
INSERT INTO Resident (account, building, unit, room) VALUES ('112158200403163540', 77, 7, 2403);
INSERT INTO User (account, username, name, sex, age, tel, type, auth_key) VALUES ('513445195012140770', '孙翔航', '孙翔航', true, '70', '13566484351', 0, 'qrDApCtjdbxr5i2d4lhLWnjG3w4MVQM7');
INSERT INTO Resident (account, building, unit, room) VALUES ('513445195012140770', 66, 5, 1104);
INSERT INTO User (account, username, name, sex, age, tel, type, auth_key) VALUES ('432189199802200443', '任夫', '任夫', false, '22', '14774404291', 0, '8exEQP4YNQUFuQY9PcEtpw7SKWpQn4n6');
INSERT INTO Resident (account, building, unit, room) VALUES ('432189199802200443', 31, 10, 205);
INSERT INTO User (account, username, name, sex, age, tel, type, auth_key) VALUES ('504498197606054731', '侯哲锐', '侯哲锐', true, '44', '18440624284', 0, '307uR0s6J381HnTxStNzg9w9166r92d0');
INSERT INTO Resident (account, building, unit, room) VALUES ('504498197606054731', 23, 4, 1204);
INSERT INTO User (account, username, name, sex, age, tel, type, auth_key) VALUES ('143627195508265419', '曲圣炜', '曲圣炜', true, '65', '19654797786', 0, 'Qh270wwLdja2E7s72TcxJl8JSwQXdjU3');
INSERT INTO Resident (account, building, unit, room) VALUES ('143627195508265419', 52, 1, 701);
INSERT INTO User (account, username, name, sex, age, tel, type, auth_key) VALUES ('342422195702085456', '邱露锐', '邱露锐', false, '63', '15256939917', 0, 'xjD87u0P8b5M0Un1JAmU5OLOiibCWbfd');
INSERT INTO Resident (account, building, unit, room) VALUES ('342422195702085456', 72, 8, 2501);
INSERT INTO User (account, username, name, sex, age, tel, type, auth_key) VALUES ('821114201012312119', '赵可宇', '赵可宇', false, '10', '19344596053', 0, 'RPaA27BZ321xN2p9GFqiUd49hZ2wsB4i');
INSERT INTO Resident (account, building, unit, room) VALUES ('821114201012312119', 54, 9, 1904);
INSERT INTO User (account, username, name, sex, age, tel, type, auth_key) VALUES ('464134195306077105', '侯萱民', '侯萱民', true, '67', '18081800620', 0, '0INGF2NNA5oR37sw137FZQ86RN192LWs');
INSERT INTO Resident (account, building, unit, room) VALUES ('464134195306077105', 35, 8, 403);
INSERT INTO User (account, username, name, sex, age, tel, type, auth_key) VALUES ('524132193208221393', '江琦炜', '江琦炜', false, '88', '15357131541', 0, '5U9IhzQkABIL4uoYS9wRc8hf8D088nyo');
INSERT INTO Resident (account, building, unit, room) VALUES ('524132193208221393', 79, 3, 2605);
/* 共生成用户500个*/

/* 建立Health信息 */
INSERT INTO Health (id, account, last_date, last_time, temperature) VALUES (1, '153909199705058741', '20200407', '08:39:23', 35.1);
INSERT INTO Health (id, account, last_date, last_time, temperature) VALUES (2, '143402193208198010', '20200319', '04:39:44', 36);
INSERT INTO Health (id, account, last_date, last_time, temperature) VALUES (3, '424818197605101850', '20200429', '00:08:53', 36.5);
INSERT INTO Health (id, account, last_date, last_time, temperature) VALUES (4, '12141019710710993X', '20200422', '01:30:34', 36.4);
INSERT INTO Health (id, account, last_date, last_time, temperature) VALUES (5, '650446193202038510', '20200408', '11:35:40', 37);
INSERT INTO Health (id, account, last_date, last_time, temperature) VALUES (6, '374572192301220780', '20200209', '16:37:52', 37);
INSERT INTO Health (id, account, last_date, last_time, temperature) VALUES (7, '151308195105126826', '20200219', '08:46:00', 36.9);
INSERT INTO Health (id, account, last_date, last_time, temperature) VALUES (8, '710827193510277161', '20200522', '11:39:44', 36.2);
INSERT INTO Health (id, account, last_date, last_time, temperature) VALUES (9, '500942197706096944', '20200212', '17:50:59', 35.6);
INSERT INTO Health (id, account, last_date, last_time, temperature) VALUES (10, '454003196809015733', '20200406', '02:16:48', 35.5);
INSERT INTO Health (id, account, last_date, last_time, temperature) VALUES (11, '374703200410042401', '20200518', '14:51:33', 37);
INSERT INTO Health (id, account, last_date, last_time, temperature) VALUES (12, '503367193702194309', '20200222', '23:20:39', 36.5);
INSERT INTO Health (id, account, last_date, last_time, temperature) VALUES (13, '53056019770719013X', '20200410', '10:42:52', 36.3);
INSERT INTO Health (id, account, last_date, last_time, temperature) VALUES (14, '152352200908022294', '20200408', '02:46:31', 36.8);
INSERT INTO Health (id, account, last_date, last_time, temperature) VALUES (15, '644377200904304394', '20200421', '12:29:48', 35.6);
INSERT INTO Health (id, account, last_date, last_time, temperature) VALUES (16, '225077194607218124', '20200519', '12:54:14', 36.5);
INSERT INTO Health (id, account, last_date, last_time, temperature) VALUES (17, '610141193105083302', '20200302', '23:01:55', 35.2);
INSERT INTO Health (id, account, last_date, last_time, temperature) VALUES (18, '234179200611289773', '20200422', '14:28:15', 36.2);
INSERT INTO Health (id, account, last_date, last_time, temperature) VALUES (19, '622617194703210714', '20200513', '18:26:21', 35.4);
INSERT INTO Health (id, account, last_date, last_time, temperature) VALUES (20, '423651194109153904', '20200314', '10:07:20', 35);
INSERT INTO Health (id, account, last_date, last_time, temperature) VALUES (21, '453973192810264002', '20200303', '15:17:27', 36.7);
INSERT INTO Health (id, account, last_date, last_time, temperature) VALUES (22, '812816193901045207', '20200226', '17:47:54', 36.2);
INSERT INTO Health (id, account, last_date, last_time, temperature) VALUES (23, '12198719991110354X', '20200216', '22:01:51', 36);
INSERT INTO Health (id, account, last_date, last_time, temperature) VALUES (24, '813258195709182101', '20200430', '02:32:26', 35.2);
INSERT INTO Health (id, account, last_date, last_time, temperature) VALUES (25, '370164194807036618', '20200402', '02:32:46', 36);
INSERT INTO Health (id, account, last_date, last_time, temperature) VALUES (26, '332205198101279695', '20200322', '16:57:21', 35.6);
INSERT INTO Health (id, account, last_date, last_time, temperature) VALUES (27, '223082200703188459', '20200414', '10:45:20', 37);
INSERT INTO Health (id, account, last_date, last_time, temperature) VALUES (28, '213026201006129776', '20200306', '19:54:04', 37.4);
INSERT INTO Health (id, account, last_date, last_time, temperature) VALUES (29, '544892197308054360', '20200517', '16:21:42', 35.3);
INSERT INTO Health (id, account, last_date, last_time, temperature) VALUES (30, '512566199411077755', '20200304', '13:44:04', 36.5);
INSERT INTO Health (id, account, last_date, last_time, temperature) VALUES (31, '423323198309130105', '20200311', '05:12:22', 36.2);
INSERT INTO Health (id, account, last_date, last_time, temperature) VALUES (32, '532173195706170766', '20200522', '13:40:14', 37.2);
INSERT INTO Health (id, account, last_date, last_time, temperature) VALUES (33, '500423193910038111', '20200311', '10:56:20', 35.7);
INSERT INTO Health (id, account, last_date, last_time, temperature) VALUES (34, '31101320090511122X', '20200211', '22:18:35', 35);
INSERT INTO Health (id, account, last_date, last_time, temperature) VALUES (35, '320182198203315244', '20200310', '08:13:38', 36);
INSERT INTO Health (id, account, last_date, last_time, temperature) VALUES (36, '632210199804115088', '20200314', '01:09:24', 37.8);
INSERT INTO Health (id, account, last_date, last_time, temperature) VALUES (37, '541134200302177885', '20200305', '00:49:56', 37.8);
INSERT INTO Health (id, account, last_date, last_time, temperature) VALUES (38, '522565193602149181', '20200407', '06:37:45', 35.4);
INSERT INTO Health (id, account, last_date, last_time, temperature) VALUES (39, '112392195411086537', '20200307', '02:24:59', 37.4);
INSERT INTO Health (id, account, last_date, last_time, temperature) VALUES (40, '360617196107263998', '20200327', '14:47:57', 35.8);
INSERT INTO Health (id, account, last_date, last_time, temperature) VALUES (41, '134294194002181206', '20200307', '16:24:13', 36.9);
INSERT INTO Health (id, account, last_date, last_time, temperature) VALUES (42, '213519193410244774', '20200426', '18:04:04', 37);
INSERT INTO Health (id, account, last_date, last_time, temperature) VALUES (43, '37365919380321187X', '20200525', '19:49:55', 37.2);
INSERT INTO Health (id, account, last_date, last_time, temperature) VALUES (44, '710568197204243424', '20200509', '20:49:54', 36.5);
INSERT INTO Health (id, account, last_date, last_time, temperature) VALUES (45, '344810200406174912', '20200330', '20:25:17', 36.9);
INSERT INTO Health (id, account, last_date, last_time, temperature) VALUES (46, '354854198801223287', '20200303', '04:39:54', 37.3);
INSERT INTO Health (id, account, last_date, last_time, temperature) VALUES (47, '153365193002287090', '20200327', '11:52:04', 36.5);
INSERT INTO Health (id, account, last_date, last_time, temperature) VALUES (48, '130570192605060007', '20200307', '12:06:27', 35);
INSERT INTO Health (id, account, last_date, last_time, temperature) VALUES (49, '612344194805023157', '20200517', '19:28:22', 35.7);
INSERT INTO Health (id, account, last_date, last_time, temperature) VALUES (50, '511073194106069794', '20200508', '03:41:16', 37);
INSERT INTO Health (id, account, last_date, last_time, temperature) VALUES (51, '444124197006290718', '20200224', '03:57:19', 36);
INSERT INTO Health (id, account, last_date, last_time, temperature) VALUES (52, '343697193611078605', '20200420', '05:52:16', 36);
INSERT INTO Health (id, account, last_date, last_time, temperature) VALUES (53, '63222519660721539X', '20200314', '05:21:05', 35);
INSERT INTO Health (id, account, last_date, last_time, temperature) VALUES (54, '150906194505090435', '20200202', '08:40:21', 36.8);
INSERT INTO Health (id, account, last_date, last_time, temperature) VALUES (55, '330730198911042108', '20200214', '02:40:00', 36.4);
INSERT INTO Health (id, account, last_date, last_time, temperature) VALUES (56, '351828199703119898', '20200316', '23:54:05', 37);
INSERT INTO Health (id, account, last_date, last_time, temperature) VALUES (57, '443267193401181791', '20200204', '11:36:22', 35);
INSERT INTO Health (id, account, last_date, last_time, temperature) VALUES (58, '455038199906296879', '20200215', '10:51:35', 37.1);
INSERT INTO Health (id, account, last_date, last_time, temperature) VALUES (59, '641491197205217160', '20200204', '17:22:47', 36.6);
INSERT INTO Health (id, account, last_date, last_time, temperature) VALUES (60, '462280200601309289', '20200529', '18:44:05', 36.6);
INSERT INTO Health (id, account, last_date, last_time, temperature) VALUES (61, '333507193510197946', '20200224', '04:21:29', 35.8);
INSERT INTO Health (id, account, last_date, last_time, temperature) VALUES (62, '15260819640724291X', '20200408', '09:46:48', 37.3);
INSERT INTO Health (id, account, last_date, last_time, temperature) VALUES (63, '212468193808286539', '20200416', '07:57:32', 37.4);
INSERT INTO Health (id, account, last_date, last_time, temperature) VALUES (64, '313992199810022218', '20200217', '15:30:41', 36);
INSERT INTO Health (id, account, last_date, last_time, temperature) VALUES (65, '330804193008211691', '20200331', '09:13:01', 37.2);
INSERT INTO Health (id, account, last_date, last_time, temperature) VALUES (66, '503271194909199232', '20200217', '13:09:13', 37.2);
INSERT INTO Health (id, account, last_date, last_time, temperature) VALUES (67, '311276194412027844', '20200222', '04:50:26', 36.4);
INSERT INTO Health (id, account, last_date, last_time, temperature) VALUES (68, '43271919311018392X', '20200506', '21:41:54', 37.1);
INSERT INTO Health (id, account, last_date, last_time, temperature) VALUES (69, '634894199904050148', '20200511', '08:30:39', 37.3);
INSERT INTO Health (id, account, last_date, last_time, temperature) VALUES (70, '655094200002221803', '20200201', '23:13:14', 35.1);
INSERT INTO Health (id, account, last_date, last_time, temperature) VALUES (71, '210332199301027175', '20200520', '16:54:54', 37.2);
INSERT INTO Health (id, account, last_date, last_time, temperature) VALUES (72, '323642193602224290', '20200409', '13:11:37', 36.8);
INSERT INTO Health (id, account, last_date, last_time, temperature) VALUES (73, '453069194503156561', '20200308', '03:46:55', 36.7);
INSERT INTO Health (id, account, last_date, last_time, temperature) VALUES (74, '711693197906082394', '20200525', '14:52:43', 36.1);
INSERT INTO Health (id, account, last_date, last_time, temperature) VALUES (75, '635081197505182205', '20200524', '20:51:56', 36.3);
INSERT INTO Health (id, account, last_date, last_time, temperature) VALUES (76, '504672196906192619', '20200529', '05:05:25', 38.3);
INSERT INTO Health (id, account, last_date, last_time, temperature) VALUES (77, '310137196908267868', '20200309', '02:31:01', 36.7);
INSERT INTO Health (id, account, last_date, last_time, temperature) VALUES (78, '364767197603264225', '20200205', '11:47:28', 35.3);
INSERT INTO Health (id, account, last_date, last_time, temperature) VALUES (79, '14194219420903159X', '20200217', '07:47:44', 36.6);
INSERT INTO Health (id, account, last_date, last_time, temperature) VALUES (80, '650271198603153456', '20200524', '07:23:53', 35.2);
INSERT INTO Health (id, account, last_date, last_time, temperature) VALUES (81, '321521195407075374', '20200302', '03:39:53', 35);
INSERT INTO Health (id, account, last_date, last_time, temperature) VALUES (82, '654567195101290650', '20200312', '20:50:16', 36.7);
INSERT INTO Health (id, account, last_date, last_time, temperature) VALUES (83, '513366195803266145', '20200319', '09:20:34', 37.4);
INSERT INTO Health (id, account, last_date, last_time, temperature) VALUES (84, '631305193510017859', '20200426', '03:58:04', 36.9);
INSERT INTO Health (id, account, last_date, last_time, temperature) VALUES (85, '23453520090702159X', '20200422', '08:28:31', 36.9);
INSERT INTO Health (id, account, last_date, last_time, temperature) VALUES (86, '21274319811017242X', '20200202', '19:38:29', 35.1);
INSERT INTO Health (id, account, last_date, last_time, temperature) VALUES (87, '364775193408228022', '20200518', '10:40:17', 35.5);
INSERT INTO Health (id, account, last_date, last_time, temperature) VALUES (88, '461733196301072621', '20200203', '23:08:23', 35);
INSERT INTO Health (id, account, last_date, last_time, temperature) VALUES (89, '111445198503176763', '20200506', '01:12:30', 36.7);
INSERT INTO Health (id, account, last_date, last_time, temperature) VALUES (90, '141953200012232018', '20200404', '00:21:17', 37.4);
INSERT INTO Health (id, account, last_date, last_time, temperature) VALUES (91, '220773195610097632', '20200416', '03:46:06', 37.1);
INSERT INTO Health (id, account, last_date, last_time, temperature) VALUES (92, '621659199305291378', '20200305', '13:59:34', 35);
INSERT INTO Health (id, account, last_date, last_time, temperature) VALUES (93, '433678196412149621', '20200406', '12:22:31', 36.8);
INSERT INTO Health (id, account, last_date, last_time, temperature) VALUES (94, '444771196904256869', '20200510', '01:49:49', 36.9);
INSERT INTO Health (id, account, last_date, last_time, temperature) VALUES (95, '110111199711297560', '20200417', '12:50:17', 35.2);
INSERT INTO Health (id, account, last_date, last_time, temperature) VALUES (96, '541553200711085364', '20200224', '21:01:33', 36.4);
INSERT INTO Health (id, account, last_date, last_time, temperature) VALUES (97, '313577192907049702', '20200331', '03:06:42', 38.2);
INSERT INTO Health (id, account, last_date, last_time, temperature) VALUES (98, '822551192706234065', '20200514', '00:17:04', 36.2);
INSERT INTO Health (id, account, last_date, last_time, temperature) VALUES (99, '533220194509126666', '20200519', '11:55:34', 35.6);
INSERT INTO Health (id, account, last_date, last_time, temperature) VALUES (100, '620853197603165081', '20200412', '13:08:28', 35.1);
INSERT INTO Health (id, account, last_date, last_time, temperature) VALUES (101, '513101197904150302', '20200305', '13:00:23', 36.9);
INSERT INTO Health (id, account, last_date, last_time, temperature) VALUES (102, '414826198811170019', '20200416', '05:28:36', 35.5);
INSERT INTO Health (id, account, last_date, last_time, temperature) VALUES (103, '143475192901218019', '20200303', '10:27:01', 35.5);
INSERT INTO Health (id, account, last_date, last_time, temperature) VALUES (104, '651571192604072023', '20200523', '23:11:10', 35.6);
INSERT INTO Health (id, account, last_date, last_time, temperature) VALUES (105, '154277194710296775', '20200406', '11:24:06', 37.1);
INSERT INTO Health (id, account, last_date, last_time, temperature) VALUES (106, '232924195411026422', '20200505', '14:52:55', 35.7);
INSERT INTO Health (id, account, last_date, last_time, temperature) VALUES (107, '121232199610313585', '20200503', '16:25:02', 36.1);
INSERT INTO Health (id, account, last_date, last_time, temperature) VALUES (108, '523778199805273068', '20200511', '03:05:28', 37);
INSERT INTO Health (id, account, last_date, last_time, temperature) VALUES (109, '132286201210074424', '20200208', '12:14:58', 35.1);
INSERT INTO Health (id, account, last_date, last_time, temperature) VALUES (110, '213228197311173445', '20200518', '05:32:38', 35.2);
INSERT INTO Health (id, account, last_date, last_time, temperature) VALUES (111, '352785199903094892', '20200425', '14:33:04', 36.5);
INSERT INTO Health (id, account, last_date, last_time, temperature) VALUES (112, '531488196612314854', '20200329', '23:56:30', 35.9);
INSERT INTO Health (id, account, last_date, last_time, temperature) VALUES (113, '514670193104021111', '20200505', '00:54:28', 37);
INSERT INTO Health (id, account, last_date, last_time, temperature) VALUES (114, '714810195803208369', '20200401', '01:52:25', 36.4);
INSERT INTO Health (id, account, last_date, last_time, temperature) VALUES (115, '613287193206138388', '20200420', '18:55:20', 36.5);
INSERT INTO Health (id, account, last_date, last_time, temperature) VALUES (116, '131919198204198833', '20200516', '21:43:00', 36.4);
INSERT INTO Health (id, account, last_date, last_time, temperature) VALUES (117, '131681197308188784', '20200415', '23:08:52', 36.1);
INSERT INTO Health (id, account, last_date, last_time, temperature) VALUES (118, '151976195806033751', '20200210', '03:59:40', 37.1);
INSERT INTO Health (id, account, last_date, last_time, temperature) VALUES (119, '440751198209193638', '20200517', '15:28:58', 35);
INSERT INTO Health (id, account, last_date, last_time, temperature) VALUES (120, '343313196812076776', '20200529', '20:34:38', 36.6);
INSERT INTO Health (id, account, last_date, last_time, temperature) VALUES (121, '220367197105180585', '20200403', '02:40:26', 35.3);
INSERT INTO Health (id, account, last_date, last_time, temperature) VALUES (122, '43042619601019522X', '20200322', '18:39:42', 36.5);
INSERT INTO Health (id, account, last_date, last_time, temperature) VALUES (123, '711613193901300467', '20200216', '18:10:34', 35);
INSERT INTO Health (id, account, last_date, last_time, temperature) VALUES (124, '523811197002245459', '20200417', '05:49:47', 35);
INSERT INTO Health (id, account, last_date, last_time, temperature) VALUES (125, '324205200806209504', '20200521', '16:34:06', 37);
INSERT INTO Health (id, account, last_date, last_time, temperature) VALUES (126, '124542198806256803', '20200227', '14:04:29', 36.5);
INSERT INTO Health (id, account, last_date, last_time, temperature) VALUES (127, '50409519920224509X', '20200503', '13:18:55', 35.9);
INSERT INTO Health (id, account, last_date, last_time, temperature) VALUES (128, '430884192505038481', '20200212', '06:24:40', 35.5);
INSERT INTO Health (id, account, last_date, last_time, temperature) VALUES (129, '353246198106193476', '20200327', '09:31:47', 35.5);
INSERT INTO Health (id, account, last_date, last_time, temperature) VALUES (130, '500475198906103290', '20200522', '15:00:07', 35.9);
INSERT INTO Health (id, account, last_date, last_time, temperature) VALUES (131, '533919199407136087', '20200410', '07:57:35', 35);
INSERT INTO Health (id, account, last_date, last_time, temperature) VALUES (132, '334236201306078069', '20200321', '10:59:22', 36.5);
INSERT INTO Health (id, account, last_date, last_time, temperature) VALUES (133, '330234194406239510', '20200208', '14:29:59', 36.9);
INSERT INTO Health (id, account, last_date, last_time, temperature) VALUES (134, '441421198210125671', '20200218', '14:44:13', 37.1);
INSERT INTO Health (id, account, last_date, last_time, temperature) VALUES (135, '503218199503296804', '20200418', '00:09:44', 36.1);
INSERT INTO Health (id, account, last_date, last_time, temperature) VALUES (136, '13419319820112444X', '20200228', '06:50:42', 36.7);
INSERT INTO Health (id, account, last_date, last_time, temperature) VALUES (137, '351609200906096696', '20200523', '06:30:08', 35.2);
INSERT INTO Health (id, account, last_date, last_time, temperature) VALUES (138, '641376194002069898', '20200203', '18:16:11', 35.4);
INSERT INTO Health (id, account, last_date, last_time, temperature) VALUES (139, '460453192304011044', '20200514', '09:36:19', 36.6);
INSERT INTO Health (id, account, last_date, last_time, temperature) VALUES (140, '230791196506142213', '20200506', '20:18:19', 35.3);
INSERT INTO Health (id, account, last_date, last_time, temperature) VALUES (141, '410605194510250315', '20200515', '17:52:47', 35.1);
INSERT INTO Health (id, account, last_date, last_time, temperature) VALUES (142, '152637201203040715', '20200427', '20:04:24', 35.7);
INSERT INTO Health (id, account, last_date, last_time, temperature) VALUES (143, '423559193412068288', '20200305', '17:24:36', 37.4);
INSERT INTO Health (id, account, last_date, last_time, temperature) VALUES (144, '522881193612088183', '20200227', '19:57:52', 37);
INSERT INTO Health (id, account, last_date, last_time, temperature) VALUES (145, '434265198405017622', '20200223', '00:17:23', 35.9);
INSERT INTO Health (id, account, last_date, last_time, temperature) VALUES (146, '110703193005271114', '20200207', '10:13:06', 37.2);
INSERT INTO Health (id, account, last_date, last_time, temperature) VALUES (147, '210476197702190570', '20200530', '00:03:54', 37.4);
INSERT INTO Health (id, account, last_date, last_time, temperature) VALUES (148, '62109819410417776X', '20200228', '03:28:20', 35);
INSERT INTO Health (id, account, last_date, last_time, temperature) VALUES (149, '813295199408153501', '20200424', '02:31:26', 35.6);
INSERT INTO Health (id, account, last_date, last_time, temperature) VALUES (150, '331032193606046374', '20200210', '06:05:03', 35.2);
INSERT INTO Health (id, account, last_date, last_time, temperature) VALUES (151, '822542193204119289', '20200407', '15:59:11', 37.3);
INSERT INTO Health (id, account, last_date, last_time, temperature) VALUES (152, '314190201410118636', '20200422', '21:16:04', 36.7);
INSERT INTO Health (id, account, last_date, last_time, temperature) VALUES (153, '113867197510063699', '20200329', '15:20:10', 36.5);
INSERT INTO Health (id, account, last_date, last_time, temperature) VALUES (154, '422558193110287528', '20200518', '08:06:16', 35.5);
INSERT INTO Health (id, account, last_date, last_time, temperature) VALUES (155, '234302193905255897', '20200514', '13:02:17', 35.6);
INSERT INTO Health (id, account, last_date, last_time, temperature) VALUES (156, '461023195305101324', '20200204', '00:19:52', 36.7);
INSERT INTO Health (id, account, last_date, last_time, temperature) VALUES (157, '32031719470225423X', '20200208', '16:19:28', 36.2);
INSERT INTO Health (id, account, last_date, last_time, temperature) VALUES (158, '430772198606098573', '20200315', '22:50:57', 36.7);
INSERT INTO Health (id, account, last_date, last_time, temperature) VALUES (159, '502760197008277594', '20200514', '10:19:49', 35.8);
INSERT INTO Health (id, account, last_date, last_time, temperature) VALUES (160, '452737195108071777', '20200227', '04:59:36', 36.1);
INSERT INTO Health (id, account, last_date, last_time, temperature) VALUES (161, '421588199302012720', '20200311', '12:48:16', 37.2);
INSERT INTO Health (id, account, last_date, last_time, temperature) VALUES (162, '212247195712086115', '20200408', '10:39:54', 36.6);
INSERT INTO Health (id, account, last_date, last_time, temperature) VALUES (163, '462383197701184745', '20200309', '06:58:19', 35);
INSERT INTO Health (id, account, last_date, last_time, temperature) VALUES (164, '233649193305299335', '20200519', '02:35:36', 35.9);
INSERT INTO Health (id, account, last_date, last_time, temperature) VALUES (165, '151181198006047816', '20200415', '11:27:58', 36);
INSERT INTO Health (id, account, last_date, last_time, temperature) VALUES (166, '650821194606028161', '20200422', '20:19:06', 35.4);
INSERT INTO Health (id, account, last_date, last_time, temperature) VALUES (167, '210796193412158940', '20200228', '18:27:03', 36.3);
INSERT INTO Health (id, account, last_date, last_time, temperature) VALUES (168, '542134195308050297', '20200326', '17:22:31', 36.4);
INSERT INTO Health (id, account, last_date, last_time, temperature) VALUES (169, '110814200004031972', '20200204', '21:23:18', 36.3);
INSERT INTO Health (id, account, last_date, last_time, temperature) VALUES (170, '622453201305050325', '20200213', '02:24:39', 37.4);
INSERT INTO Health (id, account, last_date, last_time, temperature) VALUES (171, '620341192404141108', '20200513', '21:42:12', 35.3);
INSERT INTO Health (id, account, last_date, last_time, temperature) VALUES (172, '632430193009053397', '20200427', '09:02:14', 35.8);
INSERT INTO Health (id, account, last_date, last_time, temperature) VALUES (173, '431207200611131873', '20200518', '03:30:19', 35.4);
INSERT INTO Health (id, account, last_date, last_time, temperature) VALUES (174, '372185198603294211', '20200308', '22:45:11', 37.4);
INSERT INTO Health (id, account, last_date, last_time, temperature) VALUES (175, '315057195907022241', '20200510', '16:31:20', 37.4);
INSERT INTO Health (id, account, last_date, last_time, temperature) VALUES (176, '122886197211198883', '20200422', '11:54:57', 35.9);
INSERT INTO Health (id, account, last_date, last_time, temperature) VALUES (177, '320597198502274058', '20200412', '04:24:10', 36.7);
INSERT INTO Health (id, account, last_date, last_time, temperature) VALUES (178, '323615193611304290', '20200326', '15:58:35', 35.5);
INSERT INTO Health (id, account, last_date, last_time, temperature) VALUES (179, '110425193009034421', '20200212', '10:54:33', 35.1);
INSERT INTO Health (id, account, last_date, last_time, temperature) VALUES (180, '653416201401258050', '20200222', '21:26:12', 36.4);
INSERT INTO Health (id, account, last_date, last_time, temperature) VALUES (181, '232934196708319940', '20200510', '09:43:28', 37.3);
INSERT INTO Health (id, account, last_date, last_time, temperature) VALUES (182, '333907197804088721', '20200206', '06:07:02', 35.6);
INSERT INTO Health (id, account, last_date, last_time, temperature) VALUES (183, '634070197211237041', '20200403', '19:43:12', 35.5);
INSERT INTO Health (id, account, last_date, last_time, temperature) VALUES (184, '37354219821228008X', '20200426', '10:42:51', 37.1);
INSERT INTO Health (id, account, last_date, last_time, temperature) VALUES (185, '330228195003091533', '20200206', '01:08:22', 36.3);
INSERT INTO Health (id, account, last_date, last_time, temperature) VALUES (186, '322230198704102917', '20200412', '10:44:06', 37.3);
INSERT INTO Health (id, account, last_date, last_time, temperature) VALUES (187, '443428194604077463', '20200321', '11:18:40', 36.1);
INSERT INTO Health (id, account, last_date, last_time, temperature) VALUES (188, '36280219260125254X', '20200401', '15:50:13', 37.3);
INSERT INTO Health (id, account, last_date, last_time, temperature) VALUES (189, '211941194810170554', '20200424', '12:47:47', 36.3);
INSERT INTO Health (id, account, last_date, last_time, temperature) VALUES (190, '460980194211190365', '20200421', '03:21:37', 35.3);
INSERT INTO Health (id, account, last_date, last_time, temperature) VALUES (191, '644909198802288731', '20200226', '11:20:59', 35.2);
INSERT INTO Health (id, account, last_date, last_time, temperature) VALUES (192, '311662195002207909', '20200227', '06:58:35', 37);
INSERT INTO Health (id, account, last_date, last_time, temperature) VALUES (193, '523092193604123287', '20200330', '10:17:42', 35.7);
INSERT INTO Health (id, account, last_date, last_time, temperature) VALUES (194, '500443192809253951', '20200330', '09:26:33', 35.4);
INSERT INTO Health (id, account, last_date, last_time, temperature) VALUES (195, '624543196411253487', '20200213', '02:27:27', 36.8);
INSERT INTO Health (id, account, last_date, last_time, temperature) VALUES (196, '644624196102189078', '20200424', '06:50:42', 36.2);
INSERT INTO Health (id, account, last_date, last_time, temperature) VALUES (197, '360129195908055853', '20200222', '20:48:38', 36.5);
INSERT INTO Health (id, account, last_date, last_time, temperature) VALUES (198, '12109019660310954X', '20200202', '05:35:40', 37.4);
INSERT INTO Health (id, account, last_date, last_time, temperature) VALUES (199, '611680199301059041', '20200301', '08:24:22', 35.6);
INSERT INTO Health (id, account, last_date, last_time, temperature) VALUES (200, '643109196908081867', '20200525', '00:22:51', 35);
INSERT INTO Health (id, account, last_date, last_time, temperature) VALUES (201, '640588193912066431', '20200303', '01:09:52', 36.1);
INSERT INTO Health (id, account, last_date, last_time, temperature) VALUES (202, '342396200704231805', '20200212', '14:28:26', 36);
INSERT INTO Health (id, account, last_date, last_time, temperature) VALUES (203, '821829193406107259', '20200520', '22:04:42', 37);
INSERT INTO Health (id, account, last_date, last_time, temperature) VALUES (204, '541277201403062028', '20200404', '18:14:29', 36);
INSERT INTO Health (id, account, last_date, last_time, temperature) VALUES (205, '640434192810024535', '20200410', '01:37:00', 37.2);
INSERT INTO Health (id, account, last_date, last_time, temperature) VALUES (206, '502455201203250946', '20200209', '05:45:05', 35.6);
INSERT INTO Health (id, account, last_date, last_time, temperature) VALUES (207, '422643193705206197', '20200402', '11:13:40', 35);
INSERT INTO Health (id, account, last_date, last_time, temperature) VALUES (208, '112408197403175774', '20200210', '14:51:11', 35);
INSERT INTO Health (id, account, last_date, last_time, temperature) VALUES (209, '454741194508165154', '20200212', '05:11:42', 37.2);
INSERT INTO Health (id, account, last_date, last_time, temperature) VALUES (210, '441828199309277222', '20200524', '08:27:59', 35.9);
INSERT INTO Health (id, account, last_date, last_time, temperature) VALUES (211, '321534196502250868', '20200313', '23:49:31', 37.1);
INSERT INTO Health (id, account, last_date, last_time, temperature) VALUES (212, '713175200506089901', '20200330', '12:55:00', 36.8);
INSERT INTO Health (id, account, last_date, last_time, temperature) VALUES (213, '132794193210311208', '20200517', '12:10:13', 36.7);
INSERT INTO Health (id, account, last_date, last_time, temperature) VALUES (214, '15213319250216982X', '20200203', '01:08:46', 37);
INSERT INTO Health (id, account, last_date, last_time, temperature) VALUES (215, '23122619310127251X', '20200430', '19:51:17', 35.1);
INSERT INTO Health (id, account, last_date, last_time, temperature) VALUES (216, '543797193202219744', '20200310', '02:55:21', 35.2);
INSERT INTO Health (id, account, last_date, last_time, temperature) VALUES (217, '124749199009152881', '20200524', '06:40:55', 36.1);
INSERT INTO Health (id, account, last_date, last_time, temperature) VALUES (218, '361717200102227406', '20200207', '16:02:28', 36.5);
INSERT INTO Health (id, account, last_date, last_time, temperature) VALUES (219, '313931196808162103', '20200516', '06:19:00', 35.2);
INSERT INTO Health (id, account, last_date, last_time, temperature) VALUES (220, '510217197207224758', '20200502', '10:40:58', 35.7);
INSERT INTO Health (id, account, last_date, last_time, temperature) VALUES (221, '153369199008025548', '20200526', '20:20:26', 37.7);
INSERT INTO Health (id, account, last_date, last_time, temperature) VALUES (222, '41368019800420930X', '20200518', '19:47:30', 35);
INSERT INTO Health (id, account, last_date, last_time, temperature) VALUES (223, '31332919241230513X', '20200319', '08:32:57', 35.4);
INSERT INTO Health (id, account, last_date, last_time, temperature) VALUES (224, '524145194402082035', '20200301', '04:41:39', 36.3);
INSERT INTO Health (id, account, last_date, last_time, temperature) VALUES (225, '32471919450516083X', '20200209', '04:10:03', 35.9);
INSERT INTO Health (id, account, last_date, last_time, temperature) VALUES (226, '815018198708125258', '20200306', '04:33:19', 37);
INSERT INTO Health (id, account, last_date, last_time, temperature) VALUES (227, '610911196110111257', '20200509', '10:28:52', 36.5);
INSERT INTO Health (id, account, last_date, last_time, temperature) VALUES (228, '46112219290720553X', '20200304', '14:13:48', 35.4);
INSERT INTO Health (id, account, last_date, last_time, temperature) VALUES (229, '412794195004056889', '20200415', '01:01:57', 36);
INSERT INTO Health (id, account, last_date, last_time, temperature) VALUES (230, '210536195710109593', '20200322', '03:27:09', 35.9);
INSERT INTO Health (id, account, last_date, last_time, temperature) VALUES (231, '414949194606116125', '20200528', '18:30:57', 35);
INSERT INTO Health (id, account, last_date, last_time, temperature) VALUES (232, '310340199804214924', '20200209', '18:38:08', 35.7);
INSERT INTO Health (id, account, last_date, last_time, temperature) VALUES (233, '151070200205189891', '20200305', '16:07:58', 36.3);
INSERT INTO Health (id, account, last_date, last_time, temperature) VALUES (234, '623088195908089837', '20200302', '22:48:58', 36.9);
INSERT INTO Health (id, account, last_date, last_time, temperature) VALUES (235, '502562195004131571', '20200523', '03:46:19', 37.2);
INSERT INTO Health (id, account, last_date, last_time, temperature) VALUES (236, '360277199110102303', '20200401', '23:23:20', 37);
INSERT INTO Health (id, account, last_date, last_time, temperature) VALUES (237, '821439198310211982', '20200327', '11:15:05', 35.3);
INSERT INTO Health (id, account, last_date, last_time, temperature) VALUES (238, '644971200805059247', '20200504', '23:26:31', 36.6);
INSERT INTO Health (id, account, last_date, last_time, temperature) VALUES (239, '50111019581205146X', '20200227', '10:44:43', 36.5);
INSERT INTO Health (id, account, last_date, last_time, temperature) VALUES (240, '344478198308044179', '20200409', '14:07:48', 35.6);
INSERT INTO Health (id, account, last_date, last_time, temperature) VALUES (241, '223654195010190527', '20200425', '09:57:29', 35.2);
INSERT INTO Health (id, account, last_date, last_time, temperature) VALUES (242, '122861195202238555', '20200210', '21:08:36', 37.3);
INSERT INTO Health (id, account, last_date, last_time, temperature) VALUES (243, '522289192704257530', '20200421', '09:52:06', 35.2);
INSERT INTO Health (id, account, last_date, last_time, temperature) VALUES (244, '133283193809099010', '20200429', '06:00:00', 36.7);
INSERT INTO Health (id, account, last_date, last_time, temperature) VALUES (245, '63372319510621421X', '20200506', '19:58:51', 36.8);
INSERT INTO Health (id, account, last_date, last_time, temperature) VALUES (246, '371938195305315476', '20200211', '09:46:29', 36.3);
INSERT INTO Health (id, account, last_date, last_time, temperature) VALUES (247, '134303193702242118', '20200316', '15:42:49', 37.4);
INSERT INTO Health (id, account, last_date, last_time, temperature) VALUES (248, '461672199808155899', '20200211', '15:09:44', 35.9);
INSERT INTO Health (id, account, last_date, last_time, temperature) VALUES (249, '443004200003258160', '20200317', '07:00:11', 35.5);
INSERT INTO Health (id, account, last_date, last_time, temperature) VALUES (250, '411443195404128113', '20200526', '10:04:37', 36);
INSERT INTO Health (id, account, last_date, last_time, temperature) VALUES (251, '650236193310086747', '20200317', '04:31:23', 35.8);
INSERT INTO Health (id, account, last_date, last_time, temperature) VALUES (252, '113630200608044540', '20200328', '18:54:23', 35.5);
INSERT INTO Health (id, account, last_date, last_time, temperature) VALUES (253, '654322199111083252', '20200228', '23:00:32', 36.9);
INSERT INTO Health (id, account, last_date, last_time, temperature) VALUES (254, '152946200410247325', '20200208', '16:22:58', 37.4);
INSERT INTO Health (id, account, last_date, last_time, temperature) VALUES (255, '210885195302075191', '20200319', '01:17:43', 36.9);
INSERT INTO Health (id, account, last_date, last_time, temperature) VALUES (256, '620422194705151208', '20200311', '13:19:18', 35);
INSERT INTO Health (id, account, last_date, last_time, temperature) VALUES (257, '652310194704198574', '20200205', '19:46:44', 38.2);
INSERT INTO Health (id, account, last_date, last_time, temperature) VALUES (258, '821235196212188714', '20200215', '11:20:30', 35);
INSERT INTO Health (id, account, last_date, last_time, temperature) VALUES (259, '340956196306219057', '20200423', '13:21:04', 36.6);
INSERT INTO Health (id, account, last_date, last_time, temperature) VALUES (260, '340646198304075223', '20200222', '19:57:10', 35.4);
INSERT INTO Health (id, account, last_date, last_time, temperature) VALUES (261, '520571200308060615', '20200319', '01:19:29', 36.1);
INSERT INTO Health (id, account, last_date, last_time, temperature) VALUES (262, '540228196009058512', '20200501', '04:22:42', 37.9);
INSERT INTO Health (id, account, last_date, last_time, temperature) VALUES (263, '824123194108077156', '20200201', '01:48:55', 36.9);
INSERT INTO Health (id, account, last_date, last_time, temperature) VALUES (264, '611406193507126306', '20200322', '09:46:12', 35.2);
INSERT INTO Health (id, account, last_date, last_time, temperature) VALUES (265, '713941192503204724', '20200402', '19:37:00', 35.1);
INSERT INTO Health (id, account, last_date, last_time, temperature) VALUES (266, '211671201012248918', '20200309', '18:28:22', 36.1);
INSERT INTO Health (id, account, last_date, last_time, temperature) VALUES (267, '371540194407219538', '20200509', '19:08:04', 35.9);
INSERT INTO Health (id, account, last_date, last_time, temperature) VALUES (268, '143844197812275680', '20200327', '17:39:55', 36.8);
INSERT INTO Health (id, account, last_date, last_time, temperature) VALUES (269, '533618197207091029', '20200310', '01:54:49', 36.7);
INSERT INTO Health (id, account, last_date, last_time, temperature) VALUES (270, '620401197508187622', '20200414', '06:59:37', 37.3);
INSERT INTO Health (id, account, last_date, last_time, temperature) VALUES (271, '611332193604035007', '20200524', '21:23:47', 37.4);
INSERT INTO Health (id, account, last_date, last_time, temperature) VALUES (272, '462311198102173570', '20200213', '18:56:58', 36.2);
INSERT INTO Health (id, account, last_date, last_time, temperature) VALUES (273, '655092201206291149', '20200225', '01:04:40', 35.3);
INSERT INTO Health (id, account, last_date, last_time, temperature) VALUES (274, '54356920111209606X', '20200426', '06:57:41', 36.5);
INSERT INTO Health (id, account, last_date, last_time, temperature) VALUES (275, '222851196302197825', '20200501', '22:24:24', 37.4);
INSERT INTO Health (id, account, last_date, last_time, temperature) VALUES (276, '344774198301185791', '20200401', '04:10:12', 37.2);
INSERT INTO Health (id, account, last_date, last_time, temperature) VALUES (277, '442909195306255246', '20200528', '21:33:44', 36.3);
INSERT INTO Health (id, account, last_date, last_time, temperature) VALUES (278, '231645198511124115', '20200207', '12:55:28', 35.1);
INSERT INTO Health (id, account, last_date, last_time, temperature) VALUES (279, '124261193003209401', '20200321', '07:14:50', 35.9);
INSERT INTO Health (id, account, last_date, last_time, temperature) VALUES (280, '114867195106225385', '20200529', '16:51:22', 35.5);
INSERT INTO Health (id, account, last_date, last_time, temperature) VALUES (281, '434125197402274494', '20200217', '05:28:27', 37.3);
INSERT INTO Health (id, account, last_date, last_time, temperature) VALUES (282, '653289201207028201', '20200306', '08:18:51', 36.2);
INSERT INTO Health (id, account, last_date, last_time, temperature) VALUES (283, '214364193209097110', '20200511', '07:59:07', 35.7);
INSERT INTO Health (id, account, last_date, last_time, temperature) VALUES (284, '320386195709122209', '20200530', '13:01:44', 37.2);
INSERT INTO Health (id, account, last_date, last_time, temperature) VALUES (285, '442142192411032508', '20200407', '15:17:31', 37.4);
INSERT INTO Health (id, account, last_date, last_time, temperature) VALUES (286, '623921195006284991', '20200322', '00:32:10', 36.9);
INSERT INTO Health (id, account, last_date, last_time, temperature) VALUES (287, '71147519511223025X', '20200405', '14:38:41', 36);
INSERT INTO Health (id, account, last_date, last_time, temperature) VALUES (288, '342083198105040057', '20200323', '19:06:34', 36.2);
INSERT INTO Health (id, account, last_date, last_time, temperature) VALUES (289, '710555196303075469', '20200210', '05:11:01', 37.4);
INSERT INTO Health (id, account, last_date, last_time, temperature) VALUES (290, '61380819340331408X', '20200221', '14:59:13', 36.5);
INSERT INTO Health (id, account, last_date, last_time, temperature) VALUES (291, '372253199810034136', '20200322', '05:19:05', 37.1);
INSERT INTO Health (id, account, last_date, last_time, temperature) VALUES (292, '111134194511280379', '20200404', '03:12:04', 36);
INSERT INTO Health (id, account, last_date, last_time, temperature) VALUES (293, '823928195002150457', '20200511', '06:00:21', 36.2);
INSERT INTO Health (id, account, last_date, last_time, temperature) VALUES (294, '222852199501227297', '20200313', '02:42:43', 35.4);
INSERT INTO Health (id, account, last_date, last_time, temperature) VALUES (295, '410172193009060761', '20200425', '19:38:34', 35.8);
INSERT INTO Health (id, account, last_date, last_time, temperature) VALUES (296, '374755197302097367', '20200402', '04:50:45', 36.6);
INSERT INTO Health (id, account, last_date, last_time, temperature) VALUES (297, '373326197306070018', '20200504', '03:51:06', 36);
INSERT INTO Health (id, account, last_date, last_time, temperature) VALUES (298, '642456201012263250', '20200406', '02:48:02', 36.8);
INSERT INTO Health (id, account, last_date, last_time, temperature) VALUES (299, '452222199405270585', '20200531', '16:23:22', 37.4);
INSERT INTO Health (id, account, last_date, last_time, temperature) VALUES (300, '233747192310189691', '20200301', '14:23:38', 36.6);
INSERT INTO Health (id, account, last_date, last_time, temperature) VALUES (301, '361227196007168770', '20200224', '19:36:22', 37.4);
INSERT INTO Health (id, account, last_date, last_time, temperature) VALUES (302, '462289197103064201', '20200309', '08:27:40', 35);
INSERT INTO Health (id, account, last_date, last_time, temperature) VALUES (303, '532764194511010889', '20200425', '04:22:07', 36.5);
INSERT INTO Health (id, account, last_date, last_time, temperature) VALUES (304, '500920197304036364', '20200516', '01:29:55', 35.7);
INSERT INTO Health (id, account, last_date, last_time, temperature) VALUES (305, '504125198901056242', '20200324', '14:35:31', 36.4);
INSERT INTO Health (id, account, last_date, last_time, temperature) VALUES (306, '331614199406129486', '20200520', '19:14:38', 35.7);
INSERT INTO Health (id, account, last_date, last_time, temperature) VALUES (307, '114963201409085455', '20200223', '16:43:50', 36.6);
INSERT INTO Health (id, account, last_date, last_time, temperature) VALUES (308, '42104719580616512X', '20200525', '22:27:16', 37.2);
INSERT INTO Health (id, account, last_date, last_time, temperature) VALUES (309, '434951201108196232', '20200221', '20:01:02', 36.4);
INSERT INTO Health (id, account, last_date, last_time, temperature) VALUES (310, '23106519510802120X', '20200203', '04:05:59', 35.4);
INSERT INTO Health (id, account, last_date, last_time, temperature) VALUES (311, '321386193306151922', '20200228', '19:02:43', 36.2);
INSERT INTO Health (id, account, last_date, last_time, temperature) VALUES (312, '633492198008101559', '20200408', '13:13:17', 35);
INSERT INTO Health (id, account, last_date, last_time, temperature) VALUES (313, '364018195803011350', '20200528', '14:08:51', 36.1);
INSERT INTO Health (id, account, last_date, last_time, temperature) VALUES (314, '522525195104304388', '20200521', '10:40:25', 36);
INSERT INTO Health (id, account, last_date, last_time, temperature) VALUES (315, '122227198401308095', '20200319', '22:55:34', 36.4);
INSERT INTO Health (id, account, last_date, last_time, temperature) VALUES (316, '460136192509123315', '20200218', '20:11:17', 37);
INSERT INTO Health (id, account, last_date, last_time, temperature) VALUES (317, '634408196806207783', '20200529', '19:13:22', 36.4);
INSERT INTO Health (id, account, last_date, last_time, temperature) VALUES (318, '211774201402047021', '20200424', '13:23:38', 36.5);
INSERT INTO Health (id, account, last_date, last_time, temperature) VALUES (319, '230947194310081168', '20200417', '15:54:59', 36.2);
INSERT INTO Health (id, account, last_date, last_time, temperature) VALUES (320, '362842194309165447', '20200324', '21:21:49', 36.9);
INSERT INTO Health (id, account, last_date, last_time, temperature) VALUES (321, '613526195405147394', '20200207', '11:44:02', 36.1);
INSERT INTO Health (id, account, last_date, last_time, temperature) VALUES (322, '131372201112299985', '20200526', '05:50:44', 35.5);
INSERT INTO Health (id, account, last_date, last_time, temperature) VALUES (323, '514121201012127315', '20200308', '00:40:25', 37.1);
INSERT INTO Health (id, account, last_date, last_time, temperature) VALUES (324, '513235195907022777', '20200323', '15:19:38', 36.6);
INSERT INTO Health (id, account, last_date, last_time, temperature) VALUES (325, '125055194305122697', '20200303', '15:10:40', 35);
INSERT INTO Health (id, account, last_date, last_time, temperature) VALUES (326, '541185195006225610', '20200514', '11:29:21', 36.3);
INSERT INTO Health (id, account, last_date, last_time, temperature) VALUES (327, '234241197111064217', '20200228', '17:11:17', 36.3);
INSERT INTO Health (id, account, last_date, last_time, temperature) VALUES (328, '630567197406254240', '20200511', '02:17:45', 36.2);
INSERT INTO Health (id, account, last_date, last_time, temperature) VALUES (329, '333871192811129950', '20200207', '06:53:32', 36.5);
INSERT INTO Health (id, account, last_date, last_time, temperature) VALUES (330, '230439192402146346', '20200413', '14:09:57', 35.1);
INSERT INTO Health (id, account, last_date, last_time, temperature) VALUES (331, '443906199409205490', '20200515', '08:49:27', 36);
INSERT INTO Health (id, account, last_date, last_time, temperature) VALUES (332, '540912196709221302', '20200310', '23:48:37', 35.8);
INSERT INTO Health (id, account, last_date, last_time, temperature) VALUES (333, '501175196509152762', '20200530', '00:35:06', 37.7);
INSERT INTO Health (id, account, last_date, last_time, temperature) VALUES (334, '431243195208161900', '20200202', '23:28:54', 35.9);
INSERT INTO Health (id, account, last_date, last_time, temperature) VALUES (335, '712980200701127887', '20200224', '07:52:59', 37.3);
INSERT INTO Health (id, account, last_date, last_time, temperature) VALUES (336, '142940199804091075', '20200311', '13:06:05', 36.2);
INSERT INTO Health (id, account, last_date, last_time, temperature) VALUES (337, '515054192804190364', '20200521', '06:06:18', 37.9);
INSERT INTO Health (id, account, last_date, last_time, temperature) VALUES (338, '650355194410234753', '20200221', '04:19:26', 37);
INSERT INTO Health (id, account, last_date, last_time, temperature) VALUES (339, '824021195406156881', '20200408', '14:54:33', 37.4);
INSERT INTO Health (id, account, last_date, last_time, temperature) VALUES (340, '513034196507225759', '20200203', '21:12:04', 37.1);
INSERT INTO Health (id, account, last_date, last_time, temperature) VALUES (341, '354744196503262340', '20200228', '23:40:00', 35.1);
INSERT INTO Health (id, account, last_date, last_time, temperature) VALUES (342, '544154196603175053', '20200223', '07:19:19', 35.7);
INSERT INTO Health (id, account, last_date, last_time, temperature) VALUES (343, '371179201210133627', '20200221', '19:18:44', 37);
INSERT INTO Health (id, account, last_date, last_time, temperature) VALUES (344, '634845192501152796', '20200316', '21:19:51', 35.1);
INSERT INTO Health (id, account, last_date, last_time, temperature) VALUES (345, '824856198403048703', '20200420', '03:36:55', 35.8);
INSERT INTO Health (id, account, last_date, last_time, temperature) VALUES (346, '640193200006166153', '20200405', '00:46:27', 36.5);
INSERT INTO Health (id, account, last_date, last_time, temperature) VALUES (347, '622859195911036670', '20200529', '16:39:45', 37.3);
INSERT INTO Health (id, account, last_date, last_time, temperature) VALUES (348, '444502197005228029', '20200409', '07:29:18', 36.1);
INSERT INTO Health (id, account, last_date, last_time, temperature) VALUES (349, '353448198708306854', '20200221', '19:10:28', 35.9);
INSERT INTO Health (id, account, last_date, last_time, temperature) VALUES (350, '311938196701035521', '20200525', '21:14:23', 35.6);
INSERT INTO Health (id, account, last_date, last_time, temperature) VALUES (351, '613854192410231637', '20200502', '12:27:00', 35.6);
INSERT INTO Health (id, account, last_date, last_time, temperature) VALUES (352, '431913197508273170', '20200303', '11:16:21', 36.7);
INSERT INTO Health (id, account, last_date, last_time, temperature) VALUES (353, '371486199710076699', '20200227', '06:45:03', 37.4);
INSERT INTO Health (id, account, last_date, last_time, temperature) VALUES (354, '223904196310272077', '20200503', '00:57:26', 37);
INSERT INTO Health (id, account, last_date, last_time, temperature) VALUES (355, '370140196912249398', '20200227', '00:45:05', 36.7);
INSERT INTO Health (id, account, last_date, last_time, temperature) VALUES (356, '341675199701233620', '20200210', '23:31:16', 35.2);
INSERT INTO Health (id, account, last_date, last_time, temperature) VALUES (357, '312462193411242129', '20200227', '04:07:52', 35.5);
INSERT INTO Health (id, account, last_date, last_time, temperature) VALUES (358, '533926194701042427', '20200323', '16:05:50', 37.2);
INSERT INTO Health (id, account, last_date, last_time, temperature) VALUES (359, '333596194211210792', '20200314', '11:41:04', 36.1);
INSERT INTO Health (id, account, last_date, last_time, temperature) VALUES (360, '154532197907281292', '20200324', '21:05:30', 36.1);
INSERT INTO Health (id, account, last_date, last_time, temperature) VALUES (361, '213737199704185391', '20200314', '21:19:35', 36.5);
INSERT INTO Health (id, account, last_date, last_time, temperature) VALUES (362, '650299196908193368', '20200519', '22:41:41', 36.4);
INSERT INTO Health (id, account, last_date, last_time, temperature) VALUES (363, '312966199302207350', '20200510', '21:39:29', 35.4);
INSERT INTO Health (id, account, last_date, last_time, temperature) VALUES (364, '323875198012136315', '20200208', '20:56:16', 36);
INSERT INTO Health (id, account, last_date, last_time, temperature) VALUES (365, '612154193512171190', '20200404', '10:17:19', 35.8);
INSERT INTO Health (id, account, last_date, last_time, temperature) VALUES (366, '652443200611118832', '20200520', '01:56:36', 36.3);
INSERT INTO Health (id, account, last_date, last_time, temperature) VALUES (367, '151371201409129385', '20200510', '22:15:39', 37.2);
INSERT INTO Health (id, account, last_date, last_time, temperature) VALUES (368, '511859195707278982', '20200525', '13:07:34', 38.1);
INSERT INTO Health (id, account, last_date, last_time, temperature) VALUES (369, '360159198209174586', '20200307', '02:25:09', 35.3);
INSERT INTO Health (id, account, last_date, last_time, temperature) VALUES (370, '434835201209035717', '20200419', '09:24:31', 35.8);
INSERT INTO Health (id, account, last_date, last_time, temperature) VALUES (371, '504741193808061819', '20200525', '23:25:47', 35.2);
INSERT INTO Health (id, account, last_date, last_time, temperature) VALUES (372, '332496194409285255', '20200221', '23:38:00', 35.6);
INSERT INTO Health (id, account, last_date, last_time, temperature) VALUES (373, '413265194312122678', '20200211', '22:43:01', 36.1);
INSERT INTO Health (id, account, last_date, last_time, temperature) VALUES (374, '143609194410168573', '20200204', '07:04:42', 36.6);
INSERT INTO Health (id, account, last_date, last_time, temperature) VALUES (375, '325012192706291642', '20200508', '15:05:09', 36.4);
INSERT INTO Health (id, account, last_date, last_time, temperature) VALUES (376, '52302120010628905X', '20200329', '18:37:22', 35);
INSERT INTO Health (id, account, last_date, last_time, temperature) VALUES (377, '621324194607144866', '20200326', '05:40:31', 36.7);
INSERT INTO Health (id, account, last_date, last_time, temperature) VALUES (378, '824545194408056223', '20200218', '02:32:20', 36.3);
INSERT INTO Health (id, account, last_date, last_time, temperature) VALUES (379, '313031200205127718', '20200329', '07:24:13', 36.4);
INSERT INTO Health (id, account, last_date, last_time, temperature) VALUES (380, '232652193101236564', '20200224', '22:24:03', 35);
INSERT INTO Health (id, account, last_date, last_time, temperature) VALUES (381, '421525200908055818', '20200405', '07:26:15', 37.1);
INSERT INTO Health (id, account, last_date, last_time, temperature) VALUES (382, '500525194808050508', '20200224', '02:16:39', 36.6);
INSERT INTO Health (id, account, last_date, last_time, temperature) VALUES (383, '63436119690512839X', '20200512', '06:28:54', 36.1);
INSERT INTO Health (id, account, last_date, last_time, temperature) VALUES (384, '543875199308030985', '20200427', '12:03:16', 35.2);
INSERT INTO Health (id, account, last_date, last_time, temperature) VALUES (385, '814989201203011627', '20200517', '20:26:28', 37);
INSERT INTO Health (id, account, last_date, last_time, temperature) VALUES (386, '651017201103013115', '20200426', '23:48:29', 37.6);
INSERT INTO Health (id, account, last_date, last_time, temperature) VALUES (387, '213968194901193822', '20200502', '12:30:30', 36.3);
INSERT INTO Health (id, account, last_date, last_time, temperature) VALUES (388, '520335197609231958', '20200412', '11:06:06', 37.3);
INSERT INTO Health (id, account, last_date, last_time, temperature) VALUES (389, '631613200701280947', '20200406', '05:05:12', 35.7);
INSERT INTO Health (id, account, last_date, last_time, temperature) VALUES (390, '432489198210273368', '20200529', '02:40:27', 35);
INSERT INTO Health (id, account, last_date, last_time, temperature) VALUES (391, '823162197101204290', '20200515', '09:35:27', 35);
INSERT INTO Health (id, account, last_date, last_time, temperature) VALUES (392, '511616196006137148', '20200408', '04:33:22', 36.6);
INSERT INTO Health (id, account, last_date, last_time, temperature) VALUES (393, '632774197107298195', '20200424', '09:05:29', 36);
INSERT INTO Health (id, account, last_date, last_time, temperature) VALUES (394, '232623199109042251', '20200531', '18:37:21', 35.3);
INSERT INTO Health (id, account, last_date, last_time, temperature) VALUES (395, '822753198803239712', '20200221', '06:13:42', 36);
INSERT INTO Health (id, account, last_date, last_time, temperature) VALUES (396, '503878200401231199', '20200213', '14:24:35', 37.3);
INSERT INTO Health (id, account, last_date, last_time, temperature) VALUES (397, '512932193206162884', '20200404', '08:56:00', 38.3);
INSERT INTO Health (id, account, last_date, last_time, temperature) VALUES (398, '114124192608161997', '20200412', '15:21:02', 36.5);
INSERT INTO Health (id, account, last_date, last_time, temperature) VALUES (399, '42384219311119099X', '20200320', '10:42:23', 36.4);
INSERT INTO Health (id, account, last_date, last_time, temperature) VALUES (400, '52085619940612402X', '20200314', '17:36:32', 36.8);
INSERT INTO Health (id, account, last_date, last_time, temperature) VALUES (401, '334283201105254340', '20200531', '19:08:36', 36.6);
INSERT INTO Health (id, account, last_date, last_time, temperature) VALUES (402, '441267193602102504', '20200522', '10:41:08', 35);
INSERT INTO Health (id, account, last_date, last_time, temperature) VALUES (403, '643059195307024592', '20200225', '05:20:49', 37.3);
INSERT INTO Health (id, account, last_date, last_time, temperature) VALUES (404, '624752197005238371', '20200325', '13:03:20', 35.7);
INSERT INTO Health (id, account, last_date, last_time, temperature) VALUES (405, '414162192907219265', '20200330', '09:31:07', 37.4);
INSERT INTO Health (id, account, last_date, last_time, temperature) VALUES (406, '821739193212228729', '20200204', '10:18:17', 36.8);
INSERT INTO Health (id, account, last_date, last_time, temperature) VALUES (407, '360657200704248185', '20200517', '23:45:58', 36.1);
INSERT INTO Health (id, account, last_date, last_time, temperature) VALUES (408, '411478199009168080', '20200227', '11:18:04', 37.1);
INSERT INTO Health (id, account, last_date, last_time, temperature) VALUES (409, '653696196701307818', '20200526', '18:04:11', 35.9);
INSERT INTO Health (id, account, last_date, last_time, temperature) VALUES (410, '821704200010019335', '20200514', '16:26:22', 35.4);
INSERT INTO Health (id, account, last_date, last_time, temperature) VALUES (411, '421192194709163225', '20200508', '09:36:56', 38.2);
INSERT INTO Health (id, account, last_date, last_time, temperature) VALUES (412, '342546200008138228', '20200325', '02:06:40', 37.4);
INSERT INTO Health (id, account, last_date, last_time, temperature) VALUES (413, '714580194705056799', '20200524', '23:06:33', 35.5);
INSERT INTO Health (id, account, last_date, last_time, temperature) VALUES (414, '133786194902126492', '20200327', '02:43:43', 35.5);
INSERT INTO Health (id, account, last_date, last_time, temperature) VALUES (415, '463946194208144461', '20200210', '03:09:56', 35.1);
INSERT INTO Health (id, account, last_date, last_time, temperature) VALUES (416, '45278319390409629X', '20200423', '10:02:00', 35.2);
INSERT INTO Health (id, account, last_date, last_time, temperature) VALUES (417, '364073198709253219', '20200529', '22:59:17', 35.3);
INSERT INTO Health (id, account, last_date, last_time, temperature) VALUES (418, '421989199310136015', '20200402', '02:27:16', 35);
INSERT INTO Health (id, account, last_date, last_time, temperature) VALUES (419, '341380196310104789', '20200427', '19:23:46', 35.9);
INSERT INTO Health (id, account, last_date, last_time, temperature) VALUES (420, '813848198809132331', '20200310', '20:09:24', 37.3);
INSERT INTO Health (id, account, last_date, last_time, temperature) VALUES (421, '142826199310059740', '20200213', '18:30:47', 35);
INSERT INTO Health (id, account, last_date, last_time, temperature) VALUES (422, '370373197810074069', '20200320', '23:36:36', 37.1);
INSERT INTO Health (id, account, last_date, last_time, temperature) VALUES (423, '113957197704086416', '20200226', '03:56:34', 36.8);
INSERT INTO Health (id, account, last_date, last_time, temperature) VALUES (424, '630860199503228160', '20200529', '23:09:31', 37.3);
INSERT INTO Health (id, account, last_date, last_time, temperature) VALUES (425, '152770197007273323', '20200418', '08:39:31', 36.1);
INSERT INTO Health (id, account, last_date, last_time, temperature) VALUES (426, '825054193904085945', '20200207', '18:17:05', 37.2);
INSERT INTO Health (id, account, last_date, last_time, temperature) VALUES (427, '460799193708143524', '20200216', '18:43:31', 36);
INSERT INTO Health (id, account, last_date, last_time, temperature) VALUES (428, '420229192812250247', '20200202', '19:09:06', 37);
INSERT INTO Health (id, account, last_date, last_time, temperature) VALUES (429, '811930192810200001', '20200321', '02:34:40', 35.6);
INSERT INTO Health (id, account, last_date, last_time, temperature) VALUES (430, '714247199603097700', '20200308', '02:46:29', 36);
INSERT INTO Health (id, account, last_date, last_time, temperature) VALUES (431, '612943193104244013', '20200216', '17:24:19', 36.3);
INSERT INTO Health (id, account, last_date, last_time, temperature) VALUES (432, '411787194712107710', '20200531', '00:52:29', 36);
INSERT INTO Health (id, account, last_date, last_time, temperature) VALUES (433, '444834195302182681', '20200320', '07:27:32', 36.2);
INSERT INTO Health (id, account, last_date, last_time, temperature) VALUES (434, '412141200607025308', '20200319', '07:30:25', 36);
INSERT INTO Health (id, account, last_date, last_time, temperature) VALUES (435, '634983199606068107', '20200318', '14:08:56', 36.2);
INSERT INTO Health (id, account, last_date, last_time, temperature) VALUES (436, '224939201202109128', '20200409', '07:48:12', 36.1);
INSERT INTO Health (id, account, last_date, last_time, temperature) VALUES (437, '614235195502035478', '20200313', '00:14:41', 35.9);
INSERT INTO Health (id, account, last_date, last_time, temperature) VALUES (438, '34180119510718615X', '20200220', '02:35:20', 35);
INSERT INTO Health (id, account, last_date, last_time, temperature) VALUES (439, '142245195706163335', '20200515', '20:37:43', 36);
INSERT INTO Health (id, account, last_date, last_time, temperature) VALUES (440, '223599194306023620', '20200529', '23:36:15', 35.2);
INSERT INTO Health (id, account, last_date, last_time, temperature) VALUES (441, '21508319601229651X', '20200422', '19:36:11', 36.2);
INSERT INTO Health (id, account, last_date, last_time, temperature) VALUES (442, '714666196502102416', '20200326', '18:40:32', 35.6);
INSERT INTO Health (id, account, last_date, last_time, temperature) VALUES (443, '641521198908028794', '20200316', '08:12:20', 35.7);
INSERT INTO Health (id, account, last_date, last_time, temperature) VALUES (444, '423245192803244652', '20200509', '01:48:33', 36.3);
INSERT INTO Health (id, account, last_date, last_time, temperature) VALUES (445, '641434198812272092', '20200213', '02:31:04', 36.6);
INSERT INTO Health (id, account, last_date, last_time, temperature) VALUES (446, '422631198812059533', '20200417', '07:01:59', 36.1);
INSERT INTO Health (id, account, last_date, last_time, temperature) VALUES (447, '612477198201180892', '20200319', '04:49:22', 36.1);
INSERT INTO Health (id, account, last_date, last_time, temperature) VALUES (448, '370661192906196672', '20200428', '12:32:39', 35.5);
INSERT INTO Health (id, account, last_date, last_time, temperature) VALUES (449, '502959200712025020', '20200516', '21:44:03', 36.6);
INSERT INTO Health (id, account, last_date, last_time, temperature) VALUES (450, '63103319600423545X', '20200327', '09:14:47', 36.2);
INSERT INTO Health (id, account, last_date, last_time, temperature) VALUES (451, '125089198812286277', '20200324', '07:45:18', 35.5);
INSERT INTO Health (id, account, last_date, last_time, temperature) VALUES (452, '344007199003229092', '20200221', '16:09:34', 37.8);
INSERT INTO Health (id, account, last_date, last_time, temperature) VALUES (453, '712160194911062689', '20200520', '19:20:55', 36.4);
INSERT INTO Health (id, account, last_date, last_time, temperature) VALUES (454, '614456195901256371', '20200516', '17:56:18', 37);
INSERT INTO Health (id, account, last_date, last_time, temperature) VALUES (455, '223642196703038597', '20200409', '09:06:33', 36.8);
INSERT INTO Health (id, account, last_date, last_time, temperature) VALUES (456, '623813199412036575', '20200208', '13:57:03', 37);
INSERT INTO Health (id, account, last_date, last_time, temperature) VALUES (457, '534365194212138199', '20200528', '12:13:57', 35.4);
INSERT INTO Health (id, account, last_date, last_time, temperature) VALUES (458, '433349201208206672', '20200205', '14:53:24', 35);
INSERT INTO Health (id, account, last_date, last_time, temperature) VALUES (459, '341327200802170766', '20200228', '11:22:57', 37.2);
INSERT INTO Health (id, account, last_date, last_time, temperature) VALUES (460, '62335419351204987X', '20200515', '04:37:49', 37);
INSERT INTO Health (id, account, last_date, last_time, temperature) VALUES (461, '612991195907295004', '20200202', '00:33:29', 35);
INSERT INTO Health (id, account, last_date, last_time, temperature) VALUES (462, '144831195201308098', '20200227', '08:38:03', 37.1);
INSERT INTO Health (id, account, last_date, last_time, temperature) VALUES (463, '81151119490409435X', '20200403', '20:43:51', 37.1);
INSERT INTO Health (id, account, last_date, last_time, temperature) VALUES (464, '324056196708212992', '20200419', '12:17:27', 36.2);
INSERT INTO Health (id, account, last_date, last_time, temperature) VALUES (465, '372616199508260594', '20200417', '23:26:27', 35.5);
INSERT INTO Health (id, account, last_date, last_time, temperature) VALUES (466, '414184193603158909', '20200422', '16:11:45', 35.6);
INSERT INTO Health (id, account, last_date, last_time, temperature) VALUES (467, '112971200804100458', '20200417', '04:43:22', 35.1);
INSERT INTO Health (id, account, last_date, last_time, temperature) VALUES (468, '351601195603166014', '20200505', '21:50:08', 35.5);
INSERT INTO Health (id, account, last_date, last_time, temperature) VALUES (469, '140804193706217848', '20200321', '10:06:58', 37.1);
INSERT INTO Health (id, account, last_date, last_time, temperature) VALUES (470, '653476200812266473', '20200216', '05:01:16', 36);
INSERT INTO Health (id, account, last_date, last_time, temperature) VALUES (471, '123637199707206689', '20200404', '12:44:40', 35.6);
INSERT INTO Health (id, account, last_date, last_time, temperature) VALUES (472, '330592199007014878', '20200412', '08:42:01', 35.3);
INSERT INTO Health (id, account, last_date, last_time, temperature) VALUES (473, '462495192801134830', '20200301', '17:52:32', 35.8);
INSERT INTO Health (id, account, last_date, last_time, temperature) VALUES (474, '613144192408097644', '20200228', '15:26:22', 37.3);
INSERT INTO Health (id, account, last_date, last_time, temperature) VALUES (475, '143146194308193612', '20200511', '11:40:31', 35.2);
INSERT INTO Health (id, account, last_date, last_time, temperature) VALUES (476, '350930200401167617', '20200323', '12:51:50', 35.3);
INSERT INTO Health (id, account, last_date, last_time, temperature) VALUES (477, '650307196610233030', '20200411', '02:59:47', 37.3);
INSERT INTO Health (id, account, last_date, last_time, temperature) VALUES (478, '363154192411173353', '20200529', '15:08:36', 36.4);
INSERT INTO Health (id, account, last_date, last_time, temperature) VALUES (479, '320607196311109107', '20200323', '17:34:28', 37.2);
INSERT INTO Health (id, account, last_date, last_time, temperature) VALUES (480, '21067320010722163X', '20200403', '09:39:39', 36.7);
INSERT INTO Health (id, account, last_date, last_time, temperature) VALUES (481, '21141119790926085X', '20200527', '23:53:44', 35.9);
INSERT INTO Health (id, account, last_date, last_time, temperature) VALUES (482, '363846195410059609', '20200219', '12:30:25', 35.3);
INSERT INTO Health (id, account, last_date, last_time, temperature) VALUES (483, '430743195312296598', '20200219', '14:38:15', 37.4);
INSERT INTO Health (id, account, last_date, last_time, temperature) VALUES (484, '442362197301106747', '20200415', '08:16:36', 37.2);
INSERT INTO Health (id, account, last_date, last_time, temperature) VALUES (485, '374949197711165136', '20200325', '23:01:50', 36.2);
INSERT INTO Health (id, account, last_date, last_time, temperature) VALUES (486, '15027819510817125X', '20200306', '06:07:55', 36);
INSERT INTO Health (id, account, last_date, last_time, temperature) VALUES (487, '521940196211303939', '20200524', '03:16:48', 37);
INSERT INTO Health (id, account, last_date, last_time, temperature) VALUES (488, '144091200808212724', '20200312', '08:17:32', 37);
INSERT INTO Health (id, account, last_date, last_time, temperature) VALUES (489, '213144193903083800', '20200211', '19:59:55', 37.1);
INSERT INTO Health (id, account, last_date, last_time, temperature) VALUES (490, '320638194011112486', '20200224', '14:45:20', 35.1);
INSERT INTO Health (id, account, last_date, last_time, temperature) VALUES (491, '335027192609071063', '20200212', '23:28:30', 35.1);
INSERT INTO Health (id, account, last_date, last_time, temperature) VALUES (492, '112158200403163540', '20200527', '01:53:08', 35.2);
INSERT INTO Health (id, account, last_date, last_time, temperature) VALUES (493, '513445195012140770', '20200204', '10:19:42', 35.7);
INSERT INTO Health (id, account, last_date, last_time, temperature) VALUES (494, '432189199802200443', '20200503', '03:03:09', 36);
INSERT INTO Health (id, account, last_date, last_time, temperature) VALUES (495, '504498197606054731', '20200326', '03:50:06', 36.8);
INSERT INTO Health (id, account, last_date, last_time, temperature) VALUES (496, '143627195508265419', '20200223', '12:54:48', 35.2);
INSERT INTO Health (id, account, last_date, last_time, temperature) VALUES (497, '342422195702085456', '20200211', '04:25:38', 36.6);
INSERT INTO Health (id, account, last_date, last_time, temperature) VALUES (498, '821114201012312119', '20200223', '05:41:18', 36);
INSERT INTO Health (id, account, last_date, last_time, temperature) VALUES (499, '464134195306077105', '20200531', '14:42:25', 36.9);
INSERT INTO Health (id, account, last_date, last_time, temperature) VALUES (500, '524132193208221393', '20200529', '00:35:00', 35.1);
/* 共生成病人15个 */

/* 建立News信息 */
INSERT INTO News (account, date, time, title, abstract, content, cnt, visible) VALUES('154277194710296775', '20200324', '04:33:01', 'title 0', 'abstract 0', 'content 0', 446, true);
INSERT INTO News (account, date, time, title, abstract, content, cnt, visible) VALUES('371486199710076699', '20200320', '15:15:24', 'title 1', 'abstract 1', 'content 1', 391, true);
INSERT INTO News (account, date, time, title, abstract, content, cnt, visible) VALUES('53056019770719013X', '20200221', '01:55:22', 'title 2', 'abstract 2', 'content 2', 66, true);
INSERT INTO News (account, date, time, title, abstract, content, cnt, visible) VALUES('154277194710296775', '20200331', '04:53:18', 'title 3', 'abstract 3', 'content 3', 335, true);
INSERT INTO News (account, date, time, title, abstract, content, cnt, visible) VALUES('53056019770719013X', '20200427', '00:54:49', 'title 4', 'abstract 4', 'content 4', 296, false);
INSERT INTO News (account, date, time, title, abstract, content, cnt, visible) VALUES('154277194710296775', '20200304', '23:22:30', 'title 5', 'abstract 5', 'content 5', 314, true);
INSERT INTO News (account, date, time, title, abstract, content, cnt, visible) VALUES('371486199710076699', '20200323', '18:58:55', 'title 6', 'abstract 6', 'content 6', 493, true);
INSERT INTO News (account, date, time, title, abstract, content, cnt, visible) VALUES('53056019770719013X', '20200501', '11:07:42', 'title 7', 'abstract 7', 'content 7', 425, true);
INSERT INTO News (account, date, time, title, abstract, content, cnt, visible) VALUES('53056019770719013X', '20200415', '09:41:37', 'title 8', 'abstract 8', 'content 8', 374, true);
INSERT INTO News (account, date, time, title, abstract, content, cnt, visible) VALUES('500920197304036364', '20200215', '16:14:31', 'title 9', 'abstract 9', 'content 9', 223, true);
/* 共生成新闻10个 */

/* 建立Comments信息 */
INSERT INTO Comments (id, New_id, content, author, visible) VALUES(1, 1, 'content 0.1', '文夫', true);
INSERT INTO Comments (id, New_id, content, author, visible) VALUES(2, 1, 'content 0.2', '尚畅毅', true);
INSERT INTO Comments (id, New_id, content, author, visible) VALUES(3, 1, 'content 0.3', '杜霖迅', true);
INSERT INTO Comments (id, New_id, content, author, visible) VALUES(4, 1, 'content 0.4', '江阳子', true);
INSERT INTO Comments (id, New_id, content, author, visible) VALUES(5, 1, 'content 0.5', '杨朋馨', true);
INSERT INTO Comments (id, New_id, content, author, visible) VALUES(6, 1, 'content 0.6', '裴凡兮', false);
INSERT INTO Comments (id, New_id, content, author, visible) VALUES(7, 1, 'content 0.7', '符哲倨', true);
INSERT INTO Comments (id, New_id, content, author, visible) VALUES(8, 1, 'content 0.8', '周盈令', true);
INSERT INTO Comments (id, New_id, content, author, visible) VALUES(9, 1, 'content 0.9', '颜天', true);
INSERT INTO Comments (id, New_id, content, author, visible) VALUES(10, 1, 'content 0.10', '毛有煜', true);
INSERT INTO Comments (id, New_id, content, author, visible) VALUES(11, 2, 'content 1.1', '田振菲', true);
INSERT INTO Comments (id, New_id, content, author, visible) VALUES(12, 2, 'content 1.2', '刘霖', true);
INSERT INTO Comments (id, New_id, content, author, visible) VALUES(13, 2, 'content 1.3', '路瀚广', true);
INSERT INTO Comments (id, New_id, content, author, visible) VALUES(14, 2, 'content 1.4', '楚铭可', false);
INSERT INTO Comments (id, New_id, content, author, visible) VALUES(15, 2, 'content 1.5', '宫依亚', true);
INSERT INTO Comments (id, New_id, content, author, visible) VALUES(16, 2, 'content 1.6', '鲁煜阳', true);
INSERT INTO Comments (id, New_id, content, author, visible) VALUES(17, 2, 'content 1.7', '毛有煜', true);
INSERT INTO Comments (id, New_id, content, author, visible) VALUES(18, 2, 'content 1.8', '於雅琦', true);
INSERT INTO Comments (id, New_id, content, author, visible) VALUES(19, 2, 'content 1.9', '郑兰', true);
INSERT INTO Comments (id, New_id, content, author, visible) VALUES(20, 2, 'content 1.10', '吉民', true);
INSERT INTO Comments (id, New_id, content, author, visible) VALUES(21, 3, 'content 2.1', '曲圣炜', true);
INSERT INTO Comments (id, New_id, content, author, visible) VALUES(22, 3, 'content 2.2', '邵牧丹', true);
INSERT INTO Comments (id, New_id, content, author, visible) VALUES(23, 3, 'content 2.3', '柳本可', false);
INSERT INTO Comments (id, New_id, content, author, visible) VALUES(24, 3, 'content 2.4', '毛腾', true);
INSERT INTO Comments (id, New_id, content, author, visible) VALUES(25, 3, 'content 2.5', '毛腾', true);
INSERT INTO Comments (id, New_id, content, author, visible) VALUES(26, 3, 'content 2.6', '臧源帆', false);
INSERT INTO Comments (id, New_id, content, author, visible) VALUES(27, 3, 'content 2.7', '代毅晓', true);
INSERT INTO Comments (id, New_id, content, author, visible) VALUES(28, 3, 'content 2.8', '毕令盈', true);
INSERT INTO Comments (id, New_id, content, author, visible) VALUES(29, 3, 'content 2.9', '付阳', true);
INSERT INTO Comments (id, New_id, content, author, visible) VALUES(30, 3, 'content 2.10', '秦霄振', true);
INSERT INTO Comments (id, New_id, content, author, visible) VALUES(31, 4, 'content 3.1', '臧琦', false);
INSERT INTO Comments (id, New_id, content, author, visible) VALUES(32, 4, 'content 3.2', '欧凌', true);
INSERT INTO Comments (id, New_id, content, author, visible) VALUES(33, 4, 'content 3.3', '昌龙', true);
INSERT INTO Comments (id, New_id, content, author, visible) VALUES(34, 4, 'content 3.4', '常泽瀚', true);
INSERT INTO Comments (id, New_id, content, author, visible) VALUES(35, 4, 'content 3.5', '吉民', true);
INSERT INTO Comments (id, New_id, content, author, visible) VALUES(36, 4, 'content 3.6', '隽兰立', true);
INSERT INTO Comments (id, New_id, content, author, visible) VALUES(37, 4, 'content 3.7', '孙翔航', true);
INSERT INTO Comments (id, New_id, content, author, visible) VALUES(38, 4, 'content 3.8', '宫夫思', true);
INSERT INTO Comments (id, New_id, content, author, visible) VALUES(39, 4, 'content 3.9', '曹雅雯', true);
INSERT INTO Comments (id, New_id, content, author, visible) VALUES(40, 4, 'content 3.10', '郑广诺', true);
INSERT INTO Comments (id, New_id, content, author, visible) VALUES(41, 5, 'content 4.1', '昌灯', true);
INSERT INTO Comments (id, New_id, content, author, visible) VALUES(42, 5, 'content 4.2', '牛有', true);
INSERT INTO Comments (id, New_id, content, author, visible) VALUES(43, 5, 'content 4.3', '鲁煜阳', true);
INSERT INTO Comments (id, New_id, content, author, visible) VALUES(44, 5, 'content 4.4', '严帆广', true);
INSERT INTO Comments (id, New_id, content, author, visible) VALUES(45, 5, 'content 4.5', '毕豪良', true);
INSERT INTO Comments (id, New_id, content, author, visible) VALUES(46, 5, 'content 4.6', '安宇萱', false);
INSERT INTO Comments (id, New_id, content, author, visible) VALUES(47, 5, 'content 4.7', '路哲云', true);
INSERT INTO Comments (id, New_id, content, author, visible) VALUES(48, 5, 'content 4.8', '欧萱', true);
INSERT INTO Comments (id, New_id, content, author, visible) VALUES(49, 5, 'content 4.9', '管柏英', true);
INSERT INTO Comments (id, New_id, content, author, visible) VALUES(50, 5, 'content 4.10', '胡露昕', true);
INSERT INTO Comments (id, New_id, content, author, visible) VALUES(51, 6, 'content 5.1', '徐颖雅', false);
INSERT INTO Comments (id, New_id, content, author, visible) VALUES(52, 6, 'content 5.2', '米旭龙', true);
INSERT INTO Comments (id, New_id, content, author, visible) VALUES(53, 6, 'content 5.3', '路中天', true);
INSERT INTO Comments (id, New_id, content, author, visible) VALUES(54, 6, 'content 5.4', '欧馨淘', true);
INSERT INTO Comments (id, New_id, content, author, visible) VALUES(55, 6, 'content 5.5', '陆萱嘉', false);
INSERT INTO Comments (id, New_id, content, author, visible) VALUES(56, 6, 'content 5.6', '刘民', true);
INSERT INTO Comments (id, New_id, content, author, visible) VALUES(57, 6, 'content 5.7', '高诺阳', true);
INSERT INTO Comments (id, New_id, content, author, visible) VALUES(58, 6, 'content 5.8', '楚依', true);
INSERT INTO Comments (id, New_id, content, author, visible) VALUES(59, 6, 'content 5.9', '邵牧丹', true);
INSERT INTO Comments (id, New_id, content, author, visible) VALUES(60, 6, 'content 5.10', '仲敏', true);
INSERT INTO Comments (id, New_id, content, author, visible) VALUES(61, 7, 'content 6.1', '孟畅音', true);
INSERT INTO Comments (id, New_id, content, author, visible) VALUES(62, 7, 'content 6.2', '靳馨', true);
INSERT INTO Comments (id, New_id, content, author, visible) VALUES(63, 7, 'content 6.3', '曹朋源', true);
INSERT INTO Comments (id, New_id, content, author, visible) VALUES(64, 7, 'content 6.4', '曹佳', true);
INSERT INTO Comments (id, New_id, content, author, visible) VALUES(65, 7, 'content 6.5', '付圣轩', true);
INSERT INTO Comments (id, New_id, content, author, visible) VALUES(66, 7, 'content 6.6', '商新露', true);
INSERT INTO Comments (id, New_id, content, author, visible) VALUES(67, 7, 'content 6.7', '靳宇', true);
INSERT INTO Comments (id, New_id, content, author, visible) VALUES(68, 7, 'content 6.8', '杨牧', false);
INSERT INTO Comments (id, New_id, content, author, visible) VALUES(69, 7, 'content 6.9', '傅灯', true);
INSERT INTO Comments (id, New_id, content, author, visible) VALUES(70, 7, 'content 6.10', '米令', true);
INSERT INTO Comments (id, New_id, content, author, visible) VALUES(71, 8, 'content 7.1', '郭凡淘', true);
INSERT INTO Comments (id, New_id, content, author, visible) VALUES(72, 8, 'content 7.2', '安夫雅', false);
INSERT INTO Comments (id, New_id, content, author, visible) VALUES(73, 8, 'content 7.3', '宫晓诺', true);
INSERT INTO Comments (id, New_id, content, author, visible) VALUES(74, 8, 'content 7.4', '颜舒', true);
INSERT INTO Comments (id, New_id, content, author, visible) VALUES(75, 8, 'content 7.5', '史凌', false);
INSERT INTO Comments (id, New_id, content, author, visible) VALUES(76, 8, 'content 7.6', '吉英', true);
INSERT INTO Comments (id, New_id, content, author, visible) VALUES(77, 8, 'content 7.7', '晁倨民', true);
INSERT INTO Comments (id, New_id, content, author, visible) VALUES(78, 8, 'content 7.8', '於煜菲', true);
INSERT INTO Comments (id, New_id, content, author, visible) VALUES(79, 8, 'content 7.9', '边柏萱', true);
INSERT INTO Comments (id, New_id, content, author, visible) VALUES(80, 8, 'content 7.10', '楚舒', true);
INSERT INTO Comments (id, New_id, content, author, visible) VALUES(81, 9, 'content 8.1', '邵牧丹', true);
INSERT INTO Comments (id, New_id, content, author, visible) VALUES(82, 9, 'content 8.2', '钱柏昕', true);
INSERT INTO Comments (id, New_id, content, author, visible) VALUES(83, 9, 'content 8.3', '李凡雅', true);
INSERT INTO Comments (id, New_id, content, author, visible) VALUES(84, 9, 'content 8.4', '殷子霖', true);
INSERT INTO Comments (id, New_id, content, author, visible) VALUES(85, 9, 'content 8.5', '姚夫', true);
INSERT INTO Comments (id, New_id, content, author, visible) VALUES(86, 9, 'content 8.6', '宫敏', true);
INSERT INTO Comments (id, New_id, content, author, visible) VALUES(87, 9, 'content 8.7', '百里翔', true);
INSERT INTO Comments (id, New_id, content, author, visible) VALUES(88, 9, 'content 8.8', '韩炜音', true);
INSERT INTO Comments (id, New_id, content, author, visible) VALUES(89, 9, 'content 8.9', '晁萌广', true);
INSERT INTO Comments (id, New_id, content, author, visible) VALUES(90, 9, 'content 8.10', '高力豪', true);
INSERT INTO Comments (id, New_id, content, author, visible) VALUES(91, 10, 'content 9.1', '江朋本', true);
INSERT INTO Comments (id, New_id, content, author, visible) VALUES(92, 10, 'content 9.2', '毛有煜', true);
INSERT INTO Comments (id, New_id, content, author, visible) VALUES(93, 10, 'content 9.3', '裴宇义', true);
INSERT INTO Comments (id, New_id, content, author, visible) VALUES(94, 10, 'content 9.4', '秦霄振', true);
INSERT INTO Comments (id, New_id, content, author, visible) VALUES(95, 10, 'content 9.5', '齐翔宇', true);
INSERT INTO Comments (id, New_id, content, author, visible) VALUES(96, 10, 'content 9.6', '宫铭煜', true);
INSERT INTO Comments (id, New_id, content, author, visible) VALUES(97, 10, 'content 9.7', '曹朋源', true);
INSERT INTO Comments (id, New_id, content, author, visible) VALUES(98, 10, 'content 9.8', '吉民', true);
INSERT INTO Comments (id, New_id, content, author, visible) VALUES(99, 10, 'content 9.9', '巩源嘉', false);
INSERT INTO Comments (id, New_id, content, author, visible) VALUES(100, 10, 'content 9.10', '曹翔雅', true);
/* 共生成评论100条 */

/* 建立Team信息 */
INSERT INTO Team (name, abstract, gitCnt, memCnt, days, files) VALUES ('NoCov','两个扒数据能手，一个制造惊喜的DBA，一个全能高手，一个查缺补漏的多面手。五个人，运用过硬的信息检索能力，熟练的ctrl+c，ctrl+v能力，深入了解没有生态的yii框架，在这个信息碎片化的世界，努力为平安社区的居民们抚平疫情带来的伤痛与不安，为平安社区的职员们的高效工作提供便捷服务，让居民们第一时间掌握信息，让职员们第一时间了解社区动态。NoCov出动，使命必达！', 193, 5, 30, 6666);

/* 建立Transaction信息 */
INSERT INTO Transactions (account, start_time, end_time, info, is_finished) VALUES ('504741193808061819', '20200413,03:28:59', '20200428,04:03:48', 'info 0', false);
INSERT INTO Transactions (account, start_time, end_time, info, is_finished) VALUES ('21508319601229651X', '20200311,21:45:29', '20200324,23:46:39', 'info 1', true);
INSERT INTO Transactions (account, start_time, end_time, info, is_finished) VALUES ('374755197302097367', '20200308,21:46:27', '20200424,12:43:40', 'info 2', false);
INSERT INTO Transactions (account, start_time, end_time, info, is_finished) VALUES ('413265194312122678', '20200215,00:25:18', '20200225,08:09:41', 'info 3', false);
INSERT INTO Transactions (account, start_time, end_time, info, is_finished) VALUES ('213228197311173445', '20200202,09:14:51', '20200301,02:15:36', 'info 4', false);
/* 共生产代办事务5条 */

/* 批量生成password_hash，初值为1234 */
UPDATE User SET password_hash = '$2y$13$dg4FlrrcXjMmvWznC3XUhehaTTZ/xfKXNpEYbSt8o3Q/9b9xonHLC' WHERE account = '153909199705058741';
UPDATE User SET password_hash = '$2y$13$dg4FlrrcXjMmvWznC3XUhehaTTZ/xfKXNpEYbSt8o3Q/9b9xonHLC' WHERE account = '143402193208198010';
UPDATE User SET password_hash = '$2y$13$dg4FlrrcXjMmvWznC3XUhehaTTZ/xfKXNpEYbSt8o3Q/9b9xonHLC' WHERE account = '424818197605101850';
UPDATE User SET password_hash = '$2y$13$dg4FlrrcXjMmvWznC3XUhehaTTZ/xfKXNpEYbSt8o3Q/9b9xonHLC' WHERE account = '12141019710710993X';
UPDATE User SET password_hash = '$2y$13$dg4FlrrcXjMmvWznC3XUhehaTTZ/xfKXNpEYbSt8o3Q/9b9xonHLC' WHERE account = '650446193202038510';
UPDATE User SET password_hash = '$2y$13$dg4FlrrcXjMmvWznC3XUhehaTTZ/xfKXNpEYbSt8o3Q/9b9xonHLC' WHERE account = '374572192301220780';
UPDATE User SET password_hash = '$2y$13$dg4FlrrcXjMmvWznC3XUhehaTTZ/xfKXNpEYbSt8o3Q/9b9xonHLC' WHERE account = '151308195105126826';
UPDATE User SET password_hash = '$2y$13$dg4FlrrcXjMmvWznC3XUhehaTTZ/xfKXNpEYbSt8o3Q/9b9xonHLC' WHERE account = '710827193510277161';
UPDATE User SET password_hash = '$2y$13$dg4FlrrcXjMmvWznC3XUhehaTTZ/xfKXNpEYbSt8o3Q/9b9xonHLC' WHERE account = '500942197706096944';
UPDATE User SET password_hash = '$2y$13$dg4FlrrcXjMmvWznC3XUhehaTTZ/xfKXNpEYbSt8o3Q/9b9xonHLC' WHERE account = '454003196809015733';
UPDATE User SET password_hash = '$2y$13$dg4FlrrcXjMmvWznC3XUhehaTTZ/xfKXNpEYbSt8o3Q/9b9xonHLC' WHERE account = '374703200410042401';
UPDATE User SET password_hash = '$2y$13$dg4FlrrcXjMmvWznC3XUhehaTTZ/xfKXNpEYbSt8o3Q/9b9xonHLC' WHERE account = '503367193702194309';
UPDATE User SET password_hash = '$2y$13$dg4FlrrcXjMmvWznC3XUhehaTTZ/xfKXNpEYbSt8o3Q/9b9xonHLC' WHERE account = '53056019770719013X';
UPDATE User SET password_hash = '$2y$13$dg4FlrrcXjMmvWznC3XUhehaTTZ/xfKXNpEYbSt8o3Q/9b9xonHLC' WHERE account = '152352200908022294';
UPDATE User SET password_hash = '$2y$13$dg4FlrrcXjMmvWznC3XUhehaTTZ/xfKXNpEYbSt8o3Q/9b9xonHLC' WHERE account = '644377200904304394';
UPDATE User SET password_hash = '$2y$13$dg4FlrrcXjMmvWznC3XUhehaTTZ/xfKXNpEYbSt8o3Q/9b9xonHLC' WHERE account = '225077194607218124';
UPDATE User SET password_hash = '$2y$13$dg4FlrrcXjMmvWznC3XUhehaTTZ/xfKXNpEYbSt8o3Q/9b9xonHLC' WHERE account = '610141193105083302';
UPDATE User SET password_hash = '$2y$13$dg4FlrrcXjMmvWznC3XUhehaTTZ/xfKXNpEYbSt8o3Q/9b9xonHLC' WHERE account = '234179200611289773';
UPDATE User SET password_hash = '$2y$13$dg4FlrrcXjMmvWznC3XUhehaTTZ/xfKXNpEYbSt8o3Q/9b9xonHLC' WHERE account = '622617194703210714';
UPDATE User SET password_hash = '$2y$13$dg4FlrrcXjMmvWznC3XUhehaTTZ/xfKXNpEYbSt8o3Q/9b9xonHLC' WHERE account = '423651194109153904';
UPDATE User SET password_hash = '$2y$13$dg4FlrrcXjMmvWznC3XUhehaTTZ/xfKXNpEYbSt8o3Q/9b9xonHLC' WHERE account = '453973192810264002';
UPDATE User SET password_hash = '$2y$13$dg4FlrrcXjMmvWznC3XUhehaTTZ/xfKXNpEYbSt8o3Q/9b9xonHLC' WHERE account = '812816193901045207';
UPDATE User SET password_hash = '$2y$13$dg4FlrrcXjMmvWznC3XUhehaTTZ/xfKXNpEYbSt8o3Q/9b9xonHLC' WHERE account = '12198719991110354X';
UPDATE User SET password_hash = '$2y$13$dg4FlrrcXjMmvWznC3XUhehaTTZ/xfKXNpEYbSt8o3Q/9b9xonHLC' WHERE account = '813258195709182101';
UPDATE User SET password_hash = '$2y$13$dg4FlrrcXjMmvWznC3XUhehaTTZ/xfKXNpEYbSt8o3Q/9b9xonHLC' WHERE account = '370164194807036618';
UPDATE User SET password_hash = '$2y$13$dg4FlrrcXjMmvWznC3XUhehaTTZ/xfKXNpEYbSt8o3Q/9b9xonHLC' WHERE account = '332205198101279695';
UPDATE User SET password_hash = '$2y$13$dg4FlrrcXjMmvWznC3XUhehaTTZ/xfKXNpEYbSt8o3Q/9b9xonHLC' WHERE account = '223082200703188459';
UPDATE User SET password_hash = '$2y$13$dg4FlrrcXjMmvWznC3XUhehaTTZ/xfKXNpEYbSt8o3Q/9b9xonHLC' WHERE account = '213026201006129776';
UPDATE User SET password_hash = '$2y$13$dg4FlrrcXjMmvWznC3XUhehaTTZ/xfKXNpEYbSt8o3Q/9b9xonHLC' WHERE account = '544892197308054360';
UPDATE User SET password_hash = '$2y$13$dg4FlrrcXjMmvWznC3XUhehaTTZ/xfKXNpEYbSt8o3Q/9b9xonHLC' WHERE account = '512566199411077755';
UPDATE User SET password_hash = '$2y$13$dg4FlrrcXjMmvWznC3XUhehaTTZ/xfKXNpEYbSt8o3Q/9b9xonHLC' WHERE account = '423323198309130105';
UPDATE User SET password_hash = '$2y$13$dg4FlrrcXjMmvWznC3XUhehaTTZ/xfKXNpEYbSt8o3Q/9b9xonHLC' WHERE account = '532173195706170766';
UPDATE User SET password_hash = '$2y$13$dg4FlrrcXjMmvWznC3XUhehaTTZ/xfKXNpEYbSt8o3Q/9b9xonHLC' WHERE account = '500423193910038111';
UPDATE User SET password_hash = '$2y$13$dg4FlrrcXjMmvWznC3XUhehaTTZ/xfKXNpEYbSt8o3Q/9b9xonHLC' WHERE account = '31101320090511122X';
UPDATE User SET password_hash = '$2y$13$dg4FlrrcXjMmvWznC3XUhehaTTZ/xfKXNpEYbSt8o3Q/9b9xonHLC' WHERE account = '320182198203315244';
UPDATE User SET password_hash = '$2y$13$dg4FlrrcXjMmvWznC3XUhehaTTZ/xfKXNpEYbSt8o3Q/9b9xonHLC' WHERE account = '632210199804115088';
UPDATE User SET password_hash = '$2y$13$dg4FlrrcXjMmvWznC3XUhehaTTZ/xfKXNpEYbSt8o3Q/9b9xonHLC' WHERE account = '541134200302177885';
UPDATE User SET password_hash = '$2y$13$dg4FlrrcXjMmvWznC3XUhehaTTZ/xfKXNpEYbSt8o3Q/9b9xonHLC' WHERE account = '522565193602149181';
UPDATE User SET password_hash = '$2y$13$dg4FlrrcXjMmvWznC3XUhehaTTZ/xfKXNpEYbSt8o3Q/9b9xonHLC' WHERE account = '112392195411086537';
UPDATE User SET password_hash = '$2y$13$dg4FlrrcXjMmvWznC3XUhehaTTZ/xfKXNpEYbSt8o3Q/9b9xonHLC' WHERE account = '360617196107263998';
UPDATE User SET password_hash = '$2y$13$dg4FlrrcXjMmvWznC3XUhehaTTZ/xfKXNpEYbSt8o3Q/9b9xonHLC' WHERE account = '134294194002181206';
UPDATE User SET password_hash = '$2y$13$dg4FlrrcXjMmvWznC3XUhehaTTZ/xfKXNpEYbSt8o3Q/9b9xonHLC' WHERE account = '213519193410244774';
UPDATE User SET password_hash = '$2y$13$dg4FlrrcXjMmvWznC3XUhehaTTZ/xfKXNpEYbSt8o3Q/9b9xonHLC' WHERE account = '37365919380321187X';
UPDATE User SET password_hash = '$2y$13$dg4FlrrcXjMmvWznC3XUhehaTTZ/xfKXNpEYbSt8o3Q/9b9xonHLC' WHERE account = '710568197204243424';
UPDATE User SET password_hash = '$2y$13$dg4FlrrcXjMmvWznC3XUhehaTTZ/xfKXNpEYbSt8o3Q/9b9xonHLC' WHERE account = '344810200406174912';
UPDATE User SET password_hash = '$2y$13$dg4FlrrcXjMmvWznC3XUhehaTTZ/xfKXNpEYbSt8o3Q/9b9xonHLC' WHERE account = '354854198801223287';
UPDATE User SET password_hash = '$2y$13$dg4FlrrcXjMmvWznC3XUhehaTTZ/xfKXNpEYbSt8o3Q/9b9xonHLC' WHERE account = '153365193002287090';
UPDATE User SET password_hash = '$2y$13$dg4FlrrcXjMmvWznC3XUhehaTTZ/xfKXNpEYbSt8o3Q/9b9xonHLC' WHERE account = '130570192605060007';
UPDATE User SET password_hash = '$2y$13$dg4FlrrcXjMmvWznC3XUhehaTTZ/xfKXNpEYbSt8o3Q/9b9xonHLC' WHERE account = '612344194805023157';
UPDATE User SET password_hash = '$2y$13$dg4FlrrcXjMmvWznC3XUhehaTTZ/xfKXNpEYbSt8o3Q/9b9xonHLC' WHERE account = '511073194106069794';
UPDATE User SET password_hash = '$2y$13$dg4FlrrcXjMmvWznC3XUhehaTTZ/xfKXNpEYbSt8o3Q/9b9xonHLC' WHERE account = '444124197006290718';
UPDATE User SET password_hash = '$2y$13$dg4FlrrcXjMmvWznC3XUhehaTTZ/xfKXNpEYbSt8o3Q/9b9xonHLC' WHERE account = '343697193611078605';
UPDATE User SET password_hash = '$2y$13$dg4FlrrcXjMmvWznC3XUhehaTTZ/xfKXNpEYbSt8o3Q/9b9xonHLC' WHERE account = '63222519660721539X';
UPDATE User SET password_hash = '$2y$13$dg4FlrrcXjMmvWznC3XUhehaTTZ/xfKXNpEYbSt8o3Q/9b9xonHLC' WHERE account = '150906194505090435';
UPDATE User SET password_hash = '$2y$13$dg4FlrrcXjMmvWznC3XUhehaTTZ/xfKXNpEYbSt8o3Q/9b9xonHLC' WHERE account = '330730198911042108';
UPDATE User SET password_hash = '$2y$13$dg4FlrrcXjMmvWznC3XUhehaTTZ/xfKXNpEYbSt8o3Q/9b9xonHLC' WHERE account = '351828199703119898';
UPDATE User SET password_hash = '$2y$13$dg4FlrrcXjMmvWznC3XUhehaTTZ/xfKXNpEYbSt8o3Q/9b9xonHLC' WHERE account = '443267193401181791';
UPDATE User SET password_hash = '$2y$13$dg4FlrrcXjMmvWznC3XUhehaTTZ/xfKXNpEYbSt8o3Q/9b9xonHLC' WHERE account = '455038199906296879';
UPDATE User SET password_hash = '$2y$13$dg4FlrrcXjMmvWznC3XUhehaTTZ/xfKXNpEYbSt8o3Q/9b9xonHLC' WHERE account = '641491197205217160';
UPDATE User SET password_hash = '$2y$13$dg4FlrrcXjMmvWznC3XUhehaTTZ/xfKXNpEYbSt8o3Q/9b9xonHLC' WHERE account = '462280200601309289';
UPDATE User SET password_hash = '$2y$13$dg4FlrrcXjMmvWznC3XUhehaTTZ/xfKXNpEYbSt8o3Q/9b9xonHLC' WHERE account = '333507193510197946';
UPDATE User SET password_hash = '$2y$13$dg4FlrrcXjMmvWznC3XUhehaTTZ/xfKXNpEYbSt8o3Q/9b9xonHLC' WHERE account = '15260819640724291X';
UPDATE User SET password_hash = '$2y$13$dg4FlrrcXjMmvWznC3XUhehaTTZ/xfKXNpEYbSt8o3Q/9b9xonHLC' WHERE account = '212468193808286539';
UPDATE User SET password_hash = '$2y$13$dg4FlrrcXjMmvWznC3XUhehaTTZ/xfKXNpEYbSt8o3Q/9b9xonHLC' WHERE account = '313992199810022218';
UPDATE User SET password_hash = '$2y$13$dg4FlrrcXjMmvWznC3XUhehaTTZ/xfKXNpEYbSt8o3Q/9b9xonHLC' WHERE account = '330804193008211691';
UPDATE User SET password_hash = '$2y$13$dg4FlrrcXjMmvWznC3XUhehaTTZ/xfKXNpEYbSt8o3Q/9b9xonHLC' WHERE account = '503271194909199232';
UPDATE User SET password_hash = '$2y$13$dg4FlrrcXjMmvWznC3XUhehaTTZ/xfKXNpEYbSt8o3Q/9b9xonHLC' WHERE account = '311276194412027844';
UPDATE User SET password_hash = '$2y$13$dg4FlrrcXjMmvWznC3XUhehaTTZ/xfKXNpEYbSt8o3Q/9b9xonHLC' WHERE account = '43271919311018392X';
UPDATE User SET password_hash = '$2y$13$dg4FlrrcXjMmvWznC3XUhehaTTZ/xfKXNpEYbSt8o3Q/9b9xonHLC' WHERE account = '634894199904050148';
UPDATE User SET password_hash = '$2y$13$dg4FlrrcXjMmvWznC3XUhehaTTZ/xfKXNpEYbSt8o3Q/9b9xonHLC' WHERE account = '655094200002221803';
UPDATE User SET password_hash = '$2y$13$dg4FlrrcXjMmvWznC3XUhehaTTZ/xfKXNpEYbSt8o3Q/9b9xonHLC' WHERE account = '210332199301027175';
UPDATE User SET password_hash = '$2y$13$dg4FlrrcXjMmvWznC3XUhehaTTZ/xfKXNpEYbSt8o3Q/9b9xonHLC' WHERE account = '323642193602224290';
UPDATE User SET password_hash = '$2y$13$dg4FlrrcXjMmvWznC3XUhehaTTZ/xfKXNpEYbSt8o3Q/9b9xonHLC' WHERE account = '453069194503156561';
UPDATE User SET password_hash = '$2y$13$dg4FlrrcXjMmvWznC3XUhehaTTZ/xfKXNpEYbSt8o3Q/9b9xonHLC' WHERE account = '711693197906082394';
UPDATE User SET password_hash = '$2y$13$dg4FlrrcXjMmvWznC3XUhehaTTZ/xfKXNpEYbSt8o3Q/9b9xonHLC' WHERE account = '635081197505182205';
UPDATE User SET password_hash = '$2y$13$dg4FlrrcXjMmvWznC3XUhehaTTZ/xfKXNpEYbSt8o3Q/9b9xonHLC' WHERE account = '504672196906192619';
UPDATE User SET password_hash = '$2y$13$dg4FlrrcXjMmvWznC3XUhehaTTZ/xfKXNpEYbSt8o3Q/9b9xonHLC' WHERE account = '310137196908267868';
UPDATE User SET password_hash = '$2y$13$dg4FlrrcXjMmvWznC3XUhehaTTZ/xfKXNpEYbSt8o3Q/9b9xonHLC' WHERE account = '364767197603264225';
UPDATE User SET password_hash = '$2y$13$dg4FlrrcXjMmvWznC3XUhehaTTZ/xfKXNpEYbSt8o3Q/9b9xonHLC' WHERE account = '14194219420903159X';
UPDATE User SET password_hash = '$2y$13$dg4FlrrcXjMmvWznC3XUhehaTTZ/xfKXNpEYbSt8o3Q/9b9xonHLC' WHERE account = '650271198603153456';
UPDATE User SET password_hash = '$2y$13$dg4FlrrcXjMmvWznC3XUhehaTTZ/xfKXNpEYbSt8o3Q/9b9xonHLC' WHERE account = '321521195407075374';
UPDATE User SET password_hash = '$2y$13$dg4FlrrcXjMmvWznC3XUhehaTTZ/xfKXNpEYbSt8o3Q/9b9xonHLC' WHERE account = '654567195101290650';
UPDATE User SET password_hash = '$2y$13$dg4FlrrcXjMmvWznC3XUhehaTTZ/xfKXNpEYbSt8o3Q/9b9xonHLC' WHERE account = '513366195803266145';
UPDATE User SET password_hash = '$2y$13$dg4FlrrcXjMmvWznC3XUhehaTTZ/xfKXNpEYbSt8o3Q/9b9xonHLC' WHERE account = '631305193510017859';
UPDATE User SET password_hash = '$2y$13$dg4FlrrcXjMmvWznC3XUhehaTTZ/xfKXNpEYbSt8o3Q/9b9xonHLC' WHERE account = '23453520090702159X';
UPDATE User SET password_hash = '$2y$13$dg4FlrrcXjMmvWznC3XUhehaTTZ/xfKXNpEYbSt8o3Q/9b9xonHLC' WHERE account = '21274319811017242X';
UPDATE User SET password_hash = '$2y$13$dg4FlrrcXjMmvWznC3XUhehaTTZ/xfKXNpEYbSt8o3Q/9b9xonHLC' WHERE account = '364775193408228022';
UPDATE User SET password_hash = '$2y$13$dg4FlrrcXjMmvWznC3XUhehaTTZ/xfKXNpEYbSt8o3Q/9b9xonHLC' WHERE account = '461733196301072621';
UPDATE User SET password_hash = '$2y$13$dg4FlrrcXjMmvWznC3XUhehaTTZ/xfKXNpEYbSt8o3Q/9b9xonHLC' WHERE account = '111445198503176763';
UPDATE User SET password_hash = '$2y$13$dg4FlrrcXjMmvWznC3XUhehaTTZ/xfKXNpEYbSt8o3Q/9b9xonHLC' WHERE account = '141953200012232018';
UPDATE User SET password_hash = '$2y$13$dg4FlrrcXjMmvWznC3XUhehaTTZ/xfKXNpEYbSt8o3Q/9b9xonHLC' WHERE account = '220773195610097632';
UPDATE User SET password_hash = '$2y$13$dg4FlrrcXjMmvWznC3XUhehaTTZ/xfKXNpEYbSt8o3Q/9b9xonHLC' WHERE account = '621659199305291378';
UPDATE User SET password_hash = '$2y$13$dg4FlrrcXjMmvWznC3XUhehaTTZ/xfKXNpEYbSt8o3Q/9b9xonHLC' WHERE account = '433678196412149621';
UPDATE User SET password_hash = '$2y$13$dg4FlrrcXjMmvWznC3XUhehaTTZ/xfKXNpEYbSt8o3Q/9b9xonHLC' WHERE account = '444771196904256869';
UPDATE User SET password_hash = '$2y$13$dg4FlrrcXjMmvWznC3XUhehaTTZ/xfKXNpEYbSt8o3Q/9b9xonHLC' WHERE account = '110111199711297560';
UPDATE User SET password_hash = '$2y$13$dg4FlrrcXjMmvWznC3XUhehaTTZ/xfKXNpEYbSt8o3Q/9b9xonHLC' WHERE account = '541553200711085364';
UPDATE User SET password_hash = '$2y$13$dg4FlrrcXjMmvWznC3XUhehaTTZ/xfKXNpEYbSt8o3Q/9b9xonHLC' WHERE account = '313577192907049702';
UPDATE User SET password_hash = '$2y$13$dg4FlrrcXjMmvWznC3XUhehaTTZ/xfKXNpEYbSt8o3Q/9b9xonHLC' WHERE account = '822551192706234065';
UPDATE User SET password_hash = '$2y$13$dg4FlrrcXjMmvWznC3XUhehaTTZ/xfKXNpEYbSt8o3Q/9b9xonHLC' WHERE account = '533220194509126666';
UPDATE User SET password_hash = '$2y$13$dg4FlrrcXjMmvWznC3XUhehaTTZ/xfKXNpEYbSt8o3Q/9b9xonHLC' WHERE account = '620853197603165081';
UPDATE User SET password_hash = '$2y$13$dg4FlrrcXjMmvWznC3XUhehaTTZ/xfKXNpEYbSt8o3Q/9b9xonHLC' WHERE account = '513101197904150302';
UPDATE User SET password_hash = '$2y$13$dg4FlrrcXjMmvWznC3XUhehaTTZ/xfKXNpEYbSt8o3Q/9b9xonHLC' WHERE account = '414826198811170019';
UPDATE User SET password_hash = '$2y$13$dg4FlrrcXjMmvWznC3XUhehaTTZ/xfKXNpEYbSt8o3Q/9b9xonHLC' WHERE account = '143475192901218019';
UPDATE User SET password_hash = '$2y$13$dg4FlrrcXjMmvWznC3XUhehaTTZ/xfKXNpEYbSt8o3Q/9b9xonHLC' WHERE account = '651571192604072023';
UPDATE User SET password_hash = '$2y$13$dg4FlrrcXjMmvWznC3XUhehaTTZ/xfKXNpEYbSt8o3Q/9b9xonHLC' WHERE account = '154277194710296775';
UPDATE User SET password_hash = '$2y$13$dg4FlrrcXjMmvWznC3XUhehaTTZ/xfKXNpEYbSt8o3Q/9b9xonHLC' WHERE account = '232924195411026422';
UPDATE User SET password_hash = '$2y$13$dg4FlrrcXjMmvWznC3XUhehaTTZ/xfKXNpEYbSt8o3Q/9b9xonHLC' WHERE account = '121232199610313585';
UPDATE User SET password_hash = '$2y$13$dg4FlrrcXjMmvWznC3XUhehaTTZ/xfKXNpEYbSt8o3Q/9b9xonHLC' WHERE account = '523778199805273068';
UPDATE User SET password_hash = '$2y$13$dg4FlrrcXjMmvWznC3XUhehaTTZ/xfKXNpEYbSt8o3Q/9b9xonHLC' WHERE account = '132286201210074424';
UPDATE User SET password_hash = '$2y$13$dg4FlrrcXjMmvWznC3XUhehaTTZ/xfKXNpEYbSt8o3Q/9b9xonHLC' WHERE account = '213228197311173445';
UPDATE User SET password_hash = '$2y$13$dg4FlrrcXjMmvWznC3XUhehaTTZ/xfKXNpEYbSt8o3Q/9b9xonHLC' WHERE account = '352785199903094892';
UPDATE User SET password_hash = '$2y$13$dg4FlrrcXjMmvWznC3XUhehaTTZ/xfKXNpEYbSt8o3Q/9b9xonHLC' WHERE account = '531488196612314854';
UPDATE User SET password_hash = '$2y$13$dg4FlrrcXjMmvWznC3XUhehaTTZ/xfKXNpEYbSt8o3Q/9b9xonHLC' WHERE account = '514670193104021111';
UPDATE User SET password_hash = '$2y$13$dg4FlrrcXjMmvWznC3XUhehaTTZ/xfKXNpEYbSt8o3Q/9b9xonHLC' WHERE account = '714810195803208369';
UPDATE User SET password_hash = '$2y$13$dg4FlrrcXjMmvWznC3XUhehaTTZ/xfKXNpEYbSt8o3Q/9b9xonHLC' WHERE account = '613287193206138388';
UPDATE User SET password_hash = '$2y$13$dg4FlrrcXjMmvWznC3XUhehaTTZ/xfKXNpEYbSt8o3Q/9b9xonHLC' WHERE account = '131919198204198833';
UPDATE User SET password_hash = '$2y$13$dg4FlrrcXjMmvWznC3XUhehaTTZ/xfKXNpEYbSt8o3Q/9b9xonHLC' WHERE account = '131681197308188784';
UPDATE User SET password_hash = '$2y$13$dg4FlrrcXjMmvWznC3XUhehaTTZ/xfKXNpEYbSt8o3Q/9b9xonHLC' WHERE account = '151976195806033751';
UPDATE User SET password_hash = '$2y$13$dg4FlrrcXjMmvWznC3XUhehaTTZ/xfKXNpEYbSt8o3Q/9b9xonHLC' WHERE account = '440751198209193638';
UPDATE User SET password_hash = '$2y$13$dg4FlrrcXjMmvWznC3XUhehaTTZ/xfKXNpEYbSt8o3Q/9b9xonHLC' WHERE account = '343313196812076776';
UPDATE User SET password_hash = '$2y$13$dg4FlrrcXjMmvWznC3XUhehaTTZ/xfKXNpEYbSt8o3Q/9b9xonHLC' WHERE account = '220367197105180585';
UPDATE User SET password_hash = '$2y$13$dg4FlrrcXjMmvWznC3XUhehaTTZ/xfKXNpEYbSt8o3Q/9b9xonHLC' WHERE account = '43042619601019522X';
UPDATE User SET password_hash = '$2y$13$dg4FlrrcXjMmvWznC3XUhehaTTZ/xfKXNpEYbSt8o3Q/9b9xonHLC' WHERE account = '711613193901300467';
UPDATE User SET password_hash = '$2y$13$dg4FlrrcXjMmvWznC3XUhehaTTZ/xfKXNpEYbSt8o3Q/9b9xonHLC' WHERE account = '523811197002245459';
UPDATE User SET password_hash = '$2y$13$dg4FlrrcXjMmvWznC3XUhehaTTZ/xfKXNpEYbSt8o3Q/9b9xonHLC' WHERE account = '324205200806209504';
UPDATE User SET password_hash = '$2y$13$dg4FlrrcXjMmvWznC3XUhehaTTZ/xfKXNpEYbSt8o3Q/9b9xonHLC' WHERE account = '124542198806256803';
UPDATE User SET password_hash = '$2y$13$dg4FlrrcXjMmvWznC3XUhehaTTZ/xfKXNpEYbSt8o3Q/9b9xonHLC' WHERE account = '50409519920224509X';
UPDATE User SET password_hash = '$2y$13$dg4FlrrcXjMmvWznC3XUhehaTTZ/xfKXNpEYbSt8o3Q/9b9xonHLC' WHERE account = '430884192505038481';
UPDATE User SET password_hash = '$2y$13$dg4FlrrcXjMmvWznC3XUhehaTTZ/xfKXNpEYbSt8o3Q/9b9xonHLC' WHERE account = '353246198106193476';
UPDATE User SET password_hash = '$2y$13$dg4FlrrcXjMmvWznC3XUhehaTTZ/xfKXNpEYbSt8o3Q/9b9xonHLC' WHERE account = '500475198906103290';
UPDATE User SET password_hash = '$2y$13$dg4FlrrcXjMmvWznC3XUhehaTTZ/xfKXNpEYbSt8o3Q/9b9xonHLC' WHERE account = '533919199407136087';
UPDATE User SET password_hash = '$2y$13$dg4FlrrcXjMmvWznC3XUhehaTTZ/xfKXNpEYbSt8o3Q/9b9xonHLC' WHERE account = '334236201306078069';
UPDATE User SET password_hash = '$2y$13$dg4FlrrcXjMmvWznC3XUhehaTTZ/xfKXNpEYbSt8o3Q/9b9xonHLC' WHERE account = '330234194406239510';
UPDATE User SET password_hash = '$2y$13$dg4FlrrcXjMmvWznC3XUhehaTTZ/xfKXNpEYbSt8o3Q/9b9xonHLC' WHERE account = '441421198210125671';
UPDATE User SET password_hash = '$2y$13$dg4FlrrcXjMmvWznC3XUhehaTTZ/xfKXNpEYbSt8o3Q/9b9xonHLC' WHERE account = '503218199503296804';
UPDATE User SET password_hash = '$2y$13$dg4FlrrcXjMmvWznC3XUhehaTTZ/xfKXNpEYbSt8o3Q/9b9xonHLC' WHERE account = '13419319820112444X';
UPDATE User SET password_hash = '$2y$13$dg4FlrrcXjMmvWznC3XUhehaTTZ/xfKXNpEYbSt8o3Q/9b9xonHLC' WHERE account = '351609200906096696';
UPDATE User SET password_hash = '$2y$13$dg4FlrrcXjMmvWznC3XUhehaTTZ/xfKXNpEYbSt8o3Q/9b9xonHLC' WHERE account = '641376194002069898';
UPDATE User SET password_hash = '$2y$13$dg4FlrrcXjMmvWznC3XUhehaTTZ/xfKXNpEYbSt8o3Q/9b9xonHLC' WHERE account = '460453192304011044';
UPDATE User SET password_hash = '$2y$13$dg4FlrrcXjMmvWznC3XUhehaTTZ/xfKXNpEYbSt8o3Q/9b9xonHLC' WHERE account = '230791196506142213';
UPDATE User SET password_hash = '$2y$13$dg4FlrrcXjMmvWznC3XUhehaTTZ/xfKXNpEYbSt8o3Q/9b9xonHLC' WHERE account = '410605194510250315';
UPDATE User SET password_hash = '$2y$13$dg4FlrrcXjMmvWznC3XUhehaTTZ/xfKXNpEYbSt8o3Q/9b9xonHLC' WHERE account = '152637201203040715';
UPDATE User SET password_hash = '$2y$13$dg4FlrrcXjMmvWznC3XUhehaTTZ/xfKXNpEYbSt8o3Q/9b9xonHLC' WHERE account = '423559193412068288';
UPDATE User SET password_hash = '$2y$13$dg4FlrrcXjMmvWznC3XUhehaTTZ/xfKXNpEYbSt8o3Q/9b9xonHLC' WHERE account = '522881193612088183';
UPDATE User SET password_hash = '$2y$13$dg4FlrrcXjMmvWznC3XUhehaTTZ/xfKXNpEYbSt8o3Q/9b9xonHLC' WHERE account = '434265198405017622';
UPDATE User SET password_hash = '$2y$13$dg4FlrrcXjMmvWznC3XUhehaTTZ/xfKXNpEYbSt8o3Q/9b9xonHLC' WHERE account = '110703193005271114';
UPDATE User SET password_hash = '$2y$13$dg4FlrrcXjMmvWznC3XUhehaTTZ/xfKXNpEYbSt8o3Q/9b9xonHLC' WHERE account = '210476197702190570';
UPDATE User SET password_hash = '$2y$13$dg4FlrrcXjMmvWznC3XUhehaTTZ/xfKXNpEYbSt8o3Q/9b9xonHLC' WHERE account = '62109819410417776X';
UPDATE User SET password_hash = '$2y$13$dg4FlrrcXjMmvWznC3XUhehaTTZ/xfKXNpEYbSt8o3Q/9b9xonHLC' WHERE account = '813295199408153501';
UPDATE User SET password_hash = '$2y$13$dg4FlrrcXjMmvWznC3XUhehaTTZ/xfKXNpEYbSt8o3Q/9b9xonHLC' WHERE account = '331032193606046374';
UPDATE User SET password_hash = '$2y$13$dg4FlrrcXjMmvWznC3XUhehaTTZ/xfKXNpEYbSt8o3Q/9b9xonHLC' WHERE account = '822542193204119289';
UPDATE User SET password_hash = '$2y$13$dg4FlrrcXjMmvWznC3XUhehaTTZ/xfKXNpEYbSt8o3Q/9b9xonHLC' WHERE account = '314190201410118636';
UPDATE User SET password_hash = '$2y$13$dg4FlrrcXjMmvWznC3XUhehaTTZ/xfKXNpEYbSt8o3Q/9b9xonHLC' WHERE account = '113867197510063699';
UPDATE User SET password_hash = '$2y$13$dg4FlrrcXjMmvWznC3XUhehaTTZ/xfKXNpEYbSt8o3Q/9b9xonHLC' WHERE account = '422558193110287528';
UPDATE User SET password_hash = '$2y$13$dg4FlrrcXjMmvWznC3XUhehaTTZ/xfKXNpEYbSt8o3Q/9b9xonHLC' WHERE account = '234302193905255897';
UPDATE User SET password_hash = '$2y$13$dg4FlrrcXjMmvWznC3XUhehaTTZ/xfKXNpEYbSt8o3Q/9b9xonHLC' WHERE account = '461023195305101324';
UPDATE User SET password_hash = '$2y$13$dg4FlrrcXjMmvWznC3XUhehaTTZ/xfKXNpEYbSt8o3Q/9b9xonHLC' WHERE account = '32031719470225423X';
UPDATE User SET password_hash = '$2y$13$dg4FlrrcXjMmvWznC3XUhehaTTZ/xfKXNpEYbSt8o3Q/9b9xonHLC' WHERE account = '430772198606098573';
UPDATE User SET password_hash = '$2y$13$dg4FlrrcXjMmvWznC3XUhehaTTZ/xfKXNpEYbSt8o3Q/9b9xonHLC' WHERE account = '502760197008277594';
UPDATE User SET password_hash = '$2y$13$dg4FlrrcXjMmvWznC3XUhehaTTZ/xfKXNpEYbSt8o3Q/9b9xonHLC' WHERE account = '452737195108071777';
UPDATE User SET password_hash = '$2y$13$dg4FlrrcXjMmvWznC3XUhehaTTZ/xfKXNpEYbSt8o3Q/9b9xonHLC' WHERE account = '421588199302012720';
UPDATE User SET password_hash = '$2y$13$dg4FlrrcXjMmvWznC3XUhehaTTZ/xfKXNpEYbSt8o3Q/9b9xonHLC' WHERE account = '212247195712086115';
UPDATE User SET password_hash = '$2y$13$dg4FlrrcXjMmvWznC3XUhehaTTZ/xfKXNpEYbSt8o3Q/9b9xonHLC' WHERE account = '462383197701184745';
UPDATE User SET password_hash = '$2y$13$dg4FlrrcXjMmvWznC3XUhehaTTZ/xfKXNpEYbSt8o3Q/9b9xonHLC' WHERE account = '233649193305299335';
UPDATE User SET password_hash = '$2y$13$dg4FlrrcXjMmvWznC3XUhehaTTZ/xfKXNpEYbSt8o3Q/9b9xonHLC' WHERE account = '151181198006047816';
UPDATE User SET password_hash = '$2y$13$dg4FlrrcXjMmvWznC3XUhehaTTZ/xfKXNpEYbSt8o3Q/9b9xonHLC' WHERE account = '650821194606028161';
UPDATE User SET password_hash = '$2y$13$dg4FlrrcXjMmvWznC3XUhehaTTZ/xfKXNpEYbSt8o3Q/9b9xonHLC' WHERE account = '210796193412158940';
UPDATE User SET password_hash = '$2y$13$dg4FlrrcXjMmvWznC3XUhehaTTZ/xfKXNpEYbSt8o3Q/9b9xonHLC' WHERE account = '542134195308050297';
UPDATE User SET password_hash = '$2y$13$dg4FlrrcXjMmvWznC3XUhehaTTZ/xfKXNpEYbSt8o3Q/9b9xonHLC' WHERE account = '110814200004031972';
UPDATE User SET password_hash = '$2y$13$dg4FlrrcXjMmvWznC3XUhehaTTZ/xfKXNpEYbSt8o3Q/9b9xonHLC' WHERE account = '622453201305050325';
UPDATE User SET password_hash = '$2y$13$dg4FlrrcXjMmvWznC3XUhehaTTZ/xfKXNpEYbSt8o3Q/9b9xonHLC' WHERE account = '620341192404141108';
UPDATE User SET password_hash = '$2y$13$dg4FlrrcXjMmvWznC3XUhehaTTZ/xfKXNpEYbSt8o3Q/9b9xonHLC' WHERE account = '632430193009053397';
UPDATE User SET password_hash = '$2y$13$dg4FlrrcXjMmvWznC3XUhehaTTZ/xfKXNpEYbSt8o3Q/9b9xonHLC' WHERE account = '431207200611131873';
UPDATE User SET password_hash = '$2y$13$dg4FlrrcXjMmvWznC3XUhehaTTZ/xfKXNpEYbSt8o3Q/9b9xonHLC' WHERE account = '372185198603294211';
UPDATE User SET password_hash = '$2y$13$dg4FlrrcXjMmvWznC3XUhehaTTZ/xfKXNpEYbSt8o3Q/9b9xonHLC' WHERE account = '315057195907022241';
UPDATE User SET password_hash = '$2y$13$dg4FlrrcXjMmvWznC3XUhehaTTZ/xfKXNpEYbSt8o3Q/9b9xonHLC' WHERE account = '122886197211198883';
UPDATE User SET password_hash = '$2y$13$dg4FlrrcXjMmvWznC3XUhehaTTZ/xfKXNpEYbSt8o3Q/9b9xonHLC' WHERE account = '320597198502274058';
UPDATE User SET password_hash = '$2y$13$dg4FlrrcXjMmvWznC3XUhehaTTZ/xfKXNpEYbSt8o3Q/9b9xonHLC' WHERE account = '323615193611304290';
UPDATE User SET password_hash = '$2y$13$dg4FlrrcXjMmvWznC3XUhehaTTZ/xfKXNpEYbSt8o3Q/9b9xonHLC' WHERE account = '110425193009034421';
UPDATE User SET password_hash = '$2y$13$dg4FlrrcXjMmvWznC3XUhehaTTZ/xfKXNpEYbSt8o3Q/9b9xonHLC' WHERE account = '653416201401258050';
UPDATE User SET password_hash = '$2y$13$dg4FlrrcXjMmvWznC3XUhehaTTZ/xfKXNpEYbSt8o3Q/9b9xonHLC' WHERE account = '232934196708319940';
UPDATE User SET password_hash = '$2y$13$dg4FlrrcXjMmvWznC3XUhehaTTZ/xfKXNpEYbSt8o3Q/9b9xonHLC' WHERE account = '333907197804088721';
UPDATE User SET password_hash = '$2y$13$dg4FlrrcXjMmvWznC3XUhehaTTZ/xfKXNpEYbSt8o3Q/9b9xonHLC' WHERE account = '634070197211237041';
UPDATE User SET password_hash = '$2y$13$dg4FlrrcXjMmvWznC3XUhehaTTZ/xfKXNpEYbSt8o3Q/9b9xonHLC' WHERE account = '37354219821228008X';
UPDATE User SET password_hash = '$2y$13$dg4FlrrcXjMmvWznC3XUhehaTTZ/xfKXNpEYbSt8o3Q/9b9xonHLC' WHERE account = '330228195003091533';
UPDATE User SET password_hash = '$2y$13$dg4FlrrcXjMmvWznC3XUhehaTTZ/xfKXNpEYbSt8o3Q/9b9xonHLC' WHERE account = '322230198704102917';
UPDATE User SET password_hash = '$2y$13$dg4FlrrcXjMmvWznC3XUhehaTTZ/xfKXNpEYbSt8o3Q/9b9xonHLC' WHERE account = '443428194604077463';
UPDATE User SET password_hash = '$2y$13$dg4FlrrcXjMmvWznC3XUhehaTTZ/xfKXNpEYbSt8o3Q/9b9xonHLC' WHERE account = '36280219260125254X';
UPDATE User SET password_hash = '$2y$13$dg4FlrrcXjMmvWznC3XUhehaTTZ/xfKXNpEYbSt8o3Q/9b9xonHLC' WHERE account = '211941194810170554';
UPDATE User SET password_hash = '$2y$13$dg4FlrrcXjMmvWznC3XUhehaTTZ/xfKXNpEYbSt8o3Q/9b9xonHLC' WHERE account = '460980194211190365';
UPDATE User SET password_hash = '$2y$13$dg4FlrrcXjMmvWznC3XUhehaTTZ/xfKXNpEYbSt8o3Q/9b9xonHLC' WHERE account = '644909198802288731';
UPDATE User SET password_hash = '$2y$13$dg4FlrrcXjMmvWznC3XUhehaTTZ/xfKXNpEYbSt8o3Q/9b9xonHLC' WHERE account = '311662195002207909';
UPDATE User SET password_hash = '$2y$13$dg4FlrrcXjMmvWznC3XUhehaTTZ/xfKXNpEYbSt8o3Q/9b9xonHLC' WHERE account = '523092193604123287';
UPDATE User SET password_hash = '$2y$13$dg4FlrrcXjMmvWznC3XUhehaTTZ/xfKXNpEYbSt8o3Q/9b9xonHLC' WHERE account = '500443192809253951';
UPDATE User SET password_hash = '$2y$13$dg4FlrrcXjMmvWznC3XUhehaTTZ/xfKXNpEYbSt8o3Q/9b9xonHLC' WHERE account = '624543196411253487';
UPDATE User SET password_hash = '$2y$13$dg4FlrrcXjMmvWznC3XUhehaTTZ/xfKXNpEYbSt8o3Q/9b9xonHLC' WHERE account = '644624196102189078';
UPDATE User SET password_hash = '$2y$13$dg4FlrrcXjMmvWznC3XUhehaTTZ/xfKXNpEYbSt8o3Q/9b9xonHLC' WHERE account = '360129195908055853';
UPDATE User SET password_hash = '$2y$13$dg4FlrrcXjMmvWznC3XUhehaTTZ/xfKXNpEYbSt8o3Q/9b9xonHLC' WHERE account = '12109019660310954X';
UPDATE User SET password_hash = '$2y$13$dg4FlrrcXjMmvWznC3XUhehaTTZ/xfKXNpEYbSt8o3Q/9b9xonHLC' WHERE account = '611680199301059041';
UPDATE User SET password_hash = '$2y$13$dg4FlrrcXjMmvWznC3XUhehaTTZ/xfKXNpEYbSt8o3Q/9b9xonHLC' WHERE account = '643109196908081867';
UPDATE User SET password_hash = '$2y$13$dg4FlrrcXjMmvWznC3XUhehaTTZ/xfKXNpEYbSt8o3Q/9b9xonHLC' WHERE account = '640588193912066431';
UPDATE User SET password_hash = '$2y$13$dg4FlrrcXjMmvWznC3XUhehaTTZ/xfKXNpEYbSt8o3Q/9b9xonHLC' WHERE account = '342396200704231805';
UPDATE User SET password_hash = '$2y$13$dg4FlrrcXjMmvWznC3XUhehaTTZ/xfKXNpEYbSt8o3Q/9b9xonHLC' WHERE account = '821829193406107259';
UPDATE User SET password_hash = '$2y$13$dg4FlrrcXjMmvWznC3XUhehaTTZ/xfKXNpEYbSt8o3Q/9b9xonHLC' WHERE account = '541277201403062028';
UPDATE User SET password_hash = '$2y$13$dg4FlrrcXjMmvWznC3XUhehaTTZ/xfKXNpEYbSt8o3Q/9b9xonHLC' WHERE account = '640434192810024535';
UPDATE User SET password_hash = '$2y$13$dg4FlrrcXjMmvWznC3XUhehaTTZ/xfKXNpEYbSt8o3Q/9b9xonHLC' WHERE account = '502455201203250946';
UPDATE User SET password_hash = '$2y$13$dg4FlrrcXjMmvWznC3XUhehaTTZ/xfKXNpEYbSt8o3Q/9b9xonHLC' WHERE account = '422643193705206197';
UPDATE User SET password_hash = '$2y$13$dg4FlrrcXjMmvWznC3XUhehaTTZ/xfKXNpEYbSt8o3Q/9b9xonHLC' WHERE account = '112408197403175774';
UPDATE User SET password_hash = '$2y$13$dg4FlrrcXjMmvWznC3XUhehaTTZ/xfKXNpEYbSt8o3Q/9b9xonHLC' WHERE account = '454741194508165154';
UPDATE User SET password_hash = '$2y$13$dg4FlrrcXjMmvWznC3XUhehaTTZ/xfKXNpEYbSt8o3Q/9b9xonHLC' WHERE account = '441828199309277222';
UPDATE User SET password_hash = '$2y$13$dg4FlrrcXjMmvWznC3XUhehaTTZ/xfKXNpEYbSt8o3Q/9b9xonHLC' WHERE account = '321534196502250868';
UPDATE User SET password_hash = '$2y$13$dg4FlrrcXjMmvWznC3XUhehaTTZ/xfKXNpEYbSt8o3Q/9b9xonHLC' WHERE account = '713175200506089901';
UPDATE User SET password_hash = '$2y$13$dg4FlrrcXjMmvWznC3XUhehaTTZ/xfKXNpEYbSt8o3Q/9b9xonHLC' WHERE account = '132794193210311208';
UPDATE User SET password_hash = '$2y$13$dg4FlrrcXjMmvWznC3XUhehaTTZ/xfKXNpEYbSt8o3Q/9b9xonHLC' WHERE account = '15213319250216982X';
UPDATE User SET password_hash = '$2y$13$dg4FlrrcXjMmvWznC3XUhehaTTZ/xfKXNpEYbSt8o3Q/9b9xonHLC' WHERE account = '23122619310127251X';
UPDATE User SET password_hash = '$2y$13$dg4FlrrcXjMmvWznC3XUhehaTTZ/xfKXNpEYbSt8o3Q/9b9xonHLC' WHERE account = '543797193202219744';
UPDATE User SET password_hash = '$2y$13$dg4FlrrcXjMmvWznC3XUhehaTTZ/xfKXNpEYbSt8o3Q/9b9xonHLC' WHERE account = '124749199009152881';
UPDATE User SET password_hash = '$2y$13$dg4FlrrcXjMmvWznC3XUhehaTTZ/xfKXNpEYbSt8o3Q/9b9xonHLC' WHERE account = '361717200102227406';
UPDATE User SET password_hash = '$2y$13$dg4FlrrcXjMmvWznC3XUhehaTTZ/xfKXNpEYbSt8o3Q/9b9xonHLC' WHERE account = '313931196808162103';
UPDATE User SET password_hash = '$2y$13$dg4FlrrcXjMmvWznC3XUhehaTTZ/xfKXNpEYbSt8o3Q/9b9xonHLC' WHERE account = '510217197207224758';
UPDATE User SET password_hash = '$2y$13$dg4FlrrcXjMmvWznC3XUhehaTTZ/xfKXNpEYbSt8o3Q/9b9xonHLC' WHERE account = '153369199008025548';
UPDATE User SET password_hash = '$2y$13$dg4FlrrcXjMmvWznC3XUhehaTTZ/xfKXNpEYbSt8o3Q/9b9xonHLC' WHERE account = '41368019800420930X';
UPDATE User SET password_hash = '$2y$13$dg4FlrrcXjMmvWznC3XUhehaTTZ/xfKXNpEYbSt8o3Q/9b9xonHLC' WHERE account = '31332919241230513X';
UPDATE User SET password_hash = '$2y$13$dg4FlrrcXjMmvWznC3XUhehaTTZ/xfKXNpEYbSt8o3Q/9b9xonHLC' WHERE account = '524145194402082035';
UPDATE User SET password_hash = '$2y$13$dg4FlrrcXjMmvWznC3XUhehaTTZ/xfKXNpEYbSt8o3Q/9b9xonHLC' WHERE account = '32471919450516083X';
UPDATE User SET password_hash = '$2y$13$dg4FlrrcXjMmvWznC3XUhehaTTZ/xfKXNpEYbSt8o3Q/9b9xonHLC' WHERE account = '815018198708125258';
UPDATE User SET password_hash = '$2y$13$dg4FlrrcXjMmvWznC3XUhehaTTZ/xfKXNpEYbSt8o3Q/9b9xonHLC' WHERE account = '610911196110111257';
UPDATE User SET password_hash = '$2y$13$dg4FlrrcXjMmvWznC3XUhehaTTZ/xfKXNpEYbSt8o3Q/9b9xonHLC' WHERE account = '46112219290720553X';
UPDATE User SET password_hash = '$2y$13$dg4FlrrcXjMmvWznC3XUhehaTTZ/xfKXNpEYbSt8o3Q/9b9xonHLC' WHERE account = '412794195004056889';
UPDATE User SET password_hash = '$2y$13$dg4FlrrcXjMmvWznC3XUhehaTTZ/xfKXNpEYbSt8o3Q/9b9xonHLC' WHERE account = '210536195710109593';
UPDATE User SET password_hash = '$2y$13$dg4FlrrcXjMmvWznC3XUhehaTTZ/xfKXNpEYbSt8o3Q/9b9xonHLC' WHERE account = '414949194606116125';
UPDATE User SET password_hash = '$2y$13$dg4FlrrcXjMmvWznC3XUhehaTTZ/xfKXNpEYbSt8o3Q/9b9xonHLC' WHERE account = '310340199804214924';
UPDATE User SET password_hash = '$2y$13$dg4FlrrcXjMmvWznC3XUhehaTTZ/xfKXNpEYbSt8o3Q/9b9xonHLC' WHERE account = '151070200205189891';
UPDATE User SET password_hash = '$2y$13$dg4FlrrcXjMmvWznC3XUhehaTTZ/xfKXNpEYbSt8o3Q/9b9xonHLC' WHERE account = '623088195908089837';
UPDATE User SET password_hash = '$2y$13$dg4FlrrcXjMmvWznC3XUhehaTTZ/xfKXNpEYbSt8o3Q/9b9xonHLC' WHERE account = '502562195004131571';
UPDATE User SET password_hash = '$2y$13$dg4FlrrcXjMmvWznC3XUhehaTTZ/xfKXNpEYbSt8o3Q/9b9xonHLC' WHERE account = '360277199110102303';
UPDATE User SET password_hash = '$2y$13$dg4FlrrcXjMmvWznC3XUhehaTTZ/xfKXNpEYbSt8o3Q/9b9xonHLC' WHERE account = '821439198310211982';
UPDATE User SET password_hash = '$2y$13$dg4FlrrcXjMmvWznC3XUhehaTTZ/xfKXNpEYbSt8o3Q/9b9xonHLC' WHERE account = '644971200805059247';
UPDATE User SET password_hash = '$2y$13$dg4FlrrcXjMmvWznC3XUhehaTTZ/xfKXNpEYbSt8o3Q/9b9xonHLC' WHERE account = '50111019581205146X';
UPDATE User SET password_hash = '$2y$13$dg4FlrrcXjMmvWznC3XUhehaTTZ/xfKXNpEYbSt8o3Q/9b9xonHLC' WHERE account = '344478198308044179';
UPDATE User SET password_hash = '$2y$13$dg4FlrrcXjMmvWznC3XUhehaTTZ/xfKXNpEYbSt8o3Q/9b9xonHLC' WHERE account = '223654195010190527';
UPDATE User SET password_hash = '$2y$13$dg4FlrrcXjMmvWznC3XUhehaTTZ/xfKXNpEYbSt8o3Q/9b9xonHLC' WHERE account = '122861195202238555';
UPDATE User SET password_hash = '$2y$13$dg4FlrrcXjMmvWznC3XUhehaTTZ/xfKXNpEYbSt8o3Q/9b9xonHLC' WHERE account = '522289192704257530';
UPDATE User SET password_hash = '$2y$13$dg4FlrrcXjMmvWznC3XUhehaTTZ/xfKXNpEYbSt8o3Q/9b9xonHLC' WHERE account = '133283193809099010';
UPDATE User SET password_hash = '$2y$13$dg4FlrrcXjMmvWznC3XUhehaTTZ/xfKXNpEYbSt8o3Q/9b9xonHLC' WHERE account = '63372319510621421X';
UPDATE User SET password_hash = '$2y$13$dg4FlrrcXjMmvWznC3XUhehaTTZ/xfKXNpEYbSt8o3Q/9b9xonHLC' WHERE account = '371938195305315476';
UPDATE User SET password_hash = '$2y$13$dg4FlrrcXjMmvWznC3XUhehaTTZ/xfKXNpEYbSt8o3Q/9b9xonHLC' WHERE account = '134303193702242118';
UPDATE User SET password_hash = '$2y$13$dg4FlrrcXjMmvWznC3XUhehaTTZ/xfKXNpEYbSt8o3Q/9b9xonHLC' WHERE account = '461672199808155899';
UPDATE User SET password_hash = '$2y$13$dg4FlrrcXjMmvWznC3XUhehaTTZ/xfKXNpEYbSt8o3Q/9b9xonHLC' WHERE account = '443004200003258160';
UPDATE User SET password_hash = '$2y$13$dg4FlrrcXjMmvWznC3XUhehaTTZ/xfKXNpEYbSt8o3Q/9b9xonHLC' WHERE account = '411443195404128113';
UPDATE User SET password_hash = '$2y$13$dg4FlrrcXjMmvWznC3XUhehaTTZ/xfKXNpEYbSt8o3Q/9b9xonHLC' WHERE account = '650236193310086747';
UPDATE User SET password_hash = '$2y$13$dg4FlrrcXjMmvWznC3XUhehaTTZ/xfKXNpEYbSt8o3Q/9b9xonHLC' WHERE account = '113630200608044540';
UPDATE User SET password_hash = '$2y$13$dg4FlrrcXjMmvWznC3XUhehaTTZ/xfKXNpEYbSt8o3Q/9b9xonHLC' WHERE account = '654322199111083252';
UPDATE User SET password_hash = '$2y$13$dg4FlrrcXjMmvWznC3XUhehaTTZ/xfKXNpEYbSt8o3Q/9b9xonHLC' WHERE account = '152946200410247325';
UPDATE User SET password_hash = '$2y$13$dg4FlrrcXjMmvWznC3XUhehaTTZ/xfKXNpEYbSt8o3Q/9b9xonHLC' WHERE account = '210885195302075191';
UPDATE User SET password_hash = '$2y$13$dg4FlrrcXjMmvWznC3XUhehaTTZ/xfKXNpEYbSt8o3Q/9b9xonHLC' WHERE account = '620422194705151208';
UPDATE User SET password_hash = '$2y$13$dg4FlrrcXjMmvWznC3XUhehaTTZ/xfKXNpEYbSt8o3Q/9b9xonHLC' WHERE account = '652310194704198574';
UPDATE User SET password_hash = '$2y$13$dg4FlrrcXjMmvWznC3XUhehaTTZ/xfKXNpEYbSt8o3Q/9b9xonHLC' WHERE account = '821235196212188714';
UPDATE User SET password_hash = '$2y$13$dg4FlrrcXjMmvWznC3XUhehaTTZ/xfKXNpEYbSt8o3Q/9b9xonHLC' WHERE account = '340956196306219057';
UPDATE User SET password_hash = '$2y$13$dg4FlrrcXjMmvWznC3XUhehaTTZ/xfKXNpEYbSt8o3Q/9b9xonHLC' WHERE account = '340646198304075223';
UPDATE User SET password_hash = '$2y$13$dg4FlrrcXjMmvWznC3XUhehaTTZ/xfKXNpEYbSt8o3Q/9b9xonHLC' WHERE account = '520571200308060615';
UPDATE User SET password_hash = '$2y$13$dg4FlrrcXjMmvWznC3XUhehaTTZ/xfKXNpEYbSt8o3Q/9b9xonHLC' WHERE account = '540228196009058512';
UPDATE User SET password_hash = '$2y$13$dg4FlrrcXjMmvWznC3XUhehaTTZ/xfKXNpEYbSt8o3Q/9b9xonHLC' WHERE account = '824123194108077156';
UPDATE User SET password_hash = '$2y$13$dg4FlrrcXjMmvWznC3XUhehaTTZ/xfKXNpEYbSt8o3Q/9b9xonHLC' WHERE account = '611406193507126306';
UPDATE User SET password_hash = '$2y$13$dg4FlrrcXjMmvWznC3XUhehaTTZ/xfKXNpEYbSt8o3Q/9b9xonHLC' WHERE account = '713941192503204724';
UPDATE User SET password_hash = '$2y$13$dg4FlrrcXjMmvWznC3XUhehaTTZ/xfKXNpEYbSt8o3Q/9b9xonHLC' WHERE account = '211671201012248918';
UPDATE User SET password_hash = '$2y$13$dg4FlrrcXjMmvWznC3XUhehaTTZ/xfKXNpEYbSt8o3Q/9b9xonHLC' WHERE account = '371540194407219538';
UPDATE User SET password_hash = '$2y$13$dg4FlrrcXjMmvWznC3XUhehaTTZ/xfKXNpEYbSt8o3Q/9b9xonHLC' WHERE account = '143844197812275680';
UPDATE User SET password_hash = '$2y$13$dg4FlrrcXjMmvWznC3XUhehaTTZ/xfKXNpEYbSt8o3Q/9b9xonHLC' WHERE account = '533618197207091029';
UPDATE User SET password_hash = '$2y$13$dg4FlrrcXjMmvWznC3XUhehaTTZ/xfKXNpEYbSt8o3Q/9b9xonHLC' WHERE account = '620401197508187622';
UPDATE User SET password_hash = '$2y$13$dg4FlrrcXjMmvWznC3XUhehaTTZ/xfKXNpEYbSt8o3Q/9b9xonHLC' WHERE account = '611332193604035007';
UPDATE User SET password_hash = '$2y$13$dg4FlrrcXjMmvWznC3XUhehaTTZ/xfKXNpEYbSt8o3Q/9b9xonHLC' WHERE account = '462311198102173570';
UPDATE User SET password_hash = '$2y$13$dg4FlrrcXjMmvWznC3XUhehaTTZ/xfKXNpEYbSt8o3Q/9b9xonHLC' WHERE account = '655092201206291149';
UPDATE User SET password_hash = '$2y$13$dg4FlrrcXjMmvWznC3XUhehaTTZ/xfKXNpEYbSt8o3Q/9b9xonHLC' WHERE account = '54356920111209606X';
UPDATE User SET password_hash = '$2y$13$dg4FlrrcXjMmvWznC3XUhehaTTZ/xfKXNpEYbSt8o3Q/9b9xonHLC' WHERE account = '222851196302197825';
UPDATE User SET password_hash = '$2y$13$dg4FlrrcXjMmvWznC3XUhehaTTZ/xfKXNpEYbSt8o3Q/9b9xonHLC' WHERE account = '344774198301185791';
UPDATE User SET password_hash = '$2y$13$dg4FlrrcXjMmvWznC3XUhehaTTZ/xfKXNpEYbSt8o3Q/9b9xonHLC' WHERE account = '442909195306255246';
UPDATE User SET password_hash = '$2y$13$dg4FlrrcXjMmvWznC3XUhehaTTZ/xfKXNpEYbSt8o3Q/9b9xonHLC' WHERE account = '231645198511124115';
UPDATE User SET password_hash = '$2y$13$dg4FlrrcXjMmvWznC3XUhehaTTZ/xfKXNpEYbSt8o3Q/9b9xonHLC' WHERE account = '124261193003209401';
UPDATE User SET password_hash = '$2y$13$dg4FlrrcXjMmvWznC3XUhehaTTZ/xfKXNpEYbSt8o3Q/9b9xonHLC' WHERE account = '114867195106225385';
UPDATE User SET password_hash = '$2y$13$dg4FlrrcXjMmvWznC3XUhehaTTZ/xfKXNpEYbSt8o3Q/9b9xonHLC' WHERE account = '434125197402274494';
UPDATE User SET password_hash = '$2y$13$dg4FlrrcXjMmvWznC3XUhehaTTZ/xfKXNpEYbSt8o3Q/9b9xonHLC' WHERE account = '653289201207028201';
UPDATE User SET password_hash = '$2y$13$dg4FlrrcXjMmvWznC3XUhehaTTZ/xfKXNpEYbSt8o3Q/9b9xonHLC' WHERE account = '214364193209097110';
UPDATE User SET password_hash = '$2y$13$dg4FlrrcXjMmvWznC3XUhehaTTZ/xfKXNpEYbSt8o3Q/9b9xonHLC' WHERE account = '320386195709122209';
UPDATE User SET password_hash = '$2y$13$dg4FlrrcXjMmvWznC3XUhehaTTZ/xfKXNpEYbSt8o3Q/9b9xonHLC' WHERE account = '442142192411032508';
UPDATE User SET password_hash = '$2y$13$dg4FlrrcXjMmvWznC3XUhehaTTZ/xfKXNpEYbSt8o3Q/9b9xonHLC' WHERE account = '623921195006284991';
UPDATE User SET password_hash = '$2y$13$dg4FlrrcXjMmvWznC3XUhehaTTZ/xfKXNpEYbSt8o3Q/9b9xonHLC' WHERE account = '71147519511223025X';
UPDATE User SET password_hash = '$2y$13$dg4FlrrcXjMmvWznC3XUhehaTTZ/xfKXNpEYbSt8o3Q/9b9xonHLC' WHERE account = '342083198105040057';
UPDATE User SET password_hash = '$2y$13$dg4FlrrcXjMmvWznC3XUhehaTTZ/xfKXNpEYbSt8o3Q/9b9xonHLC' WHERE account = '710555196303075469';
UPDATE User SET password_hash = '$2y$13$dg4FlrrcXjMmvWznC3XUhehaTTZ/xfKXNpEYbSt8o3Q/9b9xonHLC' WHERE account = '61380819340331408X';
UPDATE User SET password_hash = '$2y$13$dg4FlrrcXjMmvWznC3XUhehaTTZ/xfKXNpEYbSt8o3Q/9b9xonHLC' WHERE account = '372253199810034136';
UPDATE User SET password_hash = '$2y$13$dg4FlrrcXjMmvWznC3XUhehaTTZ/xfKXNpEYbSt8o3Q/9b9xonHLC' WHERE account = '111134194511280379';
UPDATE User SET password_hash = '$2y$13$dg4FlrrcXjMmvWznC3XUhehaTTZ/xfKXNpEYbSt8o3Q/9b9xonHLC' WHERE account = '823928195002150457';
UPDATE User SET password_hash = '$2y$13$dg4FlrrcXjMmvWznC3XUhehaTTZ/xfKXNpEYbSt8o3Q/9b9xonHLC' WHERE account = '222852199501227297';
UPDATE User SET password_hash = '$2y$13$dg4FlrrcXjMmvWznC3XUhehaTTZ/xfKXNpEYbSt8o3Q/9b9xonHLC' WHERE account = '410172193009060761';
UPDATE User SET password_hash = '$2y$13$dg4FlrrcXjMmvWznC3XUhehaTTZ/xfKXNpEYbSt8o3Q/9b9xonHLC' WHERE account = '374755197302097367';
UPDATE User SET password_hash = '$2y$13$dg4FlrrcXjMmvWznC3XUhehaTTZ/xfKXNpEYbSt8o3Q/9b9xonHLC' WHERE account = '373326197306070018';
UPDATE User SET password_hash = '$2y$13$dg4FlrrcXjMmvWznC3XUhehaTTZ/xfKXNpEYbSt8o3Q/9b9xonHLC' WHERE account = '642456201012263250';
UPDATE User SET password_hash = '$2y$13$dg4FlrrcXjMmvWznC3XUhehaTTZ/xfKXNpEYbSt8o3Q/9b9xonHLC' WHERE account = '452222199405270585';
UPDATE User SET password_hash = '$2y$13$dg4FlrrcXjMmvWznC3XUhehaTTZ/xfKXNpEYbSt8o3Q/9b9xonHLC' WHERE account = '233747192310189691';
UPDATE User SET password_hash = '$2y$13$dg4FlrrcXjMmvWznC3XUhehaTTZ/xfKXNpEYbSt8o3Q/9b9xonHLC' WHERE account = '361227196007168770';
UPDATE User SET password_hash = '$2y$13$dg4FlrrcXjMmvWznC3XUhehaTTZ/xfKXNpEYbSt8o3Q/9b9xonHLC' WHERE account = '462289197103064201';
UPDATE User SET password_hash = '$2y$13$dg4FlrrcXjMmvWznC3XUhehaTTZ/xfKXNpEYbSt8o3Q/9b9xonHLC' WHERE account = '532764194511010889';
UPDATE User SET password_hash = '$2y$13$dg4FlrrcXjMmvWznC3XUhehaTTZ/xfKXNpEYbSt8o3Q/9b9xonHLC' WHERE account = '500920197304036364';
UPDATE User SET password_hash = '$2y$13$dg4FlrrcXjMmvWznC3XUhehaTTZ/xfKXNpEYbSt8o3Q/9b9xonHLC' WHERE account = '504125198901056242';
UPDATE User SET password_hash = '$2y$13$dg4FlrrcXjMmvWznC3XUhehaTTZ/xfKXNpEYbSt8o3Q/9b9xonHLC' WHERE account = '331614199406129486';
UPDATE User SET password_hash = '$2y$13$dg4FlrrcXjMmvWznC3XUhehaTTZ/xfKXNpEYbSt8o3Q/9b9xonHLC' WHERE account = '114963201409085455';
UPDATE User SET password_hash = '$2y$13$dg4FlrrcXjMmvWznC3XUhehaTTZ/xfKXNpEYbSt8o3Q/9b9xonHLC' WHERE account = '42104719580616512X';
UPDATE User SET password_hash = '$2y$13$dg4FlrrcXjMmvWznC3XUhehaTTZ/xfKXNpEYbSt8o3Q/9b9xonHLC' WHERE account = '434951201108196232';
UPDATE User SET password_hash = '$2y$13$dg4FlrrcXjMmvWznC3XUhehaTTZ/xfKXNpEYbSt8o3Q/9b9xonHLC' WHERE account = '23106519510802120X';
UPDATE User SET password_hash = '$2y$13$dg4FlrrcXjMmvWznC3XUhehaTTZ/xfKXNpEYbSt8o3Q/9b9xonHLC' WHERE account = '321386193306151922';
UPDATE User SET password_hash = '$2y$13$dg4FlrrcXjMmvWznC3XUhehaTTZ/xfKXNpEYbSt8o3Q/9b9xonHLC' WHERE account = '633492198008101559';
UPDATE User SET password_hash = '$2y$13$dg4FlrrcXjMmvWznC3XUhehaTTZ/xfKXNpEYbSt8o3Q/9b9xonHLC' WHERE account = '364018195803011350';
UPDATE User SET password_hash = '$2y$13$dg4FlrrcXjMmvWznC3XUhehaTTZ/xfKXNpEYbSt8o3Q/9b9xonHLC' WHERE account = '522525195104304388';
UPDATE User SET password_hash = '$2y$13$dg4FlrrcXjMmvWznC3XUhehaTTZ/xfKXNpEYbSt8o3Q/9b9xonHLC' WHERE account = '122227198401308095';
UPDATE User SET password_hash = '$2y$13$dg4FlrrcXjMmvWznC3XUhehaTTZ/xfKXNpEYbSt8o3Q/9b9xonHLC' WHERE account = '460136192509123315';
UPDATE User SET password_hash = '$2y$13$dg4FlrrcXjMmvWznC3XUhehaTTZ/xfKXNpEYbSt8o3Q/9b9xonHLC' WHERE account = '634408196806207783';
UPDATE User SET password_hash = '$2y$13$dg4FlrrcXjMmvWznC3XUhehaTTZ/xfKXNpEYbSt8o3Q/9b9xonHLC' WHERE account = '211774201402047021';
UPDATE User SET password_hash = '$2y$13$dg4FlrrcXjMmvWznC3XUhehaTTZ/xfKXNpEYbSt8o3Q/9b9xonHLC' WHERE account = '230947194310081168';
UPDATE User SET password_hash = '$2y$13$dg4FlrrcXjMmvWznC3XUhehaTTZ/xfKXNpEYbSt8o3Q/9b9xonHLC' WHERE account = '362842194309165447';
UPDATE User SET password_hash = '$2y$13$dg4FlrrcXjMmvWznC3XUhehaTTZ/xfKXNpEYbSt8o3Q/9b9xonHLC' WHERE account = '613526195405147394';
UPDATE User SET password_hash = '$2y$13$dg4FlrrcXjMmvWznC3XUhehaTTZ/xfKXNpEYbSt8o3Q/9b9xonHLC' WHERE account = '131372201112299985';
UPDATE User SET password_hash = '$2y$13$dg4FlrrcXjMmvWznC3XUhehaTTZ/xfKXNpEYbSt8o3Q/9b9xonHLC' WHERE account = '514121201012127315';
UPDATE User SET password_hash = '$2y$13$dg4FlrrcXjMmvWznC3XUhehaTTZ/xfKXNpEYbSt8o3Q/9b9xonHLC' WHERE account = '513235195907022777';
UPDATE User SET password_hash = '$2y$13$dg4FlrrcXjMmvWznC3XUhehaTTZ/xfKXNpEYbSt8o3Q/9b9xonHLC' WHERE account = '125055194305122697';
UPDATE User SET password_hash = '$2y$13$dg4FlrrcXjMmvWznC3XUhehaTTZ/xfKXNpEYbSt8o3Q/9b9xonHLC' WHERE account = '541185195006225610';
UPDATE User SET password_hash = '$2y$13$dg4FlrrcXjMmvWznC3XUhehaTTZ/xfKXNpEYbSt8o3Q/9b9xonHLC' WHERE account = '234241197111064217';
UPDATE User SET password_hash = '$2y$13$dg4FlrrcXjMmvWznC3XUhehaTTZ/xfKXNpEYbSt8o3Q/9b9xonHLC' WHERE account = '630567197406254240';
UPDATE User SET password_hash = '$2y$13$dg4FlrrcXjMmvWznC3XUhehaTTZ/xfKXNpEYbSt8o3Q/9b9xonHLC' WHERE account = '333871192811129950';
UPDATE User SET password_hash = '$2y$13$dg4FlrrcXjMmvWznC3XUhehaTTZ/xfKXNpEYbSt8o3Q/9b9xonHLC' WHERE account = '230439192402146346';
UPDATE User SET password_hash = '$2y$13$dg4FlrrcXjMmvWznC3XUhehaTTZ/xfKXNpEYbSt8o3Q/9b9xonHLC' WHERE account = '443906199409205490';
UPDATE User SET password_hash = '$2y$13$dg4FlrrcXjMmvWznC3XUhehaTTZ/xfKXNpEYbSt8o3Q/9b9xonHLC' WHERE account = '540912196709221302';
UPDATE User SET password_hash = '$2y$13$dg4FlrrcXjMmvWznC3XUhehaTTZ/xfKXNpEYbSt8o3Q/9b9xonHLC' WHERE account = '501175196509152762';
UPDATE User SET password_hash = '$2y$13$dg4FlrrcXjMmvWznC3XUhehaTTZ/xfKXNpEYbSt8o3Q/9b9xonHLC' WHERE account = '431243195208161900';
UPDATE User SET password_hash = '$2y$13$dg4FlrrcXjMmvWznC3XUhehaTTZ/xfKXNpEYbSt8o3Q/9b9xonHLC' WHERE account = '712980200701127887';
UPDATE User SET password_hash = '$2y$13$dg4FlrrcXjMmvWznC3XUhehaTTZ/xfKXNpEYbSt8o3Q/9b9xonHLC' WHERE account = '142940199804091075';
UPDATE User SET password_hash = '$2y$13$dg4FlrrcXjMmvWznC3XUhehaTTZ/xfKXNpEYbSt8o3Q/9b9xonHLC' WHERE account = '515054192804190364';
UPDATE User SET password_hash = '$2y$13$dg4FlrrcXjMmvWznC3XUhehaTTZ/xfKXNpEYbSt8o3Q/9b9xonHLC' WHERE account = '650355194410234753';
UPDATE User SET password_hash = '$2y$13$dg4FlrrcXjMmvWznC3XUhehaTTZ/xfKXNpEYbSt8o3Q/9b9xonHLC' WHERE account = '824021195406156881';
UPDATE User SET password_hash = '$2y$13$dg4FlrrcXjMmvWznC3XUhehaTTZ/xfKXNpEYbSt8o3Q/9b9xonHLC' WHERE account = '513034196507225759';
UPDATE User SET password_hash = '$2y$13$dg4FlrrcXjMmvWznC3XUhehaTTZ/xfKXNpEYbSt8o3Q/9b9xonHLC' WHERE account = '354744196503262340';
UPDATE User SET password_hash = '$2y$13$dg4FlrrcXjMmvWznC3XUhehaTTZ/xfKXNpEYbSt8o3Q/9b9xonHLC' WHERE account = '544154196603175053';
UPDATE User SET password_hash = '$2y$13$dg4FlrrcXjMmvWznC3XUhehaTTZ/xfKXNpEYbSt8o3Q/9b9xonHLC' WHERE account = '371179201210133627';
UPDATE User SET password_hash = '$2y$13$dg4FlrrcXjMmvWznC3XUhehaTTZ/xfKXNpEYbSt8o3Q/9b9xonHLC' WHERE account = '634845192501152796';
UPDATE User SET password_hash = '$2y$13$dg4FlrrcXjMmvWznC3XUhehaTTZ/xfKXNpEYbSt8o3Q/9b9xonHLC' WHERE account = '824856198403048703';
UPDATE User SET password_hash = '$2y$13$dg4FlrrcXjMmvWznC3XUhehaTTZ/xfKXNpEYbSt8o3Q/9b9xonHLC' WHERE account = '640193200006166153';
UPDATE User SET password_hash = '$2y$13$dg4FlrrcXjMmvWznC3XUhehaTTZ/xfKXNpEYbSt8o3Q/9b9xonHLC' WHERE account = '622859195911036670';
UPDATE User SET password_hash = '$2y$13$dg4FlrrcXjMmvWznC3XUhehaTTZ/xfKXNpEYbSt8o3Q/9b9xonHLC' WHERE account = '444502197005228029';
UPDATE User SET password_hash = '$2y$13$dg4FlrrcXjMmvWznC3XUhehaTTZ/xfKXNpEYbSt8o3Q/9b9xonHLC' WHERE account = '353448198708306854';
UPDATE User SET password_hash = '$2y$13$dg4FlrrcXjMmvWznC3XUhehaTTZ/xfKXNpEYbSt8o3Q/9b9xonHLC' WHERE account = '311938196701035521';
UPDATE User SET password_hash = '$2y$13$dg4FlrrcXjMmvWznC3XUhehaTTZ/xfKXNpEYbSt8o3Q/9b9xonHLC' WHERE account = '613854192410231637';
UPDATE User SET password_hash = '$2y$13$dg4FlrrcXjMmvWznC3XUhehaTTZ/xfKXNpEYbSt8o3Q/9b9xonHLC' WHERE account = '431913197508273170';
UPDATE User SET password_hash = '$2y$13$dg4FlrrcXjMmvWznC3XUhehaTTZ/xfKXNpEYbSt8o3Q/9b9xonHLC' WHERE account = '371486199710076699';
UPDATE User SET password_hash = '$2y$13$dg4FlrrcXjMmvWznC3XUhehaTTZ/xfKXNpEYbSt8o3Q/9b9xonHLC' WHERE account = '223904196310272077';
UPDATE User SET password_hash = '$2y$13$dg4FlrrcXjMmvWznC3XUhehaTTZ/xfKXNpEYbSt8o3Q/9b9xonHLC' WHERE account = '370140196912249398';
UPDATE User SET password_hash = '$2y$13$dg4FlrrcXjMmvWznC3XUhehaTTZ/xfKXNpEYbSt8o3Q/9b9xonHLC' WHERE account = '341675199701233620';
UPDATE User SET password_hash = '$2y$13$dg4FlrrcXjMmvWznC3XUhehaTTZ/xfKXNpEYbSt8o3Q/9b9xonHLC' WHERE account = '312462193411242129';
UPDATE User SET password_hash = '$2y$13$dg4FlrrcXjMmvWznC3XUhehaTTZ/xfKXNpEYbSt8o3Q/9b9xonHLC' WHERE account = '533926194701042427';
UPDATE User SET password_hash = '$2y$13$dg4FlrrcXjMmvWznC3XUhehaTTZ/xfKXNpEYbSt8o3Q/9b9xonHLC' WHERE account = '333596194211210792';
UPDATE User SET password_hash = '$2y$13$dg4FlrrcXjMmvWznC3XUhehaTTZ/xfKXNpEYbSt8o3Q/9b9xonHLC' WHERE account = '154532197907281292';
UPDATE User SET password_hash = '$2y$13$dg4FlrrcXjMmvWznC3XUhehaTTZ/xfKXNpEYbSt8o3Q/9b9xonHLC' WHERE account = '213737199704185391';
UPDATE User SET password_hash = '$2y$13$dg4FlrrcXjMmvWznC3XUhehaTTZ/xfKXNpEYbSt8o3Q/9b9xonHLC' WHERE account = '650299196908193368';
UPDATE User SET password_hash = '$2y$13$dg4FlrrcXjMmvWznC3XUhehaTTZ/xfKXNpEYbSt8o3Q/9b9xonHLC' WHERE account = '312966199302207350';
UPDATE User SET password_hash = '$2y$13$dg4FlrrcXjMmvWznC3XUhehaTTZ/xfKXNpEYbSt8o3Q/9b9xonHLC' WHERE account = '323875198012136315';
UPDATE User SET password_hash = '$2y$13$dg4FlrrcXjMmvWznC3XUhehaTTZ/xfKXNpEYbSt8o3Q/9b9xonHLC' WHERE account = '612154193512171190';
UPDATE User SET password_hash = '$2y$13$dg4FlrrcXjMmvWznC3XUhehaTTZ/xfKXNpEYbSt8o3Q/9b9xonHLC' WHERE account = '652443200611118832';
UPDATE User SET password_hash = '$2y$13$dg4FlrrcXjMmvWznC3XUhehaTTZ/xfKXNpEYbSt8o3Q/9b9xonHLC' WHERE account = '151371201409129385';
UPDATE User SET password_hash = '$2y$13$dg4FlrrcXjMmvWznC3XUhehaTTZ/xfKXNpEYbSt8o3Q/9b9xonHLC' WHERE account = '511859195707278982';
UPDATE User SET password_hash = '$2y$13$dg4FlrrcXjMmvWznC3XUhehaTTZ/xfKXNpEYbSt8o3Q/9b9xonHLC' WHERE account = '360159198209174586';
UPDATE User SET password_hash = '$2y$13$dg4FlrrcXjMmvWznC3XUhehaTTZ/xfKXNpEYbSt8o3Q/9b9xonHLC' WHERE account = '434835201209035717';
UPDATE User SET password_hash = '$2y$13$dg4FlrrcXjMmvWznC3XUhehaTTZ/xfKXNpEYbSt8o3Q/9b9xonHLC' WHERE account = '504741193808061819';
UPDATE User SET password_hash = '$2y$13$dg4FlrrcXjMmvWznC3XUhehaTTZ/xfKXNpEYbSt8o3Q/9b9xonHLC' WHERE account = '332496194409285255';
UPDATE User SET password_hash = '$2y$13$dg4FlrrcXjMmvWznC3XUhehaTTZ/xfKXNpEYbSt8o3Q/9b9xonHLC' WHERE account = '413265194312122678';
UPDATE User SET password_hash = '$2y$13$dg4FlrrcXjMmvWznC3XUhehaTTZ/xfKXNpEYbSt8o3Q/9b9xonHLC' WHERE account = '143609194410168573';
UPDATE User SET password_hash = '$2y$13$dg4FlrrcXjMmvWznC3XUhehaTTZ/xfKXNpEYbSt8o3Q/9b9xonHLC' WHERE account = '325012192706291642';
UPDATE User SET password_hash = '$2y$13$dg4FlrrcXjMmvWznC3XUhehaTTZ/xfKXNpEYbSt8o3Q/9b9xonHLC' WHERE account = '52302120010628905X';
UPDATE User SET password_hash = '$2y$13$dg4FlrrcXjMmvWznC3XUhehaTTZ/xfKXNpEYbSt8o3Q/9b9xonHLC' WHERE account = '621324194607144866';
UPDATE User SET password_hash = '$2y$13$dg4FlrrcXjMmvWznC3XUhehaTTZ/xfKXNpEYbSt8o3Q/9b9xonHLC' WHERE account = '824545194408056223';
UPDATE User SET password_hash = '$2y$13$dg4FlrrcXjMmvWznC3XUhehaTTZ/xfKXNpEYbSt8o3Q/9b9xonHLC' WHERE account = '313031200205127718';
UPDATE User SET password_hash = '$2y$13$dg4FlrrcXjMmvWznC3XUhehaTTZ/xfKXNpEYbSt8o3Q/9b9xonHLC' WHERE account = '232652193101236564';
UPDATE User SET password_hash = '$2y$13$dg4FlrrcXjMmvWznC3XUhehaTTZ/xfKXNpEYbSt8o3Q/9b9xonHLC' WHERE account = '421525200908055818';
UPDATE User SET password_hash = '$2y$13$dg4FlrrcXjMmvWznC3XUhehaTTZ/xfKXNpEYbSt8o3Q/9b9xonHLC' WHERE account = '500525194808050508';
UPDATE User SET password_hash = '$2y$13$dg4FlrrcXjMmvWznC3XUhehaTTZ/xfKXNpEYbSt8o3Q/9b9xonHLC' WHERE account = '63436119690512839X';
UPDATE User SET password_hash = '$2y$13$dg4FlrrcXjMmvWznC3XUhehaTTZ/xfKXNpEYbSt8o3Q/9b9xonHLC' WHERE account = '543875199308030985';
UPDATE User SET password_hash = '$2y$13$dg4FlrrcXjMmvWznC3XUhehaTTZ/xfKXNpEYbSt8o3Q/9b9xonHLC' WHERE account = '814989201203011627';
UPDATE User SET password_hash = '$2y$13$dg4FlrrcXjMmvWznC3XUhehaTTZ/xfKXNpEYbSt8o3Q/9b9xonHLC' WHERE account = '651017201103013115';
UPDATE User SET password_hash = '$2y$13$dg4FlrrcXjMmvWznC3XUhehaTTZ/xfKXNpEYbSt8o3Q/9b9xonHLC' WHERE account = '213968194901193822';
UPDATE User SET password_hash = '$2y$13$dg4FlrrcXjMmvWznC3XUhehaTTZ/xfKXNpEYbSt8o3Q/9b9xonHLC' WHERE account = '520335197609231958';
UPDATE User SET password_hash = '$2y$13$dg4FlrrcXjMmvWznC3XUhehaTTZ/xfKXNpEYbSt8o3Q/9b9xonHLC' WHERE account = '631613200701280947';
UPDATE User SET password_hash = '$2y$13$dg4FlrrcXjMmvWznC3XUhehaTTZ/xfKXNpEYbSt8o3Q/9b9xonHLC' WHERE account = '432489198210273368';
UPDATE User SET password_hash = '$2y$13$dg4FlrrcXjMmvWznC3XUhehaTTZ/xfKXNpEYbSt8o3Q/9b9xonHLC' WHERE account = '823162197101204290';
UPDATE User SET password_hash = '$2y$13$dg4FlrrcXjMmvWznC3XUhehaTTZ/xfKXNpEYbSt8o3Q/9b9xonHLC' WHERE account = '511616196006137148';
UPDATE User SET password_hash = '$2y$13$dg4FlrrcXjMmvWznC3XUhehaTTZ/xfKXNpEYbSt8o3Q/9b9xonHLC' WHERE account = '632774197107298195';
UPDATE User SET password_hash = '$2y$13$dg4FlrrcXjMmvWznC3XUhehaTTZ/xfKXNpEYbSt8o3Q/9b9xonHLC' WHERE account = '232623199109042251';
UPDATE User SET password_hash = '$2y$13$dg4FlrrcXjMmvWznC3XUhehaTTZ/xfKXNpEYbSt8o3Q/9b9xonHLC' WHERE account = '822753198803239712';
UPDATE User SET password_hash = '$2y$13$dg4FlrrcXjMmvWznC3XUhehaTTZ/xfKXNpEYbSt8o3Q/9b9xonHLC' WHERE account = '503878200401231199';
UPDATE User SET password_hash = '$2y$13$dg4FlrrcXjMmvWznC3XUhehaTTZ/xfKXNpEYbSt8o3Q/9b9xonHLC' WHERE account = '512932193206162884';
UPDATE User SET password_hash = '$2y$13$dg4FlrrcXjMmvWznC3XUhehaTTZ/xfKXNpEYbSt8o3Q/9b9xonHLC' WHERE account = '114124192608161997';
UPDATE User SET password_hash = '$2y$13$dg4FlrrcXjMmvWznC3XUhehaTTZ/xfKXNpEYbSt8o3Q/9b9xonHLC' WHERE account = '42384219311119099X';
UPDATE User SET password_hash = '$2y$13$dg4FlrrcXjMmvWznC3XUhehaTTZ/xfKXNpEYbSt8o3Q/9b9xonHLC' WHERE account = '52085619940612402X';
UPDATE User SET password_hash = '$2y$13$dg4FlrrcXjMmvWznC3XUhehaTTZ/xfKXNpEYbSt8o3Q/9b9xonHLC' WHERE account = '334283201105254340';
UPDATE User SET password_hash = '$2y$13$dg4FlrrcXjMmvWznC3XUhehaTTZ/xfKXNpEYbSt8o3Q/9b9xonHLC' WHERE account = '441267193602102504';
UPDATE User SET password_hash = '$2y$13$dg4FlrrcXjMmvWznC3XUhehaTTZ/xfKXNpEYbSt8o3Q/9b9xonHLC' WHERE account = '643059195307024592';
UPDATE User SET password_hash = '$2y$13$dg4FlrrcXjMmvWznC3XUhehaTTZ/xfKXNpEYbSt8o3Q/9b9xonHLC' WHERE account = '624752197005238371';
UPDATE User SET password_hash = '$2y$13$dg4FlrrcXjMmvWznC3XUhehaTTZ/xfKXNpEYbSt8o3Q/9b9xonHLC' WHERE account = '414162192907219265';
UPDATE User SET password_hash = '$2y$13$dg4FlrrcXjMmvWznC3XUhehaTTZ/xfKXNpEYbSt8o3Q/9b9xonHLC' WHERE account = '821739193212228729';
UPDATE User SET password_hash = '$2y$13$dg4FlrrcXjMmvWznC3XUhehaTTZ/xfKXNpEYbSt8o3Q/9b9xonHLC' WHERE account = '360657200704248185';
UPDATE User SET password_hash = '$2y$13$dg4FlrrcXjMmvWznC3XUhehaTTZ/xfKXNpEYbSt8o3Q/9b9xonHLC' WHERE account = '411478199009168080';
UPDATE User SET password_hash = '$2y$13$dg4FlrrcXjMmvWznC3XUhehaTTZ/xfKXNpEYbSt8o3Q/9b9xonHLC' WHERE account = '653696196701307818';
UPDATE User SET password_hash = '$2y$13$dg4FlrrcXjMmvWznC3XUhehaTTZ/xfKXNpEYbSt8o3Q/9b9xonHLC' WHERE account = '821704200010019335';
UPDATE User SET password_hash = '$2y$13$dg4FlrrcXjMmvWznC3XUhehaTTZ/xfKXNpEYbSt8o3Q/9b9xonHLC' WHERE account = '421192194709163225';
UPDATE User SET password_hash = '$2y$13$dg4FlrrcXjMmvWznC3XUhehaTTZ/xfKXNpEYbSt8o3Q/9b9xonHLC' WHERE account = '342546200008138228';
UPDATE User SET password_hash = '$2y$13$dg4FlrrcXjMmvWznC3XUhehaTTZ/xfKXNpEYbSt8o3Q/9b9xonHLC' WHERE account = '714580194705056799';
UPDATE User SET password_hash = '$2y$13$dg4FlrrcXjMmvWznC3XUhehaTTZ/xfKXNpEYbSt8o3Q/9b9xonHLC' WHERE account = '133786194902126492';
UPDATE User SET password_hash = '$2y$13$dg4FlrrcXjMmvWznC3XUhehaTTZ/xfKXNpEYbSt8o3Q/9b9xonHLC' WHERE account = '463946194208144461';
UPDATE User SET password_hash = '$2y$13$dg4FlrrcXjMmvWznC3XUhehaTTZ/xfKXNpEYbSt8o3Q/9b9xonHLC' WHERE account = '45278319390409629X';
UPDATE User SET password_hash = '$2y$13$dg4FlrrcXjMmvWznC3XUhehaTTZ/xfKXNpEYbSt8o3Q/9b9xonHLC' WHERE account = '364073198709253219';
UPDATE User SET password_hash = '$2y$13$dg4FlrrcXjMmvWznC3XUhehaTTZ/xfKXNpEYbSt8o3Q/9b9xonHLC' WHERE account = '421989199310136015';
UPDATE User SET password_hash = '$2y$13$dg4FlrrcXjMmvWznC3XUhehaTTZ/xfKXNpEYbSt8o3Q/9b9xonHLC' WHERE account = '341380196310104789';
UPDATE User SET password_hash = '$2y$13$dg4FlrrcXjMmvWznC3XUhehaTTZ/xfKXNpEYbSt8o3Q/9b9xonHLC' WHERE account = '813848198809132331';
UPDATE User SET password_hash = '$2y$13$dg4FlrrcXjMmvWznC3XUhehaTTZ/xfKXNpEYbSt8o3Q/9b9xonHLC' WHERE account = '142826199310059740';
UPDATE User SET password_hash = '$2y$13$dg4FlrrcXjMmvWznC3XUhehaTTZ/xfKXNpEYbSt8o3Q/9b9xonHLC' WHERE account = '370373197810074069';
UPDATE User SET password_hash = '$2y$13$dg4FlrrcXjMmvWznC3XUhehaTTZ/xfKXNpEYbSt8o3Q/9b9xonHLC' WHERE account = '113957197704086416';
UPDATE User SET password_hash = '$2y$13$dg4FlrrcXjMmvWznC3XUhehaTTZ/xfKXNpEYbSt8o3Q/9b9xonHLC' WHERE account = '630860199503228160';
UPDATE User SET password_hash = '$2y$13$dg4FlrrcXjMmvWznC3XUhehaTTZ/xfKXNpEYbSt8o3Q/9b9xonHLC' WHERE account = '152770197007273323';
UPDATE User SET password_hash = '$2y$13$dg4FlrrcXjMmvWznC3XUhehaTTZ/xfKXNpEYbSt8o3Q/9b9xonHLC' WHERE account = '825054193904085945';
UPDATE User SET password_hash = '$2y$13$dg4FlrrcXjMmvWznC3XUhehaTTZ/xfKXNpEYbSt8o3Q/9b9xonHLC' WHERE account = '460799193708143524';
UPDATE User SET password_hash = '$2y$13$dg4FlrrcXjMmvWznC3XUhehaTTZ/xfKXNpEYbSt8o3Q/9b9xonHLC' WHERE account = '420229192812250247';
UPDATE User SET password_hash = '$2y$13$dg4FlrrcXjMmvWznC3XUhehaTTZ/xfKXNpEYbSt8o3Q/9b9xonHLC' WHERE account = '811930192810200001';
UPDATE User SET password_hash = '$2y$13$dg4FlrrcXjMmvWznC3XUhehaTTZ/xfKXNpEYbSt8o3Q/9b9xonHLC' WHERE account = '714247199603097700';
UPDATE User SET password_hash = '$2y$13$dg4FlrrcXjMmvWznC3XUhehaTTZ/xfKXNpEYbSt8o3Q/9b9xonHLC' WHERE account = '612943193104244013';
UPDATE User SET password_hash = '$2y$13$dg4FlrrcXjMmvWznC3XUhehaTTZ/xfKXNpEYbSt8o3Q/9b9xonHLC' WHERE account = '411787194712107710';
UPDATE User SET password_hash = '$2y$13$dg4FlrrcXjMmvWznC3XUhehaTTZ/xfKXNpEYbSt8o3Q/9b9xonHLC' WHERE account = '444834195302182681';
UPDATE User SET password_hash = '$2y$13$dg4FlrrcXjMmvWznC3XUhehaTTZ/xfKXNpEYbSt8o3Q/9b9xonHLC' WHERE account = '412141200607025308';
UPDATE User SET password_hash = '$2y$13$dg4FlrrcXjMmvWznC3XUhehaTTZ/xfKXNpEYbSt8o3Q/9b9xonHLC' WHERE account = '634983199606068107';
UPDATE User SET password_hash = '$2y$13$dg4FlrrcXjMmvWznC3XUhehaTTZ/xfKXNpEYbSt8o3Q/9b9xonHLC' WHERE account = '224939201202109128';
UPDATE User SET password_hash = '$2y$13$dg4FlrrcXjMmvWznC3XUhehaTTZ/xfKXNpEYbSt8o3Q/9b9xonHLC' WHERE account = '614235195502035478';
UPDATE User SET password_hash = '$2y$13$dg4FlrrcXjMmvWznC3XUhehaTTZ/xfKXNpEYbSt8o3Q/9b9xonHLC' WHERE account = '34180119510718615X';
UPDATE User SET password_hash = '$2y$13$dg4FlrrcXjMmvWznC3XUhehaTTZ/xfKXNpEYbSt8o3Q/9b9xonHLC' WHERE account = '142245195706163335';
UPDATE User SET password_hash = '$2y$13$dg4FlrrcXjMmvWznC3XUhehaTTZ/xfKXNpEYbSt8o3Q/9b9xonHLC' WHERE account = '223599194306023620';
UPDATE User SET password_hash = '$2y$13$dg4FlrrcXjMmvWznC3XUhehaTTZ/xfKXNpEYbSt8o3Q/9b9xonHLC' WHERE account = '21508319601229651X';
UPDATE User SET password_hash = '$2y$13$dg4FlrrcXjMmvWznC3XUhehaTTZ/xfKXNpEYbSt8o3Q/9b9xonHLC' WHERE account = '714666196502102416';
UPDATE User SET password_hash = '$2y$13$dg4FlrrcXjMmvWznC3XUhehaTTZ/xfKXNpEYbSt8o3Q/9b9xonHLC' WHERE account = '641521198908028794';
UPDATE User SET password_hash = '$2y$13$dg4FlrrcXjMmvWznC3XUhehaTTZ/xfKXNpEYbSt8o3Q/9b9xonHLC' WHERE account = '423245192803244652';
UPDATE User SET password_hash = '$2y$13$dg4FlrrcXjMmvWznC3XUhehaTTZ/xfKXNpEYbSt8o3Q/9b9xonHLC' WHERE account = '641434198812272092';
UPDATE User SET password_hash = '$2y$13$dg4FlrrcXjMmvWznC3XUhehaTTZ/xfKXNpEYbSt8o3Q/9b9xonHLC' WHERE account = '422631198812059533';
UPDATE User SET password_hash = '$2y$13$dg4FlrrcXjMmvWznC3XUhehaTTZ/xfKXNpEYbSt8o3Q/9b9xonHLC' WHERE account = '612477198201180892';
UPDATE User SET password_hash = '$2y$13$dg4FlrrcXjMmvWznC3XUhehaTTZ/xfKXNpEYbSt8o3Q/9b9xonHLC' WHERE account = '370661192906196672';
UPDATE User SET password_hash = '$2y$13$dg4FlrrcXjMmvWznC3XUhehaTTZ/xfKXNpEYbSt8o3Q/9b9xonHLC' WHERE account = '502959200712025020';
UPDATE User SET password_hash = '$2y$13$dg4FlrrcXjMmvWznC3XUhehaTTZ/xfKXNpEYbSt8o3Q/9b9xonHLC' WHERE account = '63103319600423545X';
UPDATE User SET password_hash = '$2y$13$dg4FlrrcXjMmvWznC3XUhehaTTZ/xfKXNpEYbSt8o3Q/9b9xonHLC' WHERE account = '125089198812286277';
UPDATE User SET password_hash = '$2y$13$dg4FlrrcXjMmvWznC3XUhehaTTZ/xfKXNpEYbSt8o3Q/9b9xonHLC' WHERE account = '344007199003229092';
UPDATE User SET password_hash = '$2y$13$dg4FlrrcXjMmvWznC3XUhehaTTZ/xfKXNpEYbSt8o3Q/9b9xonHLC' WHERE account = '712160194911062689';
UPDATE User SET password_hash = '$2y$13$dg4FlrrcXjMmvWznC3XUhehaTTZ/xfKXNpEYbSt8o3Q/9b9xonHLC' WHERE account = '614456195901256371';
UPDATE User SET password_hash = '$2y$13$dg4FlrrcXjMmvWznC3XUhehaTTZ/xfKXNpEYbSt8o3Q/9b9xonHLC' WHERE account = '223642196703038597';
UPDATE User SET password_hash = '$2y$13$dg4FlrrcXjMmvWznC3XUhehaTTZ/xfKXNpEYbSt8o3Q/9b9xonHLC' WHERE account = '623813199412036575';
UPDATE User SET password_hash = '$2y$13$dg4FlrrcXjMmvWznC3XUhehaTTZ/xfKXNpEYbSt8o3Q/9b9xonHLC' WHERE account = '534365194212138199';
UPDATE User SET password_hash = '$2y$13$dg4FlrrcXjMmvWznC3XUhehaTTZ/xfKXNpEYbSt8o3Q/9b9xonHLC' WHERE account = '433349201208206672';
UPDATE User SET password_hash = '$2y$13$dg4FlrrcXjMmvWznC3XUhehaTTZ/xfKXNpEYbSt8o3Q/9b9xonHLC' WHERE account = '341327200802170766';
UPDATE User SET password_hash = '$2y$13$dg4FlrrcXjMmvWznC3XUhehaTTZ/xfKXNpEYbSt8o3Q/9b9xonHLC' WHERE account = '62335419351204987X';
UPDATE User SET password_hash = '$2y$13$dg4FlrrcXjMmvWznC3XUhehaTTZ/xfKXNpEYbSt8o3Q/9b9xonHLC' WHERE account = '612991195907295004';
UPDATE User SET password_hash = '$2y$13$dg4FlrrcXjMmvWznC3XUhehaTTZ/xfKXNpEYbSt8o3Q/9b9xonHLC' WHERE account = '144831195201308098';
UPDATE User SET password_hash = '$2y$13$dg4FlrrcXjMmvWznC3XUhehaTTZ/xfKXNpEYbSt8o3Q/9b9xonHLC' WHERE account = '81151119490409435X';
UPDATE User SET password_hash = '$2y$13$dg4FlrrcXjMmvWznC3XUhehaTTZ/xfKXNpEYbSt8o3Q/9b9xonHLC' WHERE account = '324056196708212992';
UPDATE User SET password_hash = '$2y$13$dg4FlrrcXjMmvWznC3XUhehaTTZ/xfKXNpEYbSt8o3Q/9b9xonHLC' WHERE account = '372616199508260594';
UPDATE User SET password_hash = '$2y$13$dg4FlrrcXjMmvWznC3XUhehaTTZ/xfKXNpEYbSt8o3Q/9b9xonHLC' WHERE account = '414184193603158909';
UPDATE User SET password_hash = '$2y$13$dg4FlrrcXjMmvWznC3XUhehaTTZ/xfKXNpEYbSt8o3Q/9b9xonHLC' WHERE account = '112971200804100458';
UPDATE User SET password_hash = '$2y$13$dg4FlrrcXjMmvWznC3XUhehaTTZ/xfKXNpEYbSt8o3Q/9b9xonHLC' WHERE account = '351601195603166014';
UPDATE User SET password_hash = '$2y$13$dg4FlrrcXjMmvWznC3XUhehaTTZ/xfKXNpEYbSt8o3Q/9b9xonHLC' WHERE account = '140804193706217848';
UPDATE User SET password_hash = '$2y$13$dg4FlrrcXjMmvWznC3XUhehaTTZ/xfKXNpEYbSt8o3Q/9b9xonHLC' WHERE account = '653476200812266473';
UPDATE User SET password_hash = '$2y$13$dg4FlrrcXjMmvWznC3XUhehaTTZ/xfKXNpEYbSt8o3Q/9b9xonHLC' WHERE account = '123637199707206689';
UPDATE User SET password_hash = '$2y$13$dg4FlrrcXjMmvWznC3XUhehaTTZ/xfKXNpEYbSt8o3Q/9b9xonHLC' WHERE account = '330592199007014878';
UPDATE User SET password_hash = '$2y$13$dg4FlrrcXjMmvWznC3XUhehaTTZ/xfKXNpEYbSt8o3Q/9b9xonHLC' WHERE account = '462495192801134830';
UPDATE User SET password_hash = '$2y$13$dg4FlrrcXjMmvWznC3XUhehaTTZ/xfKXNpEYbSt8o3Q/9b9xonHLC' WHERE account = '613144192408097644';
UPDATE User SET password_hash = '$2y$13$dg4FlrrcXjMmvWznC3XUhehaTTZ/xfKXNpEYbSt8o3Q/9b9xonHLC' WHERE account = '143146194308193612';
UPDATE User SET password_hash = '$2y$13$dg4FlrrcXjMmvWznC3XUhehaTTZ/xfKXNpEYbSt8o3Q/9b9xonHLC' WHERE account = '350930200401167617';
UPDATE User SET password_hash = '$2y$13$dg4FlrrcXjMmvWznC3XUhehaTTZ/xfKXNpEYbSt8o3Q/9b9xonHLC' WHERE account = '650307196610233030';
UPDATE User SET password_hash = '$2y$13$dg4FlrrcXjMmvWznC3XUhehaTTZ/xfKXNpEYbSt8o3Q/9b9xonHLC' WHERE account = '363154192411173353';
UPDATE User SET password_hash = '$2y$13$dg4FlrrcXjMmvWznC3XUhehaTTZ/xfKXNpEYbSt8o3Q/9b9xonHLC' WHERE account = '320607196311109107';
UPDATE User SET password_hash = '$2y$13$dg4FlrrcXjMmvWznC3XUhehaTTZ/xfKXNpEYbSt8o3Q/9b9xonHLC' WHERE account = '21067320010722163X';
UPDATE User SET password_hash = '$2y$13$dg4FlrrcXjMmvWznC3XUhehaTTZ/xfKXNpEYbSt8o3Q/9b9xonHLC' WHERE account = '21141119790926085X';
UPDATE User SET password_hash = '$2y$13$dg4FlrrcXjMmvWznC3XUhehaTTZ/xfKXNpEYbSt8o3Q/9b9xonHLC' WHERE account = '363846195410059609';
UPDATE User SET password_hash = '$2y$13$dg4FlrrcXjMmvWznC3XUhehaTTZ/xfKXNpEYbSt8o3Q/9b9xonHLC' WHERE account = '430743195312296598';
UPDATE User SET password_hash = '$2y$13$dg4FlrrcXjMmvWznC3XUhehaTTZ/xfKXNpEYbSt8o3Q/9b9xonHLC' WHERE account = '442362197301106747';
UPDATE User SET password_hash = '$2y$13$dg4FlrrcXjMmvWznC3XUhehaTTZ/xfKXNpEYbSt8o3Q/9b9xonHLC' WHERE account = '374949197711165136';
UPDATE User SET password_hash = '$2y$13$dg4FlrrcXjMmvWznC3XUhehaTTZ/xfKXNpEYbSt8o3Q/9b9xonHLC' WHERE account = '15027819510817125X';
UPDATE User SET password_hash = '$2y$13$dg4FlrrcXjMmvWznC3XUhehaTTZ/xfKXNpEYbSt8o3Q/9b9xonHLC' WHERE account = '521940196211303939';
UPDATE User SET password_hash = '$2y$13$dg4FlrrcXjMmvWznC3XUhehaTTZ/xfKXNpEYbSt8o3Q/9b9xonHLC' WHERE account = '144091200808212724';
UPDATE User SET password_hash = '$2y$13$dg4FlrrcXjMmvWznC3XUhehaTTZ/xfKXNpEYbSt8o3Q/9b9xonHLC' WHERE account = '213144193903083800';
UPDATE User SET password_hash = '$2y$13$dg4FlrrcXjMmvWznC3XUhehaTTZ/xfKXNpEYbSt8o3Q/9b9xonHLC' WHERE account = '320638194011112486';
UPDATE User SET password_hash = '$2y$13$dg4FlrrcXjMmvWznC3XUhehaTTZ/xfKXNpEYbSt8o3Q/9b9xonHLC' WHERE account = '335027192609071063';
UPDATE User SET password_hash = '$2y$13$dg4FlrrcXjMmvWznC3XUhehaTTZ/xfKXNpEYbSt8o3Q/9b9xonHLC' WHERE account = '112158200403163540';
UPDATE User SET password_hash = '$2y$13$dg4FlrrcXjMmvWznC3XUhehaTTZ/xfKXNpEYbSt8o3Q/9b9xonHLC' WHERE account = '513445195012140770';
UPDATE User SET password_hash = '$2y$13$dg4FlrrcXjMmvWznC3XUhehaTTZ/xfKXNpEYbSt8o3Q/9b9xonHLC' WHERE account = '432189199802200443';
UPDATE User SET password_hash = '$2y$13$dg4FlrrcXjMmvWznC3XUhehaTTZ/xfKXNpEYbSt8o3Q/9b9xonHLC' WHERE account = '504498197606054731';
UPDATE User SET password_hash = '$2y$13$dg4FlrrcXjMmvWznC3XUhehaTTZ/xfKXNpEYbSt8o3Q/9b9xonHLC' WHERE account = '143627195508265419';
UPDATE User SET password_hash = '$2y$13$dg4FlrrcXjMmvWznC3XUhehaTTZ/xfKXNpEYbSt8o3Q/9b9xonHLC' WHERE account = '342422195702085456';
UPDATE User SET password_hash = '$2y$13$dg4FlrrcXjMmvWznC3XUhehaTTZ/xfKXNpEYbSt8o3Q/9b9xonHLC' WHERE account = '821114201012312119';
UPDATE User SET password_hash = '$2y$13$dg4FlrrcXjMmvWznC3XUhehaTTZ/xfKXNpEYbSt8o3Q/9b9xonHLC' WHERE account = '464134195306077105';
UPDATE User SET password_hash = '$2y$13$dg4FlrrcXjMmvWznC3XUhehaTTZ/xfKXNpEYbSt8o3Q/9b9xonHLC' WHERE account = '524132193208221393';

/* 建立PriorityType信息 */
INSERT INTO `prioritytype` (`name`, `information`) VALUES ('访问居民数据库', '允许访问居民数据库，新增、修改和删除居民信息'), ('访问职员数据库', '允许访问职员数据库，并对职员信息进行增加、删除和修改'), ('分配权限', '给职员分配权限'), ('发布公告', '查看公告，经审核后进行发布，允许删除公告'), ('编辑公告', '新增要发布的公告'), ('审核评论', '对前台在各新闻和公告中的评论进行审核，审核通过的评论才可以在前台显示'), ('追踪体温异常病例', '查看体温异常者的信息，及时与疑似病例进行联系');

/* 建立TeamMember信息 */
INSERT INTO User (account, username, name, sex, type, password_hash, auth_key) VALUES ('000000000000000001', '冯杰康', '冯杰康', 1, 2, '$2y$13$dg4FlrrcXjMmvWznC3XUhehaTTZ/xfKXNpEYbSt8o3Q/9b9xonHLC', '00000000000000000000000000000001');
INSERT INTO TeamMember (account, Team_id, id, link, info, is_Leader, icon) VALUES ('000000000000000001', 1, '1813402', 'https://github.com/fengjk12138', '账号登录逻辑设计，部分框架架构，部署程序设计', false, 'https://avatars1.githubusercontent.com/u/50436440?s=460&u=8fe7623df7c62e5e2262fb68a98e7ffa5bcd23f2&v=4');
INSERT INTO User (account, username, name, sex, type, password_hash, auth_key) VALUES ('000000000000000002', '戚晓睿', '戚晓睿', 1, 2, '$2y$13$dg4FlrrcXjMmvWznC3XUhehaTTZ/xfKXNpEYbSt8o3Q/9b9xonHLC', '00000000000000000000000000000002');
INSERT INTO TeamMember (account, Team_id, id, link, info, is_Leader, icon) VALUES ('000000000000000002', 1, '1811412', 'https://github.com/NickSkyyy', 'DBA（Damaged Base Architect）', false, 'https://avatars2.githubusercontent.com/u/50016779?s=400&u=43bee48724946843fb27c6f0982c5cdcebd5dbee&v=4');
INSERT INTO User (account, username, name, sex, type, password_hash, auth_key) VALUES ('000000000000000003', '文静静', '文静静', 0, 2, '$2y$13$dg4FlrrcXjMmvWznC3XUhehaTTZ/xfKXNpEYbSt8o3Q/9b9xonHLC', '00000000000000000000000000000003');
INSERT INTO TeamMember (account, Team_id, id, link, info, is_Leader, icon) VALUES ('000000000000000003', 1, '1811507', 'https://github.com/king-wk', '前后台页面设计，体温异常人员显示页面设计', false, 'https://avatars1.githubusercontent.com/u/54944075?s=460&u=899581f4be61a8c6a2a4a95871a35a0f32368a54&v=4');
INSERT INTO User (account, username, name, sex, type, password_hash, auth_key) VALUES ('000000000000000004', '肖中遥', '肖中遥', 1, 2, '$2y$13$dg4FlrrcXjMmvWznC3XUhehaTTZ/xfKXNpEYbSt8o3Q/9b9xonHLC', '00000000000000000000000000000004');
INSERT INTO TeamMember (account, Team_id, id, link, info, is_Leader, icon) VALUES ('000000000000000004', 1, '1811444', 'https://github.com/Pixie-King', '爬取全国、世界、天津市数据并显示，实现疫情地图，后台体温分布与任务', false, 'https://avatars0.githubusercontent.com/u/54949930?s=400&u=5e28c9dd44b39bce687bba72f20a8858f0fdb98b&v=4');
INSERT INTO User (account, username, name, sex, type, password_hash, auth_key) VALUES ('000000000000000005', '麦隽韵', '麦隽韵', 0, 2, '$2y$13$dg4FlrrcXjMmvWznC3XUhehaTTZ/xfKXNpEYbSt8o3Q/9b9xonHLC', '00000000000000000000000000000005');
INSERT INTO TeamMember (account, Team_id, id, link, info, is_Leader, icon) VALUES ('000000000000000005', 1, '1811499', 'https://github.com/VitalC-3026', '社区数据库模块，新闻公告模块，个人简介', true, 'https://avatars0.githubusercontent.com/u/50989602?s=400&u=9568eeac1dee2a54e82f4882cce6b502927c79cb&v=4');
