/* 建立User, Resident, Committee信息 */
INSERT INTO User (account, username, name, sex, age, tel, type, auth_key) VALUES ('134477193912295079', '尚硕牧', '尚硕牧', false, '81', '15059664136', 0, '3fu0a8IE7MhY83HC40KW4V3T18dNQb6j');
INSERT INTO Resident (account, building, unit, room) VALUES ('134477193912295079', 100, 7, 301);
INSERT INTO User (account, username, name, sex, age, tel, type, auth_key) VALUES ('712969193602043371', '董民兮', '董民兮', true, '84', '13927116830', 0, 'mSLOs9g8ia8PAE9kBnHIhJL5n7UBr6AT');
INSERT INTO Resident (account, building, unit, room) VALUES ('712969193602043371', 35, 5, 701);
INSERT INTO User (account, username, name, sex, age, tel, type, auth_key) VALUES ('372013196606067783', '吉昕诺', '吉昕诺', false, '54', '13589220736', 0, 'n709J3Pa3Ju3lPHcH2cb03YKwnNc7PbD');
INSERT INTO Resident (account, building, unit, room) VALUES ('372013196606067783', 67, 8, 2206);
INSERT INTO User (account, username, name, sex, age, tel, type, auth_key) VALUES ('330747193205212989', '严敏雯', '严敏雯', false, '88', '18979507257', 0, 'w0g03273o55PE40kog9MYL2cR7I45AKJ');
INSERT INTO Resident (account, building, unit, room) VALUES ('330747193205212989', 86, 9, 1004);
INSERT INTO User (account, username, name, sex, age, tel, type, auth_key) VALUES ('364548193309011699', '钱兮', '钱兮', true, '87', '18274596888', 0, 'ETi5NtMoHU4jehHx8T3joLrV481fdHlF');
INSERT INTO Resident (account, building, unit, room) VALUES ('364548193309011699', 36, 10, 1003);
INSERT INTO User (account, username, name, sex, age, tel, type, auth_key) VALUES ('212226192902083827', '周舒', '周舒', true, '91', '19555986832', 0, '35wPx9qEq44q39eadk45da6u5bZPChC5');
INSERT INTO Resident (account, building, unit, room) VALUES ('212226192902083827', 23, 6, 2206);
INSERT INTO User (account, username, name, sex, age, tel, type, auth_key) VALUES ('53362320051209213X', '孙良翔', '孙良翔', false, '15', '13946914788', 0, 'il9eK0W6PhdFkgX1AlG1RI8QTvhaJ9Tj');
INSERT INTO Resident (account, building, unit, room) VALUES ('53362320051209213X', 70, 8, 2502);
INSERT INTO User (account, username, name, sex, age, tel, type, auth_key) VALUES ('220377196109251712', '季泽子', '季泽子', true, '59', '13659730298', 0, '23pMR2Gp8A3wW6754a8g2HRae79nYy21');
INSERT INTO Resident (account, building, unit, room) VALUES ('220377196109251712', 12, 6, 801);
INSERT INTO User (account, username, name, sex, age, tel, type, auth_key) VALUES ('511489199005130387', '刘牧', '刘牧', true, '30', '18853532680', 0, 'wS10y3RPZkN6vAX022jrgJr2oyY682mc');
INSERT INTO Resident (account, building, unit, room) VALUES ('511489199005130387', 94, 5, 1605);
INSERT INTO User (account, username, name, sex, age, tel, type, auth_key) VALUES ('224942193108087678', '宫睿牧', '宫睿牧', false, '89', '18915157011', 0, '4Kbjl4Fv43twD3SI5Rl3q295NJuD350z');
INSERT INTO Resident (account, building, unit, room) VALUES ('224942193108087678', 15, 1, 2206);
INSERT INTO User (account, username, name, sex, age, tel, type, auth_key) VALUES ('12472919730309170X', '宫轩畅', '宫轩畅', true, '47', '14784911120', 0, '7irzoUqu4fiudvrYodYM23Bvv6jRR5ct');
INSERT INTO Resident (account, building, unit, room) VALUES ('12472919730309170X', 71, 8, 1005);
INSERT INTO User (account, username, name, sex, age, tel, type, auth_key) VALUES ('811425193904268900', '麦晓泽', '麦晓泽', false, '81', '14563047095', 0, '4AS4wlF27dQDcG8HH94g5Q56IH5GjM06');
INSERT INTO Resident (account, building, unit, room) VALUES ('811425193904268900', 47, 3, 1703);
INSERT INTO User (account, username, name, sex, age, tel, type, auth_key) VALUES ('462667193712040777', '山雯飞', '山雯飞', false, '83', '19881712388', 0, 'Tcw35R8530080I19u6UXtUfjbG86ChSd');
INSERT INTO Resident (account, building, unit, room) VALUES ('462667193712040777', 81, 1, 402);
INSERT INTO User (account, username, name, sex, age, tel, type, auth_key) VALUES ('364077194201022803', '部倨', '部倨', false, '78', '14752607257', 0, 'YmH9669L05xBfYkg4oy2s2g23M26Gbm5');
INSERT INTO Resident (account, building, unit, room) VALUES ('364077194201022803', 31, 5, 2901);
INSERT INTO User (account, username, name, sex, age, tel, type, auth_key) VALUES ('625085193212290945', '曹露锐', '曹露锐', true, '88', '13138347762', 0, 'ASTVXiHlX3W5csfH4hMCBdcylREQyUqi');
INSERT INTO Resident (account, building, unit, room) VALUES ('625085193212290945', 51, 2, 1905);
INSERT INTO User (account, username, name, sex, age, tel, type, auth_key) VALUES ('504582193510110956', '昌睿圆', '昌睿圆', false, '85', '18488160974', 0, '8x29Bzpw4Z6RU2O2WNjFyRz8eAz6JmfQ');
INSERT INTO Resident (account, building, unit, room) VALUES ('504582193510110956', 48, 7, 1202);
INSERT INTO User (account, username, name, sex, age, tel, type, auth_key) VALUES ('142994201003121519', '隽一伟', '隽一伟', true, '10', '15875573152', 0, 'iU6Ie0MJ98MKQVzRyu7ioZ2eP587X1Is');
INSERT INTO Resident (account, building, unit, room) VALUES ('142994201003121519', 94, 10, 2201);
INSERT INTO User (account, username, name, sex, age, tel, type, auth_key) VALUES ('814653196909280999', '符炜航', '符炜航', true, '51', '19035257143', 0, '7OWhOssht9AuOyBTRdZ211V8JRJrhY6o');
INSERT INTO Resident (account, building, unit, room) VALUES ('814653196909280999', 78, 1, 2803);
INSERT INTO User (account, username, name, sex, age, tel, type, auth_key) VALUES ('222135196202123799', '毛奇静', '毛奇静', false, '58', '19915845846', 0, 'a6hZzdBe513RrX6J3OH0vyLGbw1E1XkS');
INSERT INTO Resident (account, building, unit, room) VALUES ('222135196202123799', 70, 5, 1901);
INSERT INTO User (account, username, name, sex, age, tel, type, auth_key) VALUES ('622597197811147076', '臧依敏', '臧依敏', false, '42', '18408058516', 0, 't5iI0155qNw9djS95AEo6yARB279fI86');
INSERT INTO Resident (account, building, unit, room) VALUES ('622597197811147076', 79, 1, 1103);
INSERT INTO User (account, username, name, sex, age, tel, type, auth_key) VALUES ('344118198601087471', '杜英', '杜英', false, '34', '13192047456', 0, '183Shp9nGM2nKBygT31lcQlW87s2aLRE');
INSERT INTO Resident (account, building, unit, room) VALUES ('344118198601087471', 11, 9, 1203);
INSERT INTO User (account, username, name, sex, age, tel, type, auth_key) VALUES ('213173199708107613', '柳舒', '柳舒', false, '23', '19636270228', 0, 'F15dR1LIPGQK3LR6X8XX8hWdOoVgUuiR');
INSERT INTO Resident (account, building, unit, room) VALUES ('213173199708107613', 1, 3, 301);
INSERT INTO User (account, username, name, sex, age, tel, type, auth_key) VALUES ('522976200811231256', '寻义天', '寻义天', false, '12', '17568590963', 0, 'p40c6pT52l7e33VU6vjJK1xfYz67P0fR');
INSERT INTO Resident (account, building, unit, room) VALUES ('522976200811231256', 8, 3, 1003);
INSERT INTO User (account, username, name, sex, age, tel, type, auth_key) VALUES ('64245919960802008X', '黄诺昕', '黄诺昕', true, '24', '18612365061', 0, 'g2nGbHR7uI882O1iho8ZFSCV10bR3462');
INSERT INTO Resident (account, building, unit, room) VALUES ('64245919960802008X', 90, 3, 406);
INSERT INTO User (account, username, name, sex, age, tel, type, auth_key) VALUES ('211487198107253217', '齐振露', '齐振露', false, '39', '15638109551', 0, '4XXgqy7EK83NDz20VxvfF1CGb1Qq3x9h');
INSERT INTO Resident (account, building, unit, room) VALUES ('211487198107253217', 76, 3, 1604);
INSERT INTO User (account, username, name, sex, age, tel, type, auth_key) VALUES ('640266197605182074', '吕哲', '吕哲', false, '44', '15168345471', 0, '4Bad5iaZKMSILizTPS303414yuWpF49D');
INSERT INTO Resident (account, building, unit, room) VALUES ('640266197605182074', 93, 9, 1203);
INSERT INTO User (account, username, name, sex, age, tel, type, auth_key) VALUES ('711818201409134371', '吴雯菲', '吴雯菲', false, '6', '19786506313', 0, 'qKU2s8se1iGgVGZ78CmFdi8repu1iO2i');
INSERT INTO Resident (account, building, unit, room) VALUES ('711818201409134371', 1, 5, 703);
INSERT INTO User (account, username, name, sex, age, tel, type, auth_key) VALUES ('444297199609159329', '盛宇宇', '盛宇宇', true, '24', '13728472915', 0, 'SSGjK8s426MH6J44VOC93or2a55T2gYm');
INSERT INTO Resident (account, building, unit, room) VALUES ('444297199609159329', 67, 4, 2906);
INSERT INTO User (account, username, name, sex, age, tel, type, auth_key) VALUES ('533847200804184365', '米润', '米润', false, '12', '13193749190', 0, 'zEg9EZ8t355tRno72eM70Su1tn102E35');
INSERT INTO Resident (account, building, unit, room) VALUES ('533847200804184365', 98, 6, 2006);
INSERT INTO User (account, username, name, sex, age, tel, type, auth_key) VALUES ('441832197002171922', '侯佳正', '侯佳正', false, '50', '19705714787', 0, 'Zx1788ksaus2b3Qs0537w84w339tS1LJ');
INSERT INTO Resident (account, building, unit, room) VALUES ('441832197002171922', 19, 7, 2802);
INSERT INTO User (account, username, name, sex, age, tel, type, auth_key) VALUES ('114761199011241092', '韩宜', '韩宜', true, '30', '18253081879', 0, 'gea3bHM4a6m2r5vGU1HyVRC98NMEWG9C');
INSERT INTO Resident (account, building, unit, room) VALUES ('114761199011241092', 9, 6, 2104);
INSERT INTO User (account, username, name, sex, age, tel, type, auth_key) VALUES ('333711197711291285', '齐龙翔', '齐龙翔', false, '43', '19144899486', 0, 'xe4n9yh4Wzg9pyiA97Vpl7BHa3QS3ws8');
INSERT INTO Resident (account, building, unit, room) VALUES ('333711197711291285', 6, 1, 2305);
INSERT INTO User (account, username, name, sex, age, tel, type, auth_key) VALUES ('541764194207288417', '柳樱', '柳樱', true, '78', '15703262274', 0, 'BXptb7qmXyIxOC2N9SPh6CSGc1ITTP2Y');
INSERT INTO Resident (account, building, unit, room) VALUES ('541764194207288417', 10, 10, 905);
INSERT INTO User (account, username, name, sex, age, tel, type, auth_key) VALUES ('440646201201176832', '米源龙', '米源龙', true, '8', '13114386344', 0, 'C2smjXiPsyL5VPVSQ9efrND83ePztO9t');
INSERT INTO Resident (account, building, unit, room) VALUES ('440646201201176832', 52, 7, 1903);
INSERT INTO User (account, username, name, sex, age, tel, type, auth_key) VALUES ('824984195904200714', '安力', '安力', true, '61', '17686206047', 0, 'k9H8QgfHQW71ow53u4JG0fBFaIy2mS3J');
INSERT INTO Resident (account, building, unit, room) VALUES ('824984195904200714', 56, 10, 1905);
INSERT INTO User (account, username, name, sex, age, tel, type, auth_key) VALUES ('502676198904080242', '沈伟英', '沈伟英', false, '31', '18878656253', 0, '61u5jQoKwbb94b5TVD4AUxeAF4NHjk7B');
INSERT INTO Resident (account, building, unit, room) VALUES ('502676198904080242', 90, 4, 401);
INSERT INTO User (account, username, name, sex, age, tel, type, auth_key) VALUES ('211147198502194996', '陆帆奇', '陆帆奇', false, '35', '18573512454', 0, '1P3zF7TvHsH2gW5qlY8lpE9K9vw1MpN7');
INSERT INTO Resident (account, building, unit, room) VALUES ('211147198502194996', 4, 2, 2503);
INSERT INTO User (account, username, name, sex, age, tel, type, auth_key) VALUES ('151007194509299466', '康亚依', '康亚依', false, '75', '19560236050', 0, '46fP6m42B4w3CYr3qs4R6871184R4OPE');
INSERT INTO Resident (account, building, unit, room) VALUES ('151007194509299466', 9, 8, 1206);
INSERT INTO User (account, username, name, sex, age, tel, type, auth_key) VALUES ('644267196905060917', '安振', '安振', true, '51', '18770388031', 0, 'S0hPnA8IvwBPVLo00ZYcGedr0z6XfW30');
INSERT INTO Resident (account, building, unit, room) VALUES ('644267196905060917', 11, 5, 2701);
INSERT INTO User (account, username, name, sex, age, tel, type, auth_key) VALUES ('41182619410215436X', '权宜', '权宜', false, '79', '15343340993', 0, 'a9x1G5wJFbywk988tRW5z91KjGjYEvG3');
INSERT INTO Resident (account, building, unit, room) VALUES ('41182619410215436X', 73, 6, 1003);
INSERT INTO User (account, username, name, sex, age, tel, type, auth_key) VALUES ('331999201401260446', '童睿', '童睿', true, '6', '18235826883', 0, 'QVU3W16b2CtS2ZI9q6AN8ann65PtK0WS');
INSERT INTO Resident (account, building, unit, room) VALUES ('331999201401260446', 77, 8, 1402);
INSERT INTO User (account, username, name, sex, age, tel, type, auth_key) VALUES ('454624195102222240', '盛家轩', '盛家轩', false, '69', '19199531452', 0, 'z9A33B234F3Wfm1M7X06B66t81OBik1T');
INSERT INTO Resident (account, building, unit, room) VALUES ('454624195102222240', 45, 4, 502);
INSERT INTO User (account, username, name, sex, age, tel, type, auth_key) VALUES ('515020192502094853', '李广', '李广', true, '95', '13480050070', 0, 'P7ZqbBmCDxKSSJwyYbzOxnvCkHTUlrr1');
INSERT INTO Resident (account, building, unit, room) VALUES ('515020192502094853', 74, 9, 2604);
INSERT INTO User (account, username, name, sex, age, tel, type, auth_key) VALUES ('422246201407290263', '吉子霖', '吉子霖', true, '6', '17243871602', 0, 'n7IxJ4M29p429WkP9naw7vIT1sZ1I7G5');
INSERT INTO Resident (account, building, unit, room) VALUES ('422246201407290263', 65, 10, 2404);
INSERT INTO User (account, username, name, sex, age, tel, type, auth_key) VALUES ('511323199112061473', '牛义炜', '牛义炜', true, '29', '15204230762', 0, '8gwTYNrV2s995FEy15zmcW4p69uC4I9G');
INSERT INTO Resident (account, building, unit, room) VALUES ('511323199112061473', 63, 8, 2403);
INSERT INTO User (account, username, name, sex, age, tel, type, auth_key) VALUES ('613620193805198760', '林睿依', '林睿依', false, '82', '18866166395', 0, 'WwHE4SG7j59X453T0Fgbbj3DCId6AP84');
INSERT INTO Resident (account, building, unit, room) VALUES ('613620193805198760', 72, 4, 404);
INSERT INTO User (account, username, name, sex, age, tel, type, auth_key) VALUES ('710270197003265814', '颜畅', '颜畅', false, '50', '13470465830', 0, '0tIzeg29hUt8OEq2nq9a9cohe3VI2txK');
INSERT INTO Resident (account, building, unit, room) VALUES ('710270197003265814', 57, 6, 1206);
INSERT INTO User (account, username, name, sex, age, tel, type, auth_key) VALUES ('332016198310258678', '钱煜倨', '钱煜倨', true, '37', '13007251178', 1, 'H83UG21ut63m5KvL04u998e9Pokqrdni');
INSERT INTO Committee (account, in_date, is_admin) VALUES ('332016198310258678', '20041105', false);
INSERT INTO User (account, username, name, sex, age, tel, type, auth_key) VALUES ('651936199106251860', '吴可义', '吴可义', true, '29', '19654692844', 0, '66hvPLL7T031nx46065bdzBjmu6zV228');
INSERT INTO Resident (account, building, unit, room) VALUES ('651936199106251860', 69, 7, 902);
INSERT INTO User (account, username, name, sex, age, tel, type, auth_key) VALUES ('352174193311179078', '金帆', '金帆', false, '87', '13196689767', 0, 'V84Xg7GZFqPD39U56Q2xbx2506G04oUW');
INSERT INTO Resident (account, building, unit, room) VALUES ('352174193311179078', 7, 4, 2601);
INSERT INTO User (account, username, name, sex, age, tel, type, auth_key) VALUES ('634299195008262626', '戚菲旭', '戚菲旭', true, '70', '19797622735', 0, 'a962ZQk01N30E7h25X3PskM19g9KJIIn');
INSERT INTO Resident (account, building, unit, room) VALUES ('634299195008262626', 23, 3, 2002);
INSERT INTO User (account, username, name, sex, age, tel, type, auth_key) VALUES ('372084194403244236', '葛雯英', '葛雯英', false, '76', '19214521231', 0, 'AT5i1S4k3Ghxb9HtUFcKY6G10LBgrWmy');
INSERT INTO Resident (account, building, unit, room) VALUES ('372084194403244236', 18, 2, 701);
INSERT INTO User (account, username, name, sex, age, tel, type, auth_key) VALUES ('324952200403039402', '颜哲', '颜哲', true, '16', '19673027789', 0, 'Bx9pd1jQo2FhW2CyVodJI9wz8SI2i81W');
INSERT INTO Resident (account, building, unit, room) VALUES ('324952200403039402', 21, 5, 1404);
INSERT INTO User (account, username, name, sex, age, tel, type, auth_key) VALUES ('153660196707269070', '鲁圣建', '鲁圣建', false, '53', '17827904531', 0, 'eHOmKis9u0E9XXxMA9eXpJ2vFBhXpqjs');
INSERT INTO Resident (account, building, unit, room) VALUES ('153660196707269070', 4, 9, 1002);
INSERT INTO User (account, username, name, sex, age, tel, type, auth_key) VALUES ('500729196407133436', '欧凡', '欧凡', false, '56', '15671124192', 0, '7w1u807DqTMUa026l6o3rQemYPWAZjv9');
INSERT INTO Resident (account, building, unit, room) VALUES ('500729196407133436', 33, 7, 2705);
INSERT INTO User (account, username, name, sex, age, tel, type, auth_key) VALUES ('36035819631105007X', '巩赛源', '巩赛源', false, '57', '19193151373', 0, '8gahYFITi4Ul9sCaS840GmIkIh2wk3ai');
INSERT INTO Resident (account, building, unit, room) VALUES ('36035819631105007X', 3, 7, 1601);
INSERT INTO User (account, username, name, sex, age, tel, type, auth_key) VALUES ('623939199905315690', '殷中', '殷中', false, '21', '16686415734', 0, 'ghG8UWSr32OD97WRTLC13k4yI438QsEF');
INSERT INTO Resident (account, building, unit, room) VALUES ('623939199905315690', 37, 4, 605);
INSERT INTO User (account, username, name, sex, age, tel, type, auth_key) VALUES ('822103201309212066', '宫依', '宫依', true, '7', '18213911698', 0, '44sqIDI6uQ4u4s44H3W9Wi2187Cr800Y');
INSERT INTO Resident (account, building, unit, room) VALUES ('822103201309212066', 55, 7, 1002);
INSERT INTO User (account, username, name, sex, age, tel, type, auth_key) VALUES ('613762197701254432', '耿建', '耿建', true, '43', '18245370641', 0, 'Kyf1OeHI0aZf3Dyyw31OH287zb8lgr7e');
INSERT INTO Resident (account, building, unit, room) VALUES ('613762197701254432', 100, 3, 2504);
INSERT INTO User (account, username, name, sex, age, tel, type, auth_key) VALUES ('653697194201195522', '曹朋迅', '曹朋迅', true, '78', '18836675725', 0, 'KZbu6dI16XSwXNU0m4C1L15Ef54pnBP4');
INSERT INTO Resident (account, building, unit, room) VALUES ('653697194201195522', 11, 3, 2101);
INSERT INTO User (account, username, name, sex, age, tel, type, auth_key) VALUES ('353647192608270347', '董泽凌', '董泽凌', false, '94', '17390593403', 0, 't8Y08QD4NY9B36H6uW5AUB2UUr7zVyhj');
INSERT INTO Resident (account, building, unit, room) VALUES ('353647192608270347', 64, 9, 2704);
INSERT INTO User (account, username, name, sex, age, tel, type, auth_key) VALUES ('133184195408183698', '徐圆圆', '徐圆圆', false, '66', '13564278716', 0, 'xJ09G3A0vqfObS0IVu5HM8Qlop69HOHr');
INSERT INTO Resident (account, building, unit, room) VALUES ('133184195408183698', 58, 2, 1904);
INSERT INTO User (account, username, name, sex, age, tel, type, auth_key) VALUES ('421086201312222234', '曹源嘉', '曹源嘉', false, '7', '13553020130', 0, 'ybkcGQFw05b0Rx2ernH65Ds1emL5iHU7');
INSERT INTO Resident (account, building, unit, room) VALUES ('421086201312222234', 26, 4, 2206);
INSERT INTO User (account, username, name, sex, age, tel, type, auth_key) VALUES ('140546196006247682', '刘立', '刘立', false, '60', '19677685817', 0, '2kO9lGF5P0oLsg5312j8d3t07rUN8C30');
INSERT INTO Resident (account, building, unit, room) VALUES ('140546196006247682', 86, 5, 2305);
INSERT INTO User (account, username, name, sex, age, tel, type, auth_key) VALUES ('710828196105130288', '金菲', '金菲', false, '59', '14944982074', 0, 'i6422S3m2io4pUooaBsNjdgku886Rs4Z');
INSERT INTO Resident (account, building, unit, room) VALUES ('710828196105130288', 99, 2, 1706);
INSERT INTO User (account, username, name, sex, age, tel, type, auth_key) VALUES ('504294199909291479', '仲圆伟', '仲圆伟', true, '21', '15943035459', 0, '7nf0Fg2vvcRY7u84ho8FNJW6b6p5M57I');
INSERT INTO Resident (account, building, unit, room) VALUES ('504294199909291479', 54, 7, 305);
INSERT INTO User (account, username, name, sex, age, tel, type, auth_key) VALUES ('611616192808133373', '宫薪帆', '宫薪帆', true, '92', '13827903434', 0, 'RKNigXfo4GCqzt4sT24Rrj9uz8gchXAx');
INSERT INTO Resident (account, building, unit, room) VALUES ('611616192808133373', 40, 8, 2404);
INSERT INTO User (account, username, name, sex, age, tel, type, auth_key) VALUES ('153645192610105850', '吕英锐', '吕英锐', true, '94', '15563723082', 0, '27v3NxqFs8TjL959B7R413rc11mzY5Z3');
INSERT INTO Resident (account, building, unit, room) VALUES ('153645192610105850', 37, 1, 202);
INSERT INTO User (account, username, name, sex, age, tel, type, auth_key) VALUES ('362760199011102843', '齐洁', '齐洁', true, '30', '13548614375', 0, 'nUDaX0pDRBY1HS3k24WrIP76p64lujbV');
INSERT INTO Resident (account, building, unit, room) VALUES ('362760199011102843', 78, 10, 606);
INSERT INTO User (account, username, name, sex, age, tel, type, auth_key) VALUES ('500793195112199711', '赵子', '赵子', true, '69', '15997554782', 0, 'h1GX586jU96789mh5C1JyOJy3oEEGR0n');
INSERT INTO Resident (account, building, unit, room) VALUES ('500793195112199711', 37, 3, 904);
INSERT INTO User (account, username, name, sex, age, tel, type, auth_key) VALUES ('614871194101194437', '杜凌', '杜凌', false, '79', '15789989020', 0, 'gI12j8xm2fo25oz68OgKd766721Qte9x');
INSERT INTO Resident (account, building, unit, room) VALUES ('614871194101194437', 42, 2, 905);
INSERT INTO User (account, username, name, sex, age, tel, type, auth_key) VALUES ('81067020070513142X', '欧丹睿', '欧丹睿', false, '13', '19598387797', 0, 'f83SSWV44e65P8oOUJ69HXlywjWhp71W');
INSERT INTO Resident (account, building, unit, room) VALUES ('81067020070513142X', 62, 7, 1801);
INSERT INTO User (account, username, name, sex, age, tel, type, auth_key) VALUES ('313510197112069211', '杜洁瀚', '杜洁瀚', true, '49', '13969324008', 0, 'GtI7y795PgY2fW5tr842wY62SA50yFb8');
INSERT INTO Resident (account, building, unit, room) VALUES ('313510197112069211', 70, 9, 1103);
INSERT INTO User (account, username, name, sex, age, tel, type, auth_key) VALUES ('41423219980223291X', '黄炜萱', '黄炜萱', false, '22', '19054393653', 0, 'aKbDIHVE6oVL4005vFw6O48EOaGDD0R4');
INSERT INTO Resident (account, building, unit, room) VALUES ('41423219980223291X', 34, 9, 2306);
INSERT INTO User (account, username, name, sex, age, tel, type, auth_key) VALUES ('501654200807102646', '肖晓', '肖晓', false, '12', '13969121472', 0, '02ajkj5rvAwJlb62hy4geK92whR7x1h7');
INSERT INTO Resident (account, building, unit, room) VALUES ('501654200807102646', 43, 7, 906);
INSERT INTO User (account, username, name, sex, age, tel, type, auth_key) VALUES ('211997194002063657', '王雯旭', '王雯旭', false, '80', '13544978720', 0, '0GwpJY1VM80eaK0g224vzqpm4yZ1o4Dp');
INSERT INTO Resident (account, building, unit, room) VALUES ('211997194002063657', 74, 10, 2305);
INSERT INTO User (account, username, name, sex, age, tel, type, auth_key) VALUES ('134560196309188859', '郑桐', '郑桐', true, '57', '19505495613', 0, 'VnlBCdJL0U8tfl2j53WktxHq74l87YcA');
INSERT INTO Resident (account, building, unit, room) VALUES ('134560196309188859', 96, 10, 2603);
INSERT INTO User (account, username, name, sex, age, tel, type, auth_key) VALUES ('345046200907101313', '隽腾', '隽腾', false, '11', '19842385745', 0, 'Apg7Q5gJN6nu3ZvqRBRQtHC5Ue77g3Tk');
INSERT INTO Resident (account, building, unit, room) VALUES ('345046200907101313', 76, 10, 206);
INSERT INTO User (account, username, name, sex, age, tel, type, auth_key) VALUES ('371360200807196987', '山子', '山子', true, '12', '15702725622', 0, 'aupa96CK5I984444kx0ta9ujpNAp2IY4');
INSERT INTO Resident (account, building, unit, room) VALUES ('371360200807196987', 88, 1, 1902);
INSERT INTO User (account, username, name, sex, age, tel, type, auth_key) VALUES ('63165319901204193X', '殷萌琦', '殷萌琦', true, '30', '17290731884', 0, 'fDeYlysyW7avhuCP0V7On1C459056go7');
INSERT INTO Resident (account, building, unit, room) VALUES ('63165319901204193X', 59, 6, 2005);
INSERT INTO User (account, username, name, sex, age, tel, type, auth_key) VALUES ('520611201003129250', '尹令本', '尹令本', false, '10', '18175208173', 0, 'IgEDk9674J0cJ85O1qda528BRmVfkCAF');
INSERT INTO Resident (account, building, unit, room) VALUES ('520611201003129250', 15, 4, 1901);
INSERT INTO User (account, username, name, sex, age, tel, type, auth_key) VALUES ('360378196307024361', '肖龙煜', '肖龙煜', false, '57', '16666722292', 0, 'NScVSD6aZNW9MmNxxA8xJnr3aq9TkrHv');
INSERT INTO Resident (account, building, unit, room) VALUES ('360378196307024361', 35, 1, 2305);
INSERT INTO User (account, username, name, sex, age, tel, type, auth_key) VALUES ('541913197811086680', '巩炎佳', '巩炎佳', false, '42', '13217066452', 0, 'QMcd5o2iWEpGGg2P8HK0sD0VM4ZD1LNK');
INSERT INTO Resident (account, building, unit, room) VALUES ('541913197811086680', 12, 6, 2702);
INSERT INTO User (account, username, name, sex, age, tel, type, auth_key) VALUES ('350104200702187137', '郭旭', '郭旭', true, '13', '15906514382', 0, 'J21SM63tI1HyXl7x70S0N1tMYBTE5Gpn');
INSERT INTO Resident (account, building, unit, room) VALUES ('350104200702187137', 93, 2, 2906);
INSERT INTO User (account, username, name, sex, age, tel, type, auth_key) VALUES ('520140200412072660', '王雯音', '王雯音', false, '16', '13391680246', 0, 'ILVV4dfy2oBy3858h65raqfeBMkZj3uC');
INSERT INTO Resident (account, building, unit, room) VALUES ('520140200412072660', 30, 7, 2901);
INSERT INTO User (account, username, name, sex, age, tel, type, auth_key) VALUES ('820819195809196585', '范佳', '范佳', true, '62', '18657473322', 0, 'bcV47zCIch095R8kGuy2C5ni333847q2');
INSERT INTO Resident (account, building, unit, room) VALUES ('820819195809196585', 85, 9, 1403);
INSERT INTO User (account, username, name, sex, age, tel, type, auth_key) VALUES ('50476319360927113X', '高良', '高良', true, '84', '18541028029', 0, '98iv2x8cmN79akznhhEmu3285T4dNYwF');
INSERT INTO Resident (account, building, unit, room) VALUES ('50476319360927113X', 79, 9, 301);
INSERT INTO User (account, username, name, sex, age, tel, type, auth_key) VALUES ('523472199502238786', '戚可腾', '戚可腾', true, '25', '19320750567', 0, 'T278GDV0v7wm55QsVj8ItQ6u9P4mSj21');
INSERT INTO Resident (account, building, unit, room) VALUES ('523472199502238786', 92, 6, 1303);
INSERT INTO User (account, username, name, sex, age, tel, type, auth_key) VALUES ('710652194801319216', '边炎丹', '边炎丹', true, '72', '15849565158', 0, 'f33eDzj5Ln6E6XrpfrdbtToAf8zL4148');
INSERT INTO Resident (account, building, unit, room) VALUES ('710652194801319216', 39, 6, 2205);
INSERT INTO User (account, username, name, sex, age, tel, type, auth_key) VALUES ('632676192406135834', '靳奕', '靳奕', false, '96', '13858643803', 0, 'pSLRKRY5BTr31q6w8ppOs94kR06C4GKt');
INSERT INTO Resident (account, building, unit, room) VALUES ('632676192406135834', 2, 9, 1306);
INSERT INTO User (account, username, name, sex, age, tel, type, auth_key) VALUES ('310814195002012604', '江言', '江言', true, '70', '17626460309', 0, 'Y06DaEIz7I6E568Iju16NF7kHaUa4Pms');
INSERT INTO Resident (account, building, unit, room) VALUES ('310814195002012604', 38, 5, 2802);
INSERT INTO User (account, username, name, sex, age, tel, type, auth_key) VALUES ('232293194702158467', '米馨', '米馨', false, '73', '16626218951', 0, 'S2eilA28p3V8dkhYYOuL4i8t5UO60Jnp');
INSERT INTO Resident (account, building, unit, room) VALUES ('232293194702158467', 66, 4, 1502);
INSERT INTO User (account, username, name, sex, age, tel, type, auth_key) VALUES ('41236719550220610X', '冯子晓', '冯子晓', true, '65', '17289722922', 0, 'N9F4bKjZh907fxd9VrKJqREm44Yr72Gm');
INSERT INTO Resident (account, building, unit, room) VALUES ('41236719550220610X', 76, 5, 1604);
INSERT INTO User (account, username, name, sex, age, tel, type, auth_key) VALUES ('642185193506297716', '高正力', '高正力', true, '85', '13743578574', 0, '4X48S02n5qjE3RlZI3bUN0tb9pib319b');
INSERT INTO Resident (account, building, unit, room) VALUES ('642185193506297716', 25, 3, 702);
INSERT INTO User (account, username, name, sex, age, tel, type, auth_key) VALUES ('644218201411082380', '麦轩天', '麦轩天', true, '6', '13727849261', 0, '6976Q03wxdFP871wtse28Bc3iZVh3aUZ');
INSERT INTO Resident (account, building, unit, room) VALUES ('644218201411082380', 20, 7, 1705);
INSERT INTO User (account, username, name, sex, age, tel, type, auth_key) VALUES ('14126819440201696X', '商广', '商广', false, '76', '15827899223', 0, 'zIT37ps1d8eiqDHyJftJ6M8ga44o0Q4U');
INSERT INTO Resident (account, building, unit, room) VALUES ('14126819440201696X', 25, 8, 1802);
INSERT INTO User (account, username, name, sex, age, tel, type, auth_key) VALUES ('611175201109096664', '邱有灯', '邱有灯', false, '9', '15275836877', 0, 'UnU9t4Q7GWjhvvdo8c1P1m2w5b8B0y7q');
INSERT INTO Resident (account, building, unit, room) VALUES ('611175201109096664', 33, 1, 1903);
INSERT INTO User (account, username, name, sex, age, tel, type, auth_key) VALUES ('433537198305263382', '巩毅炎', '巩毅炎', true, '37', '13568994037', 0, 'ksf2xXv5WE2ngvQw5VXHw3dkaox6Ra6t');
INSERT INTO Resident (account, building, unit, room) VALUES ('433537198305263382', 28, 10, 2802);
INSERT INTO User (account, username, name, sex, age, tel, type, auth_key) VALUES ('343762193612112572', '边佳颖', '边佳颖', true, '84', '13506719798', 0, '8OLZKwj44xorn669t4pbC6Cs0oqwEkrU');
INSERT INTO Resident (account, building, unit, room) VALUES ('343762193612112572', 81, 6, 2804);
INSERT INTO User (account, username, name, sex, age, tel, type, auth_key) VALUES ('364569195501138403', '权睿淘', '权睿淘', false, '65', '13371023541', 0, 'aQ2s2wCI3Rv2S0C3f0I8IWgwS59rp85A');
INSERT INTO Resident (account, building, unit, room) VALUES ('364569195501138403', 97, 1, 2005);
INSERT INTO User (account, username, name, sex, age, tel, type, auth_key) VALUES ('631668200805149831', '严振灯', '严振灯', true, '12', '13744943222', 0, '9TQ0DNa6g3m45EX7RmzENMH8xFusWa0r');
INSERT INTO Resident (account, building, unit, room) VALUES ('631668200805149831', 53, 5, 906);
INSERT INTO User (account, username, name, sex, age, tel, type, auth_key) VALUES ('152196196005285223', '林奕建', '林奕建', true, '60', '15733916970', 0, '9RtAqnjfE8uX1oV69kI59g8fBLgO27Wh');
INSERT INTO Resident (account, building, unit, room) VALUES ('152196196005285223', 84, 4, 2805);
INSERT INTO User (account, username, name, sex, age, tel, type, auth_key) VALUES ('514187198603302721', '代千洁', '代千洁', true, '34', '15638968478', 0, 'sWt2Cx75Iy4Mjv4Yt1gCDwKBchCxW3M5');
INSERT INTO Resident (account, building, unit, room) VALUES ('514187198603302721', 14, 1, 806);
INSERT INTO User (account, username, name, sex, age, tel, type, auth_key) VALUES ('451671200504196769', '张佳迅', '张佳迅', true, '15', '13472055632', 0, 'B1MAbA0CC93R90SpN4ZkCRkjW4UWvSeX');
INSERT INTO Resident (account, building, unit, room) VALUES ('451671200504196769', 57, 5, 1206);
INSERT INTO User (account, username, name, sex, age, tel, type, auth_key) VALUES ('451293193709118180', '巩辰', '巩辰', false, '83', '19959111611', 0, '1GwfFI2es6MvqHmYm4fr951N03RVZd44');
INSERT INTO Resident (account, building, unit, room) VALUES ('451293193709118180', 56, 4, 2603);
INSERT INTO User (account, username, name, sex, age, tel, type, auth_key) VALUES ('151411196008121831', '安睿伟', '安睿伟', true, '60', '15739833796', 0, 'GDkQ27a55Ol3935UXyJ0O61AWDAehs55');
INSERT INTO Resident (account, building, unit, room) VALUES ('151411196008121831', 79, 5, 1701);
INSERT INTO User (account, username, name, sex, age, tel, type, auth_key) VALUES ('342136195001102209', '宫千薪', '宫千薪', true, '70', '17301563047', 0, 'Ml62Y05oK7BQ84g5716V3Vc16N26L22O');
INSERT INTO Resident (account, building, unit, room) VALUES ('342136195001102209', 44, 10, 2902);
INSERT INTO User (account, username, name, sex, age, tel, type, auth_key) VALUES ('51277719650916186X', '吕振', '吕振', true, '55', '18891682680', 0, 'Xq81yeU3P0J260O2RFL86S24x3azHVi2');
INSERT INTO Resident (account, building, unit, room) VALUES ('51277719650916186X', 71, 6, 404);
INSERT INTO User (account, username, name, sex, age, tel, type, auth_key) VALUES ('363026195212118988', '颜音舒', '颜音舒', true, '68', '13422654582', 0, 'RH1fhvPmeY04rC4v44jB3aCqvqmGk869');
INSERT INTO Resident (account, building, unit, room) VALUES ('363026195212118988', 29, 5, 2306);
INSERT INTO User (account, username, name, sex, age, tel, type, auth_key) VALUES ('424816195702234185', '赵锐建', '赵锐建', true, '63', '15018757908', 0, '626kR69t061Cqo2QPf55bGQV296UlO27');
INSERT INTO Resident (account, building, unit, room) VALUES ('424816195702234185', 20, 6, 2504);
INSERT INTO User (account, username, name, sex, age, tel, type, auth_key) VALUES ('422652195601202497', '童冠子', '童冠子', false, '64', '14590598645', 0, 'v5W7h00eQtQVqZYd9ERe7lunBZXPEAUQ');
INSERT INTO Resident (account, building, unit, room) VALUES ('422652195601202497', 22, 10, 2106);
INSERT INTO User (account, username, name, sex, age, tel, type, auth_key) VALUES ('513061196410201651', '殷正', '殷正', false, '56', '18699747416', 0, '75G161NH6fE6eIvIrKZyLKD1z3wBlu7g');
INSERT INTO Resident (account, building, unit, room) VALUES ('513061196410201651', 72, 8, 1706);
INSERT INTO User (account, username, name, sex, age, tel, type, auth_key) VALUES ('140811195002155898', '周广建', '周广建', true, '70', '13737506969', 0, 'LZXvV9Tf4Jp12Vxu9KB8QIOxfS642J2s');
INSERT INTO Resident (account, building, unit, room) VALUES ('140811195002155898', 24, 1, 1603);
INSERT INTO User (account, username, name, sex, age, tel, type, auth_key) VALUES ('431912193812051567', '江盈振', '江盈振', true, '82', '15786054965', 0, 'vd578NC9YrXyfUm5M2jOv68unz635i79');
INSERT INTO Resident (account, building, unit, room) VALUES ('431912193812051567', 48, 9, 2301);
INSERT INTO User (account, username, name, sex, age, tel, type, auth_key) VALUES ('654462201306118553', '冯露朋', '冯露朋', true, '7', '15555521453', 0, '1MJ1xM080jnc8C9yQ685Mo9V868aPZY5');
INSERT INTO Resident (account, building, unit, room) VALUES ('654462201306118553', 77, 5, 2806);
INSERT INTO User (account, username, name, sex, age, tel, type, auth_key) VALUES ('442273194102266877', '王晓腾', '王晓腾', false, '79', '19253669018', 0, 'A9Tbv1QppVajtFCxqO8JEswkhTexFoeN');
INSERT INTO Resident (account, building, unit, room) VALUES ('442273194102266877', 86, 3, 1405);
INSERT INTO User (account, username, name, sex, age, tel, type, auth_key) VALUES ('502208197305063222', '宋航帆', '宋航帆', false, '47', '18626115560', 0, 'uoJZ75KNY52X2yiM2Vc7K847r6HV140w');
INSERT INTO Resident (account, building, unit, room) VALUES ('502208197305063222', 19, 1, 205);
INSERT INTO User (account, username, name, sex, age, tel, type, auth_key) VALUES ('452401193711136034', '安航桐', '安航桐', false, '83', '19832272534', 0, 'LF87568RzWm0WfqX14lv3y635tbp1Neb');
INSERT INTO Resident (account, building, unit, room) VALUES ('452401193711136034', 90, 8, 2202);
INSERT INTO User (account, username, name, sex, age, tel, type, auth_key) VALUES ('112398192401064492', '耿灯菲', '耿灯菲', true, '96', '17823860610', 0, '79N14AYjtE4M4ZW4ohrblaIJ5tC77CPH');
INSERT INTO Resident (account, building, unit, room) VALUES ('112398192401064492', 55, 2, 2702);
INSERT INTO User (account, username, name, sex, age, tel, type, auth_key) VALUES ('61454419760109765X', '许炎宜', '许炎宜', false, '44', '17266868356', 0, '3088F2E990j0cbUXORscnzWm1XO0yK0Y');
INSERT INTO Resident (account, building, unit, room) VALUES ('61454419760109765X', 36, 7, 2303);
INSERT INTO User (account, username, name, sex, age, tel, type, auth_key) VALUES ('124583198904229582', '昌宇', '昌宇', false, '31', '13472912876', 1, 'BN70PtbzRCnSYA3x2z91QDuk17ti3B51');
INSERT INTO Committee (account, in_date, is_admin) VALUES ('124583198904229582', '20091118', false);
INSERT INTO User (account, username, name, sex, age, tel, type, auth_key) VALUES ('52069219671124264X', '毕洁', '毕洁', true, '53', '19995310521', 0, '97GVgMC8mAjver48X14O67588Y018f18');
INSERT INTO Resident (account, building, unit, room) VALUES ('52069219671124264X', 7, 5, 304);
INSERT INTO User (account, username, name, sex, age, tel, type, auth_key) VALUES ('231266198403076170', '陆新', '陆新', true, '36', '13374790066', 0, '53uYmn9y7aH7I9WF1BFD440n9pxdyI99');
INSERT INTO Resident (account, building, unit, room) VALUES ('231266198403076170', 65, 8, 2903);
INSERT INTO User (account, username, name, sex, age, tel, type, auth_key) VALUES ('523263192511226732', '龚盈', '龚盈', true, '95', '17638876535', 0, '8DZNqi6I2ia54Cmutwp152J8R9Z4mKdL');
INSERT INTO Resident (account, building, unit, room) VALUES ('523263192511226732', 35, 8, 601);
INSERT INTO User (account, username, name, sex, age, tel, type, auth_key) VALUES ('502330200108101073', '韩龙赛', '韩龙赛', true, '19', '19958222105', 0, 'd25y860Xuvg673f882M6NVi78EGdZ701');
INSERT INTO Resident (account, building, unit, room) VALUES ('502330200108101073', 23, 1, 1304);
INSERT INTO User (account, username, name, sex, age, tel, type, auth_key) VALUES ('32442220110929999X', '殷昕', '殷昕', false, '9', '13023577658', 0, 'wU5AQYOsVwgpHk6VavkvbtfiRn51n8Uh');
INSERT INTO Resident (account, building, unit, room) VALUES ('32442220110929999X', 12, 7, 1202);
INSERT INTO User (account, username, name, sex, age, tel, type, auth_key) VALUES ('13097819340927575X', '安言', '安言', true, '86', '17852560147', 0, 'HIwmu3cv04e18076tG7mMnUn79SMdS00');
INSERT INTO Resident (account, building, unit, room) VALUES ('13097819340927575X', 23, 8, 1406);
INSERT INTO User (account, username, name, sex, age, tel, type, auth_key) VALUES ('424637192301236190', '刘龙', '刘龙', true, '97', '15168153053', 0, '4AM40Bb6b4CR4IIK1s1BUd7dO4Tu2rIr');
INSERT INTO Resident (account, building, unit, room) VALUES ('424637192301236190', 80, 2, 1002);
INSERT INTO User (account, username, name, sex, age, tel, type, auth_key) VALUES ('514212195805163823', '楚奇', '楚奇', true, '62', '13039173743', 0, 'kd5dqV0CK92r2XrasvP3jO2A87JYL4BG');
INSERT INTO Resident (account, building, unit, room) VALUES ('514212195805163823', 62, 7, 2902);
INSERT INTO User (account, username, name, sex, age, tel, type, auth_key) VALUES ('524089199008316240', '范朋', '范朋', true, '30', '19241410100', 0, 'tW8Hu5Xq58QYzq749wo002hY8Md12YI1');
INSERT INTO Resident (account, building, unit, room) VALUES ('524089199008316240', 40, 8, 1503);
INSERT INTO User (account, username, name, sex, age, tel, type, auth_key) VALUES ('111246193507131789', '钱家', '钱家', false, '85', '19662530905', 0, 'L07q9x9inbnS1p1Oh8Fio8Ev6xNJlld6');
INSERT INTO Resident (account, building, unit, room) VALUES ('111246193507131789', 86, 8, 1802);
INSERT INTO User (account, username, name, sex, age, tel, type, auth_key) VALUES ('810331200605317729', '毛义飞', '毛义飞', true, '14', '19397166591', 0, 'Tt8yXUkC2iWySLn7O8Woxo9q4sy3367A');
INSERT INTO Resident (account, building, unit, room) VALUES ('810331200605317729', 8, 1, 2401);
INSERT INTO User (account, username, name, sex, age, tel, type, auth_key) VALUES ('374305193007101011', '张颖雅', '张颖雅', true, '90', '14709396427', 0, 'v33wti8W30N557KZR6tjG2iL2XvDWaVi');
INSERT INTO Resident (account, building, unit, room) VALUES ('374305193007101011', 67, 3, 1005);
INSERT INTO User (account, username, name, sex, age, tel, type, auth_key) VALUES ('812034197605180062', '巩盈霖', '巩盈霖', false, '44', '15819488820', 0, 'a0yQ67x5oLik5V81K8r5v3X8D0P0cgKk');
INSERT INTO Resident (account, building, unit, room) VALUES ('812034197605180062', 46, 7, 2604);
INSERT INTO User (account, username, name, sex, age, tel, type, auth_key) VALUES ('713604194503196451', '殷夫畅', '殷夫畅', false, '75', '14526197513', 0, '3Jz92PjJ50mv5ENb0yv1mj0A8CIywQC8');
INSERT INTO Resident (account, building, unit, room) VALUES ('713604194503196451', 22, 5, 2302);
INSERT INTO User (account, username, name, sex, age, tel, type, auth_key) VALUES ('141941197103079727', '岳诺佳', '岳诺佳', true, '49', '13054201124', 0, 'IY66qHkxam2JnC4P47i9gOo3jOO6N3T1');
INSERT INTO Resident (account, building, unit, room) VALUES ('141941197103079727', 95, 8, 1804);
INSERT INTO User (account, username, name, sex, age, tel, type, auth_key) VALUES ('651993201203035073', '鲁伟薪', '鲁伟薪', false, '8', '17521223474', 0, 'pVefyy8wvAh1lN305Vf9T1Tzv5IrN22m');
INSERT INTO Resident (account, building, unit, room) VALUES ('651993201203035073', 15, 7, 2503);
INSERT INTO User (account, username, name, sex, age, tel, type, auth_key) VALUES ('324587198812142885', '路宇伟', '路宇伟', true, '32', '18658152936', 0, '0m3gqk90l64cHTUH7Vw35cL5i1QIUYFY');
INSERT INTO Resident (account, building, unit, room) VALUES ('324587198812142885', 39, 8, 803);
INSERT INTO User (account, username, name, sex, age, tel, type, auth_key) VALUES ('430806195509169295', '尹民萱', '尹民萱', false, '65', '15861931533', 0, 'RoY79C8O9uU3G8hdtwKMN4hnhAEHXUXj');
INSERT INTO Resident (account, building, unit, room) VALUES ('430806195509169295', 76, 10, 601);
INSERT INTO User (account, username, name, sex, age, tel, type, auth_key) VALUES ('621849198711080763', '王轩', '王轩', true, '33', '18123144619', 0, '5WQ7Gi5U0g3617ieRTqe3I9SGYYj6HO5');
INSERT INTO Resident (account, building, unit, room) VALUES ('621849198711080763', 66, 5, 505);
INSERT INTO User (account, username, name, sex, age, tel, type, auth_key) VALUES ('222474193908205667', '邱萱建', '邱萱建', false, '81', '17638107914', 0, '7DL99fwlT95huuQ5I6u37Z4AdZy68sut');
INSERT INTO Resident (account, building, unit, room) VALUES ('222474193908205667', 34, 1, 2702);
INSERT INTO User (account, username, name, sex, age, tel, type, auth_key) VALUES ('333026197602108751', '杨晓', '杨晓', true, '44', '15603197232', 0, '34e7vmULDywlkNFOV2O8a9rd1jdG6JB2');
INSERT INTO Resident (account, building, unit, room) VALUES ('333026197602108751', 6, 7, 2703);
INSERT INTO User (account, username, name, sex, age, tel, type, auth_key) VALUES ('820535199306308143', '钱轩天', '钱轩天', false, '27', '17693219217', 0, 'h154gq5O54oc9kG0Vnk9fM8vq6eSzM8i');
INSERT INTO Resident (account, building, unit, room) VALUES ('820535199306308143', 4, 4, 1705);
INSERT INTO User (account, username, name, sex, age, tel, type, auth_key) VALUES ('323549196503024101', '龚炜', '龚炜', true, '55', '19890283992', 0, 's7rD6XxMQDogHZl3s0nVJJ34pCJ4W43B');
INSERT INTO Resident (account, building, unit, room) VALUES ('323549196503024101', 88, 1, 2804);
INSERT INTO User (account, username, name, sex, age, tel, type, auth_key) VALUES ('811354200304182858', '曹瀚', '曹瀚', false, '17', '15341231214', 0, '687y3S9BDKLE940T5p1b589RoAT6q6qI');
INSERT INTO Resident (account, building, unit, room) VALUES ('811354200304182858', 14, 6, 1306);
INSERT INTO User (account, username, name, sex, age, tel, type, auth_key) VALUES ('651248198412073394', '邵赛', '邵赛', true, '36', '18475724773', 0, '99KBz9eSKz8R1oXHP1uKbVG2f6CUbEUC');
INSERT INTO Resident (account, building, unit, room) VALUES ('651248198412073394', 10, 8, 1005);
INSERT INTO User (account, username, name, sex, age, tel, type, auth_key) VALUES ('654927199310284168', '傅嘉', '傅嘉', false, '27', '15719923705', 0, 'u4riSW21lQD77C3cP9r81Kdepg1WYz39');
INSERT INTO Resident (account, building, unit, room) VALUES ('654927199310284168', 28, 5, 303);
INSERT INTO User (account, username, name, sex, age, tel, type, auth_key) VALUES ('622352199708116477', '安柏润', '安柏润', false, '23', '13867240546', 0, '5pUZsCXWISls0LUx3721M9E6DQc3zmHC');
INSERT INTO Resident (account, building, unit, room) VALUES ('622352199708116477', 24, 7, 1801);
INSERT INTO User (account, username, name, sex, age, tel, type, auth_key) VALUES ('531451195602115235', '任赛', '任赛', false, '64', '19773771546', 0, 'rjlsUuG1FBwF5w54n2VeQO23r011oHMa');
INSERT INTO Resident (account, building, unit, room) VALUES ('531451195602115235', 62, 10, 2501);
INSERT INTO User (account, username, name, sex, age, tel, type, auth_key) VALUES ('533755193011245163', '宫令', '宫令', false, '90', '18398467293', 0, '0B263z7AiJ4KN15szdcDe5oZSWTkM2v3');
INSERT INTO Resident (account, building, unit, room) VALUES ('533755193011245163', 13, 7, 2603);
INSERT INTO User (account, username, name, sex, age, tel, type, auth_key) VALUES ('122788196803283058', '欧丹航', '欧丹航', true, '52', '17542891953', 0, '817EAyaRq6ksr3pW8yty9bOt1Ew1zrqu');
INSERT INTO Resident (account, building, unit, room) VALUES ('122788196803283058', 80, 6, 1402);
INSERT INTO User (account, username, name, sex, age, tel, type, auth_key) VALUES ('541429193412055023', '康腾馨', '康腾馨', true, '86', '13224978865', 0, 'q6020lrx25ny3eb76gp04XQ123F70a8l');
INSERT INTO Resident (account, building, unit, room) VALUES ('541429193412055023', 44, 7, 1805);
INSERT INTO User (account, username, name, sex, age, tel, type, auth_key) VALUES ('62509319380906658X', '燕圆', '燕圆', false, '82', '15992649177', 0, 'E57dA7p68l0jrK9n2uHAAq7NCK1qP218');
INSERT INTO Resident (account, building, unit, room) VALUES ('62509319380906658X', 11, 7, 1301);
INSERT INTO User (account, username, name, sex, age, tel, type, auth_key) VALUES ('124284194204032514', '於昕', '於昕', false, '78', '19321200006', 0, 'y096ir2bRp9NR3z8eNEt3R52dRChj96y');
INSERT INTO Resident (account, building, unit, room) VALUES ('124284194204032514', 60, 6, 2106);
INSERT INTO User (account, username, name, sex, age, tel, type, auth_key) VALUES ('543367201111085157', '黄倨', '黄倨', false, '9', '19534402168', 0, '96CaHVQ4e4m5Zr7ne08182I1Cvwm7W3z');
INSERT INTO Resident (account, building, unit, room) VALUES ('543367201111085157', 70, 2, 806);
INSERT INTO User (account, username, name, sex, age, tel, type, auth_key) VALUES ('521893196612260697', '颜桐盈', '颜桐盈', false, '54', '14553172596', 0, 'W0xx658UhQ7M41l8uQ4HBqusCbeuzByu');
INSERT INTO Resident (account, building, unit, room) VALUES ('521893196612260697', 23, 6, 1701);
INSERT INTO User (account, username, name, sex, age, tel, type, auth_key) VALUES ('613779196803163982', '杨一新', '杨一新', false, '52', '19383206689', 0, 'w5WP8oF9xfBp992vpke9y44tjApwO27d');
INSERT INTO Resident (account, building, unit, room) VALUES ('613779196803163982', 73, 7, 201);
INSERT INTO User (account, username, name, sex, age, tel, type, auth_key) VALUES ('650920199009100383', '金倨圆', '金倨圆', false, '30', '18437872984', 0, '3gX534UntA170131xpkBztCb631n4MGd');
INSERT INTO Resident (account, building, unit, room) VALUES ('650920199009100383', 50, 8, 2402);
INSERT INTO User (account, username, name, sex, age, tel, type, auth_key) VALUES ('370451195702097737', '吴雅龙', '吴雅龙', true, '63', '17207951561', 0, 'EbQK2pW3ep3z7S7Z6tvd94l6p4Z1oIOQ');
INSERT INTO Resident (account, building, unit, room) VALUES ('370451195702097737', 99, 2, 1704);
INSERT INTO User (account, username, name, sex, age, tel, type, auth_key) VALUES ('631461192905065735', '颜一辰', '颜一辰', false, '91', '13818728897', 0, 'v7bNMI66RTT8okjF9AUY2QbyAj8jOt8V');
INSERT INTO Resident (account, building, unit, room) VALUES ('631461192905065735', 17, 2, 2904);
INSERT INTO User (account, username, name, sex, age, tel, type, auth_key) VALUES ('501540200611076301', '范静', '范静', false, '14', '13626755549', 0, 'N634J3eweVpGmQSMR0u47EXj4lhCRNJG');
INSERT INTO Resident (account, building, unit, room) VALUES ('501540200611076301', 25, 5, 2206);
INSERT INTO User (account, username, name, sex, age, tel, type, auth_key) VALUES ('544842199009105356', '任广辰', '任广辰', false, '30', '14955043845', 0, 'umx5qxV3QE3z4BwUK3YB57vn587R8vz9');
INSERT INTO Resident (account, building, unit, room) VALUES ('544842199009105356', 25, 10, 304);
INSERT INTO User (account, username, name, sex, age, tel, type, auth_key) VALUES ('143453200601032607', '武雨一', '武雨一', false, '14', '19260275324', 0, 'jrbJWMa09k4SmHPY2BB705L0M9qKZlYx');
INSERT INTO Resident (account, building, unit, room) VALUES ('143453200601032607', 98, 10, 605);
INSERT INTO User (account, username, name, sex, age, tel, type, auth_key) VALUES ('152020200011071263', '郑硕旭', '郑硕旭', true, '20', '13628861082', 0, 'j00H58z9nm5vVJof885uLfb5GONrw8vv');
INSERT INTO Resident (account, building, unit, room) VALUES ('152020200011071263', 24, 4, 2603);
INSERT INTO User (account, username, name, sex, age, tel, type, auth_key) VALUES ('124699193610258129', '毕灯思', '毕灯思', true, '84', '19833640838', 0, 'S4sVXsmTfD616LiPYMPv8YM1Y5J614G8');
INSERT INTO Resident (account, building, unit, room) VALUES ('124699193610258129', 45, 2, 1903);
INSERT INTO User (account, username, name, sex, age, tel, type, auth_key) VALUES ('114432193601115937', '齐凌有', '齐凌有', false, '84', '19055946841', 0, 'PLgugahP1sCjq4ZWcUh2n3uY97WjHr9j');
INSERT INTO Resident (account, building, unit, room) VALUES ('114432193601115937', 72, 9, 1201);
INSERT INTO User (account, username, name, sex, age, tel, type, auth_key) VALUES ('13477020031017836X', '安天兰', '安天兰', false, '17', '19279469114', 0, 'U916Jq1aeei6Ed3MQ740014nQe5QkElt');
INSERT INTO Resident (account, building, unit, room) VALUES ('13477020031017836X', 20, 10, 1004);
INSERT INTO User (account, username, name, sex, age, tel, type, auth_key) VALUES ('540861199903163826', '钱瀚', '钱瀚', false, '21', '13543746453', 0, '8x5Nh46papLRk4E11kF0i62f4YidBnM5');
INSERT INTO Resident (account, building, unit, room) VALUES ('540861199903163826', 22, 9, 2301);
INSERT INTO User (account, username, name, sex, age, tel, type, auth_key) VALUES ('62137420071209564X', '巩毅', '巩毅', true, '13', '17281883616', 0, '7S1Qz5RE5kT4Sm67DN333iK5bG982P91');
INSERT INTO Resident (account, building, unit, room) VALUES ('62137420071209564X', 98, 4, 1106);
INSERT INTO User (account, username, name, sex, age, tel, type, auth_key) VALUES ('122545194501086305', '任宜樱', '任宜樱', false, '75', '17665424433', 0, 'Dr1kbClQJQm71x3y5HrPF6yvNERc82W4');
INSERT INTO Resident (account, building, unit, room) VALUES ('122545194501086305', 35, 3, 1902);
INSERT INTO User (account, username, name, sex, age, tel, type, auth_key) VALUES ('424535199901179840', '胡腾', '胡腾', true, '21', '13898899348', 0, '5TUXJBnBxbp3h3CXUhueKZ6VN7G1L022');
INSERT INTO Resident (account, building, unit, room) VALUES ('424535199901179840', 27, 5, 1206);
INSERT INTO User (account, username, name, sex, age, tel, type, auth_key) VALUES ('812196199707125189', '审诺一', '审诺一', false, '23', '19108885570', 0, 'FR060RTkZ0BSbz3kUKJHksRD3k8diTjF');
INSERT INTO Resident (account, building, unit, room) VALUES ('812196199707125189', 75, 8, 601);
INSERT INTO User (account, username, name, sex, age, tel, type, auth_key) VALUES ('233936195602227813', '韩菲', '韩菲', false, '64', '17328283368', 0, 'Yu2bGakH7vxTzEVx75ttmtwcqy02gxkH');
INSERT INTO Resident (account, building, unit, room) VALUES ('233936195602227813', 6, 2, 1601);
INSERT INTO User (account, username, name, sex, age, tel, type, auth_key) VALUES ('22495319250130212X', '钱瀚铭', '钱瀚铭', true, '95', '15008497663', 0, '7V83vLB0ktr97Dswp8hMULzWJJnm9bjb');
INSERT INTO Resident (account, building, unit, room) VALUES ('22495319250130212X', 91, 2, 2405);
INSERT INTO User (account, username, name, sex, age, tel, type, auth_key) VALUES ('11459319501027849X', '殷泽', '殷泽', false, '70', '13017082282', 0, '3x8S8eYu1LeEZXa8Ni2O6QWUip797xv4');
INSERT INTO Resident (account, building, unit, room) VALUES ('11459319501027849X', 21, 8, 2905);
INSERT INTO User (account, username, name, sex, age, tel, type, auth_key) VALUES ('46441019830820394X', '颜赛', '颜赛', false, '37', '18744663842', 0, 'aw7l1Pn7fh25vs3STs513cFP2T5E282G');
INSERT INTO Resident (account, building, unit, room) VALUES ('46441019830820394X', 7, 1, 2801);
INSERT INTO User (account, username, name, sex, age, tel, type, auth_key) VALUES ('513203192712114906', '张凡冠', '张凡冠', false, '93', '18688029941', 0, 'cS1ONelD7iFU76X9xj7tl9EOL82GIoMs');
INSERT INTO Resident (account, building, unit, room) VALUES ('513203192712114906', 67, 9, 1003);
INSERT INTO User (account, username, name, sex, age, tel, type, auth_key) VALUES ('320558193904110180', '常锐雨', '常锐雨', true, '81', '19659323178', 0, 'myYst0pqRs10twW0sHaW793TNScyR7q3');
INSERT INTO Resident (account, building, unit, room) VALUES ('320558193904110180', 24, 9, 805);
INSERT INTO User (account, username, name, sex, age, tel, type, auth_key) VALUES ('813696193710201320', '姚辰霖', '姚辰霖', true, '83', '18212382168', 0, '9h8Qa60FD1dis0ke47QFK73yteil51yN');
INSERT INTO Resident (account, building, unit, room) VALUES ('813696193710201320', 56, 10, 302);
INSERT INTO User (account, username, name, sex, age, tel, type, auth_key) VALUES ('35468619660915662X', '范轩', '范轩', true, '54', '16694094434', 0, 'ZmVFX7kyHhy37Z27v8TzUZi7mTocF0Tz');
INSERT INTO Resident (account, building, unit, room) VALUES ('35468619660915662X', 23, 9, 2806);
INSERT INTO User (account, username, name, sex, age, tel, type, auth_key) VALUES ('142192199302271504', '颜正', '颜正', false, '27', '15850029594', 0, '5XOLXcIpOD3n9Jv4Z7S5Q597V09OC4Xq');
INSERT INTO Resident (account, building, unit, room) VALUES ('142192199302271504', 83, 8, 906);
INSERT INTO User (account, username, name, sex, age, tel, type, auth_key) VALUES ('324134197411166288', '於洁哲', '於洁哲', true, '46', '18335373102', 0, '57BGqUqB0G73ZJz3J2zbidFjH3BG2noG');
INSERT INTO Resident (account, building, unit, room) VALUES ('324134197411166288', 5, 7, 1003);
INSERT INTO User (account, username, name, sex, age, tel, type, auth_key) VALUES ('114383193503279516', '吴立', '吴立', true, '85', '18136602297', 0, '133PGynlNY1ui8m79RGhI5w4oZBuB8P3');
INSERT INTO Resident (account, building, unit, room) VALUES ('114383193503279516', 96, 10, 406);
INSERT INTO User (account, username, name, sex, age, tel, type, auth_key) VALUES ('810821192603176793', '鲁菲立', '鲁菲立', true, '94', '17826432375', 0, '625BlDfzHi190D1rTyiTPK3G4fz14caz');
INSERT INTO Resident (account, building, unit, room) VALUES ('810821192603176793', 20, 5, 2404);
INSERT INTO User (account, username, name, sex, age, tel, type, auth_key) VALUES ('44095519230909969X', '周辰洁', '周辰洁', true, '97', '13134415739', 0, '91v1z9MrAwI41xO6Gbp156KQz1F17W4w');
INSERT INTO Resident (account, building, unit, room) VALUES ('44095519230909969X', 37, 7, 403);
INSERT INTO User (account, username, name, sex, age, tel, type, auth_key) VALUES ('440640198112046555', '付旭', '付旭', true, '39', '17539811279', 0, 'Ca4n4WUo17Aqt611SOc6TH6w8w5A3Ghn');
INSERT INTO Resident (account, building, unit, room) VALUES ('440640198112046555', 97, 4, 1704);
INSERT INTO User (account, username, name, sex, age, tel, type, auth_key) VALUES ('631102197308204241', '李丹佳', '李丹佳', true, '47', '13069458945', 0, 'q5Pj3P4sZ2w3iVW6F11JB1e3O0H5gZoP');
INSERT INTO Resident (account, building, unit, room) VALUES ('631102197308204241', 82, 4, 1402);
INSERT INTO User (account, username, name, sex, age, tel, type, auth_key) VALUES ('411349194801169625', '裴令翔', '裴令翔', false, '72', '13207321247', 0, 'pwsdL9o4I0twpQ0W6VcOQh99q512WN48');
INSERT INTO Resident (account, building, unit, room) VALUES ('411349194801169625', 72, 8, 1603);
INSERT INTO User (account, username, name, sex, age, tel, type, auth_key) VALUES ('314168194411071950', '陆旭', '陆旭', true, '76', '13190443022', 1, 'DIx431MVQkqX32gc3UqRNX51Ktu7ZdLD');
INSERT INTO Committee (account, in_date, is_admin) VALUES ('314168194411071950', '19690617', false);
INSERT INTO User (account, username, name, sex, age, tel, type, auth_key) VALUES ('814584196312095267', '常琦兰', '常琦兰', false, '57', '14548306540', 0, 'QH0BepX0sYXQSf9063fDCVaxRn4pou0f');
INSERT INTO Resident (account, building, unit, room) VALUES ('814584196312095267', 55, 5, 2405);
INSERT INTO User (account, username, name, sex, age, tel, type, auth_key) VALUES ('33038619860711102X', '昌睿晓', '昌睿晓', true, '34', '13242050624', 0, '528I9x3UKQxGAKIsJWHhRN6bI0H7X6g5');
INSERT INTO Resident (account, building, unit, room) VALUES ('33038619860711102X', 69, 4, 2203);
INSERT INTO User (account, username, name, sex, age, tel, type, auth_key) VALUES ('372922198201112694', '边源', '边源', true, '38', '18322421816', 0, 'h53po89x2v9050MlJRKydi4pQKpY5d2Y');
INSERT INTO Resident (account, building, unit, room) VALUES ('372922198201112694', 14, 9, 1801);
INSERT INTO User (account, username, name, sex, age, tel, type, auth_key) VALUES ('810167196407079498', '鲁菲义', '鲁菲义', false, '56', '13610294936', 0, 'v96zW9cH1DXv1Fq4KNHgL73Gt8ys2688');
INSERT INTO Resident (account, building, unit, room) VALUES ('810167196407079498', 44, 6, 2202);
INSERT INTO User (account, username, name, sex, age, tel, type, auth_key) VALUES ('710875199205093730', '李振佳', '李振佳', true, '28', '19659530459', 0, 'G464281kN4U4322c64A4c9z4bkK1RwW5');
INSERT INTO Resident (account, building, unit, room) VALUES ('710875199205093730', 17, 2, 1405);
INSERT INTO User (account, username, name, sex, age, tel, type, auth_key) VALUES ('15263519940325379X', '麦依润', '麦依润', false, '26', '19837887117', 0, 'qZ4z14fj027a4IVZ92O2uk7tN3kxFDC5');
INSERT INTO Resident (account, building, unit, room) VALUES ('15263519940325379X', 36, 6, 404);
INSERT INTO User (account, username, name, sex, age, tel, type, auth_key) VALUES ('21162319820427933X', '楚樱', '楚樱', false, '38', '15252528657', 0, 'xnK0icHdRbrBZi8WjreO0v1F3gS2e6VP');
INSERT INTO Resident (account, building, unit, room) VALUES ('21162319820427933X', 99, 9, 804);
INSERT INTO User (account, username, name, sex, age, tel, type, auth_key) VALUES ('610841194909121125', '常圆辰', '常圆辰', false, '71', '19065246258', 0, '3tyaa5MZq86E8N8ubIYJtMdwWsK7vG2a');
INSERT INTO Resident (account, building, unit, room) VALUES ('610841194909121125', 46, 3, 501);
INSERT INTO User (account, username, name, sex, age, tel, type, auth_key) VALUES ('820142193412030974', '侯毅', '侯毅', true, '86', '19075523291', 0, 'kne0pO940l6Ol7HEhit8IIf39PzQt4G0');
INSERT INTO Resident (account, building, unit, room) VALUES ('820142193412030974', 46, 9, 1602);
INSERT INTO User (account, username, name, sex, age, tel, type, auth_key) VALUES ('364575195106137580', '杜雨', '杜雨', true, '69', '19621087523', 0, 'E14JNTKr3HTsExF8oUg8172Hc3900rbf');
INSERT INTO Resident (account, building, unit, room) VALUES ('364575195106137580', 23, 9, 805);
INSERT INTO User (account, username, name, sex, age, tel, type, auth_key) VALUES ('372014200903275577', '楚丹', '楚丹', false, '11', '19261615802', 0, 'f0is4l38ATsAD1U3NvP1996DYfRtG7RT');
INSERT INTO Resident (account, building, unit, room) VALUES ('372014200903275577', 1, 8, 1606);
INSERT INTO User (account, username, name, sex, age, tel, type, auth_key) VALUES ('450815193410222019', '史杰', '史杰', true, '86', '17541603720', 0, 'VoA676Gf5884H8aWt78CU10Z8GoDvE3J');
INSERT INTO Resident (account, building, unit, room) VALUES ('450815193410222019', 38, 4, 2101);
INSERT INTO User (account, username, name, sex, age, tel, type, auth_key) VALUES ('211541192306116146', '崔宇', '崔宇', false, '97', '19060890355', 0, '7pfdUx2ehTPqpZ07M6U8m69ZIwXwzA35');
INSERT INTO Resident (account, building, unit, room) VALUES ('211541192306116146', 66, 1, 406);
INSERT INTO User (account, username, name, sex, age, tel, type, auth_key) VALUES ('464213199911134641', '徐薪薪', '徐薪薪', false, '21', '15706054949', 0, 'bGafPd6QO1MRZ4a9tlC2AqMhk85QVxI6');
INSERT INTO Resident (account, building, unit, room) VALUES ('464213199911134641', 87, 5, 2005);
INSERT INTO User (account, username, name, sex, age, tel, type, auth_key) VALUES ('42211219631012380X', '傅思柏', '傅思柏', false, '57', '19680527606', 0, 'xSE9Bx69wFQLI178N7s3YPnW5E6L96h9');
INSERT INTO Resident (account, building, unit, room) VALUES ('42211219631012380X', 77, 8, 2502);
INSERT INTO User (account, username, name, sex, age, tel, type, auth_key) VALUES ('822319192711143884', '任露牧', '任露牧', true, '93', '17800524170', 0, '2M373ENvctLMu6J8N3LHKv556eMUq84l');
INSERT INTO Resident (account, building, unit, room) VALUES ('822319192711143884', 7, 5, 903);
INSERT INTO User (account, username, name, sex, age, tel, type, auth_key) VALUES ('421010198210300018', '姚夫', '姚夫', false, '38', '16664014198', 0, 'FIV4p9FF0X760hjv69nJ8l9At52uJT5B');
INSERT INTO Resident (account, building, unit, room) VALUES ('421010198210300018', 68, 7, 906);
INSERT INTO User (account, username, name, sex, age, tel, type, auth_key) VALUES ('431305192811300589', '鲁杰广', '鲁杰广', true, '92', '18405967723', 0, 'K9EVA06u26n61VLh7S6B6hbd6YhBo062');
INSERT INTO Resident (account, building, unit, room) VALUES ('431305192811300589', 55, 3, 803);
INSERT INTO User (account, username, name, sex, age, tel, type, auth_key) VALUES ('422532194203090218', '殷千阳', '殷千阳', true, '78', '19064309773', 1, '7vJly06ShhBMes3h2p02AV881crElY13');
INSERT INTO Committee (account, in_date, is_admin) VALUES ('422532194203090218', '19700711', false);
INSERT INTO User (account, username, name, sex, age, tel, type, auth_key) VALUES ('363015197408290583', '殷可振', '殷可振', false, '46', '19005128037', 0, 'lEOkb7e3ICWQ3i4Kp27bg1AyAq79MiBV');
INSERT INTO Resident (account, building, unit, room) VALUES ('363015197408290583', 22, 9, 1102);
INSERT INTO User (account, username, name, sex, age, tel, type, auth_key) VALUES ('541263198211191243', '侯霖炎', '侯霖炎', false, '38', '19964986414', 0, 'Q10J4206QYZO30STJ902V42cLwBm5QoB');
INSERT INTO Resident (account, building, unit, room) VALUES ('541263198211191243', 56, 1, 2106);
INSERT INTO User (account, username, name, sex, age, tel, type, auth_key) VALUES ('504534195410315917', '裴舒', '裴舒', false, '66', '13229731686', 0, 'OHGxM9dMhS4L627EX7pHBI3ijh3jEZS0');
INSERT INTO Resident (account, building, unit, room) VALUES ('504534195410315917', 83, 8, 806);
INSERT INTO User (account, username, name, sex, age, tel, type, auth_key) VALUES ('221825198706163226', '审新畅', '审新畅', false, '33', '18051904771', 0, 'PXxD4qde4oX74Zvyr39cSd03o3y4OSi9');
INSERT INTO Resident (account, building, unit, room) VALUES ('221825198706163226', 69, 7, 1604);
INSERT INTO User (account, username, name, sex, age, tel, type, auth_key) VALUES ('46381919360426296X', '曹颖舒', '曹颖舒', false, '84', '17627234526', 0, 'xjuGgq71BS5Dl8o4dId31bKbXmmyMpO4');
INSERT INTO Resident (account, building, unit, room) VALUES ('46381919360426296X', 70, 7, 1305);
INSERT INTO User (account, username, name, sex, age, tel, type, auth_key) VALUES ('524261200809189845', '晁飞', '晁飞', false, '12', '19944302288', 0, '44Z94008Wr978LGHKy59v6dkSecULgI5');
INSERT INTO Resident (account, building, unit, room) VALUES ('524261200809189845', 81, 5, 2501);
INSERT INTO User (account, username, name, sex, age, tel, type, auth_key) VALUES ('532273197908203676', '金瀚云', '金瀚云', false, '41', '15553232745', 0, 'i2ZXyV0t71KMDbsXMi81TCtb5T4dWZK4');
INSERT INTO Resident (account, building, unit, room) VALUES ('532273197908203676', 57, 1, 1804);
INSERT INTO User (account, username, name, sex, age, tel, type, auth_key) VALUES ('353985195011093602', '夏夫帆', '夏夫帆', false, '70', '18895455336', 0, 'JbY7dwKx0rTor6r1g9eQ4G3xqmErZtnA');
INSERT INTO Resident (account, building, unit, room) VALUES ('353985195011093602', 25, 8, 603);
INSERT INTO User (account, username, name, sex, age, tel, type, auth_key) VALUES ('372613195212030445', '胡诺菲', '胡诺菲', false, '68', '18307457671', 0, '31wYNtp86XWz7R5XWI7IMeY30L7EScDp');
INSERT INTO Resident (account, building, unit, room) VALUES ('372613195212030445', 91, 6, 1206);
INSERT INTO User (account, username, name, sex, age, tel, type, auth_key) VALUES ('502268197907019831', '余源畅', '余源畅', false, '41', '13015408413', 0, 'kVVIp1KP8O00ut2447t2g6YiO460U32t');
INSERT INTO Resident (account, building, unit, room) VALUES ('502268197907019831', 74, 2, 2401);
INSERT INTO User (account, username, name, sex, age, tel, type, auth_key) VALUES ('214330196505150399', '楚中辰', '楚中辰', true, '55', '18572929929', 0, 'xRCS6V0J4lkLxi4L59sQtZ70lF6lN4TJ');
INSERT INTO Resident (account, building, unit, room) VALUES ('214330196505150399', 64, 7, 2806);
INSERT INTO User (account, username, name, sex, age, tel, type, auth_key) VALUES ('233845194303115626', '肖本本', '肖本本', false, '77', '18422796007', 0, '436x5kf5N0Tz86JRt4lptY0n5DO16M4C');
INSERT INTO Resident (account, building, unit, room) VALUES ('233845194303115626', 55, 9, 2004);
INSERT INTO User (account, username, name, sex, age, tel, type, auth_key) VALUES ('502510198808244285', '董炎萱', '董炎萱', true, '32', '13304480969', 0, 'BTVWO4028H2u92qne143O812WM08ok1h');
INSERT INTO Resident (account, building, unit, room) VALUES ('502510198808244285', 65, 5, 505);
INSERT INTO User (account, username, name, sex, age, tel, type, auth_key) VALUES ('432301192612069757', '康民旭', '康民旭', true, '94', '13193748683', 0, 'rn4IF5wKm38kQ5BuMMisQ3BPm4U71mj3');
INSERT INTO Resident (account, building, unit, room) VALUES ('432301192612069757', 44, 8, 1902);
INSERT INTO User (account, username, name, sex, age, tel, type, auth_key) VALUES ('812210200809278536', '吕源霄', '吕源霄', false, '12', '13835691660', 0, 'oJZY7Kw0s1V80dD3fr50WIdlJWXF0i6a');
INSERT INTO Resident (account, building, unit, room) VALUES ('812210200809278536', 72, 8, 2005);
INSERT INTO User (account, username, name, sex, age, tel, type, auth_key) VALUES ('822961199308230198', '隽锐薪', '隽锐薪', true, '27', '18346883748', 0, 'KL8u76z0i4XoSStApTm4BvsKg7RA018D');
INSERT INTO Resident (account, building, unit, room) VALUES ('822961199308230198', 6, 5, 1002);
INSERT INTO User (account, username, name, sex, age, tel, type, auth_key) VALUES ('530115192903071689', '路建', '路建', false, '91', '14969055301', 0, '0Eq9sWGisl5lGkM7ZB0FfJ0QNdpqheR8');
INSERT INTO Resident (account, building, unit, room) VALUES ('530115192903071689', 73, 7, 302);
INSERT INTO User (account, username, name, sex, age, tel, type, auth_key) VALUES ('412474192311152342', '李琦雅', '李琦雅', true, '97', '18935868978', 0, 'IZh0Hq02Q9300palnAzu35pLfFq79lZj');
INSERT INTO Resident (account, building, unit, room) VALUES ('412474192311152342', 74, 8, 902);
INSERT INTO User (account, username, name, sex, age, tel, type, auth_key) VALUES ('452071200805044189', '余露', '余露', false, '12', '19143256581', 0, 'RUNSg5owcFH744yMQgo7d9QyS9SUhb3y');
INSERT INTO Resident (account, building, unit, room) VALUES ('452071200805044189', 63, 7, 705);
INSERT INTO User (account, username, name, sex, age, tel, type, auth_key) VALUES ('643096192511233256', '赵有凌', '赵有凌', false, '95', '13045228544', 0, 'g44749amS0mt1Q27pmFB1qFQZ3cFxotp');
INSERT INTO Resident (account, building, unit, room) VALUES ('643096192511233256', 70, 3, 703);
INSERT INTO User (account, username, name, sex, age, tel, type, auth_key) VALUES ('642333200604152349', '秦牧', '秦牧', true, '14', '19618724655', 0, 'vh4u8j1i9oxxeZ9XMCCSnMCOzvs4yrce');
INSERT INTO Resident (account, building, unit, room) VALUES ('642333200604152349', 6, 4, 1204);
INSERT INTO User (account, username, name, sex, age, tel, type, auth_key) VALUES ('214521199702024191', '常亚倨', '常亚倨', true, '23', '15087600112', 0, '30ls5CK6wT1q13b4H1mW8zsu4yx4OnZ0');
INSERT INTO Resident (account, building, unit, room) VALUES ('214521199702024191', 53, 6, 405);
INSERT INTO User (account, username, name, sex, age, tel, type, auth_key) VALUES ('35271219500110074X', '文桐', '文桐', false, '70', '18400956758', 0, 'H1e225pzaagFgbw9BcE7ojXqqJQ9PgX9');
INSERT INTO Resident (account, building, unit, room) VALUES ('35271219500110074X', 44, 9, 1101);
INSERT INTO User (account, username, name, sex, age, tel, type, auth_key) VALUES ('113040197510223129', '仲源灯', '仲源灯', false, '45', '15262560524', 0, 'R1aeoq01t98SRGi1QF6f6xrgqN84Tv5q');
INSERT INTO Resident (account, building, unit, room) VALUES ('113040197510223129', 46, 3, 1401);
INSERT INTO User (account, username, name, sex, age, tel, type, auth_key) VALUES ('330210199107050995', '赵朋', '赵朋', true, '29', '14514174181', 0, 't1475N8X2kY3wn0k8wxC82b7W167L189');
INSERT INTO Resident (account, building, unit, room) VALUES ('330210199107050995', 20, 5, 2503);
INSERT INTO User (account, username, name, sex, age, tel, type, auth_key) VALUES ('334431197502107507', '於思', '於思', false, '45', '13454969498', 0, 'g80iX9Anw47VqMMQu8N0ka83jXp8k35w');
INSERT INTO Resident (account, building, unit, room) VALUES ('334431197502107507', 54, 9, 1205);
INSERT INTO User (account, username, name, sex, age, tel, type, auth_key) VALUES ('361874196204150996', '孙飞', '孙飞', true, '58', '13699429501', 0, 'Hh0c64Al69ZhS4Gz6870AYAZfFO72onp');
INSERT INTO Resident (account, building, unit, room) VALUES ('361874196204150996', 22, 5, 2401);
INSERT INTO User (account, username, name, sex, age, tel, type, auth_key) VALUES ('504306197612149823', '巩奕兮', '巩奕兮', true, '44', '15943208968', 0, 'Q8A4pm7lCD3MV7ilfA9dDN25NhPgM8ND');
INSERT INTO Resident (account, building, unit, room) VALUES ('504306197612149823', 97, 1, 2205);
INSERT INTO User (account, username, name, sex, age, tel, type, auth_key) VALUES ('233578199502089501', '邱一', '邱一', true, '25', '19217054586', 0, 'u81MM6mGb0njJeYK6YC8AVlnb1084mq9');
INSERT INTO Resident (account, building, unit, room) VALUES ('233578199502089501', 17, 5, 1805);
INSERT INTO User (account, username, name, sex, age, tel, type, auth_key) VALUES ('521649193605040850', '郑思翔', '郑思翔', false, '84', '15166405354', 0, 'm4jwEQ0xGStS8IKUdq8fXA1t6x98Ih92');
INSERT INTO Resident (account, building, unit, room) VALUES ('521649193605040850', 31, 2, 1005);
INSERT INTO User (account, username, name, sex, age, tel, type, auth_key) VALUES ('613902197309240834', '尚振琦', '尚振琦', true, '47', '13291881275', 0, 'i264ci3uUDHcL0l4N1yF9tmBOx6ZD33I');
INSERT INTO Resident (account, building, unit, room) VALUES ('613902197309240834', 23, 9, 901);
INSERT INTO User (account, username, name, sex, age, tel, type, auth_key) VALUES ('341866200504114802', '殷樱立', '殷樱立', false, '15', '13474098270', 0, '9Z1QaF2xQJjLtheiKhrHz0bss0r7Fb64');
INSERT INTO Resident (account, building, unit, room) VALUES ('341866200504114802', 89, 6, 503);
INSERT INTO User (account, username, name, sex, age, tel, type, auth_key) VALUES ('322771196112128892', '文硕轩', '文硕轩', false, '59', '14705549516', 0, 'WXkeV354eqOfqsTLtu1Z31zq59va1obX');
INSERT INTO Resident (account, building, unit, room) VALUES ('322771196112128892', 83, 5, 1403);
INSERT INTO User (account, username, name, sex, age, tel, type, auth_key) VALUES ('140351196608190372', '文桐', '文桐', true, '54', '17534309834', 0, '7hR4i2u1L3HIk00Q1h9LFLjZqcVbG0i7');
INSERT INTO Resident (account, building, unit, room) VALUES ('140351196608190372', 31, 10, 1606);
INSERT INTO User (account, username, name, sex, age, tel, type, auth_key) VALUES ('212670197411144583', '沈帆', '沈帆', true, '46', '13879924153', 0, 'lTjW07K2Kn8BxSeco7JsYD18uUMe3Ih9');
INSERT INTO Resident (account, building, unit, room) VALUES ('212670197411144583', 65, 7, 1401);
INSERT INTO User (account, username, name, sex, age, tel, type, auth_key) VALUES ('650564197603065585', '傅凡', '傅凡', false, '44', '13057632171', 0, 's69R9lR5SgfuMAk4sKrVr7Ay28Z438i6');
INSERT INTO Resident (account, building, unit, room) VALUES ('650564197603065585', 37, 5, 2803);
INSERT INTO User (account, username, name, sex, age, tel, type, auth_key) VALUES ('343391195804054371', '沈力良', '沈力良', false, '62', '15356798040', 0, 'Zs0irU1VhL7GuEUL9vtBak1xwdC0X9sT');
INSERT INTO Resident (account, building, unit, room) VALUES ('343391195804054371', 90, 6, 702);
INSERT INTO User (account, username, name, sex, age, tel, type, auth_key) VALUES ('542999201405111652', '侯一', '侯一', false, '6', '19914410773', 0, 'PNTKS6746Yd2j5sePzpmPZFL0pKCxGtZ');
INSERT INTO Resident (account, building, unit, room) VALUES ('542999201405111652', 49, 10, 204);
INSERT INTO User (account, username, name, sex, age, tel, type, auth_key) VALUES ('322975195707104662', '许盈立', '许盈立', false, '63', '17352351935', 0, '2116Q0Hb2u1hXv29d8aQg5Ow7ctIPChW');
INSERT INTO Resident (account, building, unit, room) VALUES ('322975195707104662', 63, 3, 404);
INSERT INTO User (account, username, name, sex, age, tel, type, auth_key) VALUES ('504094196208188084', '任音英', '任音英', true, '58', '19373440019', 0, 'NI2PZy052Bf693x8oFpx46am3jx59yY8');
INSERT INTO Resident (account, building, unit, room) VALUES ('504094196208188084', 61, 5, 2501);
INSERT INTO User (account, username, name, sex, age, tel, type, auth_key) VALUES ('323247193907118408', '夏民雨', '夏民雨', true, '81', '13958798728', 0, '9B5t93lgKy6GKH3Xm2m05xO5vJ4H3eIs');
INSERT INTO Resident (account, building, unit, room) VALUES ('323247193907118408', 3, 9, 2305);
INSERT INTO User (account, username, name, sex, age, tel, type, auth_key) VALUES ('342315200212262080', '冯嘉千', '冯嘉千', false, '18', '15951217934', 0, 'xYI2oiECim8oCPRI7V2glA82jgL52WyT');
INSERT INTO Resident (account, building, unit, room) VALUES ('342315200212262080', 11, 9, 401);
INSERT INTO User (account, username, name, sex, age, tel, type, auth_key) VALUES ('153393194301133708', '鲁天立', '鲁天立', false, '77', '19822127648', 0, 'P1SBz18620TmsD2ORMl7FPrslMdWKF6v');
INSERT INTO Resident (account, building, unit, room) VALUES ('153393194301133708', 9, 10, 2902);
INSERT INTO User (account, username, name, sex, age, tel, type, auth_key) VALUES ('523506194106270763', '孟露', '孟露', false, '79', '14964639166', 0, 'lal8yE84aO2Az275csB5TnQitzA8DQvZ');
INSERT INTO Resident (account, building, unit, room) VALUES ('523506194106270763', 4, 5, 1004);
INSERT INTO User (account, username, name, sex, age, tel, type, auth_key) VALUES ('352756200510140440', '林菲', '林菲', true, '15', '15906772043', 0, 'K338hPYQmoa57EI5wBpdmR4Dy8024Vad');
INSERT INTO Resident (account, building, unit, room) VALUES ('352756200510140440', 49, 5, 1606);
INSERT INTO User (account, username, name, sex, age, tel, type, auth_key) VALUES ('814510201109216303', '张雯', '张雯', true, '9', '13657294714', 0, 'VVhhpN832i2BY4612w2M5706v2KaQoYh');
INSERT INTO Resident (account, building, unit, room) VALUES ('814510201109216303', 48, 10, 2702);
INSERT INTO User (account, username, name, sex, age, tel, type, auth_key) VALUES ('143363197008314487', '陈夫立', '陈夫立', true, '50', '13295046532', 0, '7jE8L8tfDEAG8J39gujB2wLm1uXV8611');
INSERT INTO Resident (account, building, unit, room) VALUES ('143363197008314487', 1, 5, 205);
INSERT INTO User (account, username, name, sex, age, tel, type, auth_key) VALUES ('514897196602125339', '於立樱', '於立樱', false, '54', '15131766434', 0, 'ik7U2lfFHuZGMw4a6Yx4HwZMk89S4Hel');
INSERT INTO Resident (account, building, unit, room) VALUES ('514897196602125339', 60, 5, 803);
INSERT INTO User (account, username, name, sex, age, tel, type, auth_key) VALUES ('612443195503134207', '许凡颖', '许凡颖', true, '65', '13482454747', 0, 'F9U1q0d3nvb2re3k09l21Mj94V1GDcmP');
INSERT INTO Resident (account, building, unit, room) VALUES ('612443195503134207', 92, 9, 603);
INSERT INTO User (account, username, name, sex, age, tel, type, auth_key) VALUES ('613977201108219944', '邵迅可', '邵迅可', false, '9', '15977231446', 0, '7hTMi9zEkbw1XSZ74mm2Ok4880Pu8tlA');
INSERT INTO Resident (account, building, unit, room) VALUES ('613977201108219944', 66, 2, 2802);
INSERT INTO User (account, username, name, sex, age, tel, type, auth_key) VALUES ('62311420091022617X', '郭可', '郭可', false, '11', '13092090833', 0, '9scOxGyeG3THeW0A477QFyDM8Kt6x0zX');
INSERT INTO Resident (account, building, unit, room) VALUES ('62311420091022617X', 40, 10, 2401);
INSERT INTO User (account, username, name, sex, age, tel, type, auth_key) VALUES ('363910197912017286', '商泽', '商泽', false, '41', '13665993730', 0, 'tG2cvX6y8s9K2Lfqo60YP8oI5DHFlBa1');
INSERT INTO Resident (account, building, unit, room) VALUES ('363910197912017286', 12, 10, 1006);
INSERT INTO User (account, username, name, sex, age, tel, type, auth_key) VALUES ('651573192912177011', '康豪', '康豪', true, '91', '18831925417', 0, 'JzVbc8g78nk3MvqcN6M3S15Vl1wwhtc1');
INSERT INTO Resident (account, building, unit, room) VALUES ('651573192912177011', 1, 3, 704);
INSERT INTO User (account, username, name, sex, age, tel, type, auth_key) VALUES ('324936197007204925', '葛颖露', '葛颖露', true, '50', '19017937942', 0, '2R0XDLrHdthNo92s6NtE5m14o23gTWtB');
INSERT INTO Resident (account, building, unit, room) VALUES ('324936197007204925', 32, 9, 202);
INSERT INTO User (account, username, name, sex, age, tel, type, auth_key) VALUES ('714758199905030980', '汪昕', '汪昕', false, '21', '17376310142', 0, 'tnL77kUL98uD8V276WcaNHEO57sCFhQS');
INSERT INTO Resident (account, building, unit, room) VALUES ('714758199905030980', 44, 9, 705);
INSERT INTO User (account, username, name, sex, age, tel, type, auth_key) VALUES ('41466319980321302X', '周灯', '周灯', true, '22', '17616327294', 0, 'BzT82kl747r4hS110PnnZ3C1NJ2srIqe');
INSERT INTO Resident (account, building, unit, room) VALUES ('41466319980321302X', 90, 10, 304);
INSERT INTO User (account, username, name, sex, age, tel, type, auth_key) VALUES ('13195120091118942X', '汪思', '汪思', true, '11', '18635605742', 0, 'b87DT2jbiZVHtx366XJa60j23Qb1fIwM');
INSERT INTO Resident (account, building, unit, room) VALUES ('13195120091118942X', 33, 10, 1602);
INSERT INTO User (account, username, name, sex, age, tel, type, auth_key) VALUES ('224948200708103018', '李牧言', '李牧言', true, '13', '19242812318', 0, 'K7NaI6LlH3cd1y7Ju1LHkf8W0J1VtyX0');
INSERT INTO Resident (account, building, unit, room) VALUES ('224948200708103018', 37, 4, 2403);
INSERT INTO User (account, username, name, sex, age, tel, type, auth_key) VALUES ('411360194306138992', '肖思', '肖思', true, '77', '19594898165', 0, '4BZzAZ3ABaJ8ySmfPe533902AZF9Tq7g');
INSERT INTO Resident (account, building, unit, room) VALUES ('411360194306138992', 29, 5, 2002);
INSERT INTO User (account, username, name, sex, age, tel, type, auth_key) VALUES ('642013193708077252', '路萱萌', '路萱萌', true, '83', '18569003168', 0, 'z0Dq198xqwJ1jqgVnb9413Gl843p2ctZ');
INSERT INTO Resident (account, building, unit, room) VALUES ('642013193708077252', 56, 4, 406);
INSERT INTO User (account, username, name, sex, age, tel, type, auth_key) VALUES ('631486192607026187', '常琦千', '常琦千', true, '94', '19889236482', 0, 'Lbq53X878KhgyW8PiPZK7338SAjlG7H0');
INSERT INTO Resident (account, building, unit, room) VALUES ('631486192607026187', 37, 6, 2901);
INSERT INTO User (account, username, name, sex, age, tel, type, auth_key) VALUES ('232607199611075256', '宋伟正', '宋伟正', false, '24', '19227028803', 0, '4RJN2q0ivOLKxNNK217hfgfSrA6UzS55');
INSERT INTO Resident (account, building, unit, room) VALUES ('232607199611075256', 51, 1, 601);
INSERT INTO User (account, username, name, sex, age, tel, type, auth_key) VALUES ('231028195305101856', '陆盈洁', '陆盈洁', true, '67', '18910888480', 0, 'sb57t0qIEwR6YhtPJT6B62TAft9A2ifC');
INSERT INTO Resident (account, building, unit, room) VALUES ('231028195305101856', 97, 4, 602);
INSERT INTO User (account, username, name, sex, age, tel, type, auth_key) VALUES ('632109195611240716', '田淘毅', '田淘毅', false, '64', '15535578102', 0, 'hEo792Cu7j5h6N7nL27vuXOcvUP9K1VK');
INSERT INTO Resident (account, building, unit, room) VALUES ('632109195611240716', 26, 2, 704);
INSERT INTO User (account, username, name, sex, age, tel, type, auth_key) VALUES ('423976192404223925', '武天家', '武天家', true, '96', '17617720449', 0, 'bKub7VSt7S0xix9RenRRrie7tE45iYCu');
INSERT INTO Resident (account, building, unit, room) VALUES ('423976192404223925', 12, 9, 902);
INSERT INTO User (account, username, name, sex, age, tel, type, auth_key) VALUES ('524329192602215094', '韩颖千', '韩颖千', true, '94', '15568823798', 0, 'PVwC64gny8gl5n0zV6QQF7V5qI3e9yjW');
INSERT INTO Resident (account, building, unit, room) VALUES ('524329192602215094', 93, 3, 2302);
INSERT INTO User (account, username, name, sex, age, tel, type, auth_key) VALUES ('113019200106134416', '姚可', '姚可', false, '19', '17347193244', 0, '3Use222ZIF9WwiRjVXK185c7dg7H4Dv0');
INSERT INTO Resident (account, building, unit, room) VALUES ('113019200106134416', 63, 7, 1002);
INSERT INTO User (account, username, name, sex, age, tel, type, auth_key) VALUES ('504538198308230119', '隽旭夫', '隽旭夫', true, '37', '19904816893', 0, '9j9NaG5UENQIRfE3qzlrmE4Q6Me8HTPO');
INSERT INTO Resident (account, building, unit, room) VALUES ('504538198308230119', 92, 9, 1802);
INSERT INTO User (account, username, name, sex, age, tel, type, auth_key) VALUES ('130232198705073267', '商瀚舒', '商瀚舒', true, '33', '15697420023', 0, '01F6sMQOeF3DHcKDK3OMiS5mUq5eEZWl');
INSERT INTO Resident (account, building, unit, room) VALUES ('130232198705073267', 3, 9, 1506);
INSERT INTO User (account, username, name, sex, age, tel, type, auth_key) VALUES ('504968196802282630', '楚正飞', '楚正飞', true, '52', '14919976754', 0, 'Ud63pY0fWh0lGRrruin6RbPT9hjF82XT');
INSERT INTO Resident (account, building, unit, room) VALUES ('504968196802282630', 81, 8, 1305);
INSERT INTO User (account, username, name, sex, age, tel, type, auth_key) VALUES ('43469320050829574X', '钱牧千', '钱牧千', true, '15', '13895840659', 0, 'L8UCxIa35zAjmGv00xI3t0sc5Jilrxs6');
INSERT INTO Resident (account, building, unit, room) VALUES ('43469320050829574X', 98, 9, 2206);
INSERT INTO User (account, username, name, sex, age, tel, type, auth_key) VALUES ('420447194004228642', '殷本', '殷本', true, '80', '17554090644', 0, 'r6sgC99826p282r2QdY2q1fp2mlYZonj');
INSERT INTO Resident (account, building, unit, room) VALUES ('420447194004228642', 79, 1, 302);
INSERT INTO User (account, username, name, sex, age, tel, type, auth_key) VALUES ('545023193511178106', '颜霖', '颜霖', false, '85', '15094547682', 0, '5upoTI63OCYJu6T36291vnziSj4831z8');
INSERT INTO Resident (account, building, unit, room) VALUES ('545023193511178106', 39, 5, 2704);
INSERT INTO User (account, username, name, sex, age, tel, type, auth_key) VALUES ('81373220030929222X', '岳良炜', '岳良炜', true, '17', '15762738027', 0, 'Z1h3B8e2oVN07G45Qh7qotvmsWnbTPvb');
INSERT INTO Resident (account, building, unit, room) VALUES ('81373220030929222X', 85, 10, 1106);
INSERT INTO User (account, username, name, sex, age, tel, type, auth_key) VALUES ('331281200102231863', '冯雨', '冯雨', false, '19', '13439101774', 0, '3B88U7Q3qcZNY8T2XkB4kN97dJ425awz');
INSERT INTO Resident (account, building, unit, room) VALUES ('331281200102231863', 64, 1, 806);
INSERT INTO User (account, username, name, sex, age, tel, type, auth_key) VALUES ('140123201004274718', '符龙', '符龙', true, '10', '15114317848', 0, 'AaXG3KQ8XZP40qfHc62985a8y4N2WhDB');
INSERT INTO Resident (account, building, unit, room) VALUES ('140123201004274718', 40, 8, 805);
INSERT INTO User (account, username, name, sex, age, tel, type, auth_key) VALUES ('544502195809293384', '部广', '部广', true, '62', '18062753253', 0, 'z63ncF7B6KdLU4M3zKYz5gaXrZnnT8ph');
INSERT INTO Resident (account, building, unit, room) VALUES ('544502195809293384', 67, 6, 1701);
INSERT INTO User (account, username, name, sex, age, tel, type, auth_key) VALUES ('210152197702191321', '田令阳', '田令阳', false, '43', '13080106043', 0, 'dww5uW4ElPL4efpgB313P0RWTenME6T3');
INSERT INTO Resident (account, building, unit, room) VALUES ('210152197702191321', 97, 6, 301);
INSERT INTO User (account, username, name, sex, age, tel, type, auth_key) VALUES ('82314919411023366X', '董家', '董家', true, '79', '18568840767', 0, '4gMmK818J4Z5fgMnR3XTPgY11kh71V9P');
INSERT INTO Resident (account, building, unit, room) VALUES ('82314919411023366X', 29, 4, 1301);
INSERT INTO User (account, username, name, sex, age, tel, type, auth_key) VALUES ('623713195405082974', '冯阳', '冯阳', false, '66', '13073107792', 0, 'bNfb40yvzq2G79UlfnL97J40Y3Su180A');
INSERT INTO Resident (account, building, unit, room) VALUES ('623713195405082974', 52, 2, 901);
INSERT INTO User (account, username, name, sex, age, tel, type, auth_key) VALUES ('150306192611163770', '董灯锐', '董灯锐', false, '94', '14521029241', 0, '8uX2zv8hw6rh6qNxi6T5X3L7mB43Ox81');
INSERT INTO Resident (account, building, unit, room) VALUES ('150306192611163770', 29, 1, 904);
INSERT INTO User (account, username, name, sex, age, tel, type, auth_key) VALUES ('122771198011038447', '欧辰依', '欧辰依', false, '40', '19335399686', 0, 'a5r2Z3xwT0MP84YvdS8cC23AG6d107Xx');
INSERT INTO Resident (account, building, unit, room) VALUES ('122771198011038447', 52, 7, 1504);
INSERT INTO User (account, username, name, sex, age, tel, type, auth_key) VALUES ('312397195403061813', '山萱阳', '山萱阳', false, '66', '15946026653', 0, '2WpD48A545JJ61Ry79Hgw771G5mqUJC4');
INSERT INTO Resident (account, building, unit, room) VALUES ('312397195403061813', 8, 10, 1402);
INSERT INTO User (account, username, name, sex, age, tel, type, auth_key) VALUES ('614353194608212885', '秦帆义', '秦帆义', true, '74', '13047338933', 0, 'RiB07VWoZl684HY2C038nYs7gdOiJnB3');
INSERT INTO Resident (account, building, unit, room) VALUES ('614353194608212885', 68, 4, 1903);
INSERT INTO User (account, username, name, sex, age, tel, type, auth_key) VALUES ('533892192807072556', '韩炜', '韩炜', true, '92', '18214338221', 0, 'gw8cyhhyXU47xKZXVFz9Z9XS0YH8H73O');
INSERT INTO Resident (account, building, unit, room) VALUES ('533892192807072556', 32, 2, 1104);
INSERT INTO User (account, username, name, sex, age, tel, type, auth_key) VALUES ('150841201409020700', '任奇', '任奇', true, '6', '15141054179', 0, '8pnbYQfioWx4ezvkyhTKJ7G471IcXy9r');
INSERT INTO Resident (account, building, unit, room) VALUES ('150841201409020700', 99, 1, 2502);
INSERT INTO User (account, username, name, sex, age, tel, type, auth_key) VALUES ('151698201101010373', '鲁静夫', '鲁静夫', true, '9', '14937203284', 0, '8WWi6PH2Pu665XCJfKTdlm65DuV92WEC');
INSERT INTO Resident (account, building, unit, room) VALUES ('151698201101010373', 72, 6, 1101);
INSERT INTO User (account, username, name, sex, age, tel, type, auth_key) VALUES ('361719192509209223', '季昕家', '季昕家', false, '95', '16633000989', 0, 'n4SRQ5AkEh1xvzUN374aQ31iFauZ70tq');
INSERT INTO Resident (account, building, unit, room) VALUES ('361719192509209223', 17, 3, 1701);
INSERT INTO User (account, username, name, sex, age, tel, type, auth_key) VALUES ('502486193103299810', '审冠雯', '审冠雯', false, '89', '13262282554', 0, 'cNHS15l7hZVehpone8HiWj9T25d43Ach');
INSERT INTO Resident (account, building, unit, room) VALUES ('502486193103299810', 43, 4, 1405);
INSERT INTO User (account, username, name, sex, age, tel, type, auth_key) VALUES ('432457198612236121', '傅馨', '傅馨', true, '34', '19797587287', 0, 'XsdQn2R1sBHG3o4J6XFeNkTQLuVpZqvV');
INSERT INTO Resident (account, building, unit, room) VALUES ('432457198612236121', 23, 3, 2806);
INSERT INTO User (account, username, name, sex, age, tel, type, auth_key) VALUES ('522762193508125460', '孟力', '孟力', true, '85', '15866314574', 0, 'hH6JqZYymnym6I864sQ963H9d7kTo4pY');
INSERT INTO Resident (account, building, unit, room) VALUES ('522762193508125460', 78, 6, 2002);
INSERT INTO User (account, username, name, sex, age, tel, type, auth_key) VALUES ('221827192305273320', '宫畅本', '宫畅本', true, '97', '13652474299', 0, 'yZP3i5680X5fHDxtACaANXTcS6eB6z04');
INSERT INTO Resident (account, building, unit, room) VALUES ('221827192305273320', 20, 8, 2204);
INSERT INTO User (account, username, name, sex, age, tel, type, auth_key) VALUES ('410196193910107041', '沈畅诺', '沈畅诺', true, '81', '18195952487', 0, 'F8xJmylHjEmdI3882W14PcGmmixD239R');
INSERT INTO Resident (account, building, unit, room) VALUES ('410196193910107041', 65, 3, 2702);
INSERT INTO User (account, username, name, sex, age, tel, type, auth_key) VALUES ('234607196208275725', '靳千', '靳千', false, '58', '15103225362', 0, 'eh23lE5w2o4BkeXFZ3YGxQNk5CeI8D48');
INSERT INTO Resident (account, building, unit, room) VALUES ('234607196208275725', 62, 10, 2906);
INSERT INTO User (account, username, name, sex, age, tel, type, auth_key) VALUES ('144222196007050231', '邱正', '邱正', false, '60', '16656540972', 0, '38s48V64qP31uexK8aT3o89W8hBm6128');
INSERT INTO Resident (account, building, unit, room) VALUES ('144222196007050231', 99, 2, 2105);
INSERT INTO User (account, username, name, sex, age, tel, type, auth_key) VALUES ('130150198407186069', '毕琦菲', '毕琦菲', true, '36', '18853228104', 0, '0s0kgtuyCTLDg16jeYctI1Z4Nkkg3EeC');
INSERT INTO Resident (account, building, unit, room) VALUES ('130150198407186069', 50, 9, 1601);
INSERT INTO User (account, username, name, sex, age, tel, type, auth_key) VALUES ('52222020060626568X', '於力', '於力', true, '14', '13883214816', 0, 'I4G0963QdI7j21WcYKPOFZuLNjft6A68');
INSERT INTO Resident (account, building, unit, room) VALUES ('52222020060626568X', 18, 5, 1003);
INSERT INTO User (account, username, name, sex, age, tel, type, auth_key) VALUES ('65442319460412272X', '韩凡', '韩凡', false, '74', '13173606511', 0, 'WD65AbLgup500kS8S4YFZwDSDE4beC8B');
INSERT INTO Resident (account, building, unit, room) VALUES ('65442319460412272X', 57, 2, 204);
INSERT INTO User (account, username, name, sex, age, tel, type, auth_key) VALUES ('110738195610177418', '钟薪旭', '钟薪旭', false, '64', '18088467934', 0, 'eF91TllLd0803iLngSi9CKNt96o4I56l');
INSERT INTO Resident (account, building, unit, room) VALUES ('110738195610177418', 35, 3, 2506);
INSERT INTO User (account, username, name, sex, age, tel, type, auth_key) VALUES ('620162192302061172', '邵桐露', '邵桐露', false, '97', '15330326026', 0, 'wmsnlP3BdbUv5935m11iEa1Ed2aVG9jS');
INSERT INTO Resident (account, building, unit, room) VALUES ('620162192302061172', 57, 10, 1503);
INSERT INTO User (account, username, name, sex, age, tel, type, auth_key) VALUES ('333175198808196144', '尹家兰', '尹家兰', true, '32', '19746438588', 0, 'ep84oMWt6EGHT64yz4iv03X9Od64XSUb');
INSERT INTO Resident (account, building, unit, room) VALUES ('333175198808196144', 96, 6, 2205);
INSERT INTO User (account, username, name, sex, age, tel, type, auth_key) VALUES ('540564195203152881', '夏思', '夏思', true, '68', '14999113951', 0, 'e3COQQNmu5a4EVKo7Frb041RE8jFovBt');
INSERT INTO Resident (account, building, unit, room) VALUES ('540564195203152881', 72, 3, 1703);
INSERT INTO User (account, username, name, sex, age, tel, type, auth_key) VALUES ('12134620070416876X', '仲炜', '仲炜', true, '13', '18660704783', 0, 'N9EDp937T8AMym45TdF3rX1T1d5PXtA5');
INSERT INTO Resident (account, building, unit, room) VALUES ('12134620070416876X', 49, 3, 2203);
INSERT INTO User (account, username, name, sex, age, tel, type, auth_key) VALUES ('46225219771218207X', '安阳飞', '安阳飞', true, '43', '18123054811', 0, '6uf2wgR8wV71h16K4QA7mtLO6Tz6Ssi8');
INSERT INTO Resident (account, building, unit, room) VALUES ('46225219771218207X', 62, 4, 2602);
INSERT INTO User (account, username, name, sex, age, tel, type, auth_key) VALUES ('314461197012222675', '吴桐令', '吴桐令', false, '50', '18389596624', 0, '24XK5OFB7BX2H526M547p2cpUEj1hNiR');
INSERT INTO Resident (account, building, unit, room) VALUES ('314461197012222675', 43, 5, 2701);
INSERT INTO User (account, username, name, sex, age, tel, type, auth_key) VALUES ('224124200712130814', '周冠', '周冠', true, '13', '18563328508', 0, 'rAlg79S71N2yz8r49929ES3ccUfXfh4H');
INSERT INTO Resident (account, building, unit, room) VALUES ('224124200712130814', 59, 4, 1306);
INSERT INTO User (account, username, name, sex, age, tel, type, auth_key) VALUES ('514803197303276821', '於宇立', '於宇立', false, '47', '18690574222', 0, 'ekc8v5kk77raHOUK9JWOu5Zhg93b13zw');
INSERT INTO Resident (account, building, unit, room) VALUES ('514803197303276821', 70, 8, 901);
INSERT INTO User (account, username, name, sex, age, tel, type, auth_key) VALUES ('450177198207159369', '侯冠杰', '侯冠杰', false, '38', '19153896029', 0, 'YWSpr944ft4Q5xRV9l8udfgnEkn0429x');
INSERT INTO Resident (account, building, unit, room) VALUES ('450177198207159369', 85, 4, 2102);
INSERT INTO User (account, username, name, sex, age, tel, type, auth_key) VALUES ('540377199008230135', '史赛英', '史赛英', false, '30', '19342728441', 0, '7nqje8h6t3q12aHiJaBZ3BFMv01gAtYb');
INSERT INTO Resident (account, building, unit, room) VALUES ('540377199008230135', 24, 2, 1003);
INSERT INTO User (account, username, name, sex, age, tel, type, auth_key) VALUES ('352703193411259172', '燕倨畅', '燕倨畅', false, '86', '13848786111', 0, 'N4z4C6Qe65t83MsP543WyH3K9QK8ZuUv');
INSERT INTO Resident (account, building, unit, room) VALUES ('352703193411259172', 5, 6, 1003);
INSERT INTO User (account, username, name, sex, age, tel, type, auth_key) VALUES ('450767200809046792', '吕云诺', '吕云诺', false, '12', '15093409873', 0, 'oVcS2IsEfa7z0yrb1Rqme87Drbuh89qx');
INSERT INTO Resident (account, building, unit, room) VALUES ('450767200809046792', 17, 5, 203);
INSERT INTO User (account, username, name, sex, age, tel, type, auth_key) VALUES ('130688196202068014', '盛琦菲', '盛琦菲', true, '58', '18627301519', 0, 'F2hwU7SRm1yG34cEnjxYjpBnLl90d4XS');
INSERT INTO Resident (account, building, unit, room) VALUES ('130688196202068014', 63, 9, 1404);
INSERT INTO User (account, username, name, sex, age, tel, type, auth_key) VALUES ('501278196411115563', '管兮本', '管兮本', false, '56', '15100551078', 0, 'P0poJZqU1Xpu73AurE7Guo62F9O8u6m5');
INSERT INTO Resident (account, building, unit, room) VALUES ('501278196411115563', 32, 1, 1303);
INSERT INTO User (account, username, name, sex, age, tel, type, auth_key) VALUES ('462608198003034363', '秦霄倨', '秦霄倨', false, '40', '15727482626', 0, '44tLMu649S06jgLm9Tv1n8WgM1WGJIMn');
INSERT INTO Resident (account, building, unit, room) VALUES ('462608198003034363', 93, 7, 203);
INSERT INTO User (account, username, name, sex, age, tel, type, auth_key) VALUES ('442793195707068739', '张伟', '张伟', true, '63', '15073338240', 0, 'Y43qcW3bc03E77PKe5982njYw2VNsiBl');
INSERT INTO Resident (account, building, unit, room) VALUES ('442793195707068739', 9, 4, 2905);
INSERT INTO User (account, username, name, sex, age, tel, type, auth_key) VALUES ('233996194302264323', '路雨赛', '路雨赛', false, '77', '15221344544', 0, '6V2Xo78GLcELXkT6tD1FO7Z6OB52Ug3i');
INSERT INTO Resident (account, building, unit, room) VALUES ('233996194302264323', 44, 1, 2106);
INSERT INTO User (account, username, name, sex, age, tel, type, auth_key) VALUES ('232494195305207391', '孟言露', '孟言露', false, '67', '13926566609', 0, 'P8kLe010S2VXn51D5tO027ljZjWv901C');
INSERT INTO Resident (account, building, unit, room) VALUES ('232494195305207391', 16, 10, 905);
INSERT INTO User (account, username, name, sex, age, tel, type, auth_key) VALUES ('140889197010230562', '刘立旭', '刘立旭', true, '50', '18414669448', 0, 'T0VkXD1hl5917TArbvJaLZOVx6f4fh0g');
INSERT INTO Resident (account, building, unit, room) VALUES ('140889197010230562', 33, 10, 1505);
INSERT INTO User (account, username, name, sex, age, tel, type, auth_key) VALUES ('353534194412021373', '邱源', '邱源', true, '76', '18722799144', 0, '1kWf2dxYGPbaoH7e10c80Wlvh4Y6Bf8o');
INSERT INTO Resident (account, building, unit, room) VALUES ('353534194412021373', 84, 3, 806);
INSERT INTO User (account, username, name, sex, age, tel, type, auth_key) VALUES ('435021199410191896', '完颜圣', '完颜圣', true, '26', '17245426285', 0, 'Jpz67wd1K582z7UYr7O91p51nCEu5v3a');
INSERT INTO Resident (account, building, unit, room) VALUES ('435021199410191896', 3, 6, 2702);
INSERT INTO User (account, username, name, sex, age, tel, type, auth_key) VALUES ('641577197304157102', '吴伟露', '吴伟露', true, '47', '19987110273', 0, 'c5KwmX69fl3007eYDyYdlVLh9FKaQ02W');
INSERT INTO Resident (account, building, unit, room) VALUES ('641577197304157102', 31, 4, 804);
INSERT INTO User (account, username, name, sex, age, tel, type, auth_key) VALUES ('542969199205252957', '安柏', '安柏', false, '28', '13771516211', 0, 'nQ1Lt16K5IgSQm8P4n6So9oFNN30F4eW');
INSERT INTO Resident (account, building, unit, room) VALUES ('542969199205252957', 73, 6, 1902);
INSERT INTO User (account, username, name, sex, age, tel, type, auth_key) VALUES ('82467619320814715X', '鲁菲霖', '鲁菲霖', true, '88', '17276861990', 0, '5W1t24i9wWOiNslDPp2yGEYF76JJB2Wt');
INSERT INTO Resident (account, building, unit, room) VALUES ('82467619320814715X', 63, 5, 1701);
INSERT INTO User (account, username, name, sex, age, tel, type, auth_key) VALUES ('523394193902168579', '曹洁', '曹洁', true, '81', '16603480105', 0, '1a5KTOQbh827WnqOxnj638ysrP403tTY');
INSERT INTO Resident (account, building, unit, room) VALUES ('523394193902168579', 94, 7, 604);
INSERT INTO User (account, username, name, sex, age, tel, type, auth_key) VALUES ('140938196601124725', '李中倨', '李中倨', false, '54', '19554028775', 0, 'W0KLT5J0Gf0ODeFkTz16uWCldn2REy5Y');
INSERT INTO Resident (account, building, unit, room) VALUES ('140938196601124725', 63, 7, 806);
INSERT INTO User (account, username, name, sex, age, tel, type, auth_key) VALUES ('211032198210047393', '康有朋', '康有朋', false, '38', '18748868232', 0, '1advde5rbXFCLN7O53081ghk49TTIyft');
INSERT INTO Resident (account, building, unit, room) VALUES ('211032198210047393', 89, 7, 2501);
INSERT INTO User (account, username, name, sex, age, tel, type, auth_key) VALUES ('332540195501123855', '柳天', '柳天', true, '65', '13423133302', 0, '5MPA911Q9Gl2G1j86e0Iuk8xSMlmfg7G');
INSERT INTO Resident (account, building, unit, room) VALUES ('332540195501123855', 26, 2, 1003);
INSERT INTO User (account, username, name, sex, age, tel, type, auth_key) VALUES ('131708200603164326', '孟正薪', '孟正薪', true, '14', '19229097477', 0, 'oLw3c9LRyHRvI02qoJUJyid6DFe1959j');
INSERT INTO Resident (account, building, unit, room) VALUES ('131708200603164326', 21, 10, 2903);
INSERT INTO User (account, username, name, sex, age, tel, type, auth_key) VALUES ('140246197203289734', '刘霖', '刘霖', true, '48', '17321840436', 0, '202t4HR9hK6Y9V6452dZ30x5d89wnyiG');
INSERT INTO Resident (account, building, unit, room) VALUES ('140246197203289734', 11, 7, 2504);
INSERT INTO User (account, username, name, sex, age, tel, type, auth_key) VALUES ('630697194007108499', '宋瀚翔', '宋瀚翔', true, '80', '17212455642', 0, '9y8u2Fc1p6YkO5Nf1XlSjt915N4631HU');
INSERT INTO Resident (account, building, unit, room) VALUES ('630697194007108499', 20, 5, 1001);
INSERT INTO User (account, username, name, sex, age, tel, type, auth_key) VALUES ('653420198003089047', '刘亚辰', '刘亚辰', false, '40', '17897371802', 0, 'G2fqaXj6mq4WjdnjY6R7489AUnWi1N9r');
INSERT INTO Resident (account, building, unit, room) VALUES ('653420198003089047', 2, 7, 1701);
INSERT INTO User (account, username, name, sex, age, tel, type, auth_key) VALUES ('610949201010301591', '郑新', '郑新', true, '10', '15116042067', 0, 'q6MwB5AA55sJqMy44xiOF9e0B7T4fPaS');
INSERT INTO Resident (account, building, unit, room) VALUES ('610949201010301591', 88, 2, 2504);
INSERT INTO User (account, username, name, sex, age, tel, type, auth_key) VALUES ('421019197810250939', '秦舒兰', '秦舒兰', false, '42', '15898825179', 0, '101RAOc1w3tN49E085l7zaVv5Bo8HN8o');
INSERT INTO Resident (account, building, unit, room) VALUES ('421019197810250939', 95, 10, 1005);
INSERT INTO User (account, username, name, sex, age, tel, type, auth_key) VALUES ('713241199707143267', '徐洁', '徐洁', true, '23', '13635490596', 0, 'Ck5LppLT5W0qWgMHC3D7aDecRZ8ZV1NN');
INSERT INTO Resident (account, building, unit, room) VALUES ('713241199707143267', 62, 7, 2806);
INSERT INTO User (account, username, name, sex, age, tel, type, auth_key) VALUES ('712974199801047183', '杜冠泽', '杜冠泽', false, '22', '19288321998', 0, '940M9h5XgJe7J9k1O2M1KBzPNdLcTj04');
INSERT INTO Resident (account, building, unit, room) VALUES ('712974199801047183', 58, 3, 704);
INSERT INTO User (account, username, name, sex, age, tel, type, auth_key) VALUES ('370287198710108302', '隽正霖', '隽正霖', false, '33', '19288447005', 0, 'Vi07USWmW43tAe4nRW89n91o819pfNw4');
INSERT INTO Resident (account, building, unit, room) VALUES ('370287198710108302', 85, 5, 301);
INSERT INTO User (account, username, name, sex, age, tel, type, auth_key) VALUES ('612985196701289838', '尚畅', '尚畅', true, '53', '18386389032', 0, 'g1H6H1LhiEeywxIxNo5TWFbX0pErq9qo');
INSERT INTO Resident (account, building, unit, room) VALUES ('612985196701289838', 91, 9, 705);
INSERT INTO User (account, username, name, sex, age, tel, type, auth_key) VALUES ('513875193204149538', '任萌', '任萌', false, '88', '15187905324', 0, 'Q5sgj995bPUjH03Q47Z0J1B5w99XyMr3');
INSERT INTO Resident (account, building, unit, room) VALUES ('513875193204149538', 17, 3, 803);
INSERT INTO User (account, username, name, sex, age, tel, type, auth_key) VALUES ('640553201412254541', '曲盈哲', '曲盈哲', false, '6', '18158807482', 0, '5RH7Y92nGj7RxCZ8NIR14Ou8V57V1rUD');
INSERT INTO Resident (account, building, unit, room) VALUES ('640553201412254541', 93, 5, 2505);
INSERT INTO User (account, username, name, sex, age, tel, type, auth_key) VALUES ('43303919460830101X', '徐盈静', '徐盈静', true, '74', '19987363668', 0, '8hkC3e3ja7Hpx653b1hNjb9K4uTvTGcH');
INSERT INTO Resident (account, building, unit, room) VALUES ('43303919460830101X', 11, 9, 903);
INSERT INTO User (account, username, name, sex, age, tel, type, auth_key) VALUES ('500306197605028450', '田畅', '田畅', false, '44', '17528381636', 0, '2cA1T330fm3R53yZA5Ao0XCsRBNL4S9d');
INSERT INTO Resident (account, building, unit, room) VALUES ('500306197605028450', 78, 3, 2902);
INSERT INTO User (account, username, name, sex, age, tel, type, auth_key) VALUES ('641483201105303816', '周伟', '周伟', true, '9', '18472446371', 0, '1CAFBO5Xv14gATPpUB4S5ECexxekyr0v');
INSERT INTO Resident (account, building, unit, room) VALUES ('641483201105303816', 44, 8, 2506);
INSERT INTO User (account, username, name, sex, age, tel, type, auth_key) VALUES ('444465198501156779', '靳毅炎', '靳毅炎', false, '35', '18105157563', 0, '2p2Ldt6tvTLDYnF8vUuyIZ3NVC3NUP8G');
INSERT INTO Resident (account, building, unit, room) VALUES ('444465198501156779', 94, 2, 206);
INSERT INTO User (account, username, name, sex, age, tel, type, auth_key) VALUES ('442607198203117203', '柳露凌', '柳露凌', true, '38', '17662919076', 0, '84iKZ61UeW1rlo60Z1u34hhY3DQZs4l1');
INSERT INTO Resident (account, building, unit, room) VALUES ('442607198203117203', 90, 2, 1302);
INSERT INTO User (account, username, name, sex, age, tel, type, auth_key) VALUES ('644341195602143823', '季思露', '季思露', false, '64', '15657109782', 0, 'Vt9Ok8Q4TKrVqyQ1vetWg0bP57Vf437O');
INSERT INTO Resident (account, building, unit, room) VALUES ('644341195602143823', 19, 4, 2702);
INSERT INTO User (account, username, name, sex, age, tel, type, auth_key) VALUES ('214329195710209395', '臧晓畅', '臧晓畅', false, '63', '13772865132', 0, 'mVnS60O7CT06mQ0Vsh9p2O34WQ22W6KI');
INSERT INTO Resident (account, building, unit, room) VALUES ('214329195710209395', 15, 10, 701);
INSERT INTO User (account, username, name, sex, age, tel, type, auth_key) VALUES ('521214199206135380', '寻辰杰', '寻辰杰', false, '28', '18138459529', 0, 'Lb55B9ydo6BN08M85WC9DFyVc6X55xC0');
INSERT INTO Resident (account, building, unit, room) VALUES ('521214199206135380', 13, 2, 406);
INSERT INTO User (account, username, name, sex, age, tel, type, auth_key) VALUES ('642816200406206088', '符柏', '符柏', true, '16', '17599576895', 0, 'KtLWjQ3E4Lr05N1LLxPf2hVFWq2XkVcP');
INSERT INTO Resident (account, building, unit, room) VALUES ('642816200406206088', 50, 9, 704);
INSERT INTO User (account, username, name, sex, age, tel, type, auth_key) VALUES ('622846199706175246', '夏有', '夏有', false, '23', '15230040553', 0, '3U9S2v4Oyo2D7mYUYimZrByT1480tbMI');
INSERT INTO Resident (account, building, unit, room) VALUES ('622846199706175246', 71, 4, 2902);
INSERT INTO User (account, username, name, sex, age, tel, type, auth_key) VALUES ('323377200912089250', '徐亚新', '徐亚新', false, '11', '14937158768', 0, 'yp51R9lsvB3x140yEDu2c2hr115Y14Op');
INSERT INTO Resident (account, building, unit, room) VALUES ('323377200912089250', 68, 10, 1702);
INSERT INTO User (account, username, name, sex, age, tel, type, auth_key) VALUES ('45417619400822332X', '岳哲中', '岳哲中', false, '80', '14748699708', 0, 'KgPe5vS9hVe325U8kK7vvOW2n2g9yI2j');
INSERT INTO Resident (account, building, unit, room) VALUES ('45417619400822332X', 87, 6, 1102);
INSERT INTO User (account, username, name, sex, age, tel, type, auth_key) VALUES ('143086200003107979', '吕菲轩', '吕菲轩', true, '20', '15867985208', 0, '6C062vbawI5MI707d901h124NNabbVxw');
INSERT INTO Resident (account, building, unit, room) VALUES ('143086200003107979', 54, 10, 2904);
INSERT INTO User (account, username, name, sex, age, tel, type, auth_key) VALUES ('214907192712194682', '审伟', '审伟', true, '93', '13440254270', 1, 'AAgA7qH64koLdu6Pe4nQ11FUfcMo71DD');
INSERT INTO Committee (account, in_date, is_admin) VALUES ('214907192712194682', '19520719', false);
INSERT INTO User (account, username, name, sex, age, tel, type, auth_key) VALUES ('500508198309264260', '钟霖轩', '钟霖轩', true, '37', '14925334194', 0, 'yu2yz3cBUBLUrC3FDB42SXuPNWYToDlE');
INSERT INTO Resident (account, building, unit, room) VALUES ('500508198309264260', 48, 4, 1004);
INSERT INTO User (account, username, name, sex, age, tel, type, auth_key) VALUES ('333263197112276585', '金畅', '金畅', true, '49', '13594993682', 0, '190S7jCbklBvYoj8lU2Od6OLU087PsBr');
INSERT INTO Resident (account, building, unit, room) VALUES ('333263197112276585', 33, 4, 2704);
INSERT INTO User (account, username, name, sex, age, tel, type, auth_key) VALUES ('544446198510216773', '宋宇可', '宋宇可', false, '35', '13311891166', 0, 'G4Ch07eA4vaE6F6o2jK3332H2Zi32o6C');
INSERT INTO Resident (account, building, unit, room) VALUES ('544446198510216773', 59, 3, 1402);
INSERT INTO User (account, username, name, sex, age, tel, type, auth_key) VALUES ('512954198102088387', '徐静萱', '徐静萱', true, '39', '18433413357', 0, 'FO3PlpLUn93F8Fiky7JghH99b1Kdy21K');
INSERT INTO Resident (account, building, unit, room) VALUES ('512954198102088387', 78, 9, 1903);
INSERT INTO User (account, username, name, sex, age, tel, type, auth_key) VALUES ('641857201012270648', '邵翔义', '邵翔义', true, '10', '18133096727', 0, '0vJS6xL29oP93IC2rJM435084rfJvqj0');
INSERT INTO Resident (account, building, unit, room) VALUES ('641857201012270648', 1, 10, 1304);
INSERT INTO User (account, username, name, sex, age, tel, type, auth_key) VALUES ('231965199703192238', '尹航', '尹航', true, '23', '14779663301', 0, 'fLBJjWsh2yN5yhowZekE58q6E9UDdrRN');
INSERT INTO Resident (account, building, unit, room) VALUES ('231965199703192238', 64, 10, 2704);
INSERT INTO User (account, username, name, sex, age, tel, type, auth_key) VALUES ('350688193505164024', '麦轩', '麦轩', false, '85', '13456767696', 0, '1tMkbqty7A7HUl6f42o3H4Jc3s26xlrR');
INSERT INTO Resident (account, building, unit, room) VALUES ('350688193505164024', 52, 5, 405);
INSERT INTO User (account, username, name, sex, age, tel, type, auth_key) VALUES ('371411199401258496', '裴颖家', '裴颖家', true, '26', '13386851743', 0, 'B9PWpesgp0WDluva43Bq95nMN3p8g8z8');
INSERT INTO Resident (account, building, unit, room) VALUES ('371411199401258496', 13, 9, 2505);
INSERT INTO User (account, username, name, sex, age, tel, type, auth_key) VALUES ('540789197107084399', '戚依', '戚依', false, '49', '13614660483', 0, '0vnIC8NKwhppIq0F6dT5Og3b4u1jA048');
INSERT INTO Resident (account, building, unit, room) VALUES ('540789197107084399', 22, 5, 303);
INSERT INTO User (account, username, name, sex, age, tel, type, auth_key) VALUES ('641985200901291070', '符凌旭', '符凌旭', false, '11', '13212711031', 0, '68T6T00vm07P5136xh6P5E8005R734qU');
INSERT INTO Resident (account, building, unit, room) VALUES ('641985200901291070', 58, 5, 2506);
INSERT INTO User (account, username, name, sex, age, tel, type, auth_key) VALUES ('315062196607018656', '柳亚云', '柳亚云', true, '54', '19391995189', 0, '61soekXkX95ZSN4H93L6WMWI4KdoQsOm');
INSERT INTO Resident (account, building, unit, room) VALUES ('315062196607018656', 90, 5, 2105);
INSERT INTO User (account, username, name, sex, age, tel, type, auth_key) VALUES ('631616198407291271', '徐建菲', '徐建菲', true, '36', '13565637968', 0, 'G0K630sEM0TOT8ZC4Xxd3ex53RPERl4F');
INSERT INTO Resident (account, building, unit, room) VALUES ('631616198407291271', 37, 2, 2206);
INSERT INTO User (account, username, name, sex, age, tel, type, auth_key) VALUES ('212996199101015358', '孙颖兮', '孙颖兮', false, '29', '19225714115', 0, 'MbLZoakgz0jcap37vk1KEbCq9o8U4L76');
INSERT INTO Resident (account, building, unit, room) VALUES ('212996199101015358', 35, 5, 2302);
INSERT INTO User (account, username, name, sex, age, tel, type, auth_key) VALUES ('534914197402151246', '傅瀚立', '傅瀚立', true, '46', '15161467040', 0, 'P5m51XC9z3nf4yFJleYCrzi1t674dNQL');
INSERT INTO Resident (account, building, unit, room) VALUES ('534914197402151246', 67, 3, 903);
INSERT INTO User (account, username, name, sex, age, tel, type, auth_key) VALUES ('141579199005011983', '任有中', '任有中', true, '30', '17360038383', 0, 'RsdcVcJyLKvO79S725r28VcFqht0U95r');
INSERT INTO Resident (account, building, unit, room) VALUES ('141579199005011983', 10, 7, 1604);
INSERT INTO User (account, username, name, sex, age, tel, type, auth_key) VALUES ('214474195001177960', '武可', '武可', false, '70', '14546433570', 0, '7Qv6lUxEL6Ez70Uf0Q9Jf4ixT2N7cb5x');
INSERT INTO Resident (account, building, unit, room) VALUES ('214474195001177960', 42, 1, 306);
INSERT INTO User (account, username, name, sex, age, tel, type, auth_key) VALUES ('341621196004035623', '於辰', '於辰', false, '60', '16641513527', 0, '411r9QK48bec39OH94sEcyPND8Pumf37');
INSERT INTO Resident (account, building, unit, room) VALUES ('341621196004035623', 78, 2, 2901);
INSERT INTO User (account, username, name, sex, age, tel, type, auth_key) VALUES ('814892198404266676', '柳云一', '柳云一', true, '36', '18088735255', 0, 'XQ19NV6BELsQe8WSC8cIlCnoMVaKowx4');
INSERT INTO Resident (account, building, unit, room) VALUES ('814892198404266676', 95, 1, 2806);
INSERT INTO User (account, username, name, sex, age, tel, type, auth_key) VALUES ('821479200201167270', '严言正', '严言正', false, '18', '17694668717', 0, 'h5kSdKLVgkx10Rrz39S3rR72pF5F81g6');
INSERT INTO Resident (account, building, unit, room) VALUES ('821479200201167270', 80, 10, 1705);
INSERT INTO User (account, username, name, sex, age, tel, type, auth_key) VALUES ('140641198108031056', '殷奇', '殷奇', true, '39', '19639742559', 0, 'VFYu9uFwVC47E75wK71Svuj60aE5M51j');
INSERT INTO Resident (account, building, unit, room) VALUES ('140641198108031056', 75, 10, 806);
INSERT INTO User (account, username, name, sex, age, tel, type, auth_key) VALUES ('364486198311274743', '黄迅亚', '黄迅亚', false, '37', '17645670599', 0, 'dH1XHZRc3D2eZoj6fHH6ti4PuK3Kmq0J');
INSERT INTO Resident (account, building, unit, room) VALUES ('364486198311274743', 78, 7, 506);
INSERT INTO User (account, username, name, sex, age, tel, type, auth_key) VALUES ('824103198910078164', '孟哲煜', '孟哲煜', false, '31', '15664010027', 0, '3u003ptEr5YEY5m2ajJ0W3rK023v06bd');
INSERT INTO Resident (account, building, unit, room) VALUES ('824103198910078164', 71, 5, 2903);
INSERT INTO User (account, username, name, sex, age, tel, type, auth_key) VALUES ('14266719840409327X', '田盈瀚', '田盈瀚', false, '36', '13829107519', 0, '3c4chpHaa8d1eU03wBKJ1u507GC98aFK');
INSERT INTO Resident (account, building, unit, room) VALUES ('14266719840409327X', 13, 4, 1004);
INSERT INTO User (account, username, name, sex, age, tel, type, auth_key) VALUES ('120818199501238765', '邵中', '邵中', false, '25', '18201726944', 0, '0t2bCzVLPB013a2ufevXkc1Z2F79700d');
INSERT INTO Resident (account, building, unit, room) VALUES ('120818199501238765', 13, 4, 406);
INSERT INTO User (account, username, name, sex, age, tel, type, auth_key) VALUES ('623354192502246938', '宫倨', '宫倨', true, '95', '18618726332', 0, 'Dl6GyDzV8bjFi23es074YLgR3UU7U87m');
INSERT INTO Resident (account, building, unit, room) VALUES ('623354192502246938', 24, 1, 1705);
INSERT INTO User (account, username, name, sex, age, tel, type, auth_key) VALUES ('144583197507123444', '常锐', '常锐', true, '45', '15674717355', 0, 'v5sq24YcFX90dZ2cPiKNjx42dz1971QL');
INSERT INTO Resident (account, building, unit, room) VALUES ('144583197507123444', 22, 8, 202);
INSERT INTO User (account, username, name, sex, age, tel, type, auth_key) VALUES ('235094196802081589', '杨亚赛', '杨亚赛', true, '52', '19236766137', 0, 'hnn2W3qPL92167528d4E4bH4GVo8RePK');
INSERT INTO Resident (account, building, unit, room) VALUES ('235094196802081589', 90, 9, 806);
INSERT INTO User (account, username, name, sex, age, tel, type, auth_key) VALUES ('350720200209241542', '吉奕赛', '吉奕赛', false, '18', '18341578077', 0, '2gNNjb9vO50pcaioMG3R2Lv7dm95NVL4');
INSERT INTO Resident (account, building, unit, room) VALUES ('350720200209241542', 32, 8, 1006);
INSERT INTO User (account, username, name, sex, age, tel, type, auth_key) VALUES ('612312199605136534', '毕昕言', '毕昕言', false, '24', '13181781268', 0, 'Wo7D4IkjDclCnf66A9U24y62fVB8NA0Z');
INSERT INTO Resident (account, building, unit, room) VALUES ('612312199605136534', 89, 8, 406);
INSERT INTO User (account, username, name, sex, age, tel, type, auth_key) VALUES ('363172198408103520', '周晓中', '周晓中', true, '36', '18286269640', 0, 'HB181EDx8dzc7g5fc02zYbMgHTFkymrR');
INSERT INTO Resident (account, building, unit, room) VALUES ('363172198408103520', 72, 4, 404);
INSERT INTO User (account, username, name, sex, age, tel, type, auth_key) VALUES ('823031193911099144', '代帆琦', '代帆琦', true, '81', '18598211601', 0, 'T8c9zT2H607653sUATJk00Ac513VFMgC');
INSERT INTO Resident (account, building, unit, room) VALUES ('823031193911099144', 23, 7, 2702);
INSERT INTO User (account, username, name, sex, age, tel, type, auth_key) VALUES ('440955192309016909', '范淘圆', '范淘圆', false, '97', '17204935547', 0, 'mxL0STgjqaEvG47RaqzVGJaOpn68hpI1');
INSERT INTO Resident (account, building, unit, room) VALUES ('440955192309016909', 75, 6, 803);
INSERT INTO User (account, username, name, sex, age, tel, type, auth_key) VALUES ('123131195707161516', '商丹炎', '商丹炎', true, '63', '19706596029', 0, 'XJkATadEyoS0Mj17BQNaSCe7IVotgF56');
INSERT INTO Resident (account, building, unit, room) VALUES ('123131195707161516', 56, 8, 1801);
INSERT INTO User (account, username, name, sex, age, tel, type, auth_key) VALUES ('443269196910112452', '任宜', '任宜', true, '51', '18398975616', 0, 'E6YIIsAK9j4W9nylWH8VKkTd9FBz0aq1');
INSERT INTO Resident (account, building, unit, room) VALUES ('443269196910112452', 29, 6, 606);
INSERT INTO User (account, username, name, sex, age, tel, type, auth_key) VALUES ('323860193703036925', '高迅馨', '高迅馨', false, '83', '18160527995', 0, 'S0u4o8XcrKxPwVm1M223wg2r7uH5mKgY');
INSERT INTO Resident (account, building, unit, room) VALUES ('323860193703036925', 20, 7, 303);
INSERT INTO User (account, username, name, sex, age, tel, type, auth_key) VALUES ('453273192908308360', '黄泽亚', '黄泽亚', false, '91', '17346787458', 0, 'S07Y9F6Dkt2LDk6jm0JRq8Jqy8pmBv1d');
INSERT INTO Resident (account, building, unit, room) VALUES ('453273192908308360', 29, 7, 2305);
INSERT INTO User (account, username, name, sex, age, tel, type, auth_key) VALUES ('633832194805106783', '靳萱', '靳萱', false, '72', '19634164658', 0, 'ch912K9J3kR5de50bzAYoiRu9LNeNTi9');
INSERT INTO Resident (account, building, unit, room) VALUES ('633832194805106783', 100, 9, 306);
INSERT INTO User (account, username, name, sex, age, tel, type, auth_key) VALUES ('313456199511114835', '邵有', '邵有', true, '25', '17537453467', 0, 'jOIt0wy3888n2PRj321az9cakYnLtIZ1');
INSERT INTO Resident (account, building, unit, room) VALUES ('313456199511114835', 40, 6, 805);
INSERT INTO User (account, username, name, sex, age, tel, type, auth_key) VALUES ('510278201101185206', '周豪', '周豪', true, '9', '18492978288', 0, 'en4BaRdmW8IYv76z93o95B14cPbe0p7q');
INSERT INTO Resident (account, building, unit, room) VALUES ('510278201101185206', 35, 9, 2802);
INSERT INTO User (account, username, name, sex, age, tel, type, auth_key) VALUES ('341539197403101814', '齐兮奇', '齐兮奇', false, '46', '15973978186', 0, 'kL5339I4pO6uzllF24hN95a2FH857TJ0');
INSERT INTO Resident (account, building, unit, room) VALUES ('341539197403101814', 96, 3, 803);
INSERT INTO User (account, username, name, sex, age, tel, type, auth_key) VALUES ('152328201207115935', '毛天航', '毛天航', true, '8', '13920604846', 0, 'c6YD7v1Ec07iF82fD1rbHE5sKYQ1E8cF');
INSERT INTO Resident (account, building, unit, room) VALUES ('152328201207115935', 36, 5, 2603);
INSERT INTO User (account, username, name, sex, age, tel, type, auth_key) VALUES ('334336198008145441', '牛馨本', '牛馨本', true, '40', '14526291702', 0, 'oOpT1p6VF5fC72725ZgI5jo64e08OjZl');
INSERT INTO Resident (account, building, unit, room) VALUES ('334336198008145441', 76, 6, 2903);
INSERT INTO User (account, username, name, sex, age, tel, type, auth_key) VALUES ('523857196909100266', '岳子子', '岳子子', false, '51', '13228570797', 0, 'o38NN010urDYp1bLd7ZS8BCofw4Y2s96');
INSERT INTO Resident (account, building, unit, room) VALUES ('523857196909100266', 28, 1, 703);
INSERT INTO User (account, username, name, sex, age, tel, type, auth_key) VALUES ('823297198212036026', '曲铭琦', '曲铭琦', false, '38', '19175317691', 0, 'Tm8Y2a4M0A9d8P4G9xrIc7pmTr8D70H5');
INSERT INTO Resident (account, building, unit, room) VALUES ('823297198212036026', 92, 6, 2102);
INSERT INTO User (account, username, name, sex, age, tel, type, auth_key) VALUES ('613538195702098343', '崔赛', '崔赛', true, '63', '18829079279', 0, 'XmAab1oIcSiXIF13eoj7O82a45gY8mZl');
INSERT INTO Resident (account, building, unit, room) VALUES ('613538195702098343', 10, 2, 703);
INSERT INTO User (account, username, name, sex, age, tel, type, auth_key) VALUES ('371694193112010236', '邵琦冠', '邵琦冠', false, '89', '13249374365', 0, '0mQTYUZhfFKN5Y9CHqrds59Tx9587pGD');
INSERT INTO Resident (account, building, unit, room) VALUES ('371694193112010236', 7, 6, 2402);
INSERT INTO User (account, username, name, sex, age, tel, type, auth_key) VALUES ('423117193410249543', '季嘉', '季嘉', false, '86', '15530612204', 0, '42FKGK2ez8TY7UZNaQ7vW3iABk8LU1M2');
INSERT INTO Resident (account, building, unit, room) VALUES ('423117193410249543', 3, 1, 1801);
INSERT INTO User (account, username, name, sex, age, tel, type, auth_key) VALUES ('420923200702289555', '盛本立', '盛本立', false, '13', '15135953828', 0, 'SV2kj4GK7wIvM12Sqify1lX9Ng4Za47f');
INSERT INTO Resident (account, building, unit, room) VALUES ('420923200702289555', 92, 7, 2703);
INSERT INTO User (account, username, name, sex, age, tel, type, auth_key) VALUES ('822782196808226945', '山朋云', '山朋云', true, '52', '18488252650', 0, '9thB3tRwQYf9G0VmA6bxgwf0mBA1GtPn');
INSERT INTO Resident (account, building, unit, room) VALUES ('822782196808226945', 40, 2, 2905);
INSERT INTO User (account, username, name, sex, age, tel, type, auth_key) VALUES ('420196195907114409', '吉迅盈', '吉迅盈', true, '61', '14560066392', 0, 'yaxjdPa4tmQKL8ZmSXQ8O6RqB89ypeOH');
INSERT INTO Resident (account, building, unit, room) VALUES ('420196195907114409', 46, 5, 1503);
INSERT INTO User (account, username, name, sex, age, tel, type, auth_key) VALUES ('634237196604283404', '商圣', '商圣', false, '54', '15870941651', 0, 'apD7igY979RRazxN8J0agO91LFZW48DH');
INSERT INTO Resident (account, building, unit, room) VALUES ('634237196604283404', 57, 10, 2302);
INSERT INTO User (account, username, name, sex, age, tel, type, auth_key) VALUES ('35142020030603949X', '邱辰旭', '邱辰旭', false, '17', '19196217519', 0, '8GbuipPbPx990Gy1z0SVQNnYDn7yvVDO');
INSERT INTO Resident (account, building, unit, room) VALUES ('35142020030603949X', 98, 5, 605);
INSERT INTO User (account, username, name, sex, age, tel, type, auth_key) VALUES ('122290195604234246', '尚依丹', '尚依丹', true, '64', '19369941632', 0, '919BIH0YjP5bFBLVZf1298pPUUhq0mv6');
INSERT INTO Resident (account, building, unit, room) VALUES ('122290195604234246', 19, 10, 2003);
INSERT INTO User (account, username, name, sex, age, tel, type, auth_key) VALUES ('423177199703218201', '孙中', '孙中', false, '23', '13505193947', 0, '3u683UjqIUr3u8iZSs97EUFYPLHMi2Wp');
INSERT INTO Resident (account, building, unit, room) VALUES ('423177199703218201', 86, 9, 205);
INSERT INTO User (account, username, name, sex, age, tel, type, auth_key) VALUES ('132164193011170672', '岳萌琦', '岳萌琦', true, '90', '13976481554', 0, 'zWShoWicCFvuTrrAa8746qc1IhkMZhe3');
INSERT INTO Resident (account, building, unit, room) VALUES ('132164193011170672', 46, 3, 1803);
INSERT INTO User (account, username, name, sex, age, tel, type, auth_key) VALUES ('460326200908194740', '欧建亚', '欧建亚', true, '11', '19106556421', 0, 'VHO861ZF9oaHmrOQpoD1GUfW0K9H75VM');
INSERT INTO Resident (account, building, unit, room) VALUES ('460326200908194740', 92, 9, 2005);
INSERT INTO User (account, username, name, sex, age, tel, type, auth_key) VALUES ('644727195904060290', '傅铭奇', '傅铭奇', false, '61', '13027017507', 0, 'EA36kCow3F7l7RFDEp6ZiSF139mH5YK0');
INSERT INTO Resident (account, building, unit, room) VALUES ('644727195904060290', 62, 10, 2106);
INSERT INTO User (account, username, name, sex, age, tel, type, auth_key) VALUES ('463591194703253584', '米佳千', '米佳千', false, '73', '18943745893', 0, '7Fv8c9poKEQC0e1p1L6Y4CRDfbUr9cxf');
INSERT INTO Resident (account, building, unit, room) VALUES ('463591194703253584', 75, 5, 804);
INSERT INTO User (account, username, name, sex, age, tel, type, auth_key) VALUES ('622715200004309211', '康良依', '康良依', true, '20', '15202480793', 0, 'HD6K4oncSB4fx1GmqMDuB1i96X59KI5x');
INSERT INTO Resident (account, building, unit, room) VALUES ('622715200004309211', 16, 5, 1705);
INSERT INTO User (account, username, name, sex, age, tel, type, auth_key) VALUES ('33267520140517329X', '柳依', '柳依', false, '6', '15126413980', 0, 'XOSf79F9Js455G4i403x6LX7RKh3e41j');
INSERT INTO Resident (account, building, unit, room) VALUES ('33267520140517329X', 60, 1, 2005);
INSERT INTO User (account, username, name, sex, age, tel, type, auth_key) VALUES ('655047196106083842', '常毅', '常毅', true, '59', '13596748447', 0, 'Xk7ego9zuVWNFs3isWoX316gW3XQrAgZ');
INSERT INTO Resident (account, building, unit, room) VALUES ('655047196106083842', 54, 10, 2406);
INSERT INTO User (account, username, name, sex, age, tel, type, auth_key) VALUES ('153921194105220809', '隽新赛', '隽新赛', false, '79', '19213243836', 0, 'MGJlF6OS09K9VT4jPoS5w30pQJh3nd9F');
INSERT INTO Resident (account, building, unit, room) VALUES ('153921194105220809', 24, 4, 1906);
INSERT INTO User (account, username, name, sex, age, tel, type, auth_key) VALUES ('714841199906160234', '江静', '江静', false, '21', '19207091494', 0, 'uxKDG22M5msC7JLxYJAqz64w9nQve9v3');
INSERT INTO Resident (account, building, unit, room) VALUES ('714841199906160234', 60, 2, 2304);
INSERT INTO User (account, username, name, sex, age, tel, type, auth_key) VALUES ('311515193910070511', '毛冠牧', '毛冠牧', false, '81', '15002910185', 0, 'lu4IhSRj8P3GY9o3155qFh2XLg7NsDFm');
INSERT INTO Resident (account, building, unit, room) VALUES ('311515193910070511', 50, 1, 2502);
INSERT INTO User (account, username, name, sex, age, tel, type, auth_key) VALUES ('332110194804141478', '秦嘉', '秦嘉', false, '72', '19023822038', 0, 'mNX6M8Q5NS39dJ4H003xaqo8Bb6243O2');
INSERT INTO Resident (account, building, unit, room) VALUES ('332110194804141478', 73, 8, 2404);
INSERT INTO User (account, username, name, sex, age, tel, type, auth_key) VALUES ('141967195212078965', '高菲萌', '高菲萌', true, '68', '18763730190', 0, 'Z5CnzN076bJ86H5K2Lu8Nm4Brdr8fs87');
INSERT INTO Resident (account, building, unit, room) VALUES ('141967195212078965', 45, 4, 1903);
INSERT INTO User (account, username, name, sex, age, tel, type, auth_key) VALUES ('653186193303278106', '邱凡良', '邱凡良', true, '87', '15989465501', 0, '4jkAk86jI0G5rExTmOSzM8416gR1dD2z');
INSERT INTO Resident (account, building, unit, room) VALUES ('653186193303278106', 41, 5, 2206);
INSERT INTO User (account, username, name, sex, age, tel, type, auth_key) VALUES ('50047620141127312X', '颜毅', '颜毅', true, '6', '19869943001', 0, 'NR95A2xgl8Xs1zV0l8eo5K2S3qAEhyKC');
INSERT INTO Resident (account, building, unit, room) VALUES ('50047620141127312X', 74, 5, 2803);
INSERT INTO User (account, username, name, sex, age, tel, type, auth_key) VALUES ('820219193401122573', '康可可', '康可可', false, '86', '14786819204', 0, 'Zib3v42O821uyNpb0Kx7DvEXc9lOjQDG');
INSERT INTO Resident (account, building, unit, room) VALUES ('820219193401122573', 25, 10, 2801);
INSERT INTO User (account, username, name, sex, age, tel, type, auth_key) VALUES ('130856199802230266', '麦泽千', '麦泽千', false, '22', '16643740643', 0, 'NvP5EO3oD87fydk5iR3zomljvryLjZ3e');
INSERT INTO Resident (account, building, unit, room) VALUES ('130856199802230266', 71, 10, 703);
INSERT INTO User (account, username, name, sex, age, tel, type, auth_key) VALUES ('412099199508209109', '刘硕', '刘硕', true, '25', '14989504339', 0, '2515FFJA0asAl2kNGq1cu2YXwG3IJl4Z');
INSERT INTO Resident (account, building, unit, room) VALUES ('412099199508209109', 9, 6, 2906);
INSERT INTO User (account, username, name, sex, age, tel, type, auth_key) VALUES ('462839200402101531', '代霖', '代霖', false, '16', '18031230202', 0, 'MDjbVY97C2Y5Br8VvAQ12y5hMu72V5uQ');
INSERT INTO Resident (account, building, unit, room) VALUES ('462839200402101531', 83, 2, 606);
INSERT INTO User (account, username, name, sex, age, tel, type, auth_key) VALUES ('542989198510151894', '邵轩', '邵轩', false, '35', '15302536511', 0, '9lIPvE53q2whQ9xY72D1114w8dVXUnP7');
INSERT INTO Resident (account, building, unit, room) VALUES ('542989198510151894', 16, 10, 2301);
INSERT INTO User (account, username, name, sex, age, tel, type, auth_key) VALUES ('151757198404233251', '龚奕樱', '龚奕樱', true, '36', '18082770649', 0, '76STC878Tj804T6nk85awtj5om0sbB6V');
INSERT INTO Resident (account, building, unit, room) VALUES ('151757198404233251', 28, 7, 2902);
INSERT INTO User (account, username, name, sex, age, tel, type, auth_key) VALUES ('453587194711260658', '商云义', '商云义', false, '73', '15388032141', 0, 'OhfHfF0RTkjiUjNZLSenmH7P3fSfcpW5');
INSERT INTO Resident (account, building, unit, room) VALUES ('453587194711260658', 12, 3, 1903);
INSERT INTO User (account, username, name, sex, age, tel, type, auth_key) VALUES ('822285197701023130', '高哲盈', '高哲盈', true, '43', '13764087819', 0, 'oh87khvP47bF76309L04La9N4w07Ax72');
INSERT INTO Resident (account, building, unit, room) VALUES ('822285197701023130', 63, 8, 506);
INSERT INTO User (account, username, name, sex, age, tel, type, auth_key) VALUES ('121564194304308849', '汪旭', '汪旭', false, '77', '19797562137', 0, 'c8Q9n0VKWRnnO9tN2OP944G9v83E0Kto');
INSERT INTO Resident (account, building, unit, room) VALUES ('121564194304308849', 31, 5, 503);
INSERT INTO User (account, username, name, sex, age, tel, type, auth_key) VALUES ('441366197706049463', '胡迅', '胡迅', true, '43', '19541591581', 0, '98aUcRfWO3q8P6w2t6Ot7jcJXvCB0xL0');
INSERT INTO Resident (account, building, unit, room) VALUES ('441366197706049463', 48, 6, 904);
INSERT INTO User (account, username, name, sex, age, tel, type, auth_key) VALUES ('462206195001058312', '部振振', '部振振', true, '70', '18666135617', 0, 'n2B0kjRo0KsBde4dp8xLBHQYRD9wO6A7');
INSERT INTO Resident (account, building, unit, room) VALUES ('462206195001058312', 8, 3, 202);
INSERT INTO User (account, username, name, sex, age, tel, type, auth_key) VALUES ('631994198701228541', '周朋', '周朋', true, '33', '19570987451', 0, '962b11a9Kxuu9D06lGpEmny40IE0elH1');
INSERT INTO Resident (account, building, unit, room) VALUES ('631994198701228541', 45, 9, 703);
INSERT INTO User (account, username, name, sex, age, tel, type, auth_key) VALUES ('142031198405028028', '米煜', '米煜', true, '36', '13999993751', 0, 'n79dZH36C5uMQe1TX9I82RL8xOIXiz3B');
INSERT INTO Resident (account, building, unit, room) VALUES ('142031198405028028', 74, 7, 2702);
INSERT INTO User (account, username, name, sex, age, tel, type, auth_key) VALUES ('622987199610171504', '孟奕雯', '孟奕雯', true, '24', '19659747007', 0, '25x4A7h6rG1Wiu27VEhT6cr8QqaS2j7k');
INSERT INTO Resident (account, building, unit, room) VALUES ('622987199610171504', 37, 3, 401);
INSERT INTO User (account, username, name, sex, age, tel, type, auth_key) VALUES ('622024194212083973', '江润赛', '江润赛', true, '78', '17598105863', 0, '4vjeLQkESCB1W9g7OcxbZ1O8I98Vx3G4');
INSERT INTO Resident (account, building, unit, room) VALUES ('622024194212083973', 40, 7, 1702);
INSERT INTO User (account, username, name, sex, age, tel, type, auth_key) VALUES ('371116199804053523', '杨天丹', '杨天丹', true, '22', '17858460477', 0, 'ic17Y68BcWx9bN6mpj1O70I83FTQ9ugI');
INSERT INTO Resident (account, building, unit, room) VALUES ('371116199804053523', 49, 9, 1405);
INSERT INTO User (account, username, name, sex, age, tel, type, auth_key) VALUES ('632474200805111966', '邵音灯', '邵音灯', true, '12', '15787365681', 0, 'aspI4H0dqe0P3F3h7HYP2hN6tE2jJhH5');
INSERT INTO Resident (account, building, unit, room) VALUES ('632474200805111966', 74, 10, 502);
INSERT INTO User (account, username, name, sex, age, tel, type, auth_key) VALUES ('450296197011070522', '崔淘', '崔淘', false, '50', '17531336064', 0, 'D6x22bP2p03y1N5CNuh127Jk0lA7p726');
INSERT INTO Resident (account, building, unit, room) VALUES ('450296197011070522', 26, 9, 2004);
INSERT INTO User (account, username, name, sex, age, tel, type, auth_key) VALUES ('630306200404026841', '肖民可', '肖民可', false, '16', '14768233209', 0, '1Ch1jZKHThDsm980Us3SK0KP6QS1CWmO');
INSERT INTO Resident (account, building, unit, room) VALUES ('630306200404026841', 54, 2, 2601);
INSERT INTO User (account, username, name, sex, age, tel, type, auth_key) VALUES ('421494194705016769', '部赛夫', '部赛夫', true, '73', '19089280179', 0, 'hZdAxe5QpjDp8N97M4259Z05rn6Zts4E');
INSERT INTO Resident (account, building, unit, room) VALUES ('421494194705016769', 59, 5, 2804);
INSERT INTO User (account, username, name, sex, age, tel, type, auth_key) VALUES ('133712193611041733', '陈柏炎', '陈柏炎', false, '84', '15290878006', 0, 'V6hcNtq8809oY3I6gtT0rLSQv7dJC2Hz');
INSERT INTO Resident (account, building, unit, room) VALUES ('133712193611041733', 4, 9, 2205);
INSERT INTO User (account, username, name, sex, age, tel, type, auth_key) VALUES ('531657198911286901', '季炎柏', '季炎柏', true, '31', '15054084200', 0, '8H6542e9L2yw0y1FvJomTK24OU0GTTmS');
INSERT INTO Resident (account, building, unit, room) VALUES ('531657198911286901', 34, 8, 2502);
INSERT INTO User (account, username, name, sex, age, tel, type, auth_key) VALUES ('462178197003076213', '金露夫', '金露夫', false, '50', '18979845647', 0, 'juWU3ow9blSJhJSyDss25X6vCHlpqW4B');
INSERT INTO Resident (account, building, unit, room) VALUES ('462178197003076213', 86, 7, 801);
INSERT INTO User (account, username, name, sex, age, tel, type, auth_key) VALUES ('330849196008129975', '代伟奕', '代伟奕', true, '60', '19227340205', 0, '5qGfx9AOEW5x1hieEcq85Qbum0X9MbZx');
INSERT INTO Resident (account, building, unit, room) VALUES ('330849196008129975', 92, 1, 2406);
INSERT INTO User (account, username, name, sex, age, tel, type, auth_key) VALUES ('123313193802178986', '鲁亚', '鲁亚', true, '82', '18231124151', 0, '2HASlbK63MpKz7O4C0W7wG937Sme5S0C');
INSERT INTO Resident (account, building, unit, room) VALUES ('123313193802178986', 62, 7, 1504);
INSERT INTO User (account, username, name, sex, age, tel, type, auth_key) VALUES ('46345419361205838X', '曲冠凡', '曲冠凡', true, '84', '19392087362', 0, 'TmG92A9H5RQrMrRC19BgIIiXvtUj78vJ');
INSERT INTO Resident (account, building, unit, room) VALUES ('46345419361205838X', 44, 8, 801);
INSERT INTO User (account, username, name, sex, age, tel, type, auth_key) VALUES ('511766199210070055', '岳冠宜', '岳冠宜', true, '28', '18182090920', 0, '0tY0HIDh1Bu0VV12Jxh1zXyhy1kt9qp1');
INSERT INTO Resident (account, building, unit, room) VALUES ('511766199210070055', 7, 1, 2803);
INSERT INTO User (account, username, name, sex, age, tel, type, auth_key) VALUES ('712471193911217894', '夏腾樱', '夏腾樱', false, '81', '15047318793', 0, 'P7ror231s2G54uu64mQV144aLxHOM5e2');
INSERT INTO Resident (account, building, unit, room) VALUES ('712471193911217894', 99, 3, 2805);
INSERT INTO User (account, username, name, sex, age, tel, type, auth_key) VALUES ('330588195706247739', '臧飞圆', '臧飞圆', true, '63', '17680467308', 0, 'GyNk78hnSi0VZKOvi39ZWk7444RMUBb8');
INSERT INTO Resident (account, building, unit, room) VALUES ('330588195706247739', 27, 5, 1205);
INSERT INTO User (account, username, name, sex, age, tel, type, auth_key) VALUES ('710515194012028614', '武锐琦', '武锐琦', false, '80', '19146492376', 0, 'B3dAJoLzO7e7i4P8elT1HqSu8ZlGx9fp');
INSERT INTO Resident (account, building, unit, room) VALUES ('710515194012028614', 70, 6, 1802);
INSERT INTO User (account, username, name, sex, age, tel, type, auth_key) VALUES ('122107198205189881', '沈萱天', '沈萱天', false, '38', '18074418711', 0, 'NB8EwAzGx1V6n2f1HmrmmhimRi6DQ8o9');
INSERT INTO Resident (account, building, unit, room) VALUES ('122107198205189881', 71, 10, 2506);
INSERT INTO User (account, username, name, sex, age, tel, type, auth_key) VALUES ('710986192601238567', '邱毅', '邱毅', false, '94', '15808495216', 0, 'Gbt7cl06M0r8B9lD9FH6yt9hIB87oX3Z');
INSERT INTO Resident (account, building, unit, room) VALUES ('710986192601238567', 24, 6, 2702);
INSERT INTO User (account, username, name, sex, age, tel, type, auth_key) VALUES ('435023193409249362', '完颜豪', '完颜豪', true, '86', '17269219980', 0, 'bpV4scnu5Mi9W7M7wQ4z4Dd2W926bye9');
INSERT INTO Resident (account, building, unit, room) VALUES ('435023193409249362', 38, 2, 606);
INSERT INTO User (account, username, name, sex, age, tel, type, auth_key) VALUES ('43157919561212438X', '审阳舒', '审阳舒', true, '64', '19538647691', 0, '47c52Cq1ad8258W90D22YVXmqCnrgnu8');
INSERT INTO Resident (account, building, unit, room) VALUES ('43157919561212438X', 75, 3, 1206);
INSERT INTO User (account, username, name, sex, age, tel, type, auth_key) VALUES ('310471193511121311', '部炜昕', '部炜昕', true, '85', '18533966225', 0, 'O2301lx1uA47T636V1R0qXBMxhr3hANk');
INSERT INTO Resident (account, building, unit, room) VALUES ('310471193511121311', 80, 3, 1502);
INSERT INTO User (account, username, name, sex, age, tel, type, auth_key) VALUES ('820460200703230237', '葛旭', '葛旭', false, '13', '17297926477', 0, '72fNAyWkOeUcumO8bD7DfmwX30xgRQ0l');
INSERT INTO Resident (account, building, unit, room) VALUES ('820460200703230237', 77, 3, 2903);
INSERT INTO User (account, username, name, sex, age, tel, type, auth_key) VALUES ('341106194008108729', '曹佳炎', '曹佳炎', true, '80', '13901979326', 0, 'i73eva7d32aluaYs24RJ32sc7UrhMe56');
INSERT INTO Resident (account, building, unit, room) VALUES ('341106194008108729', 60, 3, 2701);
INSERT INTO User (account, username, name, sex, age, tel, type, auth_key) VALUES ('322401198312278441', '钟昕轩', '钟昕轩', true, '37', '15142760577', 0, 'lzWZga5E9f76abrgQAHIN22b0tC01Z6b');
INSERT INTO Resident (account, building, unit, room) VALUES ('322401198312278441', 50, 10, 1402);
INSERT INTO User (account, username, name, sex, age, tel, type, auth_key) VALUES ('233217196603076815', '毛可', '毛可', false, '54', '18456031687', 0, 'IlaM7sAM4pJO3qjquJVxxJRmTo2GNEt0');
INSERT INTO Resident (account, building, unit, room) VALUES ('233217196603076815', 61, 4, 2605);
INSERT INTO User (account, username, name, sex, age, tel, type, auth_key) VALUES ('223769196312230243', '付飞薪', '付飞薪', true, '57', '18377030664', 0, 'c922h4c2161IHrc8gm02p3kGqY1rt8Ya');
INSERT INTO Resident (account, building, unit, room) VALUES ('223769196312230243', 96, 5, 2305);
INSERT INTO User (account, username, name, sex, age, tel, type, auth_key) VALUES ('433095198412084129', '邵思', '邵思', true, '36', '19023454622', 0, '4PNa9N0EIMXl0Fr7HUUPXu3907b1V06b');
INSERT INTO Resident (account, building, unit, room) VALUES ('433095198412084129', 39, 7, 1203);
INSERT INTO User (account, username, name, sex, age, tel, type, auth_key) VALUES ('625049195607141592', '耿有丹', '耿有丹', true, '64', '13306574457', 0, 'y6sO06kgD4f4gF925Aud251wqjh57o9P');
INSERT INTO Resident (account, building, unit, room) VALUES ('625049195607141592', 91, 10, 2705);
INSERT INTO User (account, username, name, sex, age, tel, type, auth_key) VALUES ('142494194112225782', '欧樱', '欧樱', true, '79', '15323616161', 0, '1V8jPF6349nzjqnye7cegvt8Cl7W1Xmi');
INSERT INTO Resident (account, building, unit, room) VALUES ('142494194112225782', 33, 9, 1602);
INSERT INTO User (account, username, name, sex, age, tel, type, auth_key) VALUES ('231734194806295367', '杜帆晓', '杜帆晓', false, '72', '15923847518', 0, 'unqcgC7ev9tF9XEhMIgs6UvYp7nG89ra');
INSERT INTO Resident (account, building, unit, room) VALUES ('231734194806295367', 27, 8, 1902);
INSERT INTO User (account, username, name, sex, age, tel, type, auth_key) VALUES ('334710193506146427', '许樱', '许樱', true, '85', '13322138798', 0, '2fynf7n5603l9zJloyKBP6KLKFhR9OMB');
INSERT INTO Resident (account, building, unit, room) VALUES ('334710193506146427', 57, 7, 1006);
INSERT INTO User (account, username, name, sex, age, tel, type, auth_key) VALUES ('374859196803246039', '孟振新', '孟振新', true, '52', '15865976722', 0, '43xio1JQ9NoOH2w3gYIQaG1R68Y0q222');
INSERT INTO Resident (account, building, unit, room) VALUES ('374859196803246039', 67, 9, 2401);
INSERT INTO User (account, username, name, sex, age, tel, type, auth_key) VALUES ('230696201210278096', '任家言', '任家言', true, '8', '15006252750', 0, '15Z6SKM0Cz0kAVfcZe572V30U6OXk7A7');
INSERT INTO Resident (account, building, unit, room) VALUES ('230696201210278096', 30, 9, 2704);
INSERT INTO User (account, username, name, sex, age, tel, type, auth_key) VALUES ('224541193805273510', '代辰冠', '代辰冠', false, '82', '18508522254', 0, '7CrpI0hU7ae8C8Z50YKzC8r7PgcdYbPu');
INSERT INTO Resident (account, building, unit, room) VALUES ('224541193805273510', 81, 10, 2803);
INSERT INTO User (account, username, name, sex, age, tel, type, auth_key) VALUES ('32465119490702167X', '毕英萱', '毕英萱', true, '71', '17327884629', 0, '4035X704WGdRGzMEeMnkn232K5fbqtwx');
INSERT INTO Resident (account, building, unit, room) VALUES ('32465119490702167X', 72, 2, 2801);
INSERT INTO User (account, username, name, sex, age, tel, type, auth_key) VALUES ('36336919300403367X', '许云翔', '许云翔', false, '90', '18438594234', 0, '944tLE3p6M50K5zazXJUpm3kJh25MADL');
INSERT INTO Resident (account, building, unit, room) VALUES ('36336919300403367X', 1, 9, 505);
INSERT INTO User (account, username, name, sex, age, tel, type, auth_key) VALUES ('433238194611016981', '王菲樱', '王菲樱', false, '74', '17345068845', 0, 'tEn14zOjnrZK4zV3qqX2E8X9NK4o3y93');
INSERT INTO Resident (account, building, unit, room) VALUES ('433238194611016981', 6, 5, 2702);
INSERT INTO User (account, username, name, sex, age, tel, type, auth_key) VALUES ('232998193204182302', '郑旭天', '郑旭天', true, '88', '15592465196', 0, 'jp4g9mEMI71I7Lc9is23Ef4tBcXkv0YR');
INSERT INTO Resident (account, building, unit, room) VALUES ('232998193204182302', 4, 6, 2101);
INSERT INTO User (account, username, name, sex, age, tel, type, auth_key) VALUES ('361147196005018657', '柳轩龙', '柳轩龙', true, '60', '17695986445', 0, 'QxWZj0ZQpl8UNdi0LLuuq486uKJ3esS3');
INSERT INTO Resident (account, building, unit, room) VALUES ('361147196005018657', 46, 8, 702);
INSERT INTO User (account, username, name, sex, age, tel, type, auth_key) VALUES ('621574194505156656', '徐颖萱', '徐颖萱', true, '75', '14917092052', 0, 'yid2GQkCXWsQf10504MAnAnV19H53by4');
INSERT INTO Resident (account, building, unit, room) VALUES ('621574194505156656', 74, 8, 902);
INSERT INTO User (account, username, name, sex, age, tel, type, auth_key) VALUES ('514285199703110854', '代畅', '代畅', true, '23', '13890576112', 0, 'kV4xs9kL9e4Nv74xsiqG2hp07kBew90w');
INSERT INTO Resident (account, building, unit, room) VALUES ('514285199703110854', 40, 5, 1004);
INSERT INTO User (account, username, name, sex, age, tel, type, auth_key) VALUES ('151268200405017854', '秦依', '秦依', false, '16', '18380481790', 0, '4hNsQ6P2lCOXHR6Vu4C4OxAf2TbtSJ9W');
INSERT INTO Resident (account, building, unit, room) VALUES ('151268200405017854', 8, 2, 1801);
INSERT INTO User (account, username, name, sex, age, tel, type, auth_key) VALUES ('223938193206060360', '陈正音', '陈正音', true, '88', '19002779839', 0, 'Iq25WUV4COrV8CstATP0OheeQmAu8p9j');
INSERT INTO Resident (account, building, unit, room) VALUES ('223938193206060360', 5, 1, 2701);
INSERT INTO User (account, username, name, sex, age, tel, type, auth_key) VALUES ('534434195712238172', '柳佳雅', '柳佳雅', false, '63', '19508296141', 0, 'wOLsm73WP15qG335Wii7KT1B1IBn7W22');
INSERT INTO Resident (account, building, unit, room) VALUES ('534434195712238172', 49, 8, 201);
INSERT INTO User (account, username, name, sex, age, tel, type, auth_key) VALUES ('210756194407305512', '武佳', '武佳', true, '76', '13965969014', 0, 'Mkvj1WV4zS6h1ly58wM9LtF6ps8sop25');
INSERT INTO Resident (account, building, unit, room) VALUES ('210756194407305512', 86, 9, 306);
INSERT INTO User (account, username, name, sex, age, tel, type, auth_key) VALUES ('813476197910032262', '高飞', '高飞', true, '41', '19864652745', 0, 'K04L6cRi4v453sEY7B4AfiflSIKtp2N3');
INSERT INTO Resident (account, building, unit, room) VALUES ('813476197910032262', 50, 4, 2004);
INSERT INTO User (account, username, name, sex, age, tel, type, auth_key) VALUES ('224428192509228362', '崔霖铭', '崔霖铭', true, '95', '19019455639', 0, 'cn8K54Ik49o89G2A6nhmT6a1rl9Q544J');
INSERT INTO Resident (account, building, unit, room) VALUES ('224428192509228362', 16, 5, 604);
INSERT INTO User (account, username, name, sex, age, tel, type, auth_key) VALUES ('642577198903176679', '崔圆泽', '崔圆泽', true, '31', '14741730616', 0, 'V2Xh2Uf8d38qOc7p6l59a2o456r17uN5');
INSERT INTO Resident (account, building, unit, room) VALUES ('642577198903176679', 84, 9, 2704);
INSERT INTO User (account, username, name, sex, age, tel, type, auth_key) VALUES ('350998198203208242', '耿天', '耿天', true, '38', '17849147997', 0, 'r2vRfW128M21CEh1pxrLcaIjfy428XRq');
INSERT INTO Resident (account, building, unit, room) VALUES ('350998198203208242', 49, 3, 603);
INSERT INTO User (account, username, name, sex, age, tel, type, auth_key) VALUES ('52359519600316824X', '傅露', '傅露', true, '60', '14779998013', 0, 'oRuK8i65P7vGQFty88InvM9mg6dev454');
INSERT INTO Resident (account, building, unit, room) VALUES ('52359519600316824X', 35, 5, 1605);
INSERT INTO User (account, username, name, sex, age, tel, type, auth_key) VALUES ('432499200709241733', '审雯', '审雯', false, '13', '18983888785', 0, 'P6WSta954Q2hSXXNwygt9RE2K6uZ2wx4');
INSERT INTO Resident (account, building, unit, room) VALUES ('432499200709241733', 16, 7, 2806);
INSERT INTO User (account, username, name, sex, age, tel, type, auth_key) VALUES ('631931197402096894', '审航家', '审航家', false, '46', '13818077368', 0, 'P5HPonH6w324yLzVnoV9Cat6C4G657tt');
INSERT INTO Resident (account, building, unit, room) VALUES ('631931197402096894', 82, 8, 2005);
INSERT INTO User (account, username, name, sex, age, tel, type, auth_key) VALUES ('132089200506039023', '胡本奕', '胡本奕', true, '15', '15742834201', 0, 'aVo69pmEP5epSUUsnB54bZ282PmLm1Hl');
INSERT INTO Resident (account, building, unit, room) VALUES ('132089200506039023', 46, 4, 2604);
INSERT INTO User (account, username, name, sex, age, tel, type, auth_key) VALUES ('524837200606161791', '余露', '余露', false, '14', '19215385712', 0, 'XIG9ATu4rBriUWeQAqrTSmS58BCIahh3');
INSERT INTO Resident (account, building, unit, room) VALUES ('524837200606161791', 20, 8, 1403);
INSERT INTO User (account, username, name, sex, age, tel, type, auth_key) VALUES ('542425194308049408', '许睿铭', '许睿铭', false, '77', '17652875404', 0, 'xCiU5pCH8FKM7e7C915p2Pz5X8QXKQ4a');
INSERT INTO Resident (account, building, unit, room) VALUES ('542425194308049408', 39, 8, 2406);
INSERT INTO User (account, username, name, sex, age, tel, type, auth_key) VALUES ('361949198106196893', '路夫赛', '路夫赛', true, '39', '19236859114', 0, 'brr125yJ8hw3fd0sKd56U5UVtP16228D');
INSERT INTO Resident (account, building, unit, room) VALUES ('361949198106196893', 39, 2, 2703);
INSERT INTO User (account, username, name, sex, age, tel, type, auth_key) VALUES ('324135195101224159', '肖飞轩', '肖飞轩', true, '69', '14763007022', 0, 'P4Z53gdrs546BzpBlN398nU5Lch6I9pV');
INSERT INTO Resident (account, building, unit, room) VALUES ('324135195101224159', 44, 4, 2601);
/* 共生成用户500个*/

/* 建立Health信息 */
INSERT INTO Health (id, account, last_date, last_time, temperature) VALUES (1, '134477193912295079', '20200411', '12:48:33', 35.6);
INSERT INTO Health (id, account, last_date, last_time, temperature) VALUES (2, '712969193602043371', '20200325', '07:29:43', 36.3);
INSERT INTO Health (id, account, last_date, last_time, temperature) VALUES (3, '372013196606067783', '20200209', '19:03:57', 36.5);
INSERT INTO Health (id, account, last_date, last_time, temperature) VALUES (4, '330747193205212989', '20200226', '22:57:22', 37.4);
INSERT INTO Health (id, account, last_date, last_time, temperature) VALUES (5, '364548193309011699', '20200410', '17:11:20', 36.4);
INSERT INTO Health (id, account, last_date, last_time, temperature) VALUES (6, '212226192902083827', '20200311', '17:08:10', 37);
INSERT INTO Health (id, account, last_date, last_time, temperature) VALUES (7, '53362320051209213X', '20200511', '09:03:23', 37.5);
INSERT INTO Health (id, account, last_date, last_time, temperature) VALUES (8, '220377196109251712', '20200225', '22:38:24', 37);
INSERT INTO Health (id, account, last_date, last_time, temperature) VALUES (9, '511489199005130387', '20200304', '02:54:29', 35.8);
INSERT INTO Health (id, account, last_date, last_time, temperature) VALUES (10, '224942193108087678', '20200523', '10:41:04', 36.1);
INSERT INTO Health (id, account, last_date, last_time, temperature) VALUES (11, '12472919730309170X', '20200309', '00:02:36', 36.5);
INSERT INTO Health (id, account, last_date, last_time, temperature) VALUES (12, '811425193904268900', '20200415', '17:29:20', 36.2);
INSERT INTO Health (id, account, last_date, last_time, temperature) VALUES (13, '462667193712040777', '20200212', '23:37:14', 36.2);
INSERT INTO Health (id, account, last_date, last_time, temperature) VALUES (14, '364077194201022803', '20200421', '00:00:28', 35.6);
INSERT INTO Health (id, account, last_date, last_time, temperature) VALUES (15, '625085193212290945', '20200517', '06:46:02', 36.6);
INSERT INTO Health (id, account, last_date, last_time, temperature) VALUES (16, '504582193510110956', '20200326', '14:58:26', 36.9);
INSERT INTO Health (id, account, last_date, last_time, temperature) VALUES (17, '142994201003121519', '20200514', '17:19:07', 36.1);
INSERT INTO Health (id, account, last_date, last_time, temperature) VALUES (18, '814653196909280999', '20200529', '05:16:35', 37.1);
INSERT INTO Health (id, account, last_date, last_time, temperature) VALUES (19, '222135196202123799', '20200319', '12:37:57', 36.1);
INSERT INTO Health (id, account, last_date, last_time, temperature) VALUES (20, '622597197811147076', '20200303', '20:52:44', 37);
INSERT INTO Health (id, account, last_date, last_time, temperature) VALUES (21, '344118198601087471', '20200310', '06:21:33', 36.8);
INSERT INTO Health (id, account, last_date, last_time, temperature) VALUES (22, '213173199708107613', '20200314', '08:47:37', 36.8);
INSERT INTO Health (id, account, last_date, last_time, temperature) VALUES (23, '522976200811231256', '20200406', '19:52:44', 36.3);
INSERT INTO Health (id, account, last_date, last_time, temperature) VALUES (24, '64245919960802008X', '20200217', '13:13:35', 36.1);
INSERT INTO Health (id, account, last_date, last_time, temperature) VALUES (25, '211487198107253217', '20200507', '00:23:56', 35.3);
INSERT INTO Health (id, account, last_date, last_time, temperature) VALUES (26, '640266197605182074', '20200308', '09:15:45', 36.6);
INSERT INTO Health (id, account, last_date, last_time, temperature) VALUES (27, '711818201409134371', '20200405', '09:43:12', 35.9);
INSERT INTO Health (id, account, last_date, last_time, temperature) VALUES (28, '444297199609159329', '20200508', '00:27:09', 36.9);
INSERT INTO Health (id, account, last_date, last_time, temperature) VALUES (29, '533847200804184365', '20200314', '05:33:55', 35.6);
INSERT INTO Health (id, account, last_date, last_time, temperature) VALUES (30, '441832197002171922', '20200529', '07:53:19', 35.9);
INSERT INTO Health (id, account, last_date, last_time, temperature) VALUES (31, '114761199011241092', '20200507', '16:50:45', 36.5);
INSERT INTO Health (id, account, last_date, last_time, temperature) VALUES (32, '333711197711291285', '20200314', '21:23:58', 36.8);
INSERT INTO Health (id, account, last_date, last_time, temperature) VALUES (33, '541764194207288417', '20200411', '07:54:03', 36.4);
INSERT INTO Health (id, account, last_date, last_time, temperature) VALUES (34, '440646201201176832', '20200410', '04:57:40', 35.2);
INSERT INTO Health (id, account, last_date, last_time, temperature) VALUES (35, '824984195904200714', '20200428', '15:04:02', 35);
INSERT INTO Health (id, account, last_date, last_time, temperature) VALUES (36, '502676198904080242', '20200228', '04:00:18', 35.4);
INSERT INTO Health (id, account, last_date, last_time, temperature) VALUES (37, '211147198502194996', '20200430', '21:16:59', 36);
INSERT INTO Health (id, account, last_date, last_time, temperature) VALUES (38, '151007194509299466', '20200501', '23:10:24', 35.3);
INSERT INTO Health (id, account, last_date, last_time, temperature) VALUES (39, '644267196905060917', '20200411', '13:54:43', 37.2);
INSERT INTO Health (id, account, last_date, last_time, temperature) VALUES (40, '41182619410215436X', '20200213', '21:32:40', 35.4);
INSERT INTO Health (id, account, last_date, last_time, temperature) VALUES (41, '331999201401260446', '20200411', '14:29:40', 35.5);
INSERT INTO Health (id, account, last_date, last_time, temperature) VALUES (42, '454624195102222240', '20200307', '16:30:58', 36.9);
INSERT INTO Health (id, account, last_date, last_time, temperature) VALUES (43, '515020192502094853', '20200310', '20:37:45', 35.3);
INSERT INTO Health (id, account, last_date, last_time, temperature) VALUES (44, '422246201407290263', '20200426', '16:37:36', 35.1);
INSERT INTO Health (id, account, last_date, last_time, temperature) VALUES (45, '511323199112061473', '20200430', '12:46:37', 37.4);
INSERT INTO Health (id, account, last_date, last_time, temperature) VALUES (46, '613620193805198760', '20200328', '07:19:51', 36.3);
INSERT INTO Health (id, account, last_date, last_time, temperature) VALUES (47, '710270197003265814', '20200509', '19:19:56', 36.5);
INSERT INTO Health (id, account, last_date, last_time, temperature) VALUES (48, '332016198310258678', '20200416', '13:24:39', 36.7);
INSERT INTO Health (id, account, last_date, last_time, temperature) VALUES (49, '651936199106251860', '20200319', '06:31:55', 36.4);
INSERT INTO Health (id, account, last_date, last_time, temperature) VALUES (50, '352174193311179078', '20200416', '05:14:38', 36.3);
INSERT INTO Health (id, account, last_date, last_time, temperature) VALUES (51, '634299195008262626', '20200323', '02:12:55', 36.5);
INSERT INTO Health (id, account, last_date, last_time, temperature) VALUES (52, '372084194403244236', '20200531', '04:05:37', 36.8);
INSERT INTO Health (id, account, last_date, last_time, temperature) VALUES (53, '324952200403039402', '20200223', '20:52:22', 36);
INSERT INTO Health (id, account, last_date, last_time, temperature) VALUES (54, '153660196707269070', '20200306', '08:11:20', 36.5);
INSERT INTO Health (id, account, last_date, last_time, temperature) VALUES (55, '500729196407133436', '20200512', '09:42:03', 36.3);
INSERT INTO Health (id, account, last_date, last_time, temperature) VALUES (56, '36035819631105007X', '20200304', '21:12:09', 36.6);
INSERT INTO Health (id, account, last_date, last_time, temperature) VALUES (57, '623939199905315690', '20200401', '06:52:09', 37.1);
INSERT INTO Health (id, account, last_date, last_time, temperature) VALUES (58, '822103201309212066', '20200325', '09:17:17', 36.1);
INSERT INTO Health (id, account, last_date, last_time, temperature) VALUES (59, '613762197701254432', '20200201', '00:39:59', 37.2);
INSERT INTO Health (id, account, last_date, last_time, temperature) VALUES (60, '653697194201195522', '20200413', '08:36:04', 36.2);
INSERT INTO Health (id, account, last_date, last_time, temperature) VALUES (61, '353647192608270347', '20200219', '20:56:04', 36.4);
INSERT INTO Health (id, account, last_date, last_time, temperature) VALUES (62, '133184195408183698', '20200529', '00:18:44', 35.3);
INSERT INTO Health (id, account, last_date, last_time, temperature) VALUES (63, '421086201312222234', '20200206', '23:08:04', 37.3);
INSERT INTO Health (id, account, last_date, last_time, temperature) VALUES (64, '140546196006247682', '20200525', '06:47:17', 37);
INSERT INTO Health (id, account, last_date, last_time, temperature) VALUES (65, '710828196105130288', '20200319', '06:56:29', 35.6);
INSERT INTO Health (id, account, last_date, last_time, temperature) VALUES (66, '504294199909291479', '20200512', '14:00:09', 36.5);
INSERT INTO Health (id, account, last_date, last_time, temperature) VALUES (67, '611616192808133373', '20200314', '22:41:22', 37.2);
INSERT INTO Health (id, account, last_date, last_time, temperature) VALUES (68, '153645192610105850', '20200528', '05:51:29', 36.4);
INSERT INTO Health (id, account, last_date, last_time, temperature) VALUES (69, '362760199011102843', '20200501', '12:56:25', 37.4);
INSERT INTO Health (id, account, last_date, last_time, temperature) VALUES (70, '500793195112199711', '20200218', '17:32:49', 37);
INSERT INTO Health (id, account, last_date, last_time, temperature) VALUES (71, '614871194101194437', '20200203', '22:10:12', 36.3);
INSERT INTO Health (id, account, last_date, last_time, temperature) VALUES (72, '81067020070513142X', '20200222', '07:05:52', 35.4);
INSERT INTO Health (id, account, last_date, last_time, temperature) VALUES (73, '313510197112069211', '20200518', '07:20:07', 37);
INSERT INTO Health (id, account, last_date, last_time, temperature) VALUES (74, '41423219980223291X', '20200527', '11:22:36', 35.8);
INSERT INTO Health (id, account, last_date, last_time, temperature) VALUES (75, '501654200807102646', '20200207', '05:23:39', 37.9);
INSERT INTO Health (id, account, last_date, last_time, temperature) VALUES (76, '211997194002063657', '20200425', '10:17:29', 37.1);
INSERT INTO Health (id, account, last_date, last_time, temperature) VALUES (77, '134560196309188859', '20200512', '21:00:01', 35.3);
INSERT INTO Health (id, account, last_date, last_time, temperature) VALUES (78, '345046200907101313', '20200531', '18:34:38', 36.1);
INSERT INTO Health (id, account, last_date, last_time, temperature) VALUES (79, '371360200807196987', '20200523', '20:59:02', 36.4);
INSERT INTO Health (id, account, last_date, last_time, temperature) VALUES (80, '63165319901204193X', '20200429', '16:07:16', 35.6);
INSERT INTO Health (id, account, last_date, last_time, temperature) VALUES (81, '520611201003129250', '20200515', '15:43:19', 35.3);
INSERT INTO Health (id, account, last_date, last_time, temperature) VALUES (82, '360378196307024361', '20200320', '16:52:53', 36.1);
INSERT INTO Health (id, account, last_date, last_time, temperature) VALUES (83, '541913197811086680', '20200305', '04:28:58', 36.8);
INSERT INTO Health (id, account, last_date, last_time, temperature) VALUES (84, '350104200702187137', '20200217', '08:18:34', 36.5);
INSERT INTO Health (id, account, last_date, last_time, temperature) VALUES (85, '520140200412072660', '20200428', '06:10:38', 35.2);
INSERT INTO Health (id, account, last_date, last_time, temperature) VALUES (86, '820819195809196585', '20200227', '12:59:48', 35.1);
INSERT INTO Health (id, account, last_date, last_time, temperature) VALUES (87, '50476319360927113X', '20200521', '11:00:54', 37);
INSERT INTO Health (id, account, last_date, last_time, temperature) VALUES (88, '523472199502238786', '20200522', '09:55:27', 36.7);
INSERT INTO Health (id, account, last_date, last_time, temperature) VALUES (89, '710652194801319216', '20200313', '08:41:18', 35.7);
INSERT INTO Health (id, account, last_date, last_time, temperature) VALUES (90, '632676192406135834', '20200317', '22:36:29', 35.1);
INSERT INTO Health (id, account, last_date, last_time, temperature) VALUES (91, '310814195002012604', '20200303', '11:51:03', 36.6);
INSERT INTO Health (id, account, last_date, last_time, temperature) VALUES (92, '232293194702158467', '20200218', '21:22:14', 36);
INSERT INTO Health (id, account, last_date, last_time, temperature) VALUES (93, '41236719550220610X', '20200526', '07:36:54', 35.3);
INSERT INTO Health (id, account, last_date, last_time, temperature) VALUES (94, '642185193506297716', '20200225', '21:51:12', 36.8);
INSERT INTO Health (id, account, last_date, last_time, temperature) VALUES (95, '644218201411082380', '20200403', '10:31:24', 36.3);
INSERT INTO Health (id, account, last_date, last_time, temperature) VALUES (96, '14126819440201696X', '20200402', '11:31:24', 35.2);
INSERT INTO Health (id, account, last_date, last_time, temperature) VALUES (97, '611175201109096664', '20200328', '10:54:11', 35.4);
INSERT INTO Health (id, account, last_date, last_time, temperature) VALUES (98, '433537198305263382', '20200212', '11:48:30', 37.3);
INSERT INTO Health (id, account, last_date, last_time, temperature) VALUES (99, '343762193612112572', '20200515', '18:11:26', 36.5);
INSERT INTO Health (id, account, last_date, last_time, temperature) VALUES (100, '364569195501138403', '20200426', '11:02:16', 36.9);
INSERT INTO Health (id, account, last_date, last_time, temperature) VALUES (101, '631668200805149831', '20200503', '00:21:36', 36.9);
INSERT INTO Health (id, account, last_date, last_time, temperature) VALUES (102, '152196196005285223', '20200411', '15:31:47', 36.5);
INSERT INTO Health (id, account, last_date, last_time, temperature) VALUES (103, '514187198603302721', '20200520', '10:06:45', 36.8);
INSERT INTO Health (id, account, last_date, last_time, temperature) VALUES (104, '451671200504196769', '20200211', '13:42:27', 36.5);
INSERT INTO Health (id, account, last_date, last_time, temperature) VALUES (105, '451293193709118180', '20200223', '03:51:10', 36.5);
INSERT INTO Health (id, account, last_date, last_time, temperature) VALUES (106, '151411196008121831', '20200324', '01:43:26', 37.4);
INSERT INTO Health (id, account, last_date, last_time, temperature) VALUES (107, '342136195001102209', '20200501', '01:37:12', 35.6);
INSERT INTO Health (id, account, last_date, last_time, temperature) VALUES (108, '51277719650916186X', '20200520', '01:45:17', 36.8);
INSERT INTO Health (id, account, last_date, last_time, temperature) VALUES (109, '363026195212118988', '20200329', '18:33:28', 35.1);
INSERT INTO Health (id, account, last_date, last_time, temperature) VALUES (110, '424816195702234185', '20200430', '01:53:08', 35.1);
INSERT INTO Health (id, account, last_date, last_time, temperature) VALUES (111, '422652195601202497', '20200422', '01:48:48', 35.2);
INSERT INTO Health (id, account, last_date, last_time, temperature) VALUES (112, '513061196410201651', '20200514', '15:29:29', 35.6);
INSERT INTO Health (id, account, last_date, last_time, temperature) VALUES (113, '140811195002155898', '20200307', '05:03:31', 36.8);
INSERT INTO Health (id, account, last_date, last_time, temperature) VALUES (114, '431912193812051567', '20200214', '00:33:32', 35.4);
INSERT INTO Health (id, account, last_date, last_time, temperature) VALUES (115, '654462201306118553', '20200328', '17:47:16', 35);
INSERT INTO Health (id, account, last_date, last_time, temperature) VALUES (116, '442273194102266877', '20200321', '15:55:40', 35.3);
INSERT INTO Health (id, account, last_date, last_time, temperature) VALUES (117, '502208197305063222', '20200305', '04:17:11', 36.4);
INSERT INTO Health (id, account, last_date, last_time, temperature) VALUES (118, '452401193711136034', '20200224', '12:43:19', 37);
INSERT INTO Health (id, account, last_date, last_time, temperature) VALUES (119, '112398192401064492', '20200214', '01:09:29', 35.5);
INSERT INTO Health (id, account, last_date, last_time, temperature) VALUES (120, '61454419760109765X', '20200310', '18:55:33', 36.2);
INSERT INTO Health (id, account, last_date, last_time, temperature) VALUES (121, '124583198904229582', '20200209', '23:14:35', 36.9);
INSERT INTO Health (id, account, last_date, last_time, temperature) VALUES (122, '52069219671124264X', '20200318', '06:27:17', 36.8);
INSERT INTO Health (id, account, last_date, last_time, temperature) VALUES (123, '231266198403076170', '20200404', '01:36:42', 37.5);
INSERT INTO Health (id, account, last_date, last_time, temperature) VALUES (124, '523263192511226732', '20200401', '06:08:01', 35.6);
INSERT INTO Health (id, account, last_date, last_time, temperature) VALUES (125, '502330200108101073', '20200503', '06:39:27', 36.2);
INSERT INTO Health (id, account, last_date, last_time, temperature) VALUES (126, '32442220110929999X', '20200228', '22:32:05', 35.8);
INSERT INTO Health (id, account, last_date, last_time, temperature) VALUES (127, '13097819340927575X', '20200224', '17:22:48', 38.2);
INSERT INTO Health (id, account, last_date, last_time, temperature) VALUES (128, '424637192301236190', '20200317', '04:52:55', 35.9);
INSERT INTO Health (id, account, last_date, last_time, temperature) VALUES (129, '514212195805163823', '20200303', '17:04:21', 36.1);
INSERT INTO Health (id, account, last_date, last_time, temperature) VALUES (130, '524089199008316240', '20200326', '21:44:48', 37.2);
INSERT INTO Health (id, account, last_date, last_time, temperature) VALUES (131, '111246193507131789', '20200330', '01:56:10', 36.7);
INSERT INTO Health (id, account, last_date, last_time, temperature) VALUES (132, '810331200605317729', '20200321', '21:41:00', 35.8);
INSERT INTO Health (id, account, last_date, last_time, temperature) VALUES (133, '374305193007101011', '20200517', '08:45:58', 37.3);
INSERT INTO Health (id, account, last_date, last_time, temperature) VALUES (134, '812034197605180062', '20200508', '01:21:21', 36.7);
INSERT INTO Health (id, account, last_date, last_time, temperature) VALUES (135, '713604194503196451', '20200415', '18:58:49', 36.5);
INSERT INTO Health (id, account, last_date, last_time, temperature) VALUES (136, '141941197103079727', '20200511', '07:32:23', 35);
INSERT INTO Health (id, account, last_date, last_time, temperature) VALUES (137, '651993201203035073', '20200309', '03:02:01', 35.1);
INSERT INTO Health (id, account, last_date, last_time, temperature) VALUES (138, '324587198812142885', '20200502', '04:40:32', 35.6);
INSERT INTO Health (id, account, last_date, last_time, temperature) VALUES (139, '430806195509169295', '20200422', '18:35:01', 35.7);
INSERT INTO Health (id, account, last_date, last_time, temperature) VALUES (140, '621849198711080763', '20200504', '04:17:13', 35.7);
INSERT INTO Health (id, account, last_date, last_time, temperature) VALUES (141, '222474193908205667', '20200419', '03:43:28', 35.9);
INSERT INTO Health (id, account, last_date, last_time, temperature) VALUES (142, '333026197602108751', '20200218', '12:40:43', 35.6);
INSERT INTO Health (id, account, last_date, last_time, temperature) VALUES (143, '820535199306308143', '20200401', '02:09:17', 37.1);
INSERT INTO Health (id, account, last_date, last_time, temperature) VALUES (144, '323549196503024101', '20200203', '02:31:22', 35.2);
INSERT INTO Health (id, account, last_date, last_time, temperature) VALUES (145, '811354200304182858', '20200530', '06:47:59', 36.7);
INSERT INTO Health (id, account, last_date, last_time, temperature) VALUES (146, '651248198412073394', '20200515', '19:19:56', 35.9);
INSERT INTO Health (id, account, last_date, last_time, temperature) VALUES (147, '654927199310284168', '20200305', '03:18:54', 37.3);
INSERT INTO Health (id, account, last_date, last_time, temperature) VALUES (148, '622352199708116477', '20200523', '03:12:13', 35.7);
INSERT INTO Health (id, account, last_date, last_time, temperature) VALUES (149, '531451195602115235', '20200527', '13:35:43', 36.7);
INSERT INTO Health (id, account, last_date, last_time, temperature) VALUES (150, '533755193011245163', '20200206', '16:15:15', 37);
INSERT INTO Health (id, account, last_date, last_time, temperature) VALUES (151, '122788196803283058', '20200330', '03:19:15', 36.4);
INSERT INTO Health (id, account, last_date, last_time, temperature) VALUES (152, '541429193412055023', '20200505', '22:10:47', 35.3);
INSERT INTO Health (id, account, last_date, last_time, temperature) VALUES (153, '62509319380906658X', '20200503', '01:47:12', 35.4);
INSERT INTO Health (id, account, last_date, last_time, temperature) VALUES (154, '124284194204032514', '20200303', '02:05:01', 37.2);
INSERT INTO Health (id, account, last_date, last_time, temperature) VALUES (155, '543367201111085157', '20200503', '12:16:01', 37.4);
INSERT INTO Health (id, account, last_date, last_time, temperature) VALUES (156, '521893196612260697', '20200330', '19:02:35', 35);
INSERT INTO Health (id, account, last_date, last_time, temperature) VALUES (157, '613779196803163982', '20200405', '17:31:13', 36.9);
INSERT INTO Health (id, account, last_date, last_time, temperature) VALUES (158, '650920199009100383', '20200322', '03:53:42', 37);
INSERT INTO Health (id, account, last_date, last_time, temperature) VALUES (159, '370451195702097737', '20200322', '20:49:44', 36.9);
INSERT INTO Health (id, account, last_date, last_time, temperature) VALUES (160, '631461192905065735', '20200205', '09:12:46', 36.8);
INSERT INTO Health (id, account, last_date, last_time, temperature) VALUES (161, '501540200611076301', '20200310', '12:50:11', 36.7);
INSERT INTO Health (id, account, last_date, last_time, temperature) VALUES (162, '544842199009105356', '20200409', '02:03:21', 35.8);
INSERT INTO Health (id, account, last_date, last_time, temperature) VALUES (163, '143453200601032607', '20200531', '05:57:03', 35.1);
INSERT INTO Health (id, account, last_date, last_time, temperature) VALUES (164, '152020200011071263', '20200327', '10:04:51', 36.6);
INSERT INTO Health (id, account, last_date, last_time, temperature) VALUES (165, '124699193610258129', '20200221', '20:26:53', 35.7);
INSERT INTO Health (id, account, last_date, last_time, temperature) VALUES (166, '114432193601115937', '20200306', '07:19:50', 35.5);
INSERT INTO Health (id, account, last_date, last_time, temperature) VALUES (167, '13477020031017836X', '20200207', '22:54:38', 36.8);
INSERT INTO Health (id, account, last_date, last_time, temperature) VALUES (168, '540861199903163826', '20200526', '21:49:15', 37.1);
INSERT INTO Health (id, account, last_date, last_time, temperature) VALUES (169, '62137420071209564X', '20200401', '00:25:52', 36.1);
INSERT INTO Health (id, account, last_date, last_time, temperature) VALUES (170, '122545194501086305', '20200326', '18:28:15', 35.7);
INSERT INTO Health (id, account, last_date, last_time, temperature) VALUES (171, '424535199901179840', '20200318', '23:26:18', 37);
INSERT INTO Health (id, account, last_date, last_time, temperature) VALUES (172, '812196199707125189', '20200527', '10:01:38', 37.1);
INSERT INTO Health (id, account, last_date, last_time, temperature) VALUES (173, '233936195602227813', '20200223', '15:44:11', 35.4);
INSERT INTO Health (id, account, last_date, last_time, temperature) VALUES (174, '22495319250130212X', '20200514', '11:03:33', 36.3);
INSERT INTO Health (id, account, last_date, last_time, temperature) VALUES (175, '11459319501027849X', '20200428', '23:10:51', 37.1);
INSERT INTO Health (id, account, last_date, last_time, temperature) VALUES (176, '46441019830820394X', '20200324', '10:46:31', 35);
INSERT INTO Health (id, account, last_date, last_time, temperature) VALUES (177, '513203192712114906', '20200324', '03:03:39', 38.2);
INSERT INTO Health (id, account, last_date, last_time, temperature) VALUES (178, '320558193904110180', '20200401', '10:40:07', 35.8);
INSERT INTO Health (id, account, last_date, last_time, temperature) VALUES (179, '813696193710201320', '20200414', '00:25:12', 36.7);
INSERT INTO Health (id, account, last_date, last_time, temperature) VALUES (180, '35468619660915662X', '20200217', '19:17:26', 36.9);
INSERT INTO Health (id, account, last_date, last_time, temperature) VALUES (181, '142192199302271504', '20200308', '03:14:12', 35.7);
INSERT INTO Health (id, account, last_date, last_time, temperature) VALUES (182, '324134197411166288', '20200504', '08:07:39', 36.3);
INSERT INTO Health (id, account, last_date, last_time, temperature) VALUES (183, '114383193503279516', '20200308', '09:45:26', 36.9);
INSERT INTO Health (id, account, last_date, last_time, temperature) VALUES (184, '810821192603176793', '20200310', '22:05:29', 35.4);
INSERT INTO Health (id, account, last_date, last_time, temperature) VALUES (185, '44095519230909969X', '20200418', '15:28:37', 35.2);
INSERT INTO Health (id, account, last_date, last_time, temperature) VALUES (186, '440640198112046555', '20200414', '19:40:01', 37);
INSERT INTO Health (id, account, last_date, last_time, temperature) VALUES (187, '631102197308204241', '20200211', '18:52:20', 35.5);
INSERT INTO Health (id, account, last_date, last_time, temperature) VALUES (188, '411349194801169625', '20200528', '19:12:01', 35.2);
INSERT INTO Health (id, account, last_date, last_time, temperature) VALUES (189, '314168194411071950', '20200408', '15:18:14', 35.1);
INSERT INTO Health (id, account, last_date, last_time, temperature) VALUES (190, '814584196312095267', '20200422', '12:02:58', 35.5);
INSERT INTO Health (id, account, last_date, last_time, temperature) VALUES (191, '33038619860711102X', '20200521', '11:59:15', 35.2);
INSERT INTO Health (id, account, last_date, last_time, temperature) VALUES (192, '372922198201112694', '20200506', '19:48:17', 37);
INSERT INTO Health (id, account, last_date, last_time, temperature) VALUES (193, '810167196407079498', '20200324', '20:20:01', 36.6);
INSERT INTO Health (id, account, last_date, last_time, temperature) VALUES (194, '710875199205093730', '20200508', '12:55:30', 35.1);
INSERT INTO Health (id, account, last_date, last_time, temperature) VALUES (195, '15263519940325379X', '20200322', '05:38:07', 36.1);
INSERT INTO Health (id, account, last_date, last_time, temperature) VALUES (196, '21162319820427933X', '20200215', '12:27:55', 35.8);
INSERT INTO Health (id, account, last_date, last_time, temperature) VALUES (197, '610841194909121125', '20200208', '20:46:15', 36);
INSERT INTO Health (id, account, last_date, last_time, temperature) VALUES (198, '820142193412030974', '20200405', '01:33:28', 35.9);
INSERT INTO Health (id, account, last_date, last_time, temperature) VALUES (199, '364575195106137580', '20200511', '22:25:23', 35.5);
INSERT INTO Health (id, account, last_date, last_time, temperature) VALUES (200, '372014200903275577', '20200520', '08:51:07', 36.6);
INSERT INTO Health (id, account, last_date, last_time, temperature) VALUES (201, '450815193410222019', '20200509', '08:00:11', 35.3);
INSERT INTO Health (id, account, last_date, last_time, temperature) VALUES (202, '211541192306116146', '20200508', '21:25:53', 36.6);
INSERT INTO Health (id, account, last_date, last_time, temperature) VALUES (203, '464213199911134641', '20200201', '07:32:08', 36.8);
INSERT INTO Health (id, account, last_date, last_time, temperature) VALUES (204, '42211219631012380X', '20200217', '13:20:42', 36.8);
INSERT INTO Health (id, account, last_date, last_time, temperature) VALUES (205, '822319192711143884', '20200324', '00:54:51', 35);
INSERT INTO Health (id, account, last_date, last_time, temperature) VALUES (206, '421010198210300018', '20200312', '22:27:52', 37);
INSERT INTO Health (id, account, last_date, last_time, temperature) VALUES (207, '431305192811300589', '20200308', '17:14:41', 36.9);
INSERT INTO Health (id, account, last_date, last_time, temperature) VALUES (208, '422532194203090218', '20200406', '21:12:52', 36.2);
INSERT INTO Health (id, account, last_date, last_time, temperature) VALUES (209, '363015197408290583', '20200525', '05:15:59', 37.3);
INSERT INTO Health (id, account, last_date, last_time, temperature) VALUES (210, '541263198211191243', '20200316', '06:38:26', 37.2);
INSERT INTO Health (id, account, last_date, last_time, temperature) VALUES (211, '504534195410315917', '20200430', '18:17:30', 35.9);
INSERT INTO Health (id, account, last_date, last_time, temperature) VALUES (212, '221825198706163226', '20200326', '06:26:48', 37.2);
INSERT INTO Health (id, account, last_date, last_time, temperature) VALUES (213, '46381919360426296X', '20200203', '21:36:56', 35.4);
INSERT INTO Health (id, account, last_date, last_time, temperature) VALUES (214, '524261200809189845', '20200530', '12:27:50', 36.1);
INSERT INTO Health (id, account, last_date, last_time, temperature) VALUES (215, '532273197908203676', '20200408', '03:43:05', 37.1);
INSERT INTO Health (id, account, last_date, last_time, temperature) VALUES (216, '353985195011093602', '20200414', '02:57:42', 36.7);
INSERT INTO Health (id, account, last_date, last_time, temperature) VALUES (217, '372613195212030445', '20200310', '18:41:02', 36.4);
INSERT INTO Health (id, account, last_date, last_time, temperature) VALUES (218, '502268197907019831', '20200418', '15:35:29', 35.4);
INSERT INTO Health (id, account, last_date, last_time, temperature) VALUES (219, '214330196505150399', '20200406', '21:57:00', 35.2);
INSERT INTO Health (id, account, last_date, last_time, temperature) VALUES (220, '233845194303115626', '20200309', '08:10:56', 35.9);
INSERT INTO Health (id, account, last_date, last_time, temperature) VALUES (221, '502510198808244285', '20200314', '10:18:52', 37.4);
INSERT INTO Health (id, account, last_date, last_time, temperature) VALUES (222, '432301192612069757', '20200423', '17:08:31', 35.4);
INSERT INTO Health (id, account, last_date, last_time, temperature) VALUES (223, '812210200809278536', '20200328', '07:26:43', 37.7);
INSERT INTO Health (id, account, last_date, last_time, temperature) VALUES (224, '822961199308230198', '20200320', '08:49:47', 36);
INSERT INTO Health (id, account, last_date, last_time, temperature) VALUES (225, '530115192903071689', '20200314', '23:42:11', 35.5);
INSERT INTO Health (id, account, last_date, last_time, temperature) VALUES (226, '412474192311152342', '20200223', '17:34:27', 37.4);
INSERT INTO Health (id, account, last_date, last_time, temperature) VALUES (227, '452071200805044189', '20200506', '00:16:51', 35.2);
INSERT INTO Health (id, account, last_date, last_time, temperature) VALUES (228, '643096192511233256', '20200514', '02:57:46', 36);
INSERT INTO Health (id, account, last_date, last_time, temperature) VALUES (229, '642333200604152349', '20200327', '16:47:34', 36.6);
INSERT INTO Health (id, account, last_date, last_time, temperature) VALUES (230, '214521199702024191', '20200223', '15:27:34', 35.9);
INSERT INTO Health (id, account, last_date, last_time, temperature) VALUES (231, '35271219500110074X', '20200407', '02:33:24', 37.2);
INSERT INTO Health (id, account, last_date, last_time, temperature) VALUES (232, '113040197510223129', '20200501', '14:52:11', 35.6);
INSERT INTO Health (id, account, last_date, last_time, temperature) VALUES (233, '330210199107050995', '20200228', '12:11:54', 36.7);
INSERT INTO Health (id, account, last_date, last_time, temperature) VALUES (234, '334431197502107507', '20200313', '11:45:31', 36.8);
INSERT INTO Health (id, account, last_date, last_time, temperature) VALUES (235, '361874196204150996', '20200208', '04:02:49', 37);
INSERT INTO Health (id, account, last_date, last_time, temperature) VALUES (236, '504306197612149823', '20200225', '20:24:38', 35.8);
INSERT INTO Health (id, account, last_date, last_time, temperature) VALUES (237, '233578199502089501', '20200428', '21:19:46', 35);
INSERT INTO Health (id, account, last_date, last_time, temperature) VALUES (238, '521649193605040850', '20200223', '21:58:51', 36);
INSERT INTO Health (id, account, last_date, last_time, temperature) VALUES (239, '613902197309240834', '20200305', '14:31:58', 36.5);
INSERT INTO Health (id, account, last_date, last_time, temperature) VALUES (240, '341866200504114802', '20200411', '04:14:44', 36.9);
INSERT INTO Health (id, account, last_date, last_time, temperature) VALUES (241, '322771196112128892', '20200305', '10:31:11', 37.1);
INSERT INTO Health (id, account, last_date, last_time, temperature) VALUES (242, '140351196608190372', '20200217', '21:36:13', 36.1);
INSERT INTO Health (id, account, last_date, last_time, temperature) VALUES (243, '212670197411144583', '20200415', '16:08:01', 35.5);
INSERT INTO Health (id, account, last_date, last_time, temperature) VALUES (244, '650564197603065585', '20200505', '06:54:21', 37.4);
INSERT INTO Health (id, account, last_date, last_time, temperature) VALUES (245, '343391195804054371', '20200428', '03:59:09', 37.7);
INSERT INTO Health (id, account, last_date, last_time, temperature) VALUES (246, '542999201405111652', '20200412', '04:24:10', 36.9);
INSERT INTO Health (id, account, last_date, last_time, temperature) VALUES (247, '322975195707104662', '20200521', '01:36:40', 36);
INSERT INTO Health (id, account, last_date, last_time, temperature) VALUES (248, '504094196208188084', '20200227', '02:44:56', 36.5);
INSERT INTO Health (id, account, last_date, last_time, temperature) VALUES (249, '323247193907118408', '20200202', '16:26:31', 36.2);
INSERT INTO Health (id, account, last_date, last_time, temperature) VALUES (250, '342315200212262080', '20200418', '16:57:37', 35.6);
INSERT INTO Health (id, account, last_date, last_time, temperature) VALUES (251, '153393194301133708', '20200505', '20:29:03', 37.4);
INSERT INTO Health (id, account, last_date, last_time, temperature) VALUES (252, '523506194106270763', '20200509', '17:56:22', 36.5);
INSERT INTO Health (id, account, last_date, last_time, temperature) VALUES (253, '352756200510140440', '20200317', '17:45:17', 35.8);
INSERT INTO Health (id, account, last_date, last_time, temperature) VALUES (254, '814510201109216303', '20200525', '10:41:23', 36.1);
INSERT INTO Health (id, account, last_date, last_time, temperature) VALUES (255, '143363197008314487', '20200424', '22:09:19', 36.5);
INSERT INTO Health (id, account, last_date, last_time, temperature) VALUES (256, '514897196602125339', '20200224', '17:29:30', 36.5);
INSERT INTO Health (id, account, last_date, last_time, temperature) VALUES (257, '612443195503134207', '20200317', '22:28:45', 37);
INSERT INTO Health (id, account, last_date, last_time, temperature) VALUES (258, '613977201108219944', '20200318', '03:18:24', 37.2);
INSERT INTO Health (id, account, last_date, last_time, temperature) VALUES (259, '62311420091022617X', '20200407', '00:57:27', 36.8);
INSERT INTO Health (id, account, last_date, last_time, temperature) VALUES (260, '363910197912017286', '20200502', '12:00:21', 36.2);
INSERT INTO Health (id, account, last_date, last_time, temperature) VALUES (261, '651573192912177011', '20200309', '07:51:08', 35.9);
INSERT INTO Health (id, account, last_date, last_time, temperature) VALUES (262, '324936197007204925', '20200304', '17:09:27', 35.6);
INSERT INTO Health (id, account, last_date, last_time, temperature) VALUES (263, '714758199905030980', '20200211', '02:41:52', 36.5);
INSERT INTO Health (id, account, last_date, last_time, temperature) VALUES (264, '41466319980321302X', '20200531', '08:17:47', 36.8);
INSERT INTO Health (id, account, last_date, last_time, temperature) VALUES (265, '13195120091118942X', '20200317', '13:14:29', 35.6);
INSERT INTO Health (id, account, last_date, last_time, temperature) VALUES (266, '224948200708103018', '20200515', '14:46:37', 35.2);
INSERT INTO Health (id, account, last_date, last_time, temperature) VALUES (267, '411360194306138992', '20200529', '12:12:34', 35.6);
INSERT INTO Health (id, account, last_date, last_time, temperature) VALUES (268, '642013193708077252', '20200212', '23:28:47', 35.5);
INSERT INTO Health (id, account, last_date, last_time, temperature) VALUES (269, '631486192607026187', '20200214', '22:25:10', 36.8);
INSERT INTO Health (id, account, last_date, last_time, temperature) VALUES (270, '232607199611075256', '20200414', '08:53:57', 37.3);
INSERT INTO Health (id, account, last_date, last_time, temperature) VALUES (271, '231028195305101856', '20200317', '07:16:12', 35.1);
INSERT INTO Health (id, account, last_date, last_time, temperature) VALUES (272, '632109195611240716', '20200520', '23:09:37', 37.3);
INSERT INTO Health (id, account, last_date, last_time, temperature) VALUES (273, '423976192404223925', '20200502', '03:15:35', 35.1);
INSERT INTO Health (id, account, last_date, last_time, temperature) VALUES (274, '524329192602215094', '20200523', '01:41:40', 35.7);
INSERT INTO Health (id, account, last_date, last_time, temperature) VALUES (275, '113019200106134416', '20200417', '17:23:55', 36);
INSERT INTO Health (id, account, last_date, last_time, temperature) VALUES (276, '504538198308230119', '20200210', '18:59:18', 35.8);
INSERT INTO Health (id, account, last_date, last_time, temperature) VALUES (277, '130232198705073267', '20200309', '05:21:09', 35.4);
INSERT INTO Health (id, account, last_date, last_time, temperature) VALUES (278, '504968196802282630', '20200401', '16:28:49', 35.6);
INSERT INTO Health (id, account, last_date, last_time, temperature) VALUES (279, '43469320050829574X', '20200502', '12:26:22', 36.4);
INSERT INTO Health (id, account, last_date, last_time, temperature) VALUES (280, '420447194004228642', '20200401', '07:08:14', 36.8);
INSERT INTO Health (id, account, last_date, last_time, temperature) VALUES (281, '545023193511178106', '20200502', '10:15:24', 36.8);
INSERT INTO Health (id, account, last_date, last_time, temperature) VALUES (282, '81373220030929222X', '20200430', '20:04:53', 37.2);
INSERT INTO Health (id, account, last_date, last_time, temperature) VALUES (283, '331281200102231863', '20200225', '06:01:58', 35.5);
INSERT INTO Health (id, account, last_date, last_time, temperature) VALUES (284, '140123201004274718', '20200417', '13:54:32', 36);
INSERT INTO Health (id, account, last_date, last_time, temperature) VALUES (285, '544502195809293384', '20200216', '04:57:51', 37.4);
INSERT INTO Health (id, account, last_date, last_time, temperature) VALUES (286, '210152197702191321', '20200529', '23:34:56', 35.6);
INSERT INTO Health (id, account, last_date, last_time, temperature) VALUES (287, '82314919411023366X', '20200215', '17:32:23', 36.2);
INSERT INTO Health (id, account, last_date, last_time, temperature) VALUES (288, '623713195405082974', '20200515', '06:06:37', 35.8);
INSERT INTO Health (id, account, last_date, last_time, temperature) VALUES (289, '150306192611163770', '20200306', '02:46:11', 36.6);
INSERT INTO Health (id, account, last_date, last_time, temperature) VALUES (290, '122771198011038447', '20200413', '16:22:33', 37.3);
INSERT INTO Health (id, account, last_date, last_time, temperature) VALUES (291, '312397195403061813', '20200206', '03:06:08', 35);
INSERT INTO Health (id, account, last_date, last_time, temperature) VALUES (292, '614353194608212885', '20200425', '09:43:01', 36);
INSERT INTO Health (id, account, last_date, last_time, temperature) VALUES (293, '533892192807072556', '20200325', '03:16:55', 37.3);
INSERT INTO Health (id, account, last_date, last_time, temperature) VALUES (294, '150841201409020700', '20200507', '07:03:13', 36.6);
INSERT INTO Health (id, account, last_date, last_time, temperature) VALUES (295, '151698201101010373', '20200527', '06:49:01', 35.5);
INSERT INTO Health (id, account, last_date, last_time, temperature) VALUES (296, '361719192509209223', '20200408', '06:59:07', 36.8);
INSERT INTO Health (id, account, last_date, last_time, temperature) VALUES (297, '502486193103299810', '20200422', '09:17:00', 36);
INSERT INTO Health (id, account, last_date, last_time, temperature) VALUES (298, '432457198612236121', '20200318', '20:43:07', 36.4);
INSERT INTO Health (id, account, last_date, last_time, temperature) VALUES (299, '522762193508125460', '20200414', '01:27:51', 37);
INSERT INTO Health (id, account, last_date, last_time, temperature) VALUES (300, '221827192305273320', '20200203', '13:48:19', 36.3);
INSERT INTO Health (id, account, last_date, last_time, temperature) VALUES (301, '410196193910107041', '20200304', '19:18:13', 36.3);
INSERT INTO Health (id, account, last_date, last_time, temperature) VALUES (302, '234607196208275725', '20200312', '15:28:16', 35.6);
INSERT INTO Health (id, account, last_date, last_time, temperature) VALUES (303, '144222196007050231', '20200228', '12:45:26', 36.6);
INSERT INTO Health (id, account, last_date, last_time, temperature) VALUES (304, '130150198407186069', '20200223', '22:03:26', 35.4);
INSERT INTO Health (id, account, last_date, last_time, temperature) VALUES (305, '52222020060626568X', '20200207', '01:35:15', 37.1);
INSERT INTO Health (id, account, last_date, last_time, temperature) VALUES (306, '65442319460412272X', '20200421', '08:11:59', 36.3);
INSERT INTO Health (id, account, last_date, last_time, temperature) VALUES (307, '110738195610177418', '20200412', '07:02:33', 35);
INSERT INTO Health (id, account, last_date, last_time, temperature) VALUES (308, '620162192302061172', '20200330', '02:48:08', 35.9);
INSERT INTO Health (id, account, last_date, last_time, temperature) VALUES (309, '333175198808196144', '20200512', '11:16:10', 37.3);
INSERT INTO Health (id, account, last_date, last_time, temperature) VALUES (310, '540564195203152881', '20200330', '15:40:01', 36.9);
INSERT INTO Health (id, account, last_date, last_time, temperature) VALUES (311, '12134620070416876X', '20200218', '18:36:25', 37.2);
INSERT INTO Health (id, account, last_date, last_time, temperature) VALUES (312, '46225219771218207X', '20200228', '23:59:56', 35.3);
INSERT INTO Health (id, account, last_date, last_time, temperature) VALUES (313, '314461197012222675', '20200426', '17:16:01', 35.1);
INSERT INTO Health (id, account, last_date, last_time, temperature) VALUES (314, '224124200712130814', '20200417', '13:19:14', 36.2);
INSERT INTO Health (id, account, last_date, last_time, temperature) VALUES (315, '514803197303276821', '20200313', '21:33:49', 35.3);
INSERT INTO Health (id, account, last_date, last_time, temperature) VALUES (316, '450177198207159369', '20200218', '06:12:47', 37.2);
INSERT INTO Health (id, account, last_date, last_time, temperature) VALUES (317, '540377199008230135', '20200528', '19:08:44', 37.4);
INSERT INTO Health (id, account, last_date, last_time, temperature) VALUES (318, '352703193411259172', '20200202', '08:27:21', 35.8);
INSERT INTO Health (id, account, last_date, last_time, temperature) VALUES (319, '450767200809046792', '20200408', '00:42:58', 37);
INSERT INTO Health (id, account, last_date, last_time, temperature) VALUES (320, '130688196202068014', '20200403', '16:46:36', 35.9);
INSERT INTO Health (id, account, last_date, last_time, temperature) VALUES (321, '501278196411115563', '20200315', '01:44:33', 37.2);
INSERT INTO Health (id, account, last_date, last_time, temperature) VALUES (322, '462608198003034363', '20200526', '17:01:22', 37.3);
INSERT INTO Health (id, account, last_date, last_time, temperature) VALUES (323, '442793195707068739', '20200401', '19:51:04', 37.4);
INSERT INTO Health (id, account, last_date, last_time, temperature) VALUES (324, '233996194302264323', '20200321', '11:22:04', 36.4);
INSERT INTO Health (id, account, last_date, last_time, temperature) VALUES (325, '232494195305207391', '20200405', '19:08:29', 37.2);
INSERT INTO Health (id, account, last_date, last_time, temperature) VALUES (326, '140889197010230562', '20200316', '01:17:02', 35.8);
INSERT INTO Health (id, account, last_date, last_time, temperature) VALUES (327, '353534194412021373', '20200419', '22:36:10', 36.3);
INSERT INTO Health (id, account, last_date, last_time, temperature) VALUES (328, '435021199410191896', '20200421', '16:36:22', 35.8);
INSERT INTO Health (id, account, last_date, last_time, temperature) VALUES (329, '641577197304157102', '20200430', '09:44:55', 35.5);
INSERT INTO Health (id, account, last_date, last_time, temperature) VALUES (330, '542969199205252957', '20200525', '14:43:37', 35.7);
INSERT INTO Health (id, account, last_date, last_time, temperature) VALUES (331, '82467619320814715X', '20200312', '01:53:37', 35.3);
INSERT INTO Health (id, account, last_date, last_time, temperature) VALUES (332, '523394193902168579', '20200303', '08:48:35', 36.9);
INSERT INTO Health (id, account, last_date, last_time, temperature) VALUES (333, '140938196601124725', '20200516', '20:16:09', 35.1);
INSERT INTO Health (id, account, last_date, last_time, temperature) VALUES (334, '211032198210047393', '20200205', '02:59:58', 35.3);
INSERT INTO Health (id, account, last_date, last_time, temperature) VALUES (335, '332540195501123855', '20200209', '21:13:52', 35.6);
INSERT INTO Health (id, account, last_date, last_time, temperature) VALUES (336, '131708200603164326', '20200328', '02:14:39', 35.7);
INSERT INTO Health (id, account, last_date, last_time, temperature) VALUES (337, '140246197203289734', '20200401', '02:47:31', 37.1);
INSERT INTO Health (id, account, last_date, last_time, temperature) VALUES (338, '630697194007108499', '20200303', '04:29:22', 35.7);
INSERT INTO Health (id, account, last_date, last_time, temperature) VALUES (339, '653420198003089047', '20200523', '00:30:07', 37.3);
INSERT INTO Health (id, account, last_date, last_time, temperature) VALUES (340, '610949201010301591', '20200418', '13:53:45', 36.6);
INSERT INTO Health (id, account, last_date, last_time, temperature) VALUES (341, '421019197810250939', '20200420', '20:42:30', 35.9);
INSERT INTO Health (id, account, last_date, last_time, temperature) VALUES (342, '713241199707143267', '20200326', '03:24:57', 35.5);
INSERT INTO Health (id, account, last_date, last_time, temperature) VALUES (343, '712974199801047183', '20200326', '12:22:00', 36.2);
INSERT INTO Health (id, account, last_date, last_time, temperature) VALUES (344, '370287198710108302', '20200415', '03:42:14', 35.4);
INSERT INTO Health (id, account, last_date, last_time, temperature) VALUES (345, '612985196701289838', '20200220', '19:37:34', 36.5);
INSERT INTO Health (id, account, last_date, last_time, temperature) VALUES (346, '513875193204149538', '20200419', '09:41:06', 35.8);
INSERT INTO Health (id, account, last_date, last_time, temperature) VALUES (347, '640553201412254541', '20200420', '23:22:57', 35.2);
INSERT INTO Health (id, account, last_date, last_time, temperature) VALUES (348, '43303919460830101X', '20200413', '03:13:17', 35.4);
INSERT INTO Health (id, account, last_date, last_time, temperature) VALUES (349, '500306197605028450', '20200513', '14:28:10', 35.7);
INSERT INTO Health (id, account, last_date, last_time, temperature) VALUES (350, '641483201105303816', '20200204', '21:12:49', 35.8);
INSERT INTO Health (id, account, last_date, last_time, temperature) VALUES (351, '444465198501156779', '20200504', '19:05:34', 36.8);
INSERT INTO Health (id, account, last_date, last_time, temperature) VALUES (352, '442607198203117203', '20200322', '05:02:23', 36.4);
INSERT INTO Health (id, account, last_date, last_time, temperature) VALUES (353, '644341195602143823', '20200319', '04:38:02', 36);
INSERT INTO Health (id, account, last_date, last_time, temperature) VALUES (354, '214329195710209395', '20200226', '07:25:47', 36.1);
INSERT INTO Health (id, account, last_date, last_time, temperature) VALUES (355, '521214199206135380', '20200209', '15:29:36', 36.3);
INSERT INTO Health (id, account, last_date, last_time, temperature) VALUES (356, '642816200406206088', '20200328', '09:13:51', 35.7);
INSERT INTO Health (id, account, last_date, last_time, temperature) VALUES (357, '622846199706175246', '20200428', '23:45:56', 35.9);
INSERT INTO Health (id, account, last_date, last_time, temperature) VALUES (358, '323377200912089250', '20200406', '23:08:24', 36.2);
INSERT INTO Health (id, account, last_date, last_time, temperature) VALUES (359, '45417619400822332X', '20200223', '02:56:31', 36.7);
INSERT INTO Health (id, account, last_date, last_time, temperature) VALUES (360, '143086200003107979', '20200401', '15:10:02', 35.8);
INSERT INTO Health (id, account, last_date, last_time, temperature) VALUES (361, '214907192712194682', '20200517', '14:43:26', 35.6);
INSERT INTO Health (id, account, last_date, last_time, temperature) VALUES (362, '500508198309264260', '20200309', '05:04:11', 37);
INSERT INTO Health (id, account, last_date, last_time, temperature) VALUES (363, '333263197112276585', '20200209', '06:47:26', 35.7);
INSERT INTO Health (id, account, last_date, last_time, temperature) VALUES (364, '544446198510216773', '20200303', '07:28:48', 35.2);
INSERT INTO Health (id, account, last_date, last_time, temperature) VALUES (365, '512954198102088387', '20200221', '08:41:24', 35.2);
INSERT INTO Health (id, account, last_date, last_time, temperature) VALUES (366, '641857201012270648', '20200403', '17:42:33', 36.9);
INSERT INTO Health (id, account, last_date, last_time, temperature) VALUES (367, '231965199703192238', '20200206', '02:58:49', 36.1);
INSERT INTO Health (id, account, last_date, last_time, temperature) VALUES (368, '350688193505164024', '20200418', '01:04:28', 37);
INSERT INTO Health (id, account, last_date, last_time, temperature) VALUES (369, '371411199401258496', '20200219', '15:07:43', 35.9);
INSERT INTO Health (id, account, last_date, last_time, temperature) VALUES (370, '540789197107084399', '20200212', '11:42:17', 35.3);
INSERT INTO Health (id, account, last_date, last_time, temperature) VALUES (371, '641985200901291070', '20200526', '06:53:58', 36.6);
INSERT INTO Health (id, account, last_date, last_time, temperature) VALUES (372, '315062196607018656', '20200202', '05:14:47', 35.8);
INSERT INTO Health (id, account, last_date, last_time, temperature) VALUES (373, '631616198407291271', '20200210', '10:05:23', 36.5);
INSERT INTO Health (id, account, last_date, last_time, temperature) VALUES (374, '212996199101015358', '20200219', '11:56:04', 35.8);
INSERT INTO Health (id, account, last_date, last_time, temperature) VALUES (375, '534914197402151246', '20200315', '02:51:26', 36.2);
INSERT INTO Health (id, account, last_date, last_time, temperature) VALUES (376, '141579199005011983', '20200524', '19:34:28', 35.5);
INSERT INTO Health (id, account, last_date, last_time, temperature) VALUES (377, '214474195001177960', '20200507', '01:42:15', 36.8);
INSERT INTO Health (id, account, last_date, last_time, temperature) VALUES (378, '341621196004035623', '20200421', '02:36:34', 37);
INSERT INTO Health (id, account, last_date, last_time, temperature) VALUES (379, '814892198404266676', '20200523', '14:50:32', 36);
INSERT INTO Health (id, account, last_date, last_time, temperature) VALUES (380, '821479200201167270', '20200316', '04:07:23', 37.1);
INSERT INTO Health (id, account, last_date, last_time, temperature) VALUES (381, '140641198108031056', '20200423', '12:19:27', 35.8);
INSERT INTO Health (id, account, last_date, last_time, temperature) VALUES (382, '364486198311274743', '20200311', '06:21:42', 36.4);
INSERT INTO Health (id, account, last_date, last_time, temperature) VALUES (383, '824103198910078164', '20200319', '02:48:22', 35);
INSERT INTO Health (id, account, last_date, last_time, temperature) VALUES (384, '14266719840409327X', '20200513', '14:55:26', 36.8);
INSERT INTO Health (id, account, last_date, last_time, temperature) VALUES (385, '120818199501238765', '20200319', '20:00:08', 35.6);
INSERT INTO Health (id, account, last_date, last_time, temperature) VALUES (386, '623354192502246938', '20200330', '08:57:24', 36.5);
INSERT INTO Health (id, account, last_date, last_time, temperature) VALUES (387, '144583197507123444', '20200408', '06:22:56', 36.9);
INSERT INTO Health (id, account, last_date, last_time, temperature) VALUES (388, '235094196802081589', '20200219', '10:32:19', 37.2);
INSERT INTO Health (id, account, last_date, last_time, temperature) VALUES (389, '350720200209241542', '20200528', '07:29:26', 38.1);
INSERT INTO Health (id, account, last_date, last_time, temperature) VALUES (390, '612312199605136534', '20200207', '17:42:30', 37.2);
INSERT INTO Health (id, account, last_date, last_time, temperature) VALUES (391, '363172198408103520', '20200517', '18:12:23', 36.3);
INSERT INTO Health (id, account, last_date, last_time, temperature) VALUES (392, '823031193911099144', '20200404', '09:55:10', 35.9);
INSERT INTO Health (id, account, last_date, last_time, temperature) VALUES (393, '440955192309016909', '20200206', '06:30:45', 37.4);
INSERT INTO Health (id, account, last_date, last_time, temperature) VALUES (394, '123131195707161516', '20200504', '23:09:01', 37.4);
INSERT INTO Health (id, account, last_date, last_time, temperature) VALUES (395, '443269196910112452', '20200504', '07:17:15', 35.2);
INSERT INTO Health (id, account, last_date, last_time, temperature) VALUES (396, '323860193703036925', '20200307', '09:04:00', 35.1);
INSERT INTO Health (id, account, last_date, last_time, temperature) VALUES (397, '453273192908308360', '20200311', '01:35:04', 36.9);
INSERT INTO Health (id, account, last_date, last_time, temperature) VALUES (398, '633832194805106783', '20200323', '04:53:04', 36.6);
INSERT INTO Health (id, account, last_date, last_time, temperature) VALUES (399, '313456199511114835', '20200508', '11:15:39', 37.1);
INSERT INTO Health (id, account, last_date, last_time, temperature) VALUES (400, '510278201101185206', '20200401', '20:34:57', 37.3);
INSERT INTO Health (id, account, last_date, last_time, temperature) VALUES (401, '341539197403101814', '20200417', '09:51:03', 35.7);
INSERT INTO Health (id, account, last_date, last_time, temperature) VALUES (402, '152328201207115935', '20200203', '15:08:48', 37.2);
INSERT INTO Health (id, account, last_date, last_time, temperature) VALUES (403, '334336198008145441', '20200514', '23:36:08', 35.2);
INSERT INTO Health (id, account, last_date, last_time, temperature) VALUES (404, '523857196909100266', '20200312', '17:07:08', 37.2);
INSERT INTO Health (id, account, last_date, last_time, temperature) VALUES (405, '823297198212036026', '20200401', '12:39:59', 36.8);
INSERT INTO Health (id, account, last_date, last_time, temperature) VALUES (406, '613538195702098343', '20200224', '23:24:28', 35.1);
INSERT INTO Health (id, account, last_date, last_time, temperature) VALUES (407, '371694193112010236', '20200422', '04:29:05', 35.4);
INSERT INTO Health (id, account, last_date, last_time, temperature) VALUES (408, '423117193410249543', '20200320', '07:49:50', 36.9);
INSERT INTO Health (id, account, last_date, last_time, temperature) VALUES (409, '420923200702289555', '20200418', '20:47:24', 35);
INSERT INTO Health (id, account, last_date, last_time, temperature) VALUES (410, '822782196808226945', '20200401', '14:18:06', 36.2);
INSERT INTO Health (id, account, last_date, last_time, temperature) VALUES (411, '420196195907114409', '20200320', '00:06:55', 35);
INSERT INTO Health (id, account, last_date, last_time, temperature) VALUES (412, '634237196604283404', '20200508', '08:09:18', 36.7);
INSERT INTO Health (id, account, last_date, last_time, temperature) VALUES (413, '35142020030603949X', '20200422', '23:59:49', 35.8);
INSERT INTO Health (id, account, last_date, last_time, temperature) VALUES (414, '122290195604234246', '20200317', '03:02:18', 35.9);
INSERT INTO Health (id, account, last_date, last_time, temperature) VALUES (415, '423177199703218201', '20200505', '05:07:34', 35.6);
INSERT INTO Health (id, account, last_date, last_time, temperature) VALUES (416, '132164193011170672', '20200430', '11:47:49', 36.9);
INSERT INTO Health (id, account, last_date, last_time, temperature) VALUES (417, '460326200908194740', '20200320', '15:42:02', 37.4);
INSERT INTO Health (id, account, last_date, last_time, temperature) VALUES (418, '644727195904060290', '20200521', '06:52:18', 35.6);
INSERT INTO Health (id, account, last_date, last_time, temperature) VALUES (419, '463591194703253584', '20200216', '10:31:17', 37.3);
INSERT INTO Health (id, account, last_date, last_time, temperature) VALUES (420, '622715200004309211', '20200526', '16:43:02', 37.4);
INSERT INTO Health (id, account, last_date, last_time, temperature) VALUES (421, '33267520140517329X', '20200527', '03:30:29', 36.6);
INSERT INTO Health (id, account, last_date, last_time, temperature) VALUES (422, '655047196106083842', '20200307', '23:32:31', 36);
INSERT INTO Health (id, account, last_date, last_time, temperature) VALUES (423, '153921194105220809', '20200408', '06:32:00', 36.6);
INSERT INTO Health (id, account, last_date, last_time, temperature) VALUES (424, '714841199906160234', '20200415', '15:16:06', 37);
INSERT INTO Health (id, account, last_date, last_time, temperature) VALUES (425, '311515193910070511', '20200312', '10:21:04', 37.1);
INSERT INTO Health (id, account, last_date, last_time, temperature) VALUES (426, '332110194804141478', '20200315', '22:57:27', 35.4);
INSERT INTO Health (id, account, last_date, last_time, temperature) VALUES (427, '141967195212078965', '20200524', '03:48:32', 36.1);
INSERT INTO Health (id, account, last_date, last_time, temperature) VALUES (428, '653186193303278106', '20200417', '16:08:49', 35.1);
INSERT INTO Health (id, account, last_date, last_time, temperature) VALUES (429, '50047620141127312X', '20200504', '06:20:27', 36.6);
INSERT INTO Health (id, account, last_date, last_time, temperature) VALUES (430, '820219193401122573', '20200524', '03:40:50', 36.7);
INSERT INTO Health (id, account, last_date, last_time, temperature) VALUES (431, '130856199802230266', '20200526', '00:12:33', 36.2);
INSERT INTO Health (id, account, last_date, last_time, temperature) VALUES (432, '412099199508209109', '20200513', '03:17:42', 35.4);
INSERT INTO Health (id, account, last_date, last_time, temperature) VALUES (433, '462839200402101531', '20200228', '14:15:43', 37.3);
INSERT INTO Health (id, account, last_date, last_time, temperature) VALUES (434, '542989198510151894', '20200505', '06:01:16', 36.7);
INSERT INTO Health (id, account, last_date, last_time, temperature) VALUES (435, '151757198404233251', '20200520', '21:55:58', 36.4);
INSERT INTO Health (id, account, last_date, last_time, temperature) VALUES (436, '453587194711260658', '20200412', '00:56:25', 36.2);
INSERT INTO Health (id, account, last_date, last_time, temperature) VALUES (437, '822285197701023130', '20200311', '02:42:39', 35.9);
INSERT INTO Health (id, account, last_date, last_time, temperature) VALUES (438, '121564194304308849', '20200524', '23:04:20', 36);
INSERT INTO Health (id, account, last_date, last_time, temperature) VALUES (439, '441366197706049463', '20200528', '02:23:00', 36.6);
INSERT INTO Health (id, account, last_date, last_time, temperature) VALUES (440, '462206195001058312', '20200524', '16:44:39', 35.1);
INSERT INTO Health (id, account, last_date, last_time, temperature) VALUES (441, '631994198701228541', '20200305', '10:00:13', 37.8);
INSERT INTO Health (id, account, last_date, last_time, temperature) VALUES (442, '142031198405028028', '20200421', '15:57:54', 35.5);
INSERT INTO Health (id, account, last_date, last_time, temperature) VALUES (443, '622987199610171504', '20200427', '07:26:26', 36);
INSERT INTO Health (id, account, last_date, last_time, temperature) VALUES (444, '622024194212083973', '20200311', '01:35:12', 37.1);
INSERT INTO Health (id, account, last_date, last_time, temperature) VALUES (445, '371116199804053523', '20200327', '22:34:34', 35.9);
INSERT INTO Health (id, account, last_date, last_time, temperature) VALUES (446, '632474200805111966', '20200423', '04:32:43', 35.4);
INSERT INTO Health (id, account, last_date, last_time, temperature) VALUES (447, '450296197011070522', '20200226', '04:17:21', 37.1);
INSERT INTO Health (id, account, last_date, last_time, temperature) VALUES (448, '630306200404026841', '20200318', '12:47:00', 36.9);
INSERT INTO Health (id, account, last_date, last_time, temperature) VALUES (449, '421494194705016769', '20200327', '06:09:48', 36.4);
INSERT INTO Health (id, account, last_date, last_time, temperature) VALUES (450, '133712193611041733', '20200213', '07:20:39', 36.2);
INSERT INTO Health (id, account, last_date, last_time, temperature) VALUES (451, '531657198911286901', '20200512', '17:20:57', 36.2);
INSERT INTO Health (id, account, last_date, last_time, temperature) VALUES (452, '462178197003076213', '20200422', '18:38:57', 35.9);
INSERT INTO Health (id, account, last_date, last_time, temperature) VALUES (453, '330849196008129975', '20200202', '10:02:07', 35.4);
INSERT INTO Health (id, account, last_date, last_time, temperature) VALUES (454, '123313193802178986', '20200506', '17:38:41', 36.6);
INSERT INTO Health (id, account, last_date, last_time, temperature) VALUES (455, '46345419361205838X', '20200210', '15:27:33', 37);
INSERT INTO Health (id, account, last_date, last_time, temperature) VALUES (456, '511766199210070055', '20200301', '01:14:02', 35.4);
INSERT INTO Health (id, account, last_date, last_time, temperature) VALUES (457, '712471193911217894', '20200404', '03:32:43', 36.9);
INSERT INTO Health (id, account, last_date, last_time, temperature) VALUES (458, '330588195706247739', '20200515', '16:02:50', 36.7);
INSERT INTO Health (id, account, last_date, last_time, temperature) VALUES (459, '710515194012028614', '20200403', '12:34:21', 35.3);
INSERT INTO Health (id, account, last_date, last_time, temperature) VALUES (460, '122107198205189881', '20200402', '11:31:17', 36.7);
INSERT INTO Health (id, account, last_date, last_time, temperature) VALUES (461, '710986192601238567', '20200213', '23:14:46', 36.3);
INSERT INTO Health (id, account, last_date, last_time, temperature) VALUES (462, '435023193409249362', '20200426', '14:20:13', 35.5);
INSERT INTO Health (id, account, last_date, last_time, temperature) VALUES (463, '43157919561212438X', '20200521', '09:12:35', 35.1);
INSERT INTO Health (id, account, last_date, last_time, temperature) VALUES (464, '310471193511121311', '20200214', '14:11:38', 37.2);
INSERT INTO Health (id, account, last_date, last_time, temperature) VALUES (465, '820460200703230237', '20200414', '15:27:55', 37.2);
INSERT INTO Health (id, account, last_date, last_time, temperature) VALUES (466, '341106194008108729', '20200411', '02:31:51', 35.1);
INSERT INTO Health (id, account, last_date, last_time, temperature) VALUES (467, '322401198312278441', '20200519', '07:51:48', 38);
INSERT INTO Health (id, account, last_date, last_time, temperature) VALUES (468, '233217196603076815', '20200226', '12:49:35', 37.4);
INSERT INTO Health (id, account, last_date, last_time, temperature) VALUES (469, '223769196312230243', '20200528', '04:20:28', 35.8);
INSERT INTO Health (id, account, last_date, last_time, temperature) VALUES (470, '433095198412084129', '20200518', '03:12:07', 35.1);
INSERT INTO Health (id, account, last_date, last_time, temperature) VALUES (471, '625049195607141592', '20200528', '20:49:31', 35.1);
INSERT INTO Health (id, account, last_date, last_time, temperature) VALUES (472, '142494194112225782', '20200313', '04:28:01', 37.1);
INSERT INTO Health (id, account, last_date, last_time, temperature) VALUES (473, '231734194806295367', '20200213', '12:37:02', 35.4);
INSERT INTO Health (id, account, last_date, last_time, temperature) VALUES (474, '334710193506146427', '20200421', '19:56:02', 37);
INSERT INTO Health (id, account, last_date, last_time, temperature) VALUES (475, '374859196803246039', '20200513', '10:07:02', 36.7);
INSERT INTO Health (id, account, last_date, last_time, temperature) VALUES (476, '230696201210278096', '20200219', '22:41:27', 37.2);
INSERT INTO Health (id, account, last_date, last_time, temperature) VALUES (477, '224541193805273510', '20200323', '09:22:56', 36.8);
INSERT INTO Health (id, account, last_date, last_time, temperature) VALUES (478, '32465119490702167X', '20200528', '17:57:08', 36.1);
INSERT INTO Health (id, account, last_date, last_time, temperature) VALUES (479, '36336919300403367X', '20200419', '15:36:05', 37.6);
INSERT INTO Health (id, account, last_date, last_time, temperature) VALUES (480, '433238194611016981', '20200225', '10:12:10', 35.6);
INSERT INTO Health (id, account, last_date, last_time, temperature) VALUES (481, '232998193204182302', '20200312', '10:43:54', 37.4);
INSERT INTO Health (id, account, last_date, last_time, temperature) VALUES (482, '361147196005018657', '20200303', '05:35:48', 36.5);
INSERT INTO Health (id, account, last_date, last_time, temperature) VALUES (483, '621574194505156656', '20200324', '21:06:17', 35.5);
INSERT INTO Health (id, account, last_date, last_time, temperature) VALUES (484, '514285199703110854', '20200416', '23:57:33', 37.3);
INSERT INTO Health (id, account, last_date, last_time, temperature) VALUES (485, '151268200405017854', '20200216', '14:23:34', 37.1);
INSERT INTO Health (id, account, last_date, last_time, temperature) VALUES (486, '223938193206060360', '20200201', '23:24:18', 37.3);
INSERT INTO Health (id, account, last_date, last_time, temperature) VALUES (487, '534434195712238172', '20200524', '19:59:22', 36.1);
INSERT INTO Health (id, account, last_date, last_time, temperature) VALUES (488, '210756194407305512', '20200328', '07:19:10', 35.9);
INSERT INTO Health (id, account, last_date, last_time, temperature) VALUES (489, '813476197910032262', '20200531', '15:11:54', 36.5);
INSERT INTO Health (id, account, last_date, last_time, temperature) VALUES (490, '224428192509228362', '20200418', '07:30:12', 37.3);
INSERT INTO Health (id, account, last_date, last_time, temperature) VALUES (491, '642577198903176679', '20200311', '08:44:03', 35.1);
INSERT INTO Health (id, account, last_date, last_time, temperature) VALUES (492, '350998198203208242', '20200425', '18:55:37', 36.1);
INSERT INTO Health (id, account, last_date, last_time, temperature) VALUES (493, '52359519600316824X', '20200430', '12:31:22', 37.2);
INSERT INTO Health (id, account, last_date, last_time, temperature) VALUES (494, '432499200709241733', '20200226', '13:15:15', 36.4);
INSERT INTO Health (id, account, last_date, last_time, temperature) VALUES (495, '631931197402096894', '20200418', '14:17:20', 37);
INSERT INTO Health (id, account, last_date, last_time, temperature) VALUES (496, '132089200506039023', '20200328', '06:42:15', 36.8);
INSERT INTO Health (id, account, last_date, last_time, temperature) VALUES (497, '524837200606161791', '20200220', '05:43:07', 36.9);
INSERT INTO Health (id, account, last_date, last_time, temperature) VALUES (498, '542425194308049408', '20200310', '01:01:54', 36.1);
INSERT INTO Health (id, account, last_date, last_time, temperature) VALUES (499, '361949198106196893', '20200512', '20:54:51', 37);
INSERT INTO Health (id, account, last_date, last_time, temperature) VALUES (500, '324135195101224159', '20200316', '12:01:56', 37.2);
/* 共生成病人14个 */

/* 建立News信息 */
INSERT INTO News (account, date, time, title, abstract, content, cnt, visible) VALUES('124583198904229582', '20200422', '00:40:20', 'title 0', 'abstract 0', 'content 0', 251, true);
INSERT INTO News (account, date, time, title, abstract, content, cnt, visible) VALUES('214907192712194682', '20200504', '07:25:43', 'title 1', 'abstract 1', 'content 1', 497, false);
INSERT INTO News (account, date, time, title, abstract, content, cnt, visible) VALUES('422532194203090218', '20200403', '13:37:05', 'title 2', 'abstract 2', 'content 2', 156, true);
INSERT INTO News (account, date, time, title, abstract, content, cnt, visible) VALUES('422532194203090218', '20200208', '15:55:23', 'title 3', 'abstract 3', 'content 3', 193, true);
INSERT INTO News (account, date, time, title, abstract, content, cnt, visible) VALUES('422532194203090218', '20200505', '19:33:56', 'title 4', 'abstract 4', 'content 4', 52, false);
INSERT INTO News (account, date, time, title, abstract, content, cnt, visible) VALUES('124583198904229582', '20200501', '10:53:31', 'title 5', 'abstract 5', 'content 5', 103, true);
INSERT INTO News (account, date, time, title, abstract, content, cnt, visible) VALUES('124583198904229582', '20200220', '21:33:29', 'title 6', 'abstract 6', 'content 6', 449, true);
INSERT INTO News (account, date, time, title, abstract, content, cnt, visible) VALUES('422532194203090218', '20200414', '13:28:56', 'title 7', 'abstract 7', 'content 7', 256, true);
INSERT INTO News (account, date, time, title, abstract, content, cnt, visible) VALUES('124583198904229582', '20200222', '09:03:09', 'title 8', 'abstract 8', 'content 8', 94, true);
INSERT INTO News (account, date, time, title, abstract, content, cnt, visible) VALUES('332016198310258678', '20200413', '12:10:03', 'title 9', 'abstract 9', 'content 9', 471, true);
/* 共生成新闻10个 */

/* 建立Comments信息 */
INSERT INTO Comments (id, New_id, content, author, visible) VALUES(1, 1, 'content 0.1', '麦晓泽', true);
INSERT INTO Comments (id, New_id, content, author, visible) VALUES(2, 1, 'content 0.2', '欧建亚', true);
INSERT INTO Comments (id, New_id, content, author, visible) VALUES(3, 1, 'content 0.3', '宫睿牧', true);
INSERT INTO Comments (id, New_id, content, author, visible) VALUES(4, 1, 'content 0.4', '毛义飞', false);
INSERT INTO Comments (id, New_id, content, author, visible) VALUES(5, 1, 'content 0.5', '夏腾樱', true);
INSERT INTO Comments (id, New_id, content, author, visible) VALUES(6, 1, 'content 0.6', '钟昕轩', true);
INSERT INTO Comments (id, New_id, content, author, visible) VALUES(7, 1, 'content 0.7', '范佳', true);
INSERT INTO Comments (id, New_id, content, author, visible) VALUES(8, 1, 'content 0.8', '沈力良', true);
INSERT INTO Comments (id, New_id, content, author, visible) VALUES(9, 1, 'content 0.9', '付旭', true);
INSERT INTO Comments (id, New_id, content, author, visible) VALUES(10, 1, 'content 0.10', '颜音舒', true);
INSERT INTO Comments (id, New_id, content, author, visible) VALUES(11, 2, 'content 1.1', '任萌', false);
INSERT INTO Comments (id, New_id, content, author, visible) VALUES(12, 2, 'content 1.2', '山子', true);
INSERT INTO Comments (id, New_id, content, author, visible) VALUES(13, 2, 'content 1.3', '孟正薪', true);
INSERT INTO Comments (id, New_id, content, author, visible) VALUES(14, 2, 'content 1.4', '季炎柏', true);
INSERT INTO Comments (id, New_id, content, author, visible) VALUES(15, 2, 'content 1.5', '任有中', true);
INSERT INTO Comments (id, New_id, content, author, visible) VALUES(16, 2, 'content 1.6', '边源', true);
INSERT INTO Comments (id, New_id, content, author, visible) VALUES(17, 2, 'content 1.7', '部炜昕', true);
INSERT INTO Comments (id, New_id, content, author, visible) VALUES(18, 2, 'content 1.8', '於辰', false);
INSERT INTO Comments (id, New_id, content, author, visible) VALUES(19, 2, 'content 1.9', '傅凡', true);
INSERT INTO Comments (id, New_id, content, author, visible) VALUES(20, 2, 'content 1.10', '部振振', true);
INSERT INTO Comments (id, New_id, content, author, visible) VALUES(21, 3, 'content 2.1', '宫畅本', true);
INSERT INTO Comments (id, New_id, content, author, visible) VALUES(22, 3, 'content 2.2', '周朋', true);
INSERT INTO Comments (id, New_id, content, author, visible) VALUES(23, 3, 'content 2.3', '任宜', false);
INSERT INTO Comments (id, New_id, content, author, visible) VALUES(24, 3, 'content 2.4', '安振', true);
INSERT INTO Comments (id, New_id, content, author, visible) VALUES(25, 3, 'content 2.5', '康良依', true);
INSERT INTO Comments (id, New_id, content, author, visible) VALUES(26, 3, 'content 2.6', '王轩', true);
INSERT INTO Comments (id, New_id, content, author, visible) VALUES(27, 3, 'content 2.7', '毛义飞', true);
INSERT INTO Comments (id, New_id, content, author, visible) VALUES(28, 3, 'content 2.8', '鲁菲义', true);
INSERT INTO Comments (id, New_id, content, author, visible) VALUES(29, 3, 'content 2.9', '吴雅龙', true);
INSERT INTO Comments (id, New_id, content, author, visible) VALUES(30, 3, 'content 2.10', '季泽子', true);
INSERT INTO Comments (id, New_id, content, author, visible) VALUES(31, 4, 'content 3.1', '许睿铭', true);
INSERT INTO Comments (id, New_id, content, author, visible) VALUES(32, 4, 'content 3.2', '盛家轩', true);
INSERT INTO Comments (id, New_id, content, author, visible) VALUES(33, 4, 'content 3.3', '欧樱', true);
INSERT INTO Comments (id, New_id, content, author, visible) VALUES(34, 4, 'content 3.4', '夏腾樱', true);
INSERT INTO Comments (id, New_id, content, author, visible) VALUES(35, 4, 'content 3.5', '山子', true);
INSERT INTO Comments (id, New_id, content, author, visible) VALUES(36, 4, 'content 3.6', '符炜航', true);
INSERT INTO Comments (id, New_id, content, author, visible) VALUES(37, 4, 'content 3.7', '武天家', true);
INSERT INTO Comments (id, New_id, content, author, visible) VALUES(38, 4, 'content 3.8', '钱轩天', true);
INSERT INTO Comments (id, New_id, content, author, visible) VALUES(39, 4, 'content 3.9', '裴令翔', true);
INSERT INTO Comments (id, New_id, content, author, visible) VALUES(40, 4, 'content 3.10', '山萱阳', true);
INSERT INTO Comments (id, New_id, content, author, visible) VALUES(41, 5, 'content 4.1', '曹源嘉', true);
INSERT INTO Comments (id, New_id, content, author, visible) VALUES(42, 5, 'content 4.2', '韩颖千', true);
INSERT INTO Comments (id, New_id, content, author, visible) VALUES(43, 5, 'content 4.3', '范佳', true);
INSERT INTO Comments (id, New_id, content, author, visible) VALUES(44, 5, 'content 4.4', '崔宇', true);
INSERT INTO Comments (id, New_id, content, author, visible) VALUES(45, 5, 'content 4.5', '康腾馨', true);
INSERT INTO Comments (id, New_id, content, author, visible) VALUES(46, 5, 'content 4.6', '周舒', true);
INSERT INTO Comments (id, New_id, content, author, visible) VALUES(47, 5, 'content 4.7', '张雯', true);
INSERT INTO Comments (id, New_id, content, author, visible) VALUES(48, 5, 'content 4.8', '邵音灯', true);
INSERT INTO Comments (id, New_id, content, author, visible) VALUES(49, 5, 'content 4.9', '孟奕雯', true);
INSERT INTO Comments (id, New_id, content, author, visible) VALUES(50, 5, 'content 4.10', '尹民萱', true);
INSERT INTO Comments (id, New_id, content, author, visible) VALUES(51, 6, 'content 5.1', '於洁哲', true);
INSERT INTO Comments (id, New_id, content, author, visible) VALUES(52, 6, 'content 5.2', '江静', true);
INSERT INTO Comments (id, New_id, content, author, visible) VALUES(53, 6, 'content 5.3', '柳露凌', true);
INSERT INTO Comments (id, New_id, content, author, visible) VALUES(54, 6, 'content 5.4', '徐静萱', true);
INSERT INTO Comments (id, New_id, content, author, visible) VALUES(55, 6, 'content 5.5', '吴雯菲', true);
INSERT INTO Comments (id, New_id, content, author, visible) VALUES(56, 6, 'content 5.6', '边源', false);
INSERT INTO Comments (id, New_id, content, author, visible) VALUES(57, 6, 'content 5.7', '肖龙煜', true);
INSERT INTO Comments (id, New_id, content, author, visible) VALUES(58, 6, 'content 5.8', '靳千', true);
INSERT INTO Comments (id, New_id, content, author, visible) VALUES(59, 6, 'content 5.9', '孟言露', true);
INSERT INTO Comments (id, New_id, content, author, visible) VALUES(60, 6, 'content 5.10', '任宜', true);
INSERT INTO Comments (id, New_id, content, author, visible) VALUES(61, 7, 'content 6.1', '钟昕轩', true);
INSERT INTO Comments (id, New_id, content, author, visible) VALUES(62, 7, 'content 6.2', '陆新', true);
INSERT INTO Comments (id, New_id, content, author, visible) VALUES(63, 7, 'content 6.3', '隽腾', true);
INSERT INTO Comments (id, New_id, content, author, visible) VALUES(64, 7, 'content 6.4', '钱瀚铭', true);
INSERT INTO Comments (id, New_id, content, author, visible) VALUES(65, 7, 'content 6.5', '尹民萱', false);
INSERT INTO Comments (id, New_id, content, author, visible) VALUES(66, 7, 'content 6.6', '孙中', true);
INSERT INTO Comments (id, New_id, content, author, visible) VALUES(67, 7, 'content 6.7', '昌睿晓', true);
INSERT INTO Comments (id, New_id, content, author, visible) VALUES(68, 7, 'content 6.8', '孙颖兮', true);
INSERT INTO Comments (id, New_id, content, author, visible) VALUES(69, 7, 'content 6.9', '邱有灯', true);
INSERT INTO Comments (id, New_id, content, author, visible) VALUES(70, 7, 'content 6.10', '颜赛', true);
INSERT INTO Comments (id, New_id, content, author, visible) VALUES(71, 8, 'content 7.1', '郑旭天', true);
INSERT INTO Comments (id, New_id, content, author, visible) VALUES(72, 8, 'content 7.2', '宫依', true);
INSERT INTO Comments (id, New_id, content, author, visible) VALUES(73, 8, 'content 7.3', '盛宇宇', true);
INSERT INTO Comments (id, New_id, content, author, visible) VALUES(74, 8, 'content 7.4', '黄诺昕', true);
INSERT INTO Comments (id, New_id, content, author, visible) VALUES(75, 8, 'content 7.5', '武天家', true);
INSERT INTO Comments (id, New_id, content, author, visible) VALUES(76, 8, 'content 7.6', '孙中', true);
INSERT INTO Comments (id, New_id, content, author, visible) VALUES(77, 8, 'content 7.7', '宫千薪', true);
INSERT INTO Comments (id, New_id, content, author, visible) VALUES(78, 8, 'content 7.8', '吴可义', true);
INSERT INTO Comments (id, New_id, content, author, visible) VALUES(79, 8, 'content 7.9', '岳子子', true);
INSERT INTO Comments (id, New_id, content, author, visible) VALUES(80, 8, 'content 7.10', '范静', true);
INSERT INTO Comments (id, New_id, content, author, visible) VALUES(81, 9, 'content 8.1', '许樱', true);
INSERT INTO Comments (id, New_id, content, author, visible) VALUES(82, 9, 'content 8.2', '范静', true);
INSERT INTO Comments (id, New_id, content, author, visible) VALUES(83, 9, 'content 8.3', '傅凡', true);
INSERT INTO Comments (id, New_id, content, author, visible) VALUES(84, 9, 'content 8.4', '宫睿牧', true);
INSERT INTO Comments (id, New_id, content, author, visible) VALUES(85, 9, 'content 8.5', '吕源霄', true);
INSERT INTO Comments (id, New_id, content, author, visible) VALUES(86, 9, 'content 8.6', '曲冠凡', true);
INSERT INTO Comments (id, New_id, content, author, visible) VALUES(87, 9, 'content 8.7', '燕倨畅', true);
INSERT INTO Comments (id, New_id, content, author, visible) VALUES(88, 9, 'content 8.8', '姚夫', true);
INSERT INTO Comments (id, New_id, content, author, visible) VALUES(89, 9, 'content 8.9', '於辰', true);
INSERT INTO Comments (id, New_id, content, author, visible) VALUES(90, 9, 'content 8.10', '昌睿圆', true);
INSERT INTO Comments (id, New_id, content, author, visible) VALUES(91, 10, 'content 9.1', '鲁圣建', true);
INSERT INTO Comments (id, New_id, content, author, visible) VALUES(92, 10, 'content 9.2', '路宇伟', true);
INSERT INTO Comments (id, New_id, content, author, visible) VALUES(93, 10, 'content 9.3', '侯毅', false);
INSERT INTO Comments (id, New_id, content, author, visible) VALUES(94, 10, 'content 9.4', '寻辰杰', true);
INSERT INTO Comments (id, New_id, content, author, visible) VALUES(95, 10, 'content 9.5', '曲铭琦', true);
INSERT INTO Comments (id, New_id, content, author, visible) VALUES(96, 10, 'content 9.6', '齐龙翔', false);
INSERT INTO Comments (id, New_id, content, author, visible) VALUES(97, 10, 'content 9.7', '邱辰旭', true);
INSERT INTO Comments (id, New_id, content, author, visible) VALUES(98, 10, 'content 9.8', '审雯', true);
INSERT INTO Comments (id, New_id, content, author, visible) VALUES(99, 10, 'content 9.9', '陈正音', true);
INSERT INTO Comments (id, New_id, content, author, visible) VALUES(100, 10, 'content 9.10', '崔赛', true);
/* 共生成评论100条 */

/* 建立Team信息 */
INSERT INTO Team (name, abstract, gitCnt, memCnt, days, files) VALUES ('NoCov','这里是团队介绍', 100, 5, 30, 100);

/* 建立Transaction信息 */
INSERT INTO Transactions (id, account, start_time, end_time, info, is_finished) VALUES (1, '630697194007108499', '20200312,12:50:15', '20200506,14:05:12', 'info 0', false);
INSERT INTO Transactions (id, account, start_time, end_time, info, is_finished) VALUES (2, '353985195011093602', '20200402,17:41:20', '20200425,18:56:09', 'info 1', false);
INSERT INTO Transactions (id, account, start_time, end_time, info, is_finished) VALUES (3, '123131195707161516', '20200228,12:08:57', '20200520,08:03:43', 'info 2', false);
INSERT INTO Transactions (id, account, start_time, end_time, info, is_finished) VALUES (4, '631461192905065735', '20200403,13:19:20', '20200511,03:30:36', 'info 3', false);
INSERT INTO Transactions (id, account, start_time, end_time, info, is_finished) VALUES (5, '350104200702187137', '20200319,11:57:26', '20200522,17:41:16', 'info 4', false);
/* 共生产代办事务5条 */

/* 批量生成password_hash，初值为1234 */
UPDATE User SET password_hash = '$2y$13$dg4FlrrcXjMmvWznC3XUhehaTTZ/xfKXNpEYbSt8o3Q/9b9xonHLC' WHERE account = '134477193912295079';
UPDATE User SET password_hash = '$2y$13$dg4FlrrcXjMmvWznC3XUhehaTTZ/xfKXNpEYbSt8o3Q/9b9xonHLC' WHERE account = '712969193602043371';
UPDATE User SET password_hash = '$2y$13$dg4FlrrcXjMmvWznC3XUhehaTTZ/xfKXNpEYbSt8o3Q/9b9xonHLC' WHERE account = '372013196606067783';
UPDATE User SET password_hash = '$2y$13$dg4FlrrcXjMmvWznC3XUhehaTTZ/xfKXNpEYbSt8o3Q/9b9xonHLC' WHERE account = '330747193205212989';
UPDATE User SET password_hash = '$2y$13$dg4FlrrcXjMmvWznC3XUhehaTTZ/xfKXNpEYbSt8o3Q/9b9xonHLC' WHERE account = '364548193309011699';
UPDATE User SET password_hash = '$2y$13$dg4FlrrcXjMmvWznC3XUhehaTTZ/xfKXNpEYbSt8o3Q/9b9xonHLC' WHERE account = '212226192902083827';
UPDATE User SET password_hash = '$2y$13$dg4FlrrcXjMmvWznC3XUhehaTTZ/xfKXNpEYbSt8o3Q/9b9xonHLC' WHERE account = '53362320051209213X';
UPDATE User SET password_hash = '$2y$13$dg4FlrrcXjMmvWznC3XUhehaTTZ/xfKXNpEYbSt8o3Q/9b9xonHLC' WHERE account = '220377196109251712';
UPDATE User SET password_hash = '$2y$13$dg4FlrrcXjMmvWznC3XUhehaTTZ/xfKXNpEYbSt8o3Q/9b9xonHLC' WHERE account = '511489199005130387';
UPDATE User SET password_hash = '$2y$13$dg4FlrrcXjMmvWznC3XUhehaTTZ/xfKXNpEYbSt8o3Q/9b9xonHLC' WHERE account = '224942193108087678';
UPDATE User SET password_hash = '$2y$13$dg4FlrrcXjMmvWznC3XUhehaTTZ/xfKXNpEYbSt8o3Q/9b9xonHLC' WHERE account = '12472919730309170X';
UPDATE User SET password_hash = '$2y$13$dg4FlrrcXjMmvWznC3XUhehaTTZ/xfKXNpEYbSt8o3Q/9b9xonHLC' WHERE account = '811425193904268900';
UPDATE User SET password_hash = '$2y$13$dg4FlrrcXjMmvWznC3XUhehaTTZ/xfKXNpEYbSt8o3Q/9b9xonHLC' WHERE account = '462667193712040777';
UPDATE User SET password_hash = '$2y$13$dg4FlrrcXjMmvWznC3XUhehaTTZ/xfKXNpEYbSt8o3Q/9b9xonHLC' WHERE account = '364077194201022803';
UPDATE User SET password_hash = '$2y$13$dg4FlrrcXjMmvWznC3XUhehaTTZ/xfKXNpEYbSt8o3Q/9b9xonHLC' WHERE account = '625085193212290945';
UPDATE User SET password_hash = '$2y$13$dg4FlrrcXjMmvWznC3XUhehaTTZ/xfKXNpEYbSt8o3Q/9b9xonHLC' WHERE account = '504582193510110956';
UPDATE User SET password_hash = '$2y$13$dg4FlrrcXjMmvWznC3XUhehaTTZ/xfKXNpEYbSt8o3Q/9b9xonHLC' WHERE account = '142994201003121519';
UPDATE User SET password_hash = '$2y$13$dg4FlrrcXjMmvWznC3XUhehaTTZ/xfKXNpEYbSt8o3Q/9b9xonHLC' WHERE account = '814653196909280999';
UPDATE User SET password_hash = '$2y$13$dg4FlrrcXjMmvWznC3XUhehaTTZ/xfKXNpEYbSt8o3Q/9b9xonHLC' WHERE account = '222135196202123799';
UPDATE User SET password_hash = '$2y$13$dg4FlrrcXjMmvWznC3XUhehaTTZ/xfKXNpEYbSt8o3Q/9b9xonHLC' WHERE account = '622597197811147076';
UPDATE User SET password_hash = '$2y$13$dg4FlrrcXjMmvWznC3XUhehaTTZ/xfKXNpEYbSt8o3Q/9b9xonHLC' WHERE account = '344118198601087471';
UPDATE User SET password_hash = '$2y$13$dg4FlrrcXjMmvWznC3XUhehaTTZ/xfKXNpEYbSt8o3Q/9b9xonHLC' WHERE account = '213173199708107613';
UPDATE User SET password_hash = '$2y$13$dg4FlrrcXjMmvWznC3XUhehaTTZ/xfKXNpEYbSt8o3Q/9b9xonHLC' WHERE account = '522976200811231256';
UPDATE User SET password_hash = '$2y$13$dg4FlrrcXjMmvWznC3XUhehaTTZ/xfKXNpEYbSt8o3Q/9b9xonHLC' WHERE account = '64245919960802008X';
UPDATE User SET password_hash = '$2y$13$dg4FlrrcXjMmvWznC3XUhehaTTZ/xfKXNpEYbSt8o3Q/9b9xonHLC' WHERE account = '211487198107253217';
UPDATE User SET password_hash = '$2y$13$dg4FlrrcXjMmvWznC3XUhehaTTZ/xfKXNpEYbSt8o3Q/9b9xonHLC' WHERE account = '640266197605182074';
UPDATE User SET password_hash = '$2y$13$dg4FlrrcXjMmvWznC3XUhehaTTZ/xfKXNpEYbSt8o3Q/9b9xonHLC' WHERE account = '711818201409134371';
UPDATE User SET password_hash = '$2y$13$dg4FlrrcXjMmvWznC3XUhehaTTZ/xfKXNpEYbSt8o3Q/9b9xonHLC' WHERE account = '444297199609159329';
UPDATE User SET password_hash = '$2y$13$dg4FlrrcXjMmvWznC3XUhehaTTZ/xfKXNpEYbSt8o3Q/9b9xonHLC' WHERE account = '533847200804184365';
UPDATE User SET password_hash = '$2y$13$dg4FlrrcXjMmvWznC3XUhehaTTZ/xfKXNpEYbSt8o3Q/9b9xonHLC' WHERE account = '441832197002171922';
UPDATE User SET password_hash = '$2y$13$dg4FlrrcXjMmvWznC3XUhehaTTZ/xfKXNpEYbSt8o3Q/9b9xonHLC' WHERE account = '114761199011241092';
UPDATE User SET password_hash = '$2y$13$dg4FlrrcXjMmvWznC3XUhehaTTZ/xfKXNpEYbSt8o3Q/9b9xonHLC' WHERE account = '333711197711291285';
UPDATE User SET password_hash = '$2y$13$dg4FlrrcXjMmvWznC3XUhehaTTZ/xfKXNpEYbSt8o3Q/9b9xonHLC' WHERE account = '541764194207288417';
UPDATE User SET password_hash = '$2y$13$dg4FlrrcXjMmvWznC3XUhehaTTZ/xfKXNpEYbSt8o3Q/9b9xonHLC' WHERE account = '440646201201176832';
UPDATE User SET password_hash = '$2y$13$dg4FlrrcXjMmvWznC3XUhehaTTZ/xfKXNpEYbSt8o3Q/9b9xonHLC' WHERE account = '824984195904200714';
UPDATE User SET password_hash = '$2y$13$dg4FlrrcXjMmvWznC3XUhehaTTZ/xfKXNpEYbSt8o3Q/9b9xonHLC' WHERE account = '502676198904080242';
UPDATE User SET password_hash = '$2y$13$dg4FlrrcXjMmvWznC3XUhehaTTZ/xfKXNpEYbSt8o3Q/9b9xonHLC' WHERE account = '211147198502194996';
UPDATE User SET password_hash = '$2y$13$dg4FlrrcXjMmvWznC3XUhehaTTZ/xfKXNpEYbSt8o3Q/9b9xonHLC' WHERE account = '151007194509299466';
UPDATE User SET password_hash = '$2y$13$dg4FlrrcXjMmvWznC3XUhehaTTZ/xfKXNpEYbSt8o3Q/9b9xonHLC' WHERE account = '644267196905060917';
UPDATE User SET password_hash = '$2y$13$dg4FlrrcXjMmvWznC3XUhehaTTZ/xfKXNpEYbSt8o3Q/9b9xonHLC' WHERE account = '41182619410215436X';
UPDATE User SET password_hash = '$2y$13$dg4FlrrcXjMmvWznC3XUhehaTTZ/xfKXNpEYbSt8o3Q/9b9xonHLC' WHERE account = '331999201401260446';
UPDATE User SET password_hash = '$2y$13$dg4FlrrcXjMmvWznC3XUhehaTTZ/xfKXNpEYbSt8o3Q/9b9xonHLC' WHERE account = '454624195102222240';
UPDATE User SET password_hash = '$2y$13$dg4FlrrcXjMmvWznC3XUhehaTTZ/xfKXNpEYbSt8o3Q/9b9xonHLC' WHERE account = '515020192502094853';
UPDATE User SET password_hash = '$2y$13$dg4FlrrcXjMmvWznC3XUhehaTTZ/xfKXNpEYbSt8o3Q/9b9xonHLC' WHERE account = '422246201407290263';
UPDATE User SET password_hash = '$2y$13$dg4FlrrcXjMmvWznC3XUhehaTTZ/xfKXNpEYbSt8o3Q/9b9xonHLC' WHERE account = '511323199112061473';
UPDATE User SET password_hash = '$2y$13$dg4FlrrcXjMmvWznC3XUhehaTTZ/xfKXNpEYbSt8o3Q/9b9xonHLC' WHERE account = '613620193805198760';
UPDATE User SET password_hash = '$2y$13$dg4FlrrcXjMmvWznC3XUhehaTTZ/xfKXNpEYbSt8o3Q/9b9xonHLC' WHERE account = '710270197003265814';
UPDATE User SET password_hash = '$2y$13$dg4FlrrcXjMmvWznC3XUhehaTTZ/xfKXNpEYbSt8o3Q/9b9xonHLC' WHERE account = '332016198310258678';
UPDATE User SET password_hash = '$2y$13$dg4FlrrcXjMmvWznC3XUhehaTTZ/xfKXNpEYbSt8o3Q/9b9xonHLC' WHERE account = '651936199106251860';
UPDATE User SET password_hash = '$2y$13$dg4FlrrcXjMmvWznC3XUhehaTTZ/xfKXNpEYbSt8o3Q/9b9xonHLC' WHERE account = '352174193311179078';
UPDATE User SET password_hash = '$2y$13$dg4FlrrcXjMmvWznC3XUhehaTTZ/xfKXNpEYbSt8o3Q/9b9xonHLC' WHERE account = '634299195008262626';
UPDATE User SET password_hash = '$2y$13$dg4FlrrcXjMmvWznC3XUhehaTTZ/xfKXNpEYbSt8o3Q/9b9xonHLC' WHERE account = '372084194403244236';
UPDATE User SET password_hash = '$2y$13$dg4FlrrcXjMmvWznC3XUhehaTTZ/xfKXNpEYbSt8o3Q/9b9xonHLC' WHERE account = '324952200403039402';
UPDATE User SET password_hash = '$2y$13$dg4FlrrcXjMmvWznC3XUhehaTTZ/xfKXNpEYbSt8o3Q/9b9xonHLC' WHERE account = '153660196707269070';
UPDATE User SET password_hash = '$2y$13$dg4FlrrcXjMmvWznC3XUhehaTTZ/xfKXNpEYbSt8o3Q/9b9xonHLC' WHERE account = '500729196407133436';
UPDATE User SET password_hash = '$2y$13$dg4FlrrcXjMmvWznC3XUhehaTTZ/xfKXNpEYbSt8o3Q/9b9xonHLC' WHERE account = '36035819631105007X';
UPDATE User SET password_hash = '$2y$13$dg4FlrrcXjMmvWznC3XUhehaTTZ/xfKXNpEYbSt8o3Q/9b9xonHLC' WHERE account = '623939199905315690';
UPDATE User SET password_hash = '$2y$13$dg4FlrrcXjMmvWznC3XUhehaTTZ/xfKXNpEYbSt8o3Q/9b9xonHLC' WHERE account = '822103201309212066';
UPDATE User SET password_hash = '$2y$13$dg4FlrrcXjMmvWznC3XUhehaTTZ/xfKXNpEYbSt8o3Q/9b9xonHLC' WHERE account = '613762197701254432';
UPDATE User SET password_hash = '$2y$13$dg4FlrrcXjMmvWznC3XUhehaTTZ/xfKXNpEYbSt8o3Q/9b9xonHLC' WHERE account = '653697194201195522';
UPDATE User SET password_hash = '$2y$13$dg4FlrrcXjMmvWznC3XUhehaTTZ/xfKXNpEYbSt8o3Q/9b9xonHLC' WHERE account = '353647192608270347';
UPDATE User SET password_hash = '$2y$13$dg4FlrrcXjMmvWznC3XUhehaTTZ/xfKXNpEYbSt8o3Q/9b9xonHLC' WHERE account = '133184195408183698';
UPDATE User SET password_hash = '$2y$13$dg4FlrrcXjMmvWznC3XUhehaTTZ/xfKXNpEYbSt8o3Q/9b9xonHLC' WHERE account = '421086201312222234';
UPDATE User SET password_hash = '$2y$13$dg4FlrrcXjMmvWznC3XUhehaTTZ/xfKXNpEYbSt8o3Q/9b9xonHLC' WHERE account = '140546196006247682';
UPDATE User SET password_hash = '$2y$13$dg4FlrrcXjMmvWznC3XUhehaTTZ/xfKXNpEYbSt8o3Q/9b9xonHLC' WHERE account = '710828196105130288';
UPDATE User SET password_hash = '$2y$13$dg4FlrrcXjMmvWznC3XUhehaTTZ/xfKXNpEYbSt8o3Q/9b9xonHLC' WHERE account = '504294199909291479';
UPDATE User SET password_hash = '$2y$13$dg4FlrrcXjMmvWznC3XUhehaTTZ/xfKXNpEYbSt8o3Q/9b9xonHLC' WHERE account = '611616192808133373';
UPDATE User SET password_hash = '$2y$13$dg4FlrrcXjMmvWznC3XUhehaTTZ/xfKXNpEYbSt8o3Q/9b9xonHLC' WHERE account = '153645192610105850';
UPDATE User SET password_hash = '$2y$13$dg4FlrrcXjMmvWznC3XUhehaTTZ/xfKXNpEYbSt8o3Q/9b9xonHLC' WHERE account = '362760199011102843';
UPDATE User SET password_hash = '$2y$13$dg4FlrrcXjMmvWznC3XUhehaTTZ/xfKXNpEYbSt8o3Q/9b9xonHLC' WHERE account = '500793195112199711';
UPDATE User SET password_hash = '$2y$13$dg4FlrrcXjMmvWznC3XUhehaTTZ/xfKXNpEYbSt8o3Q/9b9xonHLC' WHERE account = '614871194101194437';
UPDATE User SET password_hash = '$2y$13$dg4FlrrcXjMmvWznC3XUhehaTTZ/xfKXNpEYbSt8o3Q/9b9xonHLC' WHERE account = '81067020070513142X';
UPDATE User SET password_hash = '$2y$13$dg4FlrrcXjMmvWznC3XUhehaTTZ/xfKXNpEYbSt8o3Q/9b9xonHLC' WHERE account = '313510197112069211';
UPDATE User SET password_hash = '$2y$13$dg4FlrrcXjMmvWznC3XUhehaTTZ/xfKXNpEYbSt8o3Q/9b9xonHLC' WHERE account = '41423219980223291X';
UPDATE User SET password_hash = '$2y$13$dg4FlrrcXjMmvWznC3XUhehaTTZ/xfKXNpEYbSt8o3Q/9b9xonHLC' WHERE account = '501654200807102646';
UPDATE User SET password_hash = '$2y$13$dg4FlrrcXjMmvWznC3XUhehaTTZ/xfKXNpEYbSt8o3Q/9b9xonHLC' WHERE account = '211997194002063657';
UPDATE User SET password_hash = '$2y$13$dg4FlrrcXjMmvWznC3XUhehaTTZ/xfKXNpEYbSt8o3Q/9b9xonHLC' WHERE account = '134560196309188859';
UPDATE User SET password_hash = '$2y$13$dg4FlrrcXjMmvWznC3XUhehaTTZ/xfKXNpEYbSt8o3Q/9b9xonHLC' WHERE account = '345046200907101313';
UPDATE User SET password_hash = '$2y$13$dg4FlrrcXjMmvWznC3XUhehaTTZ/xfKXNpEYbSt8o3Q/9b9xonHLC' WHERE account = '371360200807196987';
UPDATE User SET password_hash = '$2y$13$dg4FlrrcXjMmvWznC3XUhehaTTZ/xfKXNpEYbSt8o3Q/9b9xonHLC' WHERE account = '63165319901204193X';
UPDATE User SET password_hash = '$2y$13$dg4FlrrcXjMmvWznC3XUhehaTTZ/xfKXNpEYbSt8o3Q/9b9xonHLC' WHERE account = '520611201003129250';
UPDATE User SET password_hash = '$2y$13$dg4FlrrcXjMmvWznC3XUhehaTTZ/xfKXNpEYbSt8o3Q/9b9xonHLC' WHERE account = '360378196307024361';
UPDATE User SET password_hash = '$2y$13$dg4FlrrcXjMmvWznC3XUhehaTTZ/xfKXNpEYbSt8o3Q/9b9xonHLC' WHERE account = '541913197811086680';
UPDATE User SET password_hash = '$2y$13$dg4FlrrcXjMmvWznC3XUhehaTTZ/xfKXNpEYbSt8o3Q/9b9xonHLC' WHERE account = '350104200702187137';
UPDATE User SET password_hash = '$2y$13$dg4FlrrcXjMmvWznC3XUhehaTTZ/xfKXNpEYbSt8o3Q/9b9xonHLC' WHERE account = '520140200412072660';
UPDATE User SET password_hash = '$2y$13$dg4FlrrcXjMmvWznC3XUhehaTTZ/xfKXNpEYbSt8o3Q/9b9xonHLC' WHERE account = '820819195809196585';
UPDATE User SET password_hash = '$2y$13$dg4FlrrcXjMmvWznC3XUhehaTTZ/xfKXNpEYbSt8o3Q/9b9xonHLC' WHERE account = '50476319360927113X';
UPDATE User SET password_hash = '$2y$13$dg4FlrrcXjMmvWznC3XUhehaTTZ/xfKXNpEYbSt8o3Q/9b9xonHLC' WHERE account = '523472199502238786';
UPDATE User SET password_hash = '$2y$13$dg4FlrrcXjMmvWznC3XUhehaTTZ/xfKXNpEYbSt8o3Q/9b9xonHLC' WHERE account = '710652194801319216';
UPDATE User SET password_hash = '$2y$13$dg4FlrrcXjMmvWznC3XUhehaTTZ/xfKXNpEYbSt8o3Q/9b9xonHLC' WHERE account = '632676192406135834';
UPDATE User SET password_hash = '$2y$13$dg4FlrrcXjMmvWznC3XUhehaTTZ/xfKXNpEYbSt8o3Q/9b9xonHLC' WHERE account = '310814195002012604';
UPDATE User SET password_hash = '$2y$13$dg4FlrrcXjMmvWznC3XUhehaTTZ/xfKXNpEYbSt8o3Q/9b9xonHLC' WHERE account = '232293194702158467';
UPDATE User SET password_hash = '$2y$13$dg4FlrrcXjMmvWznC3XUhehaTTZ/xfKXNpEYbSt8o3Q/9b9xonHLC' WHERE account = '41236719550220610X';
UPDATE User SET password_hash = '$2y$13$dg4FlrrcXjMmvWznC3XUhehaTTZ/xfKXNpEYbSt8o3Q/9b9xonHLC' WHERE account = '642185193506297716';
UPDATE User SET password_hash = '$2y$13$dg4FlrrcXjMmvWznC3XUhehaTTZ/xfKXNpEYbSt8o3Q/9b9xonHLC' WHERE account = '644218201411082380';
UPDATE User SET password_hash = '$2y$13$dg4FlrrcXjMmvWznC3XUhehaTTZ/xfKXNpEYbSt8o3Q/9b9xonHLC' WHERE account = '14126819440201696X';
UPDATE User SET password_hash = '$2y$13$dg4FlrrcXjMmvWznC3XUhehaTTZ/xfKXNpEYbSt8o3Q/9b9xonHLC' WHERE account = '611175201109096664';
UPDATE User SET password_hash = '$2y$13$dg4FlrrcXjMmvWznC3XUhehaTTZ/xfKXNpEYbSt8o3Q/9b9xonHLC' WHERE account = '433537198305263382';
UPDATE User SET password_hash = '$2y$13$dg4FlrrcXjMmvWznC3XUhehaTTZ/xfKXNpEYbSt8o3Q/9b9xonHLC' WHERE account = '343762193612112572';
UPDATE User SET password_hash = '$2y$13$dg4FlrrcXjMmvWznC3XUhehaTTZ/xfKXNpEYbSt8o3Q/9b9xonHLC' WHERE account = '364569195501138403';
UPDATE User SET password_hash = '$2y$13$dg4FlrrcXjMmvWznC3XUhehaTTZ/xfKXNpEYbSt8o3Q/9b9xonHLC' WHERE account = '631668200805149831';
UPDATE User SET password_hash = '$2y$13$dg4FlrrcXjMmvWznC3XUhehaTTZ/xfKXNpEYbSt8o3Q/9b9xonHLC' WHERE account = '152196196005285223';
UPDATE User SET password_hash = '$2y$13$dg4FlrrcXjMmvWznC3XUhehaTTZ/xfKXNpEYbSt8o3Q/9b9xonHLC' WHERE account = '514187198603302721';
UPDATE User SET password_hash = '$2y$13$dg4FlrrcXjMmvWznC3XUhehaTTZ/xfKXNpEYbSt8o3Q/9b9xonHLC' WHERE account = '451671200504196769';
UPDATE User SET password_hash = '$2y$13$dg4FlrrcXjMmvWznC3XUhehaTTZ/xfKXNpEYbSt8o3Q/9b9xonHLC' WHERE account = '451293193709118180';
UPDATE User SET password_hash = '$2y$13$dg4FlrrcXjMmvWznC3XUhehaTTZ/xfKXNpEYbSt8o3Q/9b9xonHLC' WHERE account = '151411196008121831';
UPDATE User SET password_hash = '$2y$13$dg4FlrrcXjMmvWznC3XUhehaTTZ/xfKXNpEYbSt8o3Q/9b9xonHLC' WHERE account = '342136195001102209';
UPDATE User SET password_hash = '$2y$13$dg4FlrrcXjMmvWznC3XUhehaTTZ/xfKXNpEYbSt8o3Q/9b9xonHLC' WHERE account = '51277719650916186X';
UPDATE User SET password_hash = '$2y$13$dg4FlrrcXjMmvWznC3XUhehaTTZ/xfKXNpEYbSt8o3Q/9b9xonHLC' WHERE account = '363026195212118988';
UPDATE User SET password_hash = '$2y$13$dg4FlrrcXjMmvWznC3XUhehaTTZ/xfKXNpEYbSt8o3Q/9b9xonHLC' WHERE account = '424816195702234185';
UPDATE User SET password_hash = '$2y$13$dg4FlrrcXjMmvWznC3XUhehaTTZ/xfKXNpEYbSt8o3Q/9b9xonHLC' WHERE account = '422652195601202497';
UPDATE User SET password_hash = '$2y$13$dg4FlrrcXjMmvWznC3XUhehaTTZ/xfKXNpEYbSt8o3Q/9b9xonHLC' WHERE account = '513061196410201651';
UPDATE User SET password_hash = '$2y$13$dg4FlrrcXjMmvWznC3XUhehaTTZ/xfKXNpEYbSt8o3Q/9b9xonHLC' WHERE account = '140811195002155898';
UPDATE User SET password_hash = '$2y$13$dg4FlrrcXjMmvWznC3XUhehaTTZ/xfKXNpEYbSt8o3Q/9b9xonHLC' WHERE account = '431912193812051567';
UPDATE User SET password_hash = '$2y$13$dg4FlrrcXjMmvWznC3XUhehaTTZ/xfKXNpEYbSt8o3Q/9b9xonHLC' WHERE account = '654462201306118553';
UPDATE User SET password_hash = '$2y$13$dg4FlrrcXjMmvWznC3XUhehaTTZ/xfKXNpEYbSt8o3Q/9b9xonHLC' WHERE account = '442273194102266877';
UPDATE User SET password_hash = '$2y$13$dg4FlrrcXjMmvWznC3XUhehaTTZ/xfKXNpEYbSt8o3Q/9b9xonHLC' WHERE account = '502208197305063222';
UPDATE User SET password_hash = '$2y$13$dg4FlrrcXjMmvWznC3XUhehaTTZ/xfKXNpEYbSt8o3Q/9b9xonHLC' WHERE account = '452401193711136034';
UPDATE User SET password_hash = '$2y$13$dg4FlrrcXjMmvWznC3XUhehaTTZ/xfKXNpEYbSt8o3Q/9b9xonHLC' WHERE account = '112398192401064492';
UPDATE User SET password_hash = '$2y$13$dg4FlrrcXjMmvWznC3XUhehaTTZ/xfKXNpEYbSt8o3Q/9b9xonHLC' WHERE account = '61454419760109765X';
UPDATE User SET password_hash = '$2y$13$dg4FlrrcXjMmvWznC3XUhehaTTZ/xfKXNpEYbSt8o3Q/9b9xonHLC' WHERE account = '124583198904229582';
UPDATE User SET password_hash = '$2y$13$dg4FlrrcXjMmvWznC3XUhehaTTZ/xfKXNpEYbSt8o3Q/9b9xonHLC' WHERE account = '52069219671124264X';
UPDATE User SET password_hash = '$2y$13$dg4FlrrcXjMmvWznC3XUhehaTTZ/xfKXNpEYbSt8o3Q/9b9xonHLC' WHERE account = '231266198403076170';
UPDATE User SET password_hash = '$2y$13$dg4FlrrcXjMmvWznC3XUhehaTTZ/xfKXNpEYbSt8o3Q/9b9xonHLC' WHERE account = '523263192511226732';
UPDATE User SET password_hash = '$2y$13$dg4FlrrcXjMmvWznC3XUhehaTTZ/xfKXNpEYbSt8o3Q/9b9xonHLC' WHERE account = '502330200108101073';
UPDATE User SET password_hash = '$2y$13$dg4FlrrcXjMmvWznC3XUhehaTTZ/xfKXNpEYbSt8o3Q/9b9xonHLC' WHERE account = '32442220110929999X';
UPDATE User SET password_hash = '$2y$13$dg4FlrrcXjMmvWznC3XUhehaTTZ/xfKXNpEYbSt8o3Q/9b9xonHLC' WHERE account = '13097819340927575X';
UPDATE User SET password_hash = '$2y$13$dg4FlrrcXjMmvWznC3XUhehaTTZ/xfKXNpEYbSt8o3Q/9b9xonHLC' WHERE account = '424637192301236190';
UPDATE User SET password_hash = '$2y$13$dg4FlrrcXjMmvWznC3XUhehaTTZ/xfKXNpEYbSt8o3Q/9b9xonHLC' WHERE account = '514212195805163823';
UPDATE User SET password_hash = '$2y$13$dg4FlrrcXjMmvWznC3XUhehaTTZ/xfKXNpEYbSt8o3Q/9b9xonHLC' WHERE account = '524089199008316240';
UPDATE User SET password_hash = '$2y$13$dg4FlrrcXjMmvWznC3XUhehaTTZ/xfKXNpEYbSt8o3Q/9b9xonHLC' WHERE account = '111246193507131789';
UPDATE User SET password_hash = '$2y$13$dg4FlrrcXjMmvWznC3XUhehaTTZ/xfKXNpEYbSt8o3Q/9b9xonHLC' WHERE account = '810331200605317729';
UPDATE User SET password_hash = '$2y$13$dg4FlrrcXjMmvWznC3XUhehaTTZ/xfKXNpEYbSt8o3Q/9b9xonHLC' WHERE account = '374305193007101011';
UPDATE User SET password_hash = '$2y$13$dg4FlrrcXjMmvWznC3XUhehaTTZ/xfKXNpEYbSt8o3Q/9b9xonHLC' WHERE account = '812034197605180062';
UPDATE User SET password_hash = '$2y$13$dg4FlrrcXjMmvWznC3XUhehaTTZ/xfKXNpEYbSt8o3Q/9b9xonHLC' WHERE account = '713604194503196451';
UPDATE User SET password_hash = '$2y$13$dg4FlrrcXjMmvWznC3XUhehaTTZ/xfKXNpEYbSt8o3Q/9b9xonHLC' WHERE account = '141941197103079727';
UPDATE User SET password_hash = '$2y$13$dg4FlrrcXjMmvWznC3XUhehaTTZ/xfKXNpEYbSt8o3Q/9b9xonHLC' WHERE account = '651993201203035073';
UPDATE User SET password_hash = '$2y$13$dg4FlrrcXjMmvWznC3XUhehaTTZ/xfKXNpEYbSt8o3Q/9b9xonHLC' WHERE account = '324587198812142885';
UPDATE User SET password_hash = '$2y$13$dg4FlrrcXjMmvWznC3XUhehaTTZ/xfKXNpEYbSt8o3Q/9b9xonHLC' WHERE account = '430806195509169295';
UPDATE User SET password_hash = '$2y$13$dg4FlrrcXjMmvWznC3XUhehaTTZ/xfKXNpEYbSt8o3Q/9b9xonHLC' WHERE account = '621849198711080763';
UPDATE User SET password_hash = '$2y$13$dg4FlrrcXjMmvWznC3XUhehaTTZ/xfKXNpEYbSt8o3Q/9b9xonHLC' WHERE account = '222474193908205667';
UPDATE User SET password_hash = '$2y$13$dg4FlrrcXjMmvWznC3XUhehaTTZ/xfKXNpEYbSt8o3Q/9b9xonHLC' WHERE account = '333026197602108751';
UPDATE User SET password_hash = '$2y$13$dg4FlrrcXjMmvWznC3XUhehaTTZ/xfKXNpEYbSt8o3Q/9b9xonHLC' WHERE account = '820535199306308143';
UPDATE User SET password_hash = '$2y$13$dg4FlrrcXjMmvWznC3XUhehaTTZ/xfKXNpEYbSt8o3Q/9b9xonHLC' WHERE account = '323549196503024101';
UPDATE User SET password_hash = '$2y$13$dg4FlrrcXjMmvWznC3XUhehaTTZ/xfKXNpEYbSt8o3Q/9b9xonHLC' WHERE account = '811354200304182858';
UPDATE User SET password_hash = '$2y$13$dg4FlrrcXjMmvWznC3XUhehaTTZ/xfKXNpEYbSt8o3Q/9b9xonHLC' WHERE account = '651248198412073394';
UPDATE User SET password_hash = '$2y$13$dg4FlrrcXjMmvWznC3XUhehaTTZ/xfKXNpEYbSt8o3Q/9b9xonHLC' WHERE account = '654927199310284168';
UPDATE User SET password_hash = '$2y$13$dg4FlrrcXjMmvWznC3XUhehaTTZ/xfKXNpEYbSt8o3Q/9b9xonHLC' WHERE account = '622352199708116477';
UPDATE User SET password_hash = '$2y$13$dg4FlrrcXjMmvWznC3XUhehaTTZ/xfKXNpEYbSt8o3Q/9b9xonHLC' WHERE account = '531451195602115235';
UPDATE User SET password_hash = '$2y$13$dg4FlrrcXjMmvWznC3XUhehaTTZ/xfKXNpEYbSt8o3Q/9b9xonHLC' WHERE account = '533755193011245163';
UPDATE User SET password_hash = '$2y$13$dg4FlrrcXjMmvWznC3XUhehaTTZ/xfKXNpEYbSt8o3Q/9b9xonHLC' WHERE account = '122788196803283058';
UPDATE User SET password_hash = '$2y$13$dg4FlrrcXjMmvWznC3XUhehaTTZ/xfKXNpEYbSt8o3Q/9b9xonHLC' WHERE account = '541429193412055023';
UPDATE User SET password_hash = '$2y$13$dg4FlrrcXjMmvWznC3XUhehaTTZ/xfKXNpEYbSt8o3Q/9b9xonHLC' WHERE account = '62509319380906658X';
UPDATE User SET password_hash = '$2y$13$dg4FlrrcXjMmvWznC3XUhehaTTZ/xfKXNpEYbSt8o3Q/9b9xonHLC' WHERE account = '124284194204032514';
UPDATE User SET password_hash = '$2y$13$dg4FlrrcXjMmvWznC3XUhehaTTZ/xfKXNpEYbSt8o3Q/9b9xonHLC' WHERE account = '543367201111085157';
UPDATE User SET password_hash = '$2y$13$dg4FlrrcXjMmvWznC3XUhehaTTZ/xfKXNpEYbSt8o3Q/9b9xonHLC' WHERE account = '521893196612260697';
UPDATE User SET password_hash = '$2y$13$dg4FlrrcXjMmvWznC3XUhehaTTZ/xfKXNpEYbSt8o3Q/9b9xonHLC' WHERE account = '613779196803163982';
UPDATE User SET password_hash = '$2y$13$dg4FlrrcXjMmvWznC3XUhehaTTZ/xfKXNpEYbSt8o3Q/9b9xonHLC' WHERE account = '650920199009100383';
UPDATE User SET password_hash = '$2y$13$dg4FlrrcXjMmvWznC3XUhehaTTZ/xfKXNpEYbSt8o3Q/9b9xonHLC' WHERE account = '370451195702097737';
UPDATE User SET password_hash = '$2y$13$dg4FlrrcXjMmvWznC3XUhehaTTZ/xfKXNpEYbSt8o3Q/9b9xonHLC' WHERE account = '631461192905065735';
UPDATE User SET password_hash = '$2y$13$dg4FlrrcXjMmvWznC3XUhehaTTZ/xfKXNpEYbSt8o3Q/9b9xonHLC' WHERE account = '501540200611076301';
UPDATE User SET password_hash = '$2y$13$dg4FlrrcXjMmvWznC3XUhehaTTZ/xfKXNpEYbSt8o3Q/9b9xonHLC' WHERE account = '544842199009105356';
UPDATE User SET password_hash = '$2y$13$dg4FlrrcXjMmvWznC3XUhehaTTZ/xfKXNpEYbSt8o3Q/9b9xonHLC' WHERE account = '143453200601032607';
UPDATE User SET password_hash = '$2y$13$dg4FlrrcXjMmvWznC3XUhehaTTZ/xfKXNpEYbSt8o3Q/9b9xonHLC' WHERE account = '152020200011071263';
UPDATE User SET password_hash = '$2y$13$dg4FlrrcXjMmvWznC3XUhehaTTZ/xfKXNpEYbSt8o3Q/9b9xonHLC' WHERE account = '124699193610258129';
UPDATE User SET password_hash = '$2y$13$dg4FlrrcXjMmvWznC3XUhehaTTZ/xfKXNpEYbSt8o3Q/9b9xonHLC' WHERE account = '114432193601115937';
UPDATE User SET password_hash = '$2y$13$dg4FlrrcXjMmvWznC3XUhehaTTZ/xfKXNpEYbSt8o3Q/9b9xonHLC' WHERE account = '13477020031017836X';
UPDATE User SET password_hash = '$2y$13$dg4FlrrcXjMmvWznC3XUhehaTTZ/xfKXNpEYbSt8o3Q/9b9xonHLC' WHERE account = '540861199903163826';
UPDATE User SET password_hash = '$2y$13$dg4FlrrcXjMmvWznC3XUhehaTTZ/xfKXNpEYbSt8o3Q/9b9xonHLC' WHERE account = '62137420071209564X';
UPDATE User SET password_hash = '$2y$13$dg4FlrrcXjMmvWznC3XUhehaTTZ/xfKXNpEYbSt8o3Q/9b9xonHLC' WHERE account = '122545194501086305';
UPDATE User SET password_hash = '$2y$13$dg4FlrrcXjMmvWznC3XUhehaTTZ/xfKXNpEYbSt8o3Q/9b9xonHLC' WHERE account = '424535199901179840';
UPDATE User SET password_hash = '$2y$13$dg4FlrrcXjMmvWznC3XUhehaTTZ/xfKXNpEYbSt8o3Q/9b9xonHLC' WHERE account = '812196199707125189';
UPDATE User SET password_hash = '$2y$13$dg4FlrrcXjMmvWznC3XUhehaTTZ/xfKXNpEYbSt8o3Q/9b9xonHLC' WHERE account = '233936195602227813';
UPDATE User SET password_hash = '$2y$13$dg4FlrrcXjMmvWznC3XUhehaTTZ/xfKXNpEYbSt8o3Q/9b9xonHLC' WHERE account = '22495319250130212X';
UPDATE User SET password_hash = '$2y$13$dg4FlrrcXjMmvWznC3XUhehaTTZ/xfKXNpEYbSt8o3Q/9b9xonHLC' WHERE account = '11459319501027849X';
UPDATE User SET password_hash = '$2y$13$dg4FlrrcXjMmvWznC3XUhehaTTZ/xfKXNpEYbSt8o3Q/9b9xonHLC' WHERE account = '46441019830820394X';
UPDATE User SET password_hash = '$2y$13$dg4FlrrcXjMmvWznC3XUhehaTTZ/xfKXNpEYbSt8o3Q/9b9xonHLC' WHERE account = '513203192712114906';
UPDATE User SET password_hash = '$2y$13$dg4FlrrcXjMmvWznC3XUhehaTTZ/xfKXNpEYbSt8o3Q/9b9xonHLC' WHERE account = '320558193904110180';
UPDATE User SET password_hash = '$2y$13$dg4FlrrcXjMmvWznC3XUhehaTTZ/xfKXNpEYbSt8o3Q/9b9xonHLC' WHERE account = '813696193710201320';
UPDATE User SET password_hash = '$2y$13$dg4FlrrcXjMmvWznC3XUhehaTTZ/xfKXNpEYbSt8o3Q/9b9xonHLC' WHERE account = '35468619660915662X';
UPDATE User SET password_hash = '$2y$13$dg4FlrrcXjMmvWznC3XUhehaTTZ/xfKXNpEYbSt8o3Q/9b9xonHLC' WHERE account = '142192199302271504';
UPDATE User SET password_hash = '$2y$13$dg4FlrrcXjMmvWznC3XUhehaTTZ/xfKXNpEYbSt8o3Q/9b9xonHLC' WHERE account = '324134197411166288';
UPDATE User SET password_hash = '$2y$13$dg4FlrrcXjMmvWznC3XUhehaTTZ/xfKXNpEYbSt8o3Q/9b9xonHLC' WHERE account = '114383193503279516';
UPDATE User SET password_hash = '$2y$13$dg4FlrrcXjMmvWznC3XUhehaTTZ/xfKXNpEYbSt8o3Q/9b9xonHLC' WHERE account = '810821192603176793';
UPDATE User SET password_hash = '$2y$13$dg4FlrrcXjMmvWznC3XUhehaTTZ/xfKXNpEYbSt8o3Q/9b9xonHLC' WHERE account = '44095519230909969X';
UPDATE User SET password_hash = '$2y$13$dg4FlrrcXjMmvWznC3XUhehaTTZ/xfKXNpEYbSt8o3Q/9b9xonHLC' WHERE account = '440640198112046555';
UPDATE User SET password_hash = '$2y$13$dg4FlrrcXjMmvWznC3XUhehaTTZ/xfKXNpEYbSt8o3Q/9b9xonHLC' WHERE account = '631102197308204241';
UPDATE User SET password_hash = '$2y$13$dg4FlrrcXjMmvWznC3XUhehaTTZ/xfKXNpEYbSt8o3Q/9b9xonHLC' WHERE account = '411349194801169625';
UPDATE User SET password_hash = '$2y$13$dg4FlrrcXjMmvWznC3XUhehaTTZ/xfKXNpEYbSt8o3Q/9b9xonHLC' WHERE account = '314168194411071950';
UPDATE User SET password_hash = '$2y$13$dg4FlrrcXjMmvWznC3XUhehaTTZ/xfKXNpEYbSt8o3Q/9b9xonHLC' WHERE account = '814584196312095267';
UPDATE User SET password_hash = '$2y$13$dg4FlrrcXjMmvWznC3XUhehaTTZ/xfKXNpEYbSt8o3Q/9b9xonHLC' WHERE account = '33038619860711102X';
UPDATE User SET password_hash = '$2y$13$dg4FlrrcXjMmvWznC3XUhehaTTZ/xfKXNpEYbSt8o3Q/9b9xonHLC' WHERE account = '372922198201112694';
UPDATE User SET password_hash = '$2y$13$dg4FlrrcXjMmvWznC3XUhehaTTZ/xfKXNpEYbSt8o3Q/9b9xonHLC' WHERE account = '810167196407079498';
UPDATE User SET password_hash = '$2y$13$dg4FlrrcXjMmvWznC3XUhehaTTZ/xfKXNpEYbSt8o3Q/9b9xonHLC' WHERE account = '710875199205093730';
UPDATE User SET password_hash = '$2y$13$dg4FlrrcXjMmvWznC3XUhehaTTZ/xfKXNpEYbSt8o3Q/9b9xonHLC' WHERE account = '15263519940325379X';
UPDATE User SET password_hash = '$2y$13$dg4FlrrcXjMmvWznC3XUhehaTTZ/xfKXNpEYbSt8o3Q/9b9xonHLC' WHERE account = '21162319820427933X';
UPDATE User SET password_hash = '$2y$13$dg4FlrrcXjMmvWznC3XUhehaTTZ/xfKXNpEYbSt8o3Q/9b9xonHLC' WHERE account = '610841194909121125';
UPDATE User SET password_hash = '$2y$13$dg4FlrrcXjMmvWznC3XUhehaTTZ/xfKXNpEYbSt8o3Q/9b9xonHLC' WHERE account = '820142193412030974';
UPDATE User SET password_hash = '$2y$13$dg4FlrrcXjMmvWznC3XUhehaTTZ/xfKXNpEYbSt8o3Q/9b9xonHLC' WHERE account = '364575195106137580';
UPDATE User SET password_hash = '$2y$13$dg4FlrrcXjMmvWznC3XUhehaTTZ/xfKXNpEYbSt8o3Q/9b9xonHLC' WHERE account = '372014200903275577';
UPDATE User SET password_hash = '$2y$13$dg4FlrrcXjMmvWznC3XUhehaTTZ/xfKXNpEYbSt8o3Q/9b9xonHLC' WHERE account = '450815193410222019';
UPDATE User SET password_hash = '$2y$13$dg4FlrrcXjMmvWznC3XUhehaTTZ/xfKXNpEYbSt8o3Q/9b9xonHLC' WHERE account = '211541192306116146';
UPDATE User SET password_hash = '$2y$13$dg4FlrrcXjMmvWznC3XUhehaTTZ/xfKXNpEYbSt8o3Q/9b9xonHLC' WHERE account = '464213199911134641';
UPDATE User SET password_hash = '$2y$13$dg4FlrrcXjMmvWznC3XUhehaTTZ/xfKXNpEYbSt8o3Q/9b9xonHLC' WHERE account = '42211219631012380X';
UPDATE User SET password_hash = '$2y$13$dg4FlrrcXjMmvWznC3XUhehaTTZ/xfKXNpEYbSt8o3Q/9b9xonHLC' WHERE account = '822319192711143884';
UPDATE User SET password_hash = '$2y$13$dg4FlrrcXjMmvWznC3XUhehaTTZ/xfKXNpEYbSt8o3Q/9b9xonHLC' WHERE account = '421010198210300018';
UPDATE User SET password_hash = '$2y$13$dg4FlrrcXjMmvWznC3XUhehaTTZ/xfKXNpEYbSt8o3Q/9b9xonHLC' WHERE account = '431305192811300589';
UPDATE User SET password_hash = '$2y$13$dg4FlrrcXjMmvWznC3XUhehaTTZ/xfKXNpEYbSt8o3Q/9b9xonHLC' WHERE account = '422532194203090218';
UPDATE User SET password_hash = '$2y$13$dg4FlrrcXjMmvWznC3XUhehaTTZ/xfKXNpEYbSt8o3Q/9b9xonHLC' WHERE account = '363015197408290583';
UPDATE User SET password_hash = '$2y$13$dg4FlrrcXjMmvWznC3XUhehaTTZ/xfKXNpEYbSt8o3Q/9b9xonHLC' WHERE account = '541263198211191243';
UPDATE User SET password_hash = '$2y$13$dg4FlrrcXjMmvWznC3XUhehaTTZ/xfKXNpEYbSt8o3Q/9b9xonHLC' WHERE account = '504534195410315917';
UPDATE User SET password_hash = '$2y$13$dg4FlrrcXjMmvWznC3XUhehaTTZ/xfKXNpEYbSt8o3Q/9b9xonHLC' WHERE account = '221825198706163226';
UPDATE User SET password_hash = '$2y$13$dg4FlrrcXjMmvWznC3XUhehaTTZ/xfKXNpEYbSt8o3Q/9b9xonHLC' WHERE account = '46381919360426296X';
UPDATE User SET password_hash = '$2y$13$dg4FlrrcXjMmvWznC3XUhehaTTZ/xfKXNpEYbSt8o3Q/9b9xonHLC' WHERE account = '524261200809189845';
UPDATE User SET password_hash = '$2y$13$dg4FlrrcXjMmvWznC3XUhehaTTZ/xfKXNpEYbSt8o3Q/9b9xonHLC' WHERE account = '532273197908203676';
UPDATE User SET password_hash = '$2y$13$dg4FlrrcXjMmvWznC3XUhehaTTZ/xfKXNpEYbSt8o3Q/9b9xonHLC' WHERE account = '353985195011093602';
UPDATE User SET password_hash = '$2y$13$dg4FlrrcXjMmvWznC3XUhehaTTZ/xfKXNpEYbSt8o3Q/9b9xonHLC' WHERE account = '372613195212030445';
UPDATE User SET password_hash = '$2y$13$dg4FlrrcXjMmvWznC3XUhehaTTZ/xfKXNpEYbSt8o3Q/9b9xonHLC' WHERE account = '502268197907019831';
UPDATE User SET password_hash = '$2y$13$dg4FlrrcXjMmvWznC3XUhehaTTZ/xfKXNpEYbSt8o3Q/9b9xonHLC' WHERE account = '214330196505150399';
UPDATE User SET password_hash = '$2y$13$dg4FlrrcXjMmvWznC3XUhehaTTZ/xfKXNpEYbSt8o3Q/9b9xonHLC' WHERE account = '233845194303115626';
UPDATE User SET password_hash = '$2y$13$dg4FlrrcXjMmvWznC3XUhehaTTZ/xfKXNpEYbSt8o3Q/9b9xonHLC' WHERE account = '502510198808244285';
UPDATE User SET password_hash = '$2y$13$dg4FlrrcXjMmvWznC3XUhehaTTZ/xfKXNpEYbSt8o3Q/9b9xonHLC' WHERE account = '432301192612069757';
UPDATE User SET password_hash = '$2y$13$dg4FlrrcXjMmvWznC3XUhehaTTZ/xfKXNpEYbSt8o3Q/9b9xonHLC' WHERE account = '812210200809278536';
UPDATE User SET password_hash = '$2y$13$dg4FlrrcXjMmvWznC3XUhehaTTZ/xfKXNpEYbSt8o3Q/9b9xonHLC' WHERE account = '822961199308230198';
UPDATE User SET password_hash = '$2y$13$dg4FlrrcXjMmvWznC3XUhehaTTZ/xfKXNpEYbSt8o3Q/9b9xonHLC' WHERE account = '530115192903071689';
UPDATE User SET password_hash = '$2y$13$dg4FlrrcXjMmvWznC3XUhehaTTZ/xfKXNpEYbSt8o3Q/9b9xonHLC' WHERE account = '412474192311152342';
UPDATE User SET password_hash = '$2y$13$dg4FlrrcXjMmvWznC3XUhehaTTZ/xfKXNpEYbSt8o3Q/9b9xonHLC' WHERE account = '452071200805044189';
UPDATE User SET password_hash = '$2y$13$dg4FlrrcXjMmvWznC3XUhehaTTZ/xfKXNpEYbSt8o3Q/9b9xonHLC' WHERE account = '643096192511233256';
UPDATE User SET password_hash = '$2y$13$dg4FlrrcXjMmvWznC3XUhehaTTZ/xfKXNpEYbSt8o3Q/9b9xonHLC' WHERE account = '642333200604152349';
UPDATE User SET password_hash = '$2y$13$dg4FlrrcXjMmvWznC3XUhehaTTZ/xfKXNpEYbSt8o3Q/9b9xonHLC' WHERE account = '214521199702024191';
UPDATE User SET password_hash = '$2y$13$dg4FlrrcXjMmvWznC3XUhehaTTZ/xfKXNpEYbSt8o3Q/9b9xonHLC' WHERE account = '35271219500110074X';
UPDATE User SET password_hash = '$2y$13$dg4FlrrcXjMmvWznC3XUhehaTTZ/xfKXNpEYbSt8o3Q/9b9xonHLC' WHERE account = '113040197510223129';
UPDATE User SET password_hash = '$2y$13$dg4FlrrcXjMmvWznC3XUhehaTTZ/xfKXNpEYbSt8o3Q/9b9xonHLC' WHERE account = '330210199107050995';
UPDATE User SET password_hash = '$2y$13$dg4FlrrcXjMmvWznC3XUhehaTTZ/xfKXNpEYbSt8o3Q/9b9xonHLC' WHERE account = '334431197502107507';
UPDATE User SET password_hash = '$2y$13$dg4FlrrcXjMmvWznC3XUhehaTTZ/xfKXNpEYbSt8o3Q/9b9xonHLC' WHERE account = '361874196204150996';
UPDATE User SET password_hash = '$2y$13$dg4FlrrcXjMmvWznC3XUhehaTTZ/xfKXNpEYbSt8o3Q/9b9xonHLC' WHERE account = '504306197612149823';
UPDATE User SET password_hash = '$2y$13$dg4FlrrcXjMmvWznC3XUhehaTTZ/xfKXNpEYbSt8o3Q/9b9xonHLC' WHERE account = '233578199502089501';
UPDATE User SET password_hash = '$2y$13$dg4FlrrcXjMmvWznC3XUhehaTTZ/xfKXNpEYbSt8o3Q/9b9xonHLC' WHERE account = '521649193605040850';
UPDATE User SET password_hash = '$2y$13$dg4FlrrcXjMmvWznC3XUhehaTTZ/xfKXNpEYbSt8o3Q/9b9xonHLC' WHERE account = '613902197309240834';
UPDATE User SET password_hash = '$2y$13$dg4FlrrcXjMmvWznC3XUhehaTTZ/xfKXNpEYbSt8o3Q/9b9xonHLC' WHERE account = '341866200504114802';
UPDATE User SET password_hash = '$2y$13$dg4FlrrcXjMmvWznC3XUhehaTTZ/xfKXNpEYbSt8o3Q/9b9xonHLC' WHERE account = '322771196112128892';
UPDATE User SET password_hash = '$2y$13$dg4FlrrcXjMmvWznC3XUhehaTTZ/xfKXNpEYbSt8o3Q/9b9xonHLC' WHERE account = '140351196608190372';
UPDATE User SET password_hash = '$2y$13$dg4FlrrcXjMmvWznC3XUhehaTTZ/xfKXNpEYbSt8o3Q/9b9xonHLC' WHERE account = '212670197411144583';
UPDATE User SET password_hash = '$2y$13$dg4FlrrcXjMmvWznC3XUhehaTTZ/xfKXNpEYbSt8o3Q/9b9xonHLC' WHERE account = '650564197603065585';
UPDATE User SET password_hash = '$2y$13$dg4FlrrcXjMmvWznC3XUhehaTTZ/xfKXNpEYbSt8o3Q/9b9xonHLC' WHERE account = '343391195804054371';
UPDATE User SET password_hash = '$2y$13$dg4FlrrcXjMmvWznC3XUhehaTTZ/xfKXNpEYbSt8o3Q/9b9xonHLC' WHERE account = '542999201405111652';
UPDATE User SET password_hash = '$2y$13$dg4FlrrcXjMmvWznC3XUhehaTTZ/xfKXNpEYbSt8o3Q/9b9xonHLC' WHERE account = '322975195707104662';
UPDATE User SET password_hash = '$2y$13$dg4FlrrcXjMmvWznC3XUhehaTTZ/xfKXNpEYbSt8o3Q/9b9xonHLC' WHERE account = '504094196208188084';
UPDATE User SET password_hash = '$2y$13$dg4FlrrcXjMmvWznC3XUhehaTTZ/xfKXNpEYbSt8o3Q/9b9xonHLC' WHERE account = '323247193907118408';
UPDATE User SET password_hash = '$2y$13$dg4FlrrcXjMmvWznC3XUhehaTTZ/xfKXNpEYbSt8o3Q/9b9xonHLC' WHERE account = '342315200212262080';
UPDATE User SET password_hash = '$2y$13$dg4FlrrcXjMmvWznC3XUhehaTTZ/xfKXNpEYbSt8o3Q/9b9xonHLC' WHERE account = '153393194301133708';
UPDATE User SET password_hash = '$2y$13$dg4FlrrcXjMmvWznC3XUhehaTTZ/xfKXNpEYbSt8o3Q/9b9xonHLC' WHERE account = '523506194106270763';
UPDATE User SET password_hash = '$2y$13$dg4FlrrcXjMmvWznC3XUhehaTTZ/xfKXNpEYbSt8o3Q/9b9xonHLC' WHERE account = '352756200510140440';
UPDATE User SET password_hash = '$2y$13$dg4FlrrcXjMmvWznC3XUhehaTTZ/xfKXNpEYbSt8o3Q/9b9xonHLC' WHERE account = '814510201109216303';
UPDATE User SET password_hash = '$2y$13$dg4FlrrcXjMmvWznC3XUhehaTTZ/xfKXNpEYbSt8o3Q/9b9xonHLC' WHERE account = '143363197008314487';
UPDATE User SET password_hash = '$2y$13$dg4FlrrcXjMmvWznC3XUhehaTTZ/xfKXNpEYbSt8o3Q/9b9xonHLC' WHERE account = '514897196602125339';
UPDATE User SET password_hash = '$2y$13$dg4FlrrcXjMmvWznC3XUhehaTTZ/xfKXNpEYbSt8o3Q/9b9xonHLC' WHERE account = '612443195503134207';
UPDATE User SET password_hash = '$2y$13$dg4FlrrcXjMmvWznC3XUhehaTTZ/xfKXNpEYbSt8o3Q/9b9xonHLC' WHERE account = '613977201108219944';
UPDATE User SET password_hash = '$2y$13$dg4FlrrcXjMmvWznC3XUhehaTTZ/xfKXNpEYbSt8o3Q/9b9xonHLC' WHERE account = '62311420091022617X';
UPDATE User SET password_hash = '$2y$13$dg4FlrrcXjMmvWznC3XUhehaTTZ/xfKXNpEYbSt8o3Q/9b9xonHLC' WHERE account = '363910197912017286';
UPDATE User SET password_hash = '$2y$13$dg4FlrrcXjMmvWznC3XUhehaTTZ/xfKXNpEYbSt8o3Q/9b9xonHLC' WHERE account = '651573192912177011';
UPDATE User SET password_hash = '$2y$13$dg4FlrrcXjMmvWznC3XUhehaTTZ/xfKXNpEYbSt8o3Q/9b9xonHLC' WHERE account = '324936197007204925';
UPDATE User SET password_hash = '$2y$13$dg4FlrrcXjMmvWznC3XUhehaTTZ/xfKXNpEYbSt8o3Q/9b9xonHLC' WHERE account = '714758199905030980';
UPDATE User SET password_hash = '$2y$13$dg4FlrrcXjMmvWznC3XUhehaTTZ/xfKXNpEYbSt8o3Q/9b9xonHLC' WHERE account = '41466319980321302X';
UPDATE User SET password_hash = '$2y$13$dg4FlrrcXjMmvWznC3XUhehaTTZ/xfKXNpEYbSt8o3Q/9b9xonHLC' WHERE account = '13195120091118942X';
UPDATE User SET password_hash = '$2y$13$dg4FlrrcXjMmvWznC3XUhehaTTZ/xfKXNpEYbSt8o3Q/9b9xonHLC' WHERE account = '224948200708103018';
UPDATE User SET password_hash = '$2y$13$dg4FlrrcXjMmvWznC3XUhehaTTZ/xfKXNpEYbSt8o3Q/9b9xonHLC' WHERE account = '411360194306138992';
UPDATE User SET password_hash = '$2y$13$dg4FlrrcXjMmvWznC3XUhehaTTZ/xfKXNpEYbSt8o3Q/9b9xonHLC' WHERE account = '642013193708077252';
UPDATE User SET password_hash = '$2y$13$dg4FlrrcXjMmvWznC3XUhehaTTZ/xfKXNpEYbSt8o3Q/9b9xonHLC' WHERE account = '631486192607026187';
UPDATE User SET password_hash = '$2y$13$dg4FlrrcXjMmvWznC3XUhehaTTZ/xfKXNpEYbSt8o3Q/9b9xonHLC' WHERE account = '232607199611075256';
UPDATE User SET password_hash = '$2y$13$dg4FlrrcXjMmvWznC3XUhehaTTZ/xfKXNpEYbSt8o3Q/9b9xonHLC' WHERE account = '231028195305101856';
UPDATE User SET password_hash = '$2y$13$dg4FlrrcXjMmvWznC3XUhehaTTZ/xfKXNpEYbSt8o3Q/9b9xonHLC' WHERE account = '632109195611240716';
UPDATE User SET password_hash = '$2y$13$dg4FlrrcXjMmvWznC3XUhehaTTZ/xfKXNpEYbSt8o3Q/9b9xonHLC' WHERE account = '423976192404223925';
UPDATE User SET password_hash = '$2y$13$dg4FlrrcXjMmvWznC3XUhehaTTZ/xfKXNpEYbSt8o3Q/9b9xonHLC' WHERE account = '524329192602215094';
UPDATE User SET password_hash = '$2y$13$dg4FlrrcXjMmvWznC3XUhehaTTZ/xfKXNpEYbSt8o3Q/9b9xonHLC' WHERE account = '113019200106134416';
UPDATE User SET password_hash = '$2y$13$dg4FlrrcXjMmvWznC3XUhehaTTZ/xfKXNpEYbSt8o3Q/9b9xonHLC' WHERE account = '504538198308230119';
UPDATE User SET password_hash = '$2y$13$dg4FlrrcXjMmvWznC3XUhehaTTZ/xfKXNpEYbSt8o3Q/9b9xonHLC' WHERE account = '130232198705073267';
UPDATE User SET password_hash = '$2y$13$dg4FlrrcXjMmvWznC3XUhehaTTZ/xfKXNpEYbSt8o3Q/9b9xonHLC' WHERE account = '504968196802282630';
UPDATE User SET password_hash = '$2y$13$dg4FlrrcXjMmvWznC3XUhehaTTZ/xfKXNpEYbSt8o3Q/9b9xonHLC' WHERE account = '43469320050829574X';
UPDATE User SET password_hash = '$2y$13$dg4FlrrcXjMmvWznC3XUhehaTTZ/xfKXNpEYbSt8o3Q/9b9xonHLC' WHERE account = '420447194004228642';
UPDATE User SET password_hash = '$2y$13$dg4FlrrcXjMmvWznC3XUhehaTTZ/xfKXNpEYbSt8o3Q/9b9xonHLC' WHERE account = '545023193511178106';
UPDATE User SET password_hash = '$2y$13$dg4FlrrcXjMmvWznC3XUhehaTTZ/xfKXNpEYbSt8o3Q/9b9xonHLC' WHERE account = '81373220030929222X';
UPDATE User SET password_hash = '$2y$13$dg4FlrrcXjMmvWznC3XUhehaTTZ/xfKXNpEYbSt8o3Q/9b9xonHLC' WHERE account = '331281200102231863';
UPDATE User SET password_hash = '$2y$13$dg4FlrrcXjMmvWznC3XUhehaTTZ/xfKXNpEYbSt8o3Q/9b9xonHLC' WHERE account = '140123201004274718';
UPDATE User SET password_hash = '$2y$13$dg4FlrrcXjMmvWznC3XUhehaTTZ/xfKXNpEYbSt8o3Q/9b9xonHLC' WHERE account = '544502195809293384';
UPDATE User SET password_hash = '$2y$13$dg4FlrrcXjMmvWznC3XUhehaTTZ/xfKXNpEYbSt8o3Q/9b9xonHLC' WHERE account = '210152197702191321';
UPDATE User SET password_hash = '$2y$13$dg4FlrrcXjMmvWznC3XUhehaTTZ/xfKXNpEYbSt8o3Q/9b9xonHLC' WHERE account = '82314919411023366X';
UPDATE User SET password_hash = '$2y$13$dg4FlrrcXjMmvWznC3XUhehaTTZ/xfKXNpEYbSt8o3Q/9b9xonHLC' WHERE account = '623713195405082974';
UPDATE User SET password_hash = '$2y$13$dg4FlrrcXjMmvWznC3XUhehaTTZ/xfKXNpEYbSt8o3Q/9b9xonHLC' WHERE account = '150306192611163770';
UPDATE User SET password_hash = '$2y$13$dg4FlrrcXjMmvWznC3XUhehaTTZ/xfKXNpEYbSt8o3Q/9b9xonHLC' WHERE account = '122771198011038447';
UPDATE User SET password_hash = '$2y$13$dg4FlrrcXjMmvWznC3XUhehaTTZ/xfKXNpEYbSt8o3Q/9b9xonHLC' WHERE account = '312397195403061813';
UPDATE User SET password_hash = '$2y$13$dg4FlrrcXjMmvWznC3XUhehaTTZ/xfKXNpEYbSt8o3Q/9b9xonHLC' WHERE account = '614353194608212885';
UPDATE User SET password_hash = '$2y$13$dg4FlrrcXjMmvWznC3XUhehaTTZ/xfKXNpEYbSt8o3Q/9b9xonHLC' WHERE account = '533892192807072556';
UPDATE User SET password_hash = '$2y$13$dg4FlrrcXjMmvWznC3XUhehaTTZ/xfKXNpEYbSt8o3Q/9b9xonHLC' WHERE account = '150841201409020700';
UPDATE User SET password_hash = '$2y$13$dg4FlrrcXjMmvWznC3XUhehaTTZ/xfKXNpEYbSt8o3Q/9b9xonHLC' WHERE account = '151698201101010373';
UPDATE User SET password_hash = '$2y$13$dg4FlrrcXjMmvWznC3XUhehaTTZ/xfKXNpEYbSt8o3Q/9b9xonHLC' WHERE account = '361719192509209223';
UPDATE User SET password_hash = '$2y$13$dg4FlrrcXjMmvWznC3XUhehaTTZ/xfKXNpEYbSt8o3Q/9b9xonHLC' WHERE account = '502486193103299810';
UPDATE User SET password_hash = '$2y$13$dg4FlrrcXjMmvWznC3XUhehaTTZ/xfKXNpEYbSt8o3Q/9b9xonHLC' WHERE account = '432457198612236121';
UPDATE User SET password_hash = '$2y$13$dg4FlrrcXjMmvWznC3XUhehaTTZ/xfKXNpEYbSt8o3Q/9b9xonHLC' WHERE account = '522762193508125460';
UPDATE User SET password_hash = '$2y$13$dg4FlrrcXjMmvWznC3XUhehaTTZ/xfKXNpEYbSt8o3Q/9b9xonHLC' WHERE account = '221827192305273320';
UPDATE User SET password_hash = '$2y$13$dg4FlrrcXjMmvWznC3XUhehaTTZ/xfKXNpEYbSt8o3Q/9b9xonHLC' WHERE account = '410196193910107041';
UPDATE User SET password_hash = '$2y$13$dg4FlrrcXjMmvWznC3XUhehaTTZ/xfKXNpEYbSt8o3Q/9b9xonHLC' WHERE account = '234607196208275725';
UPDATE User SET password_hash = '$2y$13$dg4FlrrcXjMmvWznC3XUhehaTTZ/xfKXNpEYbSt8o3Q/9b9xonHLC' WHERE account = '144222196007050231';
UPDATE User SET password_hash = '$2y$13$dg4FlrrcXjMmvWznC3XUhehaTTZ/xfKXNpEYbSt8o3Q/9b9xonHLC' WHERE account = '130150198407186069';
UPDATE User SET password_hash = '$2y$13$dg4FlrrcXjMmvWznC3XUhehaTTZ/xfKXNpEYbSt8o3Q/9b9xonHLC' WHERE account = '52222020060626568X';
UPDATE User SET password_hash = '$2y$13$dg4FlrrcXjMmvWznC3XUhehaTTZ/xfKXNpEYbSt8o3Q/9b9xonHLC' WHERE account = '65442319460412272X';
UPDATE User SET password_hash = '$2y$13$dg4FlrrcXjMmvWznC3XUhehaTTZ/xfKXNpEYbSt8o3Q/9b9xonHLC' WHERE account = '110738195610177418';
UPDATE User SET password_hash = '$2y$13$dg4FlrrcXjMmvWznC3XUhehaTTZ/xfKXNpEYbSt8o3Q/9b9xonHLC' WHERE account = '620162192302061172';
UPDATE User SET password_hash = '$2y$13$dg4FlrrcXjMmvWznC3XUhehaTTZ/xfKXNpEYbSt8o3Q/9b9xonHLC' WHERE account = '333175198808196144';
UPDATE User SET password_hash = '$2y$13$dg4FlrrcXjMmvWznC3XUhehaTTZ/xfKXNpEYbSt8o3Q/9b9xonHLC' WHERE account = '540564195203152881';
UPDATE User SET password_hash = '$2y$13$dg4FlrrcXjMmvWznC3XUhehaTTZ/xfKXNpEYbSt8o3Q/9b9xonHLC' WHERE account = '12134620070416876X';
UPDATE User SET password_hash = '$2y$13$dg4FlrrcXjMmvWznC3XUhehaTTZ/xfKXNpEYbSt8o3Q/9b9xonHLC' WHERE account = '46225219771218207X';
UPDATE User SET password_hash = '$2y$13$dg4FlrrcXjMmvWznC3XUhehaTTZ/xfKXNpEYbSt8o3Q/9b9xonHLC' WHERE account = '314461197012222675';
UPDATE User SET password_hash = '$2y$13$dg4FlrrcXjMmvWznC3XUhehaTTZ/xfKXNpEYbSt8o3Q/9b9xonHLC' WHERE account = '224124200712130814';
UPDATE User SET password_hash = '$2y$13$dg4FlrrcXjMmvWznC3XUhehaTTZ/xfKXNpEYbSt8o3Q/9b9xonHLC' WHERE account = '514803197303276821';
UPDATE User SET password_hash = '$2y$13$dg4FlrrcXjMmvWznC3XUhehaTTZ/xfKXNpEYbSt8o3Q/9b9xonHLC' WHERE account = '450177198207159369';
UPDATE User SET password_hash = '$2y$13$dg4FlrrcXjMmvWznC3XUhehaTTZ/xfKXNpEYbSt8o3Q/9b9xonHLC' WHERE account = '540377199008230135';
UPDATE User SET password_hash = '$2y$13$dg4FlrrcXjMmvWznC3XUhehaTTZ/xfKXNpEYbSt8o3Q/9b9xonHLC' WHERE account = '352703193411259172';
UPDATE User SET password_hash = '$2y$13$dg4FlrrcXjMmvWznC3XUhehaTTZ/xfKXNpEYbSt8o3Q/9b9xonHLC' WHERE account = '450767200809046792';
UPDATE User SET password_hash = '$2y$13$dg4FlrrcXjMmvWznC3XUhehaTTZ/xfKXNpEYbSt8o3Q/9b9xonHLC' WHERE account = '130688196202068014';
UPDATE User SET password_hash = '$2y$13$dg4FlrrcXjMmvWznC3XUhehaTTZ/xfKXNpEYbSt8o3Q/9b9xonHLC' WHERE account = '501278196411115563';
UPDATE User SET password_hash = '$2y$13$dg4FlrrcXjMmvWznC3XUhehaTTZ/xfKXNpEYbSt8o3Q/9b9xonHLC' WHERE account = '462608198003034363';
UPDATE User SET password_hash = '$2y$13$dg4FlrrcXjMmvWznC3XUhehaTTZ/xfKXNpEYbSt8o3Q/9b9xonHLC' WHERE account = '442793195707068739';
UPDATE User SET password_hash = '$2y$13$dg4FlrrcXjMmvWznC3XUhehaTTZ/xfKXNpEYbSt8o3Q/9b9xonHLC' WHERE account = '233996194302264323';
UPDATE User SET password_hash = '$2y$13$dg4FlrrcXjMmvWznC3XUhehaTTZ/xfKXNpEYbSt8o3Q/9b9xonHLC' WHERE account = '232494195305207391';
UPDATE User SET password_hash = '$2y$13$dg4FlrrcXjMmvWznC3XUhehaTTZ/xfKXNpEYbSt8o3Q/9b9xonHLC' WHERE account = '140889197010230562';
UPDATE User SET password_hash = '$2y$13$dg4FlrrcXjMmvWznC3XUhehaTTZ/xfKXNpEYbSt8o3Q/9b9xonHLC' WHERE account = '353534194412021373';
UPDATE User SET password_hash = '$2y$13$dg4FlrrcXjMmvWznC3XUhehaTTZ/xfKXNpEYbSt8o3Q/9b9xonHLC' WHERE account = '435021199410191896';
UPDATE User SET password_hash = '$2y$13$dg4FlrrcXjMmvWznC3XUhehaTTZ/xfKXNpEYbSt8o3Q/9b9xonHLC' WHERE account = '641577197304157102';
UPDATE User SET password_hash = '$2y$13$dg4FlrrcXjMmvWznC3XUhehaTTZ/xfKXNpEYbSt8o3Q/9b9xonHLC' WHERE account = '542969199205252957';
UPDATE User SET password_hash = '$2y$13$dg4FlrrcXjMmvWznC3XUhehaTTZ/xfKXNpEYbSt8o3Q/9b9xonHLC' WHERE account = '82467619320814715X';
UPDATE User SET password_hash = '$2y$13$dg4FlrrcXjMmvWznC3XUhehaTTZ/xfKXNpEYbSt8o3Q/9b9xonHLC' WHERE account = '523394193902168579';
UPDATE User SET password_hash = '$2y$13$dg4FlrrcXjMmvWznC3XUhehaTTZ/xfKXNpEYbSt8o3Q/9b9xonHLC' WHERE account = '140938196601124725';
UPDATE User SET password_hash = '$2y$13$dg4FlrrcXjMmvWznC3XUhehaTTZ/xfKXNpEYbSt8o3Q/9b9xonHLC' WHERE account = '211032198210047393';
UPDATE User SET password_hash = '$2y$13$dg4FlrrcXjMmvWznC3XUhehaTTZ/xfKXNpEYbSt8o3Q/9b9xonHLC' WHERE account = '332540195501123855';
UPDATE User SET password_hash = '$2y$13$dg4FlrrcXjMmvWznC3XUhehaTTZ/xfKXNpEYbSt8o3Q/9b9xonHLC' WHERE account = '131708200603164326';
UPDATE User SET password_hash = '$2y$13$dg4FlrrcXjMmvWznC3XUhehaTTZ/xfKXNpEYbSt8o3Q/9b9xonHLC' WHERE account = '140246197203289734';
UPDATE User SET password_hash = '$2y$13$dg4FlrrcXjMmvWznC3XUhehaTTZ/xfKXNpEYbSt8o3Q/9b9xonHLC' WHERE account = '630697194007108499';
UPDATE User SET password_hash = '$2y$13$dg4FlrrcXjMmvWznC3XUhehaTTZ/xfKXNpEYbSt8o3Q/9b9xonHLC' WHERE account = '653420198003089047';
UPDATE User SET password_hash = '$2y$13$dg4FlrrcXjMmvWznC3XUhehaTTZ/xfKXNpEYbSt8o3Q/9b9xonHLC' WHERE account = '610949201010301591';
UPDATE User SET password_hash = '$2y$13$dg4FlrrcXjMmvWznC3XUhehaTTZ/xfKXNpEYbSt8o3Q/9b9xonHLC' WHERE account = '421019197810250939';
UPDATE User SET password_hash = '$2y$13$dg4FlrrcXjMmvWznC3XUhehaTTZ/xfKXNpEYbSt8o3Q/9b9xonHLC' WHERE account = '713241199707143267';
UPDATE User SET password_hash = '$2y$13$dg4FlrrcXjMmvWznC3XUhehaTTZ/xfKXNpEYbSt8o3Q/9b9xonHLC' WHERE account = '712974199801047183';
UPDATE User SET password_hash = '$2y$13$dg4FlrrcXjMmvWznC3XUhehaTTZ/xfKXNpEYbSt8o3Q/9b9xonHLC' WHERE account = '370287198710108302';
UPDATE User SET password_hash = '$2y$13$dg4FlrrcXjMmvWznC3XUhehaTTZ/xfKXNpEYbSt8o3Q/9b9xonHLC' WHERE account = '612985196701289838';
UPDATE User SET password_hash = '$2y$13$dg4FlrrcXjMmvWznC3XUhehaTTZ/xfKXNpEYbSt8o3Q/9b9xonHLC' WHERE account = '513875193204149538';
UPDATE User SET password_hash = '$2y$13$dg4FlrrcXjMmvWznC3XUhehaTTZ/xfKXNpEYbSt8o3Q/9b9xonHLC' WHERE account = '640553201412254541';
UPDATE User SET password_hash = '$2y$13$dg4FlrrcXjMmvWznC3XUhehaTTZ/xfKXNpEYbSt8o3Q/9b9xonHLC' WHERE account = '43303919460830101X';
UPDATE User SET password_hash = '$2y$13$dg4FlrrcXjMmvWznC3XUhehaTTZ/xfKXNpEYbSt8o3Q/9b9xonHLC' WHERE account = '500306197605028450';
UPDATE User SET password_hash = '$2y$13$dg4FlrrcXjMmvWznC3XUhehaTTZ/xfKXNpEYbSt8o3Q/9b9xonHLC' WHERE account = '641483201105303816';
UPDATE User SET password_hash = '$2y$13$dg4FlrrcXjMmvWznC3XUhehaTTZ/xfKXNpEYbSt8o3Q/9b9xonHLC' WHERE account = '444465198501156779';
UPDATE User SET password_hash = '$2y$13$dg4FlrrcXjMmvWznC3XUhehaTTZ/xfKXNpEYbSt8o3Q/9b9xonHLC' WHERE account = '442607198203117203';
UPDATE User SET password_hash = '$2y$13$dg4FlrrcXjMmvWznC3XUhehaTTZ/xfKXNpEYbSt8o3Q/9b9xonHLC' WHERE account = '644341195602143823';
UPDATE User SET password_hash = '$2y$13$dg4FlrrcXjMmvWznC3XUhehaTTZ/xfKXNpEYbSt8o3Q/9b9xonHLC' WHERE account = '214329195710209395';
UPDATE User SET password_hash = '$2y$13$dg4FlrrcXjMmvWznC3XUhehaTTZ/xfKXNpEYbSt8o3Q/9b9xonHLC' WHERE account = '521214199206135380';
UPDATE User SET password_hash = '$2y$13$dg4FlrrcXjMmvWznC3XUhehaTTZ/xfKXNpEYbSt8o3Q/9b9xonHLC' WHERE account = '642816200406206088';
UPDATE User SET password_hash = '$2y$13$dg4FlrrcXjMmvWznC3XUhehaTTZ/xfKXNpEYbSt8o3Q/9b9xonHLC' WHERE account = '622846199706175246';
UPDATE User SET password_hash = '$2y$13$dg4FlrrcXjMmvWznC3XUhehaTTZ/xfKXNpEYbSt8o3Q/9b9xonHLC' WHERE account = '323377200912089250';
UPDATE User SET password_hash = '$2y$13$dg4FlrrcXjMmvWznC3XUhehaTTZ/xfKXNpEYbSt8o3Q/9b9xonHLC' WHERE account = '45417619400822332X';
UPDATE User SET password_hash = '$2y$13$dg4FlrrcXjMmvWznC3XUhehaTTZ/xfKXNpEYbSt8o3Q/9b9xonHLC' WHERE account = '143086200003107979';
UPDATE User SET password_hash = '$2y$13$dg4FlrrcXjMmvWznC3XUhehaTTZ/xfKXNpEYbSt8o3Q/9b9xonHLC' WHERE account = '214907192712194682';
UPDATE User SET password_hash = '$2y$13$dg4FlrrcXjMmvWznC3XUhehaTTZ/xfKXNpEYbSt8o3Q/9b9xonHLC' WHERE account = '500508198309264260';
UPDATE User SET password_hash = '$2y$13$dg4FlrrcXjMmvWznC3XUhehaTTZ/xfKXNpEYbSt8o3Q/9b9xonHLC' WHERE account = '333263197112276585';
UPDATE User SET password_hash = '$2y$13$dg4FlrrcXjMmvWznC3XUhehaTTZ/xfKXNpEYbSt8o3Q/9b9xonHLC' WHERE account = '544446198510216773';
UPDATE User SET password_hash = '$2y$13$dg4FlrrcXjMmvWznC3XUhehaTTZ/xfKXNpEYbSt8o3Q/9b9xonHLC' WHERE account = '512954198102088387';
UPDATE User SET password_hash = '$2y$13$dg4FlrrcXjMmvWznC3XUhehaTTZ/xfKXNpEYbSt8o3Q/9b9xonHLC' WHERE account = '641857201012270648';
UPDATE User SET password_hash = '$2y$13$dg4FlrrcXjMmvWznC3XUhehaTTZ/xfKXNpEYbSt8o3Q/9b9xonHLC' WHERE account = '231965199703192238';
UPDATE User SET password_hash = '$2y$13$dg4FlrrcXjMmvWznC3XUhehaTTZ/xfKXNpEYbSt8o3Q/9b9xonHLC' WHERE account = '350688193505164024';
UPDATE User SET password_hash = '$2y$13$dg4FlrrcXjMmvWznC3XUhehaTTZ/xfKXNpEYbSt8o3Q/9b9xonHLC' WHERE account = '371411199401258496';
UPDATE User SET password_hash = '$2y$13$dg4FlrrcXjMmvWznC3XUhehaTTZ/xfKXNpEYbSt8o3Q/9b9xonHLC' WHERE account = '540789197107084399';
UPDATE User SET password_hash = '$2y$13$dg4FlrrcXjMmvWznC3XUhehaTTZ/xfKXNpEYbSt8o3Q/9b9xonHLC' WHERE account = '641985200901291070';
UPDATE User SET password_hash = '$2y$13$dg4FlrrcXjMmvWznC3XUhehaTTZ/xfKXNpEYbSt8o3Q/9b9xonHLC' WHERE account = '315062196607018656';
UPDATE User SET password_hash = '$2y$13$dg4FlrrcXjMmvWznC3XUhehaTTZ/xfKXNpEYbSt8o3Q/9b9xonHLC' WHERE account = '631616198407291271';
UPDATE User SET password_hash = '$2y$13$dg4FlrrcXjMmvWznC3XUhehaTTZ/xfKXNpEYbSt8o3Q/9b9xonHLC' WHERE account = '212996199101015358';
UPDATE User SET password_hash = '$2y$13$dg4FlrrcXjMmvWznC3XUhehaTTZ/xfKXNpEYbSt8o3Q/9b9xonHLC' WHERE account = '534914197402151246';
UPDATE User SET password_hash = '$2y$13$dg4FlrrcXjMmvWznC3XUhehaTTZ/xfKXNpEYbSt8o3Q/9b9xonHLC' WHERE account = '141579199005011983';
UPDATE User SET password_hash = '$2y$13$dg4FlrrcXjMmvWznC3XUhehaTTZ/xfKXNpEYbSt8o3Q/9b9xonHLC' WHERE account = '214474195001177960';
UPDATE User SET password_hash = '$2y$13$dg4FlrrcXjMmvWznC3XUhehaTTZ/xfKXNpEYbSt8o3Q/9b9xonHLC' WHERE account = '341621196004035623';
UPDATE User SET password_hash = '$2y$13$dg4FlrrcXjMmvWznC3XUhehaTTZ/xfKXNpEYbSt8o3Q/9b9xonHLC' WHERE account = '814892198404266676';
UPDATE User SET password_hash = '$2y$13$dg4FlrrcXjMmvWznC3XUhehaTTZ/xfKXNpEYbSt8o3Q/9b9xonHLC' WHERE account = '821479200201167270';
UPDATE User SET password_hash = '$2y$13$dg4FlrrcXjMmvWznC3XUhehaTTZ/xfKXNpEYbSt8o3Q/9b9xonHLC' WHERE account = '140641198108031056';
UPDATE User SET password_hash = '$2y$13$dg4FlrrcXjMmvWznC3XUhehaTTZ/xfKXNpEYbSt8o3Q/9b9xonHLC' WHERE account = '364486198311274743';
UPDATE User SET password_hash = '$2y$13$dg4FlrrcXjMmvWznC3XUhehaTTZ/xfKXNpEYbSt8o3Q/9b9xonHLC' WHERE account = '824103198910078164';
UPDATE User SET password_hash = '$2y$13$dg4FlrrcXjMmvWznC3XUhehaTTZ/xfKXNpEYbSt8o3Q/9b9xonHLC' WHERE account = '14266719840409327X';
UPDATE User SET password_hash = '$2y$13$dg4FlrrcXjMmvWznC3XUhehaTTZ/xfKXNpEYbSt8o3Q/9b9xonHLC' WHERE account = '120818199501238765';
UPDATE User SET password_hash = '$2y$13$dg4FlrrcXjMmvWznC3XUhehaTTZ/xfKXNpEYbSt8o3Q/9b9xonHLC' WHERE account = '623354192502246938';
UPDATE User SET password_hash = '$2y$13$dg4FlrrcXjMmvWznC3XUhehaTTZ/xfKXNpEYbSt8o3Q/9b9xonHLC' WHERE account = '144583197507123444';
UPDATE User SET password_hash = '$2y$13$dg4FlrrcXjMmvWznC3XUhehaTTZ/xfKXNpEYbSt8o3Q/9b9xonHLC' WHERE account = '235094196802081589';
UPDATE User SET password_hash = '$2y$13$dg4FlrrcXjMmvWznC3XUhehaTTZ/xfKXNpEYbSt8o3Q/9b9xonHLC' WHERE account = '350720200209241542';
UPDATE User SET password_hash = '$2y$13$dg4FlrrcXjMmvWznC3XUhehaTTZ/xfKXNpEYbSt8o3Q/9b9xonHLC' WHERE account = '612312199605136534';
UPDATE User SET password_hash = '$2y$13$dg4FlrrcXjMmvWznC3XUhehaTTZ/xfKXNpEYbSt8o3Q/9b9xonHLC' WHERE account = '363172198408103520';
UPDATE User SET password_hash = '$2y$13$dg4FlrrcXjMmvWznC3XUhehaTTZ/xfKXNpEYbSt8o3Q/9b9xonHLC' WHERE account = '823031193911099144';
UPDATE User SET password_hash = '$2y$13$dg4FlrrcXjMmvWznC3XUhehaTTZ/xfKXNpEYbSt8o3Q/9b9xonHLC' WHERE account = '440955192309016909';
UPDATE User SET password_hash = '$2y$13$dg4FlrrcXjMmvWznC3XUhehaTTZ/xfKXNpEYbSt8o3Q/9b9xonHLC' WHERE account = '123131195707161516';
UPDATE User SET password_hash = '$2y$13$dg4FlrrcXjMmvWznC3XUhehaTTZ/xfKXNpEYbSt8o3Q/9b9xonHLC' WHERE account = '443269196910112452';
UPDATE User SET password_hash = '$2y$13$dg4FlrrcXjMmvWznC3XUhehaTTZ/xfKXNpEYbSt8o3Q/9b9xonHLC' WHERE account = '323860193703036925';
UPDATE User SET password_hash = '$2y$13$dg4FlrrcXjMmvWznC3XUhehaTTZ/xfKXNpEYbSt8o3Q/9b9xonHLC' WHERE account = '453273192908308360';
UPDATE User SET password_hash = '$2y$13$dg4FlrrcXjMmvWznC3XUhehaTTZ/xfKXNpEYbSt8o3Q/9b9xonHLC' WHERE account = '633832194805106783';
UPDATE User SET password_hash = '$2y$13$dg4FlrrcXjMmvWznC3XUhehaTTZ/xfKXNpEYbSt8o3Q/9b9xonHLC' WHERE account = '313456199511114835';
UPDATE User SET password_hash = '$2y$13$dg4FlrrcXjMmvWznC3XUhehaTTZ/xfKXNpEYbSt8o3Q/9b9xonHLC' WHERE account = '510278201101185206';
UPDATE User SET password_hash = '$2y$13$dg4FlrrcXjMmvWznC3XUhehaTTZ/xfKXNpEYbSt8o3Q/9b9xonHLC' WHERE account = '341539197403101814';
UPDATE User SET password_hash = '$2y$13$dg4FlrrcXjMmvWznC3XUhehaTTZ/xfKXNpEYbSt8o3Q/9b9xonHLC' WHERE account = '152328201207115935';
UPDATE User SET password_hash = '$2y$13$dg4FlrrcXjMmvWznC3XUhehaTTZ/xfKXNpEYbSt8o3Q/9b9xonHLC' WHERE account = '334336198008145441';
UPDATE User SET password_hash = '$2y$13$dg4FlrrcXjMmvWznC3XUhehaTTZ/xfKXNpEYbSt8o3Q/9b9xonHLC' WHERE account = '523857196909100266';
UPDATE User SET password_hash = '$2y$13$dg4FlrrcXjMmvWznC3XUhehaTTZ/xfKXNpEYbSt8o3Q/9b9xonHLC' WHERE account = '823297198212036026';
UPDATE User SET password_hash = '$2y$13$dg4FlrrcXjMmvWznC3XUhehaTTZ/xfKXNpEYbSt8o3Q/9b9xonHLC' WHERE account = '613538195702098343';
UPDATE User SET password_hash = '$2y$13$dg4FlrrcXjMmvWznC3XUhehaTTZ/xfKXNpEYbSt8o3Q/9b9xonHLC' WHERE account = '371694193112010236';
UPDATE User SET password_hash = '$2y$13$dg4FlrrcXjMmvWznC3XUhehaTTZ/xfKXNpEYbSt8o3Q/9b9xonHLC' WHERE account = '423117193410249543';
UPDATE User SET password_hash = '$2y$13$dg4FlrrcXjMmvWznC3XUhehaTTZ/xfKXNpEYbSt8o3Q/9b9xonHLC' WHERE account = '420923200702289555';
UPDATE User SET password_hash = '$2y$13$dg4FlrrcXjMmvWznC3XUhehaTTZ/xfKXNpEYbSt8o3Q/9b9xonHLC' WHERE account = '822782196808226945';
UPDATE User SET password_hash = '$2y$13$dg4FlrrcXjMmvWznC3XUhehaTTZ/xfKXNpEYbSt8o3Q/9b9xonHLC' WHERE account = '420196195907114409';
UPDATE User SET password_hash = '$2y$13$dg4FlrrcXjMmvWznC3XUhehaTTZ/xfKXNpEYbSt8o3Q/9b9xonHLC' WHERE account = '634237196604283404';
UPDATE User SET password_hash = '$2y$13$dg4FlrrcXjMmvWznC3XUhehaTTZ/xfKXNpEYbSt8o3Q/9b9xonHLC' WHERE account = '35142020030603949X';
UPDATE User SET password_hash = '$2y$13$dg4FlrrcXjMmvWznC3XUhehaTTZ/xfKXNpEYbSt8o3Q/9b9xonHLC' WHERE account = '122290195604234246';
UPDATE User SET password_hash = '$2y$13$dg4FlrrcXjMmvWznC3XUhehaTTZ/xfKXNpEYbSt8o3Q/9b9xonHLC' WHERE account = '423177199703218201';
UPDATE User SET password_hash = '$2y$13$dg4FlrrcXjMmvWznC3XUhehaTTZ/xfKXNpEYbSt8o3Q/9b9xonHLC' WHERE account = '132164193011170672';
UPDATE User SET password_hash = '$2y$13$dg4FlrrcXjMmvWznC3XUhehaTTZ/xfKXNpEYbSt8o3Q/9b9xonHLC' WHERE account = '460326200908194740';
UPDATE User SET password_hash = '$2y$13$dg4FlrrcXjMmvWznC3XUhehaTTZ/xfKXNpEYbSt8o3Q/9b9xonHLC' WHERE account = '644727195904060290';
UPDATE User SET password_hash = '$2y$13$dg4FlrrcXjMmvWznC3XUhehaTTZ/xfKXNpEYbSt8o3Q/9b9xonHLC' WHERE account = '463591194703253584';
UPDATE User SET password_hash = '$2y$13$dg4FlrrcXjMmvWznC3XUhehaTTZ/xfKXNpEYbSt8o3Q/9b9xonHLC' WHERE account = '622715200004309211';
UPDATE User SET password_hash = '$2y$13$dg4FlrrcXjMmvWznC3XUhehaTTZ/xfKXNpEYbSt8o3Q/9b9xonHLC' WHERE account = '33267520140517329X';
UPDATE User SET password_hash = '$2y$13$dg4FlrrcXjMmvWznC3XUhehaTTZ/xfKXNpEYbSt8o3Q/9b9xonHLC' WHERE account = '655047196106083842';
UPDATE User SET password_hash = '$2y$13$dg4FlrrcXjMmvWznC3XUhehaTTZ/xfKXNpEYbSt8o3Q/9b9xonHLC' WHERE account = '153921194105220809';
UPDATE User SET password_hash = '$2y$13$dg4FlrrcXjMmvWznC3XUhehaTTZ/xfKXNpEYbSt8o3Q/9b9xonHLC' WHERE account = '714841199906160234';
UPDATE User SET password_hash = '$2y$13$dg4FlrrcXjMmvWznC3XUhehaTTZ/xfKXNpEYbSt8o3Q/9b9xonHLC' WHERE account = '311515193910070511';
UPDATE User SET password_hash = '$2y$13$dg4FlrrcXjMmvWznC3XUhehaTTZ/xfKXNpEYbSt8o3Q/9b9xonHLC' WHERE account = '332110194804141478';
UPDATE User SET password_hash = '$2y$13$dg4FlrrcXjMmvWznC3XUhehaTTZ/xfKXNpEYbSt8o3Q/9b9xonHLC' WHERE account = '141967195212078965';
UPDATE User SET password_hash = '$2y$13$dg4FlrrcXjMmvWznC3XUhehaTTZ/xfKXNpEYbSt8o3Q/9b9xonHLC' WHERE account = '653186193303278106';
UPDATE User SET password_hash = '$2y$13$dg4FlrrcXjMmvWznC3XUhehaTTZ/xfKXNpEYbSt8o3Q/9b9xonHLC' WHERE account = '50047620141127312X';
UPDATE User SET password_hash = '$2y$13$dg4FlrrcXjMmvWznC3XUhehaTTZ/xfKXNpEYbSt8o3Q/9b9xonHLC' WHERE account = '820219193401122573';
UPDATE User SET password_hash = '$2y$13$dg4FlrrcXjMmvWznC3XUhehaTTZ/xfKXNpEYbSt8o3Q/9b9xonHLC' WHERE account = '130856199802230266';
UPDATE User SET password_hash = '$2y$13$dg4FlrrcXjMmvWznC3XUhehaTTZ/xfKXNpEYbSt8o3Q/9b9xonHLC' WHERE account = '412099199508209109';
UPDATE User SET password_hash = '$2y$13$dg4FlrrcXjMmvWznC3XUhehaTTZ/xfKXNpEYbSt8o3Q/9b9xonHLC' WHERE account = '462839200402101531';
UPDATE User SET password_hash = '$2y$13$dg4FlrrcXjMmvWznC3XUhehaTTZ/xfKXNpEYbSt8o3Q/9b9xonHLC' WHERE account = '542989198510151894';
UPDATE User SET password_hash = '$2y$13$dg4FlrrcXjMmvWznC3XUhehaTTZ/xfKXNpEYbSt8o3Q/9b9xonHLC' WHERE account = '151757198404233251';
UPDATE User SET password_hash = '$2y$13$dg4FlrrcXjMmvWznC3XUhehaTTZ/xfKXNpEYbSt8o3Q/9b9xonHLC' WHERE account = '453587194711260658';
UPDATE User SET password_hash = '$2y$13$dg4FlrrcXjMmvWznC3XUhehaTTZ/xfKXNpEYbSt8o3Q/9b9xonHLC' WHERE account = '822285197701023130';
UPDATE User SET password_hash = '$2y$13$dg4FlrrcXjMmvWznC3XUhehaTTZ/xfKXNpEYbSt8o3Q/9b9xonHLC' WHERE account = '121564194304308849';
UPDATE User SET password_hash = '$2y$13$dg4FlrrcXjMmvWznC3XUhehaTTZ/xfKXNpEYbSt8o3Q/9b9xonHLC' WHERE account = '441366197706049463';
UPDATE User SET password_hash = '$2y$13$dg4FlrrcXjMmvWznC3XUhehaTTZ/xfKXNpEYbSt8o3Q/9b9xonHLC' WHERE account = '462206195001058312';
UPDATE User SET password_hash = '$2y$13$dg4FlrrcXjMmvWznC3XUhehaTTZ/xfKXNpEYbSt8o3Q/9b9xonHLC' WHERE account = '631994198701228541';
UPDATE User SET password_hash = '$2y$13$dg4FlrrcXjMmvWznC3XUhehaTTZ/xfKXNpEYbSt8o3Q/9b9xonHLC' WHERE account = '142031198405028028';
UPDATE User SET password_hash = '$2y$13$dg4FlrrcXjMmvWznC3XUhehaTTZ/xfKXNpEYbSt8o3Q/9b9xonHLC' WHERE account = '622987199610171504';
UPDATE User SET password_hash = '$2y$13$dg4FlrrcXjMmvWznC3XUhehaTTZ/xfKXNpEYbSt8o3Q/9b9xonHLC' WHERE account = '622024194212083973';
UPDATE User SET password_hash = '$2y$13$dg4FlrrcXjMmvWznC3XUhehaTTZ/xfKXNpEYbSt8o3Q/9b9xonHLC' WHERE account = '371116199804053523';
UPDATE User SET password_hash = '$2y$13$dg4FlrrcXjMmvWznC3XUhehaTTZ/xfKXNpEYbSt8o3Q/9b9xonHLC' WHERE account = '632474200805111966';
UPDATE User SET password_hash = '$2y$13$dg4FlrrcXjMmvWznC3XUhehaTTZ/xfKXNpEYbSt8o3Q/9b9xonHLC' WHERE account = '450296197011070522';
UPDATE User SET password_hash = '$2y$13$dg4FlrrcXjMmvWznC3XUhehaTTZ/xfKXNpEYbSt8o3Q/9b9xonHLC' WHERE account = '630306200404026841';
UPDATE User SET password_hash = '$2y$13$dg4FlrrcXjMmvWznC3XUhehaTTZ/xfKXNpEYbSt8o3Q/9b9xonHLC' WHERE account = '421494194705016769';
UPDATE User SET password_hash = '$2y$13$dg4FlrrcXjMmvWznC3XUhehaTTZ/xfKXNpEYbSt8o3Q/9b9xonHLC' WHERE account = '133712193611041733';
UPDATE User SET password_hash = '$2y$13$dg4FlrrcXjMmvWznC3XUhehaTTZ/xfKXNpEYbSt8o3Q/9b9xonHLC' WHERE account = '531657198911286901';
UPDATE User SET password_hash = '$2y$13$dg4FlrrcXjMmvWznC3XUhehaTTZ/xfKXNpEYbSt8o3Q/9b9xonHLC' WHERE account = '462178197003076213';
UPDATE User SET password_hash = '$2y$13$dg4FlrrcXjMmvWznC3XUhehaTTZ/xfKXNpEYbSt8o3Q/9b9xonHLC' WHERE account = '330849196008129975';
UPDATE User SET password_hash = '$2y$13$dg4FlrrcXjMmvWznC3XUhehaTTZ/xfKXNpEYbSt8o3Q/9b9xonHLC' WHERE account = '123313193802178986';
UPDATE User SET password_hash = '$2y$13$dg4FlrrcXjMmvWznC3XUhehaTTZ/xfKXNpEYbSt8o3Q/9b9xonHLC' WHERE account = '46345419361205838X';
UPDATE User SET password_hash = '$2y$13$dg4FlrrcXjMmvWznC3XUhehaTTZ/xfKXNpEYbSt8o3Q/9b9xonHLC' WHERE account = '511766199210070055';
UPDATE User SET password_hash = '$2y$13$dg4FlrrcXjMmvWznC3XUhehaTTZ/xfKXNpEYbSt8o3Q/9b9xonHLC' WHERE account = '712471193911217894';
UPDATE User SET password_hash = '$2y$13$dg4FlrrcXjMmvWznC3XUhehaTTZ/xfKXNpEYbSt8o3Q/9b9xonHLC' WHERE account = '330588195706247739';
UPDATE User SET password_hash = '$2y$13$dg4FlrrcXjMmvWznC3XUhehaTTZ/xfKXNpEYbSt8o3Q/9b9xonHLC' WHERE account = '710515194012028614';
UPDATE User SET password_hash = '$2y$13$dg4FlrrcXjMmvWznC3XUhehaTTZ/xfKXNpEYbSt8o3Q/9b9xonHLC' WHERE account = '122107198205189881';
UPDATE User SET password_hash = '$2y$13$dg4FlrrcXjMmvWznC3XUhehaTTZ/xfKXNpEYbSt8o3Q/9b9xonHLC' WHERE account = '710986192601238567';
UPDATE User SET password_hash = '$2y$13$dg4FlrrcXjMmvWznC3XUhehaTTZ/xfKXNpEYbSt8o3Q/9b9xonHLC' WHERE account = '435023193409249362';
UPDATE User SET password_hash = '$2y$13$dg4FlrrcXjMmvWznC3XUhehaTTZ/xfKXNpEYbSt8o3Q/9b9xonHLC' WHERE account = '43157919561212438X';
UPDATE User SET password_hash = '$2y$13$dg4FlrrcXjMmvWznC3XUhehaTTZ/xfKXNpEYbSt8o3Q/9b9xonHLC' WHERE account = '310471193511121311';
UPDATE User SET password_hash = '$2y$13$dg4FlrrcXjMmvWznC3XUhehaTTZ/xfKXNpEYbSt8o3Q/9b9xonHLC' WHERE account = '820460200703230237';
UPDATE User SET password_hash = '$2y$13$dg4FlrrcXjMmvWznC3XUhehaTTZ/xfKXNpEYbSt8o3Q/9b9xonHLC' WHERE account = '341106194008108729';
UPDATE User SET password_hash = '$2y$13$dg4FlrrcXjMmvWznC3XUhehaTTZ/xfKXNpEYbSt8o3Q/9b9xonHLC' WHERE account = '322401198312278441';
UPDATE User SET password_hash = '$2y$13$dg4FlrrcXjMmvWznC3XUhehaTTZ/xfKXNpEYbSt8o3Q/9b9xonHLC' WHERE account = '233217196603076815';
UPDATE User SET password_hash = '$2y$13$dg4FlrrcXjMmvWznC3XUhehaTTZ/xfKXNpEYbSt8o3Q/9b9xonHLC' WHERE account = '223769196312230243';
UPDATE User SET password_hash = '$2y$13$dg4FlrrcXjMmvWznC3XUhehaTTZ/xfKXNpEYbSt8o3Q/9b9xonHLC' WHERE account = '433095198412084129';
UPDATE User SET password_hash = '$2y$13$dg4FlrrcXjMmvWznC3XUhehaTTZ/xfKXNpEYbSt8o3Q/9b9xonHLC' WHERE account = '625049195607141592';
UPDATE User SET password_hash = '$2y$13$dg4FlrrcXjMmvWznC3XUhehaTTZ/xfKXNpEYbSt8o3Q/9b9xonHLC' WHERE account = '142494194112225782';
UPDATE User SET password_hash = '$2y$13$dg4FlrrcXjMmvWznC3XUhehaTTZ/xfKXNpEYbSt8o3Q/9b9xonHLC' WHERE account = '231734194806295367';
UPDATE User SET password_hash = '$2y$13$dg4FlrrcXjMmvWznC3XUhehaTTZ/xfKXNpEYbSt8o3Q/9b9xonHLC' WHERE account = '334710193506146427';
UPDATE User SET password_hash = '$2y$13$dg4FlrrcXjMmvWznC3XUhehaTTZ/xfKXNpEYbSt8o3Q/9b9xonHLC' WHERE account = '374859196803246039';
UPDATE User SET password_hash = '$2y$13$dg4FlrrcXjMmvWznC3XUhehaTTZ/xfKXNpEYbSt8o3Q/9b9xonHLC' WHERE account = '230696201210278096';
UPDATE User SET password_hash = '$2y$13$dg4FlrrcXjMmvWznC3XUhehaTTZ/xfKXNpEYbSt8o3Q/9b9xonHLC' WHERE account = '224541193805273510';
UPDATE User SET password_hash = '$2y$13$dg4FlrrcXjMmvWznC3XUhehaTTZ/xfKXNpEYbSt8o3Q/9b9xonHLC' WHERE account = '32465119490702167X';
UPDATE User SET password_hash = '$2y$13$dg4FlrrcXjMmvWznC3XUhehaTTZ/xfKXNpEYbSt8o3Q/9b9xonHLC' WHERE account = '36336919300403367X';
UPDATE User SET password_hash = '$2y$13$dg4FlrrcXjMmvWznC3XUhehaTTZ/xfKXNpEYbSt8o3Q/9b9xonHLC' WHERE account = '433238194611016981';
UPDATE User SET password_hash = '$2y$13$dg4FlrrcXjMmvWznC3XUhehaTTZ/xfKXNpEYbSt8o3Q/9b9xonHLC' WHERE account = '232998193204182302';
UPDATE User SET password_hash = '$2y$13$dg4FlrrcXjMmvWznC3XUhehaTTZ/xfKXNpEYbSt8o3Q/9b9xonHLC' WHERE account = '361147196005018657';
UPDATE User SET password_hash = '$2y$13$dg4FlrrcXjMmvWznC3XUhehaTTZ/xfKXNpEYbSt8o3Q/9b9xonHLC' WHERE account = '621574194505156656';
UPDATE User SET password_hash = '$2y$13$dg4FlrrcXjMmvWznC3XUhehaTTZ/xfKXNpEYbSt8o3Q/9b9xonHLC' WHERE account = '514285199703110854';
UPDATE User SET password_hash = '$2y$13$dg4FlrrcXjMmvWznC3XUhehaTTZ/xfKXNpEYbSt8o3Q/9b9xonHLC' WHERE account = '151268200405017854';
UPDATE User SET password_hash = '$2y$13$dg4FlrrcXjMmvWznC3XUhehaTTZ/xfKXNpEYbSt8o3Q/9b9xonHLC' WHERE account = '223938193206060360';
UPDATE User SET password_hash = '$2y$13$dg4FlrrcXjMmvWznC3XUhehaTTZ/xfKXNpEYbSt8o3Q/9b9xonHLC' WHERE account = '534434195712238172';
UPDATE User SET password_hash = '$2y$13$dg4FlrrcXjMmvWznC3XUhehaTTZ/xfKXNpEYbSt8o3Q/9b9xonHLC' WHERE account = '210756194407305512';
UPDATE User SET password_hash = '$2y$13$dg4FlrrcXjMmvWznC3XUhehaTTZ/xfKXNpEYbSt8o3Q/9b9xonHLC' WHERE account = '813476197910032262';
UPDATE User SET password_hash = '$2y$13$dg4FlrrcXjMmvWznC3XUhehaTTZ/xfKXNpEYbSt8o3Q/9b9xonHLC' WHERE account = '224428192509228362';
UPDATE User SET password_hash = '$2y$13$dg4FlrrcXjMmvWznC3XUhehaTTZ/xfKXNpEYbSt8o3Q/9b9xonHLC' WHERE account = '642577198903176679';
UPDATE User SET password_hash = '$2y$13$dg4FlrrcXjMmvWznC3XUhehaTTZ/xfKXNpEYbSt8o3Q/9b9xonHLC' WHERE account = '350998198203208242';
UPDATE User SET password_hash = '$2y$13$dg4FlrrcXjMmvWznC3XUhehaTTZ/xfKXNpEYbSt8o3Q/9b9xonHLC' WHERE account = '52359519600316824X';
UPDATE User SET password_hash = '$2y$13$dg4FlrrcXjMmvWznC3XUhehaTTZ/xfKXNpEYbSt8o3Q/9b9xonHLC' WHERE account = '432499200709241733';
UPDATE User SET password_hash = '$2y$13$dg4FlrrcXjMmvWznC3XUhehaTTZ/xfKXNpEYbSt8o3Q/9b9xonHLC' WHERE account = '631931197402096894';
UPDATE User SET password_hash = '$2y$13$dg4FlrrcXjMmvWznC3XUhehaTTZ/xfKXNpEYbSt8o3Q/9b9xonHLC' WHERE account = '132089200506039023';
UPDATE User SET password_hash = '$2y$13$dg4FlrrcXjMmvWznC3XUhehaTTZ/xfKXNpEYbSt8o3Q/9b9xonHLC' WHERE account = '524837200606161791';
UPDATE User SET password_hash = '$2y$13$dg4FlrrcXjMmvWznC3XUhehaTTZ/xfKXNpEYbSt8o3Q/9b9xonHLC' WHERE account = '542425194308049408';
UPDATE User SET password_hash = '$2y$13$dg4FlrrcXjMmvWznC3XUhehaTTZ/xfKXNpEYbSt8o3Q/9b9xonHLC' WHERE account = '361949198106196893';
UPDATE User SET password_hash = '$2y$13$dg4FlrrcXjMmvWznC3XUhehaTTZ/xfKXNpEYbSt8o3Q/9b9xonHLC' WHERE account = '324135195101224159';

/* 建立PriorityType信息 */
INSERT INTO `prioritytype` (`name`, `information`) VALUES ('访问居民数据库', '允许访问居民数据库，新增、修改和删除居民信息'), ('访问职员数据库', '允许访问职员数据库，并对职员信息进行增加、删除和修改'), ('分配权限', '给职员分配权限'), ('发布公告', '查看公告，经审核后进行发布，允许删除公告'), ('编辑公告', '新增要发布的公告'), ('审核评论', '对前台在各新闻和公告中的评论进行审核，审核通过的评论才可以在前台显示'), ('追踪体温异常病例', '查看体温异常者的信息，及时与疑似病例进行联系');
