/* 建立User, Resident, Committee信息 */
INSERT INTO User (account, username, name, sex, age, tel, type, auth_key) VALUES ('222846193404029540', '江立正', '江立正', false, '86', '19834237038', 0, 'EuMm14sOWY0kbw2AN9QQootOOBkvLix7');
INSERT INTO Resident (account, building, unit, room) VALUES ('222846193404029540', 45, 8, 1103);
INSERT INTO User (account, username, name, sex, age, tel, type, auth_key) VALUES ('140197199308164933', '戚伟', '戚伟', false, '27', '18318445175', 0, 'SvdprBu1YegXvw63V03rFT04mh9r8186');
INSERT INTO Resident (account, building, unit, room) VALUES ('140197199308164933', 45, 5, 1702);
INSERT INTO User (account, username, name, sex, age, tel, type, auth_key) VALUES ('51162119240405244X', '隽锐', '隽锐', true, '96', '13724080641', 0, '6plbq69X4AFVx5qZEM3MJNkYH7qV69x0');
INSERT INTO Resident (account, building, unit, room) VALUES ('51162119240405244X', 98, 9, 2906);
INSERT INTO User (account, username, name, sex, age, tel, type, auth_key) VALUES ('541793198108294157', '陈伟宜', '陈伟宜', false, '39', '18478315328', 0, 'PB9iPrK3g1Y893s9qP5Sr3684WY1GIgT');
INSERT INTO Resident (account, building, unit, room) VALUES ('541793198108294157', 58, 8, 2903);
INSERT INTO User (account, username, name, sex, age, tel, type, auth_key) VALUES ('431954193610290753', '郑凌新', '郑凌新', true, '84', '13415482514', 0, '9f72lx257ckBz1P8DGMvEkcz4A9048hh');
INSERT INTO Resident (account, building, unit, room) VALUES ('431954193610290753', 75, 1, 203);
INSERT INTO User (account, username, name, sex, age, tel, type, auth_key) VALUES ('463844197802280493', '管飞', '管飞', true, '42', '17270932185', 0, 'toY7aTPcks1f3NKaNm183m60u505JoZs');
INSERT INTO Resident (account, building, unit, room) VALUES ('463844197802280493', 14, 6, 1804);
INSERT INTO User (account, username, name, sex, age, tel, type, auth_key) VALUES ('153877199911152736', '商凡', '商凡', false, '21', '13600709506', 0, 'gP2b67k3bnT59Sod6aXV2a0E614OoKIB');
INSERT INTO Resident (account, building, unit, room) VALUES ('153877199911152736', 82, 2, 2604);
INSERT INTO User (account, username, name, sex, age, tel, type, auth_key) VALUES ('342571201003304305', '夏圣宜', '夏圣宜', false, '10', '13673048949', 0, 'LO4n7A9KgSjxkA7zwxS0hAZ1sQWt3Ilw');
INSERT INTO Resident (account, building, unit, room) VALUES ('342571201003304305', 19, 1, 2906);
INSERT INTO User (account, username, name, sex, age, tel, type, auth_key) VALUES ('654791197912162346', '毕圣新', '毕圣新', false, '41', '13117202825', 0, 's9cZCMP3b5SqXtN23vwVknxb3SOfU2k2');
INSERT INTO Resident (account, building, unit, room) VALUES ('654791197912162346', 50, 3, 1603);
INSERT INTO User (account, username, name, sex, age, tel, type, auth_key) VALUES ('650397199410027688', '宫冠', '宫冠', false, '26', '17274342913', 1, 'TnCM5pJ09xp90IlIf4OB2g7t1Jp6V1MH');
INSERT INTO Committee (account, in_date, is_admin) VALUES ('650397199410027688', '20220125', false);
INSERT INTO User (account, username, name, sex, age, tel, type, auth_key) VALUES ('522026199312131343', '文正煜', '文正煜', true, '27', '18413289192', 0, 'MDKL0iooesjtR53YYrf5Z6EdP9ZX5tY5');
INSERT INTO Resident (account, building, unit, room) VALUES ('522026199312131343', 58, 3, 1801);
INSERT INTO User (account, username, name, sex, age, tel, type, auth_key) VALUES ('414606193611230855', '赵静', '赵静', false, '84', '14595704648', 0, '3qarDLjmG1pg38o118ndqYyt64999veg');
INSERT INTO Resident (account, building, unit, room) VALUES ('414606193611230855', 11, 6, 406);
INSERT INTO User (account, username, name, sex, age, tel, type, auth_key) VALUES ('442881193209083257', '裴千琦', '裴千琦', true, '88', '15299245533', 0, 'G38LnE8F5uTCZd0hmAx83eBfxH4Et4jJ');
INSERT INTO Resident (account, building, unit, room) VALUES ('442881193209083257', 52, 5, 2204);
INSERT INTO User (account, username, name, sex, age, tel, type, auth_key) VALUES ('441823198804297875', '金英馨', '金英馨', true, '32', '13717991985', 0, 'S6j8V1JmNQBKtvFFhXF46nyc5IaN40qM');
INSERT INTO Resident (account, building, unit, room) VALUES ('441823198804297875', 64, 5, 1701);
INSERT INTO User (account, username, name, sex, age, tel, type, auth_key) VALUES ('132358194808144506', '管奇龙', '管奇龙', true, '72', '17827319769', 0, 'knuToYdz6cxel571hv0ICNdy0F9F5FmA');
INSERT INTO Resident (account, building, unit, room) VALUES ('132358194808144506', 18, 3, 1103);
INSERT INTO User (account, username, name, sex, age, tel, type, auth_key) VALUES ('531084194409122531', '童炜瀚', '童炜瀚', true, '76', '13695953743', 0, 'O0IVoTljeYiRwHGqe04U23DCSjn75s13');
INSERT INTO Resident (account, building, unit, room) VALUES ('531084194409122531', 66, 2, 1805);
INSERT INTO User (account, username, name, sex, age, tel, type, auth_key) VALUES ('132893201306065426', '周云正', '周云正', false, '7', '18844326536', 0, '3eJulbjslTSM0nWb2OJGQG2AX1v34uT7');
INSERT INTO Resident (account, building, unit, room) VALUES ('132893201306065426', 4, 1, 2306);
INSERT INTO User (account, username, name, sex, age, tel, type, auth_key) VALUES ('634380194205205629', '童兰言', '童兰言', false, '78', '18879915876', 0, 'h7Cj426fd5sVTBhu04SARh0Yzt0jr36q');
INSERT INTO Resident (account, building, unit, room) VALUES ('634380194205205629', 80, 10, 1603);
INSERT INTO User (account, username, name, sex, age, tel, type, auth_key) VALUES ('544780194203052139', '江豪', '江豪', true, '78', '18183445292', 0, 'PtCbPU671p3x48HBRFm93M7y292B3sR4');
INSERT INTO Resident (account, building, unit, room) VALUES ('544780194203052139', 36, 10, 2706);
INSERT INTO User (account, username, name, sex, age, tel, type, auth_key) VALUES ('41276619490704517X', '柳翔硕', '柳翔硕', true, '71', '15040004565', 0, 'rDR8Sj8z6QLrw4heisbR3863Mi573L1q');
INSERT INTO Resident (account, building, unit, room) VALUES ('41276619490704517X', 56, 10, 2403);
INSERT INTO User (account, username, name, sex, age, tel, type, auth_key) VALUES ('324479193602119034', '傅薪', '傅薪', true, '84', '18216790624', 0, 'V2PAsyooNU94XidL08B0Df44RCDcx8Pl');
INSERT INTO Resident (account, building, unit, room) VALUES ('324479193602119034', 84, 6, 706);
INSERT INTO User (account, username, name, sex, age, tel, type, auth_key) VALUES ('340594196504014860', '夏雯', '夏雯', true, '55', '13140095801', 0, '0uaVy0m2NvgANQoO1LQ2F4uBr90bW2fu');
INSERT INTO Resident (account, building, unit, room) VALUES ('340594196504014860', 1, 2, 1103);
INSERT INTO User (account, username, name, sex, age, tel, type, auth_key) VALUES ('711458199807150923', '沈立倨', '沈立倨', false, '22', '15813520457', 0, '6rVEK7ReYrnyF3YdXsX25l3cC3skFhX3');
INSERT INTO Resident (account, building, unit, room) VALUES ('711458199807150923', 9, 3, 2706);
INSERT INTO User (account, username, name, sex, age, tel, type, auth_key) VALUES ('612673198403120277', '商泽宇', '商泽宇', false, '36', '18367624682', 0, 'r83rYf07aPWS72g88p05mHzumBzZXvtp');
INSERT INTO Resident (account, building, unit, room) VALUES ('612673198403120277', 65, 6, 302);
INSERT INTO User (account, username, name, sex, age, tel, type, auth_key) VALUES ('340281195205319044', '晁民义', '晁民义', false, '68', '19288905321', 0, 'kzhPQZ9hbYumS4lQ5iZ1841mWoe3mR1X');
INSERT INTO Resident (account, building, unit, room) VALUES ('340281195205319044', 97, 8, 1706);
INSERT INTO User (account, username, name, sex, age, tel, type, auth_key) VALUES ('22334319320227409X', '黄云雨', '黄云雨', true, '88', '19297226502', 0, 'qu263gy9uPRMEs0vkFzfTm0NkH5K94BR');
INSERT INTO Resident (account, building, unit, room) VALUES ('22334319320227409X', 93, 3, 2906);
INSERT INTO User (account, username, name, sex, age, tel, type, auth_key) VALUES ('711564193509079091', '江伟', '江伟', false, '85', '14545075979', 0, 'mHoK2MR3GeBNEU58QiGw6zSpPw7z38k0');
INSERT INTO Resident (account, building, unit, room) VALUES ('711564193509079091', 83, 4, 2105);
INSERT INTO User (account, username, name, sex, age, tel, type, auth_key) VALUES ('150790197903304355', '孙颖樱', '孙颖樱', true, '41', '19663702076', 0, 'jAKQ8Y1bnrK4bGRIcg7Q5zWEGcw6738f');
INSERT INTO Resident (account, building, unit, room) VALUES ('150790197903304355', 27, 2, 204);
INSERT INTO User (account, username, name, sex, age, tel, type, auth_key) VALUES ('652270197610023542', '许圣轩', '许圣轩', true, '44', '16677997322', 0, 'C30Hw5vXOn45av96oMIo0n2RDam5VHqm');
INSERT INTO Resident (account, building, unit, room) VALUES ('652270197610023542', 93, 10, 1201);
INSERT INTO User (account, username, name, sex, age, tel, type, auth_key) VALUES ('454824192307162464', '鲁音凡', '鲁音凡', true, '97', '15562510513', 0, 'j7r62z903VZR8G03vxNm4n11SpwHIdQO');
INSERT INTO Resident (account, building, unit, room) VALUES ('454824192307162464', 71, 2, 504);
INSERT INTO User (account, username, name, sex, age, tel, type, auth_key) VALUES ('502286193704075517', '戚洁立', '戚洁立', false, '83', '15808137878', 0, 'KAJToPc3sIDxX3LUD15gBkjtF9AX1Gno');
INSERT INTO Resident (account, building, unit, room) VALUES ('502286193704075517', 66, 3, 505);
INSERT INTO User (account, username, name, sex, age, tel, type, auth_key) VALUES ('353173197807213257', '宫兮哲', '宫兮哲', true, '42', '18239816305', 0, 'u69RR5RRxD4t921D6LMGwIw9UtU0O5Ff');
INSERT INTO Resident (account, building, unit, room) VALUES ('353173197807213257', 21, 6, 2506);
INSERT INTO User (account, username, name, sex, age, tel, type, auth_key) VALUES ('613324198604023119', '高建腾', '高建腾', true, '34', '17243836971', 0, '7e36Twq4Knj3G2d6i46m129XErL6c7VE');
INSERT INTO Resident (account, building, unit, room) VALUES ('613324198604023119', 62, 1, 2201);
INSERT INTO User (account, username, name, sex, age, tel, type, auth_key) VALUES ('122051199309243896', '柳润言', '柳润言', false, '27', '19854872986', 0, 'eo7C9sh4d51lt4traTnZQ0ZsXgnzSB85');
INSERT INTO Resident (account, building, unit, room) VALUES ('122051199309243896', 66, 9, 704);
INSERT INTO User (account, username, name, sex, age, tel, type, auth_key) VALUES ('224849197110318891', '董盈', '董盈', false, '49', '16685561555', 0, '785VX3ivgy7AJwfGO64PkxavG7n31O06');
INSERT INTO Resident (account, building, unit, room) VALUES ('224849197110318891', 60, 2, 1405);
INSERT INTO User (account, username, name, sex, age, tel, type, auth_key) VALUES ('441959195211184192', '徐源依', '徐源依', true, '68', '18784318585', 0, 'R31a5o2GEyZC47MPFtiD8cwv8RnrQiNh');
INSERT INTO Resident (account, building, unit, room) VALUES ('441959195211184192', 67, 5, 2506);
INSERT INTO User (account, username, name, sex, age, tel, type, auth_key) VALUES ('511941193304137218', '欧雨丹', '欧雨丹', true, '87', '13971017011', 0, 'hEkaHb5QY8bfniYLHlWhr3yj0Jn63Djc');
INSERT INTO Resident (account, building, unit, room) VALUES ('511941193304137218', 77, 2, 605);
INSERT INTO User (account, username, name, sex, age, tel, type, auth_key) VALUES ('141331197907183595', '麦煜', '麦煜', false, '41', '13034134013', 0, 'pO51g7Ncxbd64uDep4ZFWanyNlMdA2A4');
INSERT INTO Resident (account, building, unit, room) VALUES ('141331197907183595', 32, 7, 1304);
INSERT INTO User (account, username, name, sex, age, tel, type, auth_key) VALUES ('452478196307066021', '韩柏', '韩柏', true, '57', '15017139262', 0, '4L84Y0xqQg7IzJjb7815S6TBeYjl9Au9');
INSERT INTO Resident (account, building, unit, room) VALUES ('452478196307066021', 57, 6, 2102);
INSERT INTO User (account, username, name, sex, age, tel, type, auth_key) VALUES ('510916200204019754', '范朋雨', '范朋雨', false, '18', '19975857541', 0, 'kX7CxJGoasOHGZtqI9wExe7N7yfd0d81');
INSERT INTO Resident (account, building, unit, room) VALUES ('510916200204019754', 81, 9, 2305);
INSERT INTO User (account, username, name, sex, age, tel, type, auth_key) VALUES ('541384200502141548', '毛令', '毛令', true, '15', '19635439439', 0, 'P8cfv7r7iV96ubl8Y8iDqr3DMj7nfR1j');
INSERT INTO Resident (account, building, unit, room) VALUES ('541384200502141548', 18, 1, 1502);
INSERT INTO User (account, username, name, sex, age, tel, type, auth_key) VALUES ('821559195404098872', '殷杰航', '殷杰航', false, '66', '18670732785', 0, 'e8Ly9EPg7WvI72J9039fxrPq8c0iOd0X');
INSERT INTO Resident (account, building, unit, room) VALUES ('821559195404098872', 92, 4, 2402);
INSERT INTO User (account, username, name, sex, age, tel, type, auth_key) VALUES ('454619198907314906', '上官薪', '上官薪', true, '31', '13929450456', 0, '4a8GcY71Bj04PiGl0b61bolvc06J9Gc2');
INSERT INTO Resident (account, building, unit, room) VALUES ('454619198907314906', 57, 4, 2801);
INSERT INTO User (account, username, name, sex, age, tel, type, auth_key) VALUES ('512597198502190497', '管淘杰', '管淘杰', false, '35', '18810970143', 0, 'zj2bxZ50my1U3lB5ZxSyW4irIXC3X64m');
INSERT INTO Resident (account, building, unit, room) VALUES ('512597198502190497', 52, 5, 905);
INSERT INTO User (account, username, name, sex, age, tel, type, auth_key) VALUES ('614096195505254874', '欧锐薪', '欧锐薪', false, '65', '13545242675', 0, '0qf2pUu2iz1sNT4zuGdDx421tJS3u26F');
INSERT INTO Resident (account, building, unit, room) VALUES ('614096195505254874', 23, 1, 802);
INSERT INTO User (account, username, name, sex, age, tel, type, auth_key) VALUES ('534427194509141755', '韩毅炎', '韩毅炎', true, '75', '15237557634', 0, '6Qa91908F56nZ1pC8a0aP6Ur9D9Odf1p');
INSERT INTO Resident (account, building, unit, room) VALUES ('534427194509141755', 41, 7, 303);
INSERT INTO User (account, username, name, sex, age, tel, type, auth_key) VALUES ('613792196407092725', '冯音舒', '冯音舒', false, '56', '13137584194', 0, 'F5kATZ7jVHm1zw6722f9a80652t6VyRi');
INSERT INTO Resident (account, building, unit, room) VALUES ('613792196407092725', 8, 3, 505);
INSERT INTO User (account, username, name, sex, age, tel, type, auth_key) VALUES ('611696197412176915', '杜冠腾', '杜冠腾', false, '46', '15048995812', 0, 'a5PXjoqwPphwY536k558E4s42I1KVFgo');
INSERT INTO Resident (account, building, unit, room) VALUES ('611696197412176915', 63, 6, 805);
INSERT INTO User (account, username, name, sex, age, tel, type, auth_key) VALUES ('451459194109059319', '郑子洁', '郑子洁', true, '79', '18909287838', 0, 'q4CD8OM6uH6NVn1A1jhkC4E0mk0DXG11');
INSERT INTO Resident (account, building, unit, room) VALUES ('451459194109059319', 38, 6, 1004);
INSERT INTO User (account, username, name, sex, age, tel, type, auth_key) VALUES ('350859194108309102', '燕萱令', '燕萱令', false, '79', '18621842590', 0, 'z2dPn97a0O8Jmxg3vpu7Smu4NKf873dn');
INSERT INTO Resident (account, building, unit, room) VALUES ('350859194108309102', 74, 5, 506);
INSERT INTO User (account, username, name, sex, age, tel, type, auth_key) VALUES ('152334195608128985', '史亚', '史亚', true, '64', '18966669494', 0, '4RjUoinFQ5ms6OQ3I13PiemzI52rE0OB');
INSERT INTO Resident (account, building, unit, room) VALUES ('152334195608128985', 68, 8, 2201);
INSERT INTO User (account, username, name, sex, age, tel, type, auth_key) VALUES ('414945198011278488', '许舒', '许舒', false, '40', '18623399603', 0, '1W6ENpblM8u4M0xeC0P0tUTT32oU4I3v');
INSERT INTO Resident (account, building, unit, room) VALUES ('414945198011278488', 39, 7, 2506);
INSERT INTO User (account, username, name, sex, age, tel, type, auth_key) VALUES ('231413193211114540', '汪亚畅', '汪亚畅', true, '88', '19795065975', 0, 'HF3a467HRRg8eWmpXu9FEMp3ZEX6L9h5');
INSERT INTO Resident (account, building, unit, room) VALUES ('231413193211114540', 35, 3, 1706);
INSERT INTO User (account, username, name, sex, age, tel, type, auth_key) VALUES ('21177520070918360X', '余哲航', '余哲航', false, '13', '18974479177', 0, 'F2BOY0ASN5BGoH0Zkkaa5EEnLIm79hyM');
INSERT INTO Resident (account, building, unit, room) VALUES ('21177520070918360X', 57, 8, 1902);
INSERT INTO User (account, username, name, sex, age, tel, type, auth_key) VALUES ('410257196204265802', '徐可一', '徐可一', true, '58', '15557264945', 0, 'WtIm5fQw3WeL55loS4e4dLY2eo11Q58g');
INSERT INTO Resident (account, building, unit, room) VALUES ('410257196204265802', 39, 4, 2906);
INSERT INTO User (account, username, name, sex, age, tel, type, auth_key) VALUES ('413078197703058068', '米兰', '米兰', true, '43', '16618150595', 0, '8e053IF52Mgy3C9S1F89EFPbJWnmAvlX');
INSERT INTO Resident (account, building, unit, room) VALUES ('413078197703058068', 38, 1, 2806);
INSERT INTO User (account, username, name, sex, age, tel, type, auth_key) VALUES ('620791199012080995', '杨雨杰', '杨雨杰', true, '30', '19837882022', 0, 'P072LOz2INja892D80Ys4Md4ojw2557v');
INSERT INTO Resident (account, building, unit, room) VALUES ('620791199012080995', 67, 7, 2103);
INSERT INTO User (account, username, name, sex, age, tel, type, auth_key) VALUES ('612863196810300144', '楚迅', '楚迅', false, '52', '17601097092', 0, 'OPO77Fqj7dr7L853n6iMsjZ0X7i19Gqr');
INSERT INTO Resident (account, building, unit, room) VALUES ('612863196810300144', 52, 2, 1401);
INSERT INTO User (account, username, name, sex, age, tel, type, auth_key) VALUES ('360893197109241683', '秦义', '秦义', false, '49', '17529305654', 0, 'vz6M6346F2o8M6tCO971q9PVaOo1Xzou');
INSERT INTO Resident (account, building, unit, room) VALUES ('360893197109241683', 89, 5, 305);
INSERT INTO User (account, username, name, sex, age, tel, type, auth_key) VALUES ('624048198508295700', '韩阳', '韩阳', false, '35', '18543914414', 0, 'SUHBwmZaB47Yi3GY36A38y5olx5Z7I5o');
INSERT INTO Resident (account, building, unit, room) VALUES ('624048198508295700', 84, 8, 2103);
INSERT INTO User (account, username, name, sex, age, tel, type, auth_key) VALUES ('53446019930827506X', '柳晓中', '柳晓中', false, '27', '18235792035', 0, '5m89xgvlXfw90pf5L7XIzMevNbG92CMY');
INSERT INTO Resident (account, building, unit, room) VALUES ('53446019930827506X', 30, 6, 1002);
INSERT INTO User (account, username, name, sex, age, tel, type, auth_key) VALUES ('424511201306277820', '余广', '余广', true, '7', '14594391875', 0, 'e4ZmTawwcaZ4hD683Ru5NBv5u2tK076e');
INSERT INTO Resident (account, building, unit, room) VALUES ('424511201306277820', 65, 6, 2204);
INSERT INTO User (account, username, name, sex, age, tel, type, auth_key) VALUES ('413302193912179623', '仲本露', '仲本露', false, '81', '13424120894', 0, 'Ff014Zc2ZPaY3LKGr471j3RfieJoHY18');
INSERT INTO Resident (account, building, unit, room) VALUES ('413302193912179623', 78, 5, 2303);
INSERT INTO User (account, username, name, sex, age, tel, type, auth_key) VALUES ('111802197504283037', '柳露', '柳露', false, '45', '15644834375', 0, '4E3w5E9Cs5XAZf3lH9778vfPEUIKkLf6');
INSERT INTO Resident (account, building, unit, room) VALUES ('111802197504283037', 2, 1, 1702);
INSERT INTO User (account, username, name, sex, age, tel, type, auth_key) VALUES ('143282195511165769', '牛嘉宜', '牛嘉宜', true, '65', '15248581411', 0, 'IeT8r4KngzWvZdgR5P4PdHAu1s8sbs6L');
INSERT INTO Resident (account, building, unit, room) VALUES ('143282195511165769', 78, 3, 2101);
INSERT INTO User (account, username, name, sex, age, tel, type, auth_key) VALUES ('411019193704277917', '郑天', '郑天', false, '83', '18343923337', 0, 'vm1vp5C6kAtzZdfr1Z3qPWxI0ZigG7Ph');
INSERT INTO Resident (account, building, unit, room) VALUES ('411019193704277917', 81, 6, 2101);
INSERT INTO User (account, username, name, sex, age, tel, type, auth_key) VALUES ('211699198804306816', '牛奕昕', '牛奕昕', false, '32', '14532414775', 0, 'X511QuYbC0EXspq1iH7nx0rE4sY7EDG4');
INSERT INTO Resident (account, building, unit, room) VALUES ('211699198804306816', 29, 6, 1204);
INSERT INTO User (account, username, name, sex, age, tel, type, auth_key) VALUES ('423045193102198216', '高夫', '高夫', false, '89', '15555051210', 0, 'Ew7Y6be3uKQ31F52hqo9fp6slA7C30A9');
INSERT INTO Resident (account, building, unit, room) VALUES ('423045193102198216', 62, 2, 2905);
INSERT INTO User (account, username, name, sex, age, tel, type, auth_key) VALUES ('644980193903273758', '余宜', '余宜', true, '81', '15362046451', 0, '4ccas917desjN1A4enDJvljj8mRWMn77');
INSERT INTO Resident (account, building, unit, room) VALUES ('644980193903273758', 22, 2, 1606);
INSERT INTO User (account, username, name, sex, age, tel, type, auth_key) VALUES ('71312319531224760X', '文露', '文露', true, '67', '17358089877', 0, '0IR9lyJNG1S07owOHnrdJ7B1inYkJ5R6');
INSERT INTO Resident (account, building, unit, room) VALUES ('71312319531224760X', 52, 9, 1505);
INSERT INTO User (account, username, name, sex, age, tel, type, auth_key) VALUES ('132088194610166993', '代义泽', '代义泽', true, '74', '15195989033', 0, 'OaK2w5hH6URM31o0qzPKWV6L1bua9pW6');
INSERT INTO Resident (account, building, unit, room) VALUES ('132088194610166993', 8, 1, 905);
INSERT INTO User (account, username, name, sex, age, tel, type, auth_key) VALUES ('712954200612111535', '於宜一', '於宜一', false, '14', '15854671979', 0, 'h5Cu5RJwlqehQBFVBTWp6JUCu8Ho8680');
INSERT INTO Resident (account, building, unit, room) VALUES ('712954200612111535', 10, 9, 2003);
INSERT INTO User (account, username, name, sex, age, tel, type, auth_key) VALUES ('524566199307199399', '尚子牧', '尚子牧', true, '27', '18117466218', 0, 'wb65x0M7GQAmQ1MIPWfJ3x7tFSX10AL3');
INSERT INTO Resident (account, building, unit, room) VALUES ('524566199307199399', 24, 1, 1405);
INSERT INTO User (account, username, name, sex, age, tel, type, auth_key) VALUES ('410355200312294742', '文兰', '文兰', true, '17', '15262084976', 0, 'k9n2b3V1520lPxM3TJkgAtMtU7BOupSi');
INSERT INTO Resident (account, building, unit, room) VALUES ('410355200312294742', 68, 10, 1003);
INSERT INTO User (account, username, name, sex, age, tel, type, auth_key) VALUES ('220105199306076678', '安夫', '安夫', false, '27', '18467084355', 0, 'noFeDn0gPJ0AD45pdBd1p704T8tOg27J');
INSERT INTO Resident (account, building, unit, room) VALUES ('220105199306076678', 96, 10, 1603);
INSERT INTO User (account, username, name, sex, age, tel, type, auth_key) VALUES ('143622194508265363', '孙思', '孙思', false, '75', '13871863463', 0, '3P5mT6Ln2B88312Uqg70qdmnTWx2k61q');
INSERT INTO Resident (account, building, unit, room) VALUES ('143622194508265363', 18, 2, 1205);
INSERT INTO User (account, username, name, sex, age, tel, type, auth_key) VALUES ('544956199610278732', '麦帆', '麦帆', true, '24', '19122844137', 0, 'yvQi5fOw3Wglrc2420Qk7dlpMP7ZU3Y1');
INSERT INTO Resident (account, building, unit, room) VALUES ('544956199610278732', 50, 3, 905);
INSERT INTO User (account, username, name, sex, age, tel, type, auth_key) VALUES ('523999194112318210', '尚旭伟', '尚旭伟', true, '79', '19133824135', 0, '32TBO008TJzM9MdihaMQLB2kirfWp5l1');
INSERT INTO Resident (account, building, unit, room) VALUES ('523999194112318210', 59, 9, 2704);
INSERT INTO User (account, username, name, sex, age, tel, type, auth_key) VALUES ('233990196111132128', '齐霖圆', '齐霖圆', false, '59', '16606140706', 0, 'EZbC9P0t76OaOVp8hBYg8NE01i4xZ8Q0');
INSERT INTO Resident (account, building, unit, room) VALUES ('233990196111132128', 39, 5, 1903);
INSERT INTO User (account, username, name, sex, age, tel, type, auth_key) VALUES ('143649198407042515', '戚英正', '戚英正', false, '36', '18567514833', 0, 'xzzSV39QjVfJnF456O0h1zAvI62e66m7');
INSERT INTO Resident (account, building, unit, room) VALUES ('143649198407042515', 51, 7, 1603);
INSERT INTO User (account, username, name, sex, age, tel, type, auth_key) VALUES ('463675199908200479', '晁阳颖', '晁阳颖', false, '21', '19215182184', 0, 'qAQlt5CI5ePoMaiOm1qSmEU381Wh8wZd');
INSERT INTO Resident (account, building, unit, room) VALUES ('463675199908200479', 12, 8, 1701);
INSERT INTO User (account, username, name, sex, age, tel, type, auth_key) VALUES ('312384198101047137', '金琦', '金琦', false, '39', '18987901648', 0, 'b0v3R2Q19O4P9B1ZK7yd1d35tA5FBl9t');
INSERT INTO Resident (account, building, unit, room) VALUES ('312384198101047137', 33, 7, 1701);
INSERT INTO User (account, username, name, sex, age, tel, type, auth_key) VALUES ('823734193203274626', '钱轩琦', '钱轩琦', true, '88', '15957822736', 0, 'yyo3hSml1W8dba8t5B7iXF79T3Efp2R3');
INSERT INTO Resident (account, building, unit, room) VALUES ('823734193203274626', 91, 2, 1401);
INSERT INTO User (account, username, name, sex, age, tel, type, auth_key) VALUES ('422349199002042843', '任颖奕', '任颖奕', true, '30', '18275635435', 0, '1oF55F5V36xD1U9aPjkV9EiRWv6351EE');
INSERT INTO Resident (account, building, unit, room) VALUES ('422349199002042843', 45, 8, 1304);
INSERT INTO User (account, username, name, sex, age, tel, type, auth_key) VALUES ('622509200108094567', '管牧', '管牧', false, '19', '18942869048', 0, 'tAiZ58gCzNSih1y3L7tnf8h0Ar91tyZz');
INSERT INTO Resident (account, building, unit, room) VALUES ('622509200108094567', 1, 2, 1304);
INSERT INTO User (account, username, name, sex, age, tel, type, auth_key) VALUES ('223506198212316564', '吉宇迅', '吉宇迅', false, '38', '14503731276', 0, 'Wxs0TSJKr0R5J0O50ACC1Yf9GS8w82YN');
INSERT INTO Resident (account, building, unit, room) VALUES ('223506198212316564', 92, 5, 2704);
INSERT INTO User (account, username, name, sex, age, tel, type, auth_key) VALUES ('373669196410307901', '杜英', '杜英', true, '56', '17235706942', 0, 'FK3CKMb87ZyV24L4E5bH8Uqj8oorBp00');
INSERT INTO Resident (account, building, unit, room) VALUES ('373669196410307901', 23, 8, 902);
INSERT INTO User (account, username, name, sex, age, tel, type, auth_key) VALUES ('110162199208279426', '赵雯', '赵雯', true, '28', '18093490905', 0, '4clh61VoFE923Mc83WlxwhoAL8oKb855');
INSERT INTO Resident (account, building, unit, room) VALUES ('110162199208279426', 85, 3, 906);
INSERT INTO User (account, username, name, sex, age, tel, type, auth_key) VALUES ('81367219691223269X', '李炎兰', '李炎兰', false, '51', '18269329961', 0, 'iRfjGCl6sjnFtmRsZYDe6RCU70KhrE03');
INSERT INTO Resident (account, building, unit, room) VALUES ('81367219691223269X', 8, 7, 2804);
INSERT INTO User (account, username, name, sex, age, tel, type, auth_key) VALUES ('712682199001101536', '周昕立', '周昕立', true, '30', '19248567292', 0, 'i269iun4WN858qF59s18i4k910983i0M');
INSERT INTO Resident (account, building, unit, room) VALUES ('712682199001101536', 23, 9, 2404);
INSERT INTO User (account, username, name, sex, age, tel, type, auth_key) VALUES ('35165919320204062X', '金淘力', '金淘力', true, '88', '17517651550', 0, 'ENAv0fjMfFSd95zCvg7dSAnpQ8SToRP1');
INSERT INTO Resident (account, building, unit, room) VALUES ('35165919320204062X', 66, 1, 2304);
INSERT INTO User (account, username, name, sex, age, tel, type, auth_key) VALUES ('370914198308129112', '盛辰柏', '盛辰柏', true, '37', '18111701084', 0, 'hzQx61vLUTk934y9et76jp9iPHh9y99b');
INSERT INTO Resident (account, building, unit, room) VALUES ('370914198308129112', 55, 9, 1502);
INSERT INTO User (account, username, name, sex, age, tel, type, auth_key) VALUES ('460246192502066389', '肖馨朋', '肖馨朋', true, '95', '19540188318', 0, '7sl7IDDM5dQwt0n2gaif6lpt9TM547Al');
INSERT INTO Resident (account, building, unit, room) VALUES ('460246192502066389', 26, 4, 1005);
INSERT INTO User (account, username, name, sex, age, tel, type, auth_key) VALUES ('63371619770415267X', '代嘉音', '代嘉音', true, '43', '19564222770', 0, 'lcmvO31DICq1jX2n03j0y07e6Fj7f66u');
INSERT INTO Resident (account, building, unit, room) VALUES ('63371619770415267X', 24, 9, 2205);
INSERT INTO User (account, username, name, sex, age, tel, type, auth_key) VALUES ('644763200606118904', '边铭', '边铭', true, '14', '13716044172', 0, 'g2J4m3lnU3aEEd2LQ5Hkg020j16S6dbW');
INSERT INTO Resident (account, building, unit, room) VALUES ('644763200606118904', 6, 8, 802);
INSERT INTO User (account, username, name, sex, age, tel, type, auth_key) VALUES ('810644194407074109', '岳铭阳', '岳铭阳', true, '76', '19243559520', 0, '0RjoP11UB57LLkXWd4GnZp0W4sQlGF7B');
INSERT INTO Resident (account, building, unit, room) VALUES ('810644194407074109', 62, 6, 1103);
INSERT INTO User (account, username, name, sex, age, tel, type, auth_key) VALUES ('131325197804207578', '毛诺旭', '毛诺旭', true, '42', '18934237905', 0, 'At26nq1FNct7ey4YdAC6762OzDL2MrSJ');
INSERT INTO Resident (account, building, unit, room) VALUES ('131325197804207578', 87, 7, 2205);
INSERT INTO User (account, username, name, sex, age, tel, type, auth_key) VALUES ('332102194404099455', '鲁圆润', '鲁圆润', false, '76', '13842469748', 0, '768M5KKs2kX3q94sVmOaBv8c4keHETbm');
INSERT INTO Resident (account, building, unit, room) VALUES ('332102194404099455', 67, 8, 1102);
INSERT INTO User (account, username, name, sex, age, tel, type, auth_key) VALUES ('144190193706095007', '山菲铭', '山菲铭', false, '83', '18938751515', 0, 'tYB2J7P1Dj1D5FRkTwf09v0p4t9B33e0');
INSERT INTO Resident (account, building, unit, room) VALUES ('144190193706095007', 16, 8, 1202);
INSERT INTO User (account, username, name, sex, age, tel, type, auth_key) VALUES ('434284200804061513', '秦义煜', '秦义煜', true, '12', '18393137758', 0, 'MPJ8rcL74N6d6YVyFW4BL6l3wh3e7t5S');
INSERT INTO Resident (account, building, unit, room) VALUES ('434284200804061513', 21, 3, 504);
INSERT INTO User (account, username, name, sex, age, tel, type, auth_key) VALUES ('500470197504076710', '许淘炜', '许淘炜', false, '45', '18381008331', 0, '1LJ5dY03PQ2DCsTj6Qo3A9i62m58ywe3');
INSERT INTO Resident (account, building, unit, room) VALUES ('500470197504076710', 22, 6, 1106);
INSERT INTO User (account, username, name, sex, age, tel, type, auth_key) VALUES ('120788195705123383', '严广', '严广', false, '63', '19943566191', 0, 'FCoN0c7vhJajI39AKE0j36Xj1xUFk2N3');
INSERT INTO Resident (account, building, unit, room) VALUES ('120788195705123383', 78, 6, 804);
INSERT INTO User (account, username, name, sex, age, tel, type, auth_key) VALUES ('464591201309079906', '吴凡', '吴凡', false, '7', '18638755068', 0, 'D8Do0waPLUfzT45IJ7wZUXV6D4ddkhyl');
INSERT INTO Resident (account, building, unit, room) VALUES ('464591201309079906', 59, 1, 1601);
INSERT INTO User (account, username, name, sex, age, tel, type, auth_key) VALUES ('811878195512170081', '柳轩', '柳轩', true, '65', '16694275244', 0, 'ZWz74efh93X3Fq1qkxi0aO4KBI0X5dRn');
INSERT INTO Resident (account, building, unit, room) VALUES ('811878195512170081', 33, 5, 2401);
INSERT INTO User (account, username, name, sex, age, tel, type, auth_key) VALUES ('350385198806200952', '欧凌', '欧凌', true, '32', '19312761443', 0, '0dotztZIzg130DVWK6mp31434i2Nwb24');
INSERT INTO Resident (account, building, unit, room) VALUES ('350385198806200952', 27, 2, 2504);
INSERT INTO User (account, username, name, sex, age, tel, type, auth_key) VALUES ('151184195803242996', '刘兰', '刘兰', true, '62', '14524659885', 0, '5eKBWw0papbNxstybBB81Lc200f9yNQD');
INSERT INTO Resident (account, building, unit, room) VALUES ('151184195803242996', 3, 3, 2205);
INSERT INTO User (account, username, name, sex, age, tel, type, auth_key) VALUES ('651530199909263997', '邵晓', '邵晓', true, '21', '15093484312', 0, 'V8UAu58YiG4THE07Hz9YCvMDT8E3ip75');
INSERT INTO Resident (account, building, unit, room) VALUES ('651530199909263997', 87, 6, 2704);
INSERT INTO User (account, username, name, sex, age, tel, type, auth_key) VALUES ('630489196302055089', '宋薪琦', '宋薪琦', true, '57', '13527355842', 0, 'HG5xz1RwoZ8g6h10490DOK5HG9iS4fFU');
INSERT INTO Resident (account, building, unit, room) VALUES ('630489196302055089', 87, 4, 2605);
INSERT INTO User (account, username, name, sex, age, tel, type, auth_key) VALUES ('37388120001223456X', '臧圆令', '臧圆令', false, '20', '18567909342', 0, 'gWx7wU95Afx6te6QwI127V5L16Ud210u');
INSERT INTO Resident (account, building, unit, room) VALUES ('37388120001223456X', 57, 8, 1604);
INSERT INTO User (account, username, name, sex, age, tel, type, auth_key) VALUES ('325002194606077631', '部雯振', '部雯振', true, '74', '18735935444', 0, 'BV7QROpwsRJFgAJ3C2bu3rOxTN7v6MF8');
INSERT INTO Resident (account, building, unit, room) VALUES ('325002194606077631', 9, 9, 903);
INSERT INTO User (account, username, name, sex, age, tel, type, auth_key) VALUES ('641402197109159215', '高飞朋', '高飞朋', false, '49', '19204289445', 0, 'MWeA6oA8B14ry39ur1H05246O01Yo2BN');
INSERT INTO Resident (account, building, unit, room) VALUES ('641402197109159215', 29, 4, 1601);
INSERT INTO User (account, username, name, sex, age, tel, type, auth_key) VALUES ('124680194709278994', '沈源诺', '沈源诺', false, '73', '15827779824', 0, 'JOd9U9v150IzEtb3434l55RwgaE3MK7h');
INSERT INTO Resident (account, building, unit, room) VALUES ('124680194709278994', 36, 3, 2205);
INSERT INTO User (account, username, name, sex, age, tel, type, auth_key) VALUES ('112259196709302383', '史雯', '史雯', true, '53', '13322540216', 0, 'QOKZA24E7wbbw34XX4dfyoGTVi57A6D8');
INSERT INTO Resident (account, building, unit, room) VALUES ('112259196709302383', 92, 2, 1002);
INSERT INTO User (account, username, name, sex, age, tel, type, auth_key) VALUES ('313856194906139078', '尹琦馨', '尹琦馨', true, '71', '15507896188', 0, 'JX3E38s72m1gHkD6OJg09MH6abdlr7k5');
INSERT INTO Resident (account, building, unit, room) VALUES ('313856194906139078', 19, 7, 1403);
INSERT INTO User (account, username, name, sex, age, tel, type, auth_key) VALUES ('361967192401164082', '张龙翔', '张龙翔', false, '96', '13598952127', 0, 'Nx1l5NVU72Dfyp194TqQ3dvSo05Zt072');
INSERT INTO Resident (account, building, unit, room) VALUES ('361967192401164082', 28, 6, 2501);
INSERT INTO User (account, username, name, sex, age, tel, type, auth_key) VALUES ('635031193710233550', '肖晓千', '肖晓千', true, '83', '15834782183', 0, 'JeDDR6zcQ5no4yzyQPG2lonQ18OXBHo7');
INSERT INTO Resident (account, building, unit, room) VALUES ('635031193710233550', 43, 4, 2502);
INSERT INTO User (account, username, name, sex, age, tel, type, auth_key) VALUES ('504302193912133762', '张伟', '张伟', true, '81', '13321525160', 0, 'wQ3u2iU510iijOhL4BXmg9iwp49dwf2X');
INSERT INTO Resident (account, building, unit, room) VALUES ('504302193912133762', 90, 4, 2801);
INSERT INTO User (account, username, name, sex, age, tel, type, auth_key) VALUES ('411805198705297141', '高萱炎', '高萱炎', true, '33', '17810279643', 0, '3E93HonpTf073YH6b3Tni6S21MV9e7Tt');
INSERT INTO Resident (account, building, unit, room) VALUES ('411805198705297141', 71, 5, 505);
INSERT INTO User (account, username, name, sex, age, tel, type, auth_key) VALUES ('362835196603254442', '韩子硕', '韩子硕', false, '54', '18669759037', 0, 'JW1r5HX9n6ZhOIIid0cRRZ9WtEoZFXee');
INSERT INTO Resident (account, building, unit, room) VALUES ('362835196603254442', 39, 6, 706);
INSERT INTO User (account, username, name, sex, age, tel, type, auth_key) VALUES ('224233192305167330', '沈可新', '沈可新', true, '97', '19742795124', 0, '3Ehfs80122ZAF7Mo8WlJ5US7aHshV1Io');
INSERT INTO Resident (account, building, unit, room) VALUES ('224233192305167330', 100, 6, 603);
INSERT INTO User (account, username, name, sex, age, tel, type, auth_key) VALUES ('421736192407062303', '楚泽兰', '楚泽兰', true, '96', '18960101880', 0, '01KFNK77W4619f8868ED810c7VSDpPlV');
INSERT INTO Resident (account, building, unit, room) VALUES ('421736192407062303', 23, 9, 1605);
INSERT INTO User (account, username, name, sex, age, tel, type, auth_key) VALUES ('154198199408124048', '代雅洁', '代雅洁', true, '26', '16655495991', 0, 'x36RM6UN35IY4S2HT9W321Gz9EuQVA75');
INSERT INTO Resident (account, building, unit, room) VALUES ('154198199408124048', 11, 7, 705);
INSERT INTO User (account, username, name, sex, age, tel, type, auth_key) VALUES ('614611194109215731', '肖硕', '肖硕', false, '79', '15990236066', 0, 'iG7w1rK44761q8Tg0cPG76c6Ealut901');
INSERT INTO Resident (account, building, unit, room) VALUES ('614611194109215731', 5, 3, 905);
INSERT INTO User (account, username, name, sex, age, tel, type, auth_key) VALUES ('641933200312072904', '陆盈飞', '陆盈飞', true, '17', '15962704091', 0, 'l4n144iWVPOA7K458VL8owbv7UuLi7QV');
INSERT INTO Resident (account, building, unit, room) VALUES ('641933200312072904', 48, 4, 1004);
INSERT INTO User (account, username, name, sex, age, tel, type, auth_key) VALUES ('363852200312072920', '臧赛', '臧赛', false, '17', '15261616221', 0, 'b48XGW4RHuZ70C8wIAHI70Yg3B958432');
INSERT INTO Resident (account, building, unit, room) VALUES ('363852200312072920', 32, 2, 601);
INSERT INTO User (account, username, name, sex, age, tel, type, auth_key) VALUES ('424829198410038822', '权振', '权振', true, '36', '17399475069', 0, 'BYpC8AdLv0UFa044289XhwJRE7Yz0ZCq');
INSERT INTO Resident (account, building, unit, room) VALUES ('424829198410038822', 30, 10, 1205);
INSERT INTO User (account, username, name, sex, age, tel, type, auth_key) VALUES ('113841198211034344', '武中伟', '武中伟', false, '38', '13447246953', 0, 'P9lAo1gGyBwf4I03v3s9vkL99XT92gt5');
INSERT INTO Resident (account, building, unit, room) VALUES ('113841198211034344', 37, 3, 801);
INSERT INTO User (account, username, name, sex, age, tel, type, auth_key) VALUES ('114701192301087639', '路豪圣', '路豪圣', false, '97', '15195201250', 0, '9uQLYK8uxGk38kb0y9oqNMR6p7sQT72Z');
INSERT INTO Resident (account, building, unit, room) VALUES ('114701192301087639', 92, 3, 1705);
INSERT INTO User (account, username, name, sex, age, tel, type, auth_key) VALUES ('363570195202264445', '於佳', '於佳', true, '68', '19797204451', 0, '66X9t540dudDQy314NUdLx4oKS548Yv8');
INSERT INTO Resident (account, building, unit, room) VALUES ('363570195202264445', 44, 10, 1203);
INSERT INTO User (account, username, name, sex, age, tel, type, auth_key) VALUES ('123320195308218673', '李有润', '李有润', true, '67', '15242416345', 0, 'Szud3650LqH0FYyv0P6de5Lm8DV5oVFJ');
INSERT INTO Resident (account, building, unit, room) VALUES ('123320195308218673', 88, 1, 1804);
INSERT INTO User (account, username, name, sex, age, tel, type, auth_key) VALUES ('531163193006304907', '吉宇', '吉宇', true, '90', '13878180731', 0, 'K7XhdN9aoP8ks8D0w382Wo8Cf3TM501H');
INSERT INTO Resident (account, building, unit, room) VALUES ('531163193006304907', 62, 6, 1204);
INSERT INTO User (account, username, name, sex, age, tel, type, auth_key) VALUES ('344047200211309102', '商奇炜', '商奇炜', true, '18', '19048526756', 0, '41BT0B7i4DW79mqi1dZ17c470o8x3q56');
INSERT INTO Resident (account, building, unit, room) VALUES ('344047200211309102', 15, 1, 1401);
INSERT INTO User (account, username, name, sex, age, tel, type, auth_key) VALUES ('640926192610166204', '赵兮旭', '赵兮旭', false, '94', '18150533146', 0, 'a5dm92V4U1Yv41lxyKF1FFWlU32PLI9J');
INSERT INTO Resident (account, building, unit, room) VALUES ('640926192610166204', 11, 9, 2301);
INSERT INTO User (account, username, name, sex, age, tel, type, auth_key) VALUES ('465032197304241986', '宋萱', '宋萱', false, '47', '18672092221', 0, 'A1Muggq3gg0BxbXp41kq1hf0uk2lxehl');
INSERT INTO Resident (account, building, unit, room) VALUES ('465032197304241986', 97, 4, 1403);
INSERT INTO User (account, username, name, sex, age, tel, type, auth_key) VALUES ('121198201412169691', '董硕', '董硕', true, '6', '16669337796', 0, 'QYC616w6oXpv01gQH4T3NN0X30mV3iE7');
INSERT INTO Resident (account, building, unit, room) VALUES ('121198201412169691', 2, 7, 1502);
INSERT INTO User (account, username, name, sex, age, tel, type, auth_key) VALUES ('434430196003226550', '徐源轩', '徐源轩', false, '60', '15231844163', 0, '1E2vn7zPG716GgXxDO17ATT5vDtIy7v4');
INSERT INTO Resident (account, building, unit, room) VALUES ('434430196003226550', 13, 7, 1903);
INSERT INTO User (account, username, name, sex, age, tel, type, auth_key) VALUES ('331359192702022867', '颜一倨', '颜一倨', false, '93', '15370293393', 0, 'jm4629pdp5L3TxS5ud3iHQ988755m24b');
INSERT INTO Resident (account, building, unit, room) VALUES ('331359192702022867', 91, 9, 2505);
INSERT INTO User (account, username, name, sex, age, tel, type, auth_key) VALUES ('220386194104136190', '路一', '路一', true, '79', '19869787437', 0, '90I7x9s9wGsfymd57kHa12O4Ru25PNQ9');
INSERT INTO Resident (account, building, unit, room) VALUES ('220386194104136190', 27, 8, 2905);
INSERT INTO User (account, username, name, sex, age, tel, type, auth_key) VALUES ('110135195010150305', '余轩夫', '余轩夫', false, '70', '15021126402', 0, '3l24D5syX4CQ75WjhBptL8Y5fzHG3l0t');
INSERT INTO Resident (account, building, unit, room) VALUES ('110135195010150305', 60, 6, 1406);
INSERT INTO User (account, username, name, sex, age, tel, type, auth_key) VALUES ('215058199308255235', '冯正', '冯正', true, '27', '18125953809', 0, '17s2v5fhJuV75jb2Cj4q1926Fyo0PNta');
INSERT INTO Resident (account, building, unit, room) VALUES ('215058199308255235', 44, 5, 1702);
INSERT INTO User (account, username, name, sex, age, tel, type, auth_key) VALUES ('36235819390617573X', '吴冠晓', '吴冠晓', true, '81', '15201026752', 0, 'J26WttrSC2sFfu0MW2N7Ge1844fx3Azm');
INSERT INTO Resident (account, building, unit, room) VALUES ('36235819390617573X', 31, 4, 403);
INSERT INTO User (account, username, name, sex, age, tel, type, auth_key) VALUES ('460870199402169856', '路炜馨', '路炜馨', false, '26', '15608144734', 0, 'ZpdX4fyYTqz6eUQ5dGAw424KXR5MBO32');
INSERT INTO Resident (account, building, unit, room) VALUES ('460870199402169856', 37, 7, 1603);
INSERT INTO User (account, username, name, sex, age, tel, type, auth_key) VALUES ('342177197912305142', '吉诺帆', '吉诺帆', false, '41', '15567749999', 0, 'Tm9vfz64qKpqdKnoVRvl22epA98o3iQV');
INSERT INTO Resident (account, building, unit, room) VALUES ('342177197912305142', 23, 7, 2605);
INSERT INTO User (account, username, name, sex, age, tel, type, auth_key) VALUES ('714372201409064673', '米兮可', '米兮可', false, '6', '13242569398', 0, 'S9wVjUE1alMx460796LOB08pX638MyZ5');
INSERT INTO Resident (account, building, unit, room) VALUES ('714372201409064673', 78, 9, 1204);
INSERT INTO User (account, username, name, sex, age, tel, type, auth_key) VALUES ('361509199908191824', '钱天宜', '钱天宜', true, '21', '18820157540', 0, 'LTjPyE58MTvUsR4P8356tf2IYK0pF1tP');
INSERT INTO Resident (account, building, unit, room) VALUES ('361509199908191824', 69, 7, 1504);
INSERT INTO User (account, username, name, sex, age, tel, type, auth_key) VALUES ('642029195304247799', '郑瀚晓', '郑瀚晓', false, '67', '13018137033', 0, 'EDRy07ENM7G872yAdMR4eIL3KcSqkyL1');
INSERT INTO Resident (account, building, unit, room) VALUES ('642029195304247799', 40, 2, 203);
INSERT INTO User (account, username, name, sex, age, tel, type, auth_key) VALUES ('324267192605032307', '昌有昕', '昌有昕', false, '94', '15154115830', 0, 'GzNw6247dt2303wNtL1f102w4038CWUa');
INSERT INTO Resident (account, building, unit, room) VALUES ('324267192605032307', 11, 1, 1604);
INSERT INTO User (account, username, name, sex, age, tel, type, auth_key) VALUES ('502841198512045138', '宫丹杰', '宫丹杰', false, '35', '14528651886', 0, 'bIZR8ckH6RVegXoTUn416qi184Wlxmfv');
INSERT INTO Resident (account, building, unit, room) VALUES ('502841198512045138', 19, 2, 2703);
INSERT INTO User (account, username, name, sex, age, tel, type, auth_key) VALUES ('612175193605279303', '曹本琦', '曹本琦', true, '84', '17851107924', 0, 'GBDM0RhDA0e0tJcz81faT7e6sS4oLbn8');
INSERT INTO Resident (account, building, unit, room) VALUES ('612175193605279303', 35, 5, 406);
INSERT INTO User (account, username, name, sex, age, tel, type, auth_key) VALUES ('612973192303269403', '江晓', '江晓', true, '97', '15913088256', 0, 'tEj83ml4QMjK4TB7PzX1b6FC54kCWT70');
INSERT INTO Resident (account, building, unit, room) VALUES ('612973192303269403', 64, 1, 1002);
INSERT INTO User (account, username, name, sex, age, tel, type, auth_key) VALUES ('414402195703105442', '巩嘉煜', '巩嘉煜', false, '63', '14925976046', 0, 'Y75g9jI4E4JVJm3Z1ifn21mB6p5bA4LV');
INSERT INTO Resident (account, building, unit, room) VALUES ('414402195703105442', 6, 7, 604);
INSERT INTO User (account, username, name, sex, age, tel, type, auth_key) VALUES ('321482193009264649', '侯依', '侯依', true, '90', '13947974714', 0, '29XIP255yI3X3k7PO8b7lh28prR1iAIn');
INSERT INTO Resident (account, building, unit, room) VALUES ('321482193009264649', 98, 3, 1004);
INSERT INTO User (account, username, name, sex, age, tel, type, auth_key) VALUES ('442851194707042364', '寻凌睿', '寻凌睿', true, '73', '15858745487', 0, 'nyN9nllTIQ70ymX3P6zABBRUHgGB55Mt');
INSERT INTO Resident (account, building, unit, room) VALUES ('442851194707042364', 25, 6, 201);
INSERT INTO User (account, username, name, sex, age, tel, type, auth_key) VALUES ('113398194106208725', '楚静英', '楚静英', false, '79', '18785138664', 0, 'wcfYckO0Y4o0bt37LTMAo62Mjq1y034m');
INSERT INTO Resident (account, building, unit, room) VALUES ('113398194106208725', 82, 5, 203);
INSERT INTO User (account, username, name, sex, age, tel, type, auth_key) VALUES ('461152197506102552', '边泽萱', '边泽萱', false, '45', '17395392598', 0, '6O180yCfgZnL2RKR2J4fq1K2EE2otF5k');
INSERT INTO Resident (account, building, unit, room) VALUES ('461152197506102552', 16, 5, 1005);
INSERT INTO User (account, username, name, sex, age, tel, type, auth_key) VALUES ('230557196707239927', '吉可', '吉可', false, '53', '15199750921', 0, '8Qp22ELziqB2uOWy0UjdNP7b1Y99o6Nf');
INSERT INTO Resident (account, building, unit, room) VALUES ('230557196707239927', 78, 1, 2601);
INSERT INTO User (account, username, name, sex, age, tel, type, auth_key) VALUES ('134497195106014838', '崔泽', '崔泽', false, '69', '19008752350', 0, 'iSqbk91THF2zXDBUJm6846jRKmfJCQy6');
INSERT INTO Resident (account, building, unit, room) VALUES ('134497195106014838', 18, 4, 2905);
INSERT INTO User (account, username, name, sex, age, tel, type, auth_key) VALUES ('151885195411126330', '边睿子', '边睿子', true, '66', '15591489262', 0, 'hw7dFXNN79puf63y1A4dI5q2721WS3a7');
INSERT INTO Resident (account, building, unit, room) VALUES ('151885195411126330', 72, 4, 2403);
INSERT INTO User (account, username, name, sex, age, tel, type, auth_key) VALUES ('150559192806109786', '张兮帆', '张兮帆', false, '92', '19354316203', 0, 'LnM0C2NAc6tAM218yk3TZdkaJ8g35uPm');
INSERT INTO Resident (account, building, unit, room) VALUES ('150559192806109786', 84, 1, 1505);
INSERT INTO User (account, username, name, sex, age, tel, type, auth_key) VALUES ('360262198711288058', '孙霖宇', '孙霖宇', true, '33', '18778090875', 0, 'ubXQ2ABo6tQH6cT2Vn1z27367mxOSy8n');
INSERT INTO Resident (account, building, unit, room) VALUES ('360262198711288058', 31, 10, 501);
INSERT INTO User (account, username, name, sex, age, tel, type, auth_key) VALUES ('612149194803274476', '部迅', '部迅', true, '72', '18203988938', 0, 'aIdyGtfC338oFtbsrY82BRbKHBbxNc7h');
INSERT INTO Resident (account, building, unit, room) VALUES ('612149194803274476', 69, 7, 1902);
INSERT INTO User (account, username, name, sex, age, tel, type, auth_key) VALUES ('111451199506282367', '黄宇飞', '黄宇飞', false, '25', '15150973911', 0, 'zx5b48iSydo0ZTt7y6K23nr2TC76plW0');
INSERT INTO Resident (account, building, unit, room) VALUES ('111451199506282367', 65, 10, 1306);
INSERT INTO User (account, username, name, sex, age, tel, type, auth_key) VALUES ('652761197709010835', '颜宇立', '颜宇立', true, '43', '18464373342', 0, 'A5I5F69E03K9UW74zMz6fwUFIReV9HGw');
INSERT INTO Resident (account, building, unit, room) VALUES ('652761197709010835', 96, 8, 2106);
INSERT INTO User (account, username, name, sex, age, tel, type, auth_key) VALUES ('641603199006160136', '管力嘉', '管力嘉', true, '30', '13234114772', 0, '4z11txU4h5KSH9y18VYLUB28aZWJZyqb');
INSERT INTO Resident (account, building, unit, room) VALUES ('641603199006160136', 71, 10, 1603);
INSERT INTO User (account, username, name, sex, age, tel, type, auth_key) VALUES ('212884198404265945', '东方泽', '东方泽', false, '36', '18040302021', 0, 'O7y7maG0v53qmnzI5IIETL7l260q96Me');
INSERT INTO Resident (account, building, unit, room) VALUES ('212884198404265945', 10, 4, 904);
INSERT INTO User (account, username, name, sex, age, tel, type, auth_key) VALUES ('612131199805278185', '童嘉冠', '童嘉冠', true, '22', '15172618535', 0, 'VDBH4Sp4nSw6XO45XY6s7nQrWb8T4w6p');
INSERT INTO Resident (account, building, unit, room) VALUES ('612131199805278185', 8, 3, 2603);
INSERT INTO User (account, username, name, sex, age, tel, type, auth_key) VALUES ('331230199708207842', '杨萌宇', '杨萌宇', false, '23', '13689548473', 0, 'sM6H9Q0ML95p7p9H3Zxp5SOBy6hsTvsl');
INSERT INTO Resident (account, building, unit, room) VALUES ('331230199708207842', 19, 7, 2805);
INSERT INTO User (account, username, name, sex, age, tel, type, auth_key) VALUES ('210852200407052409', '季旭煜', '季旭煜', false, '16', '14954632456', 0, 'p5fi961Vt8V3gJNlCwq2Ggqs0jDL4VyA');
INSERT INTO Resident (account, building, unit, room) VALUES ('210852200407052409', 8, 5, 704);
INSERT INTO User (account, username, name, sex, age, tel, type, auth_key) VALUES ('82243919531108660X', '肖淘', '肖淘', true, '67', '19180099745', 0, 'Zur2P2ic44Mz0ntIpC37QD523Sh60Yfk');
INSERT INTO Resident (account, building, unit, room) VALUES ('82243919531108660X', 79, 8, 2501);
INSERT INTO User (account, username, name, sex, age, tel, type, auth_key) VALUES ('422988200103204528', '仲本力', '仲本力', false, '19', '13991583416', 0, 'C50wKsy5bL11oRcngfS3c9ax1ZcZmwLs');
INSERT INTO Resident (account, building, unit, room) VALUES ('422988200103204528', 35, 8, 1704);
INSERT INTO User (account, username, name, sex, age, tel, type, auth_key) VALUES ('525022199611113061', '毕天雨', '毕天雨', true, '24', '15374886528', 0, 'Adu5o1x61667TB805hT9UyFnI5i6mdWJ');
INSERT INTO Resident (account, building, unit, room) VALUES ('525022199611113061', 15, 9, 2002);
INSERT INTO User (account, username, name, sex, age, tel, type, auth_key) VALUES ('533549199201068641', '任霖良', '任霖良', true, '28', '18461523755', 0, 'm2O096oJbX678jVU7hvVSr10AOrl565g');
INSERT INTO Resident (account, building, unit, room) VALUES ('533549199201068641', 37, 10, 1005);
INSERT INTO User (account, username, name, sex, age, tel, type, auth_key) VALUES ('651846198111202299', '崔兰辰', '崔兰辰', false, '39', '13641851582', 0, '982oVtvvX61jqJO6dbAIrP4V00QEcGMj');
INSERT INTO Resident (account, building, unit, room) VALUES ('651846198111202299', 45, 7, 1404);
INSERT INTO User (account, username, name, sex, age, tel, type, auth_key) VALUES ('45371519960803389X', '燕振', '燕振', false, '24', '13760903003', 0, '2D33j2UjHUzgHVtZh3ePaBZ0j14wuJdJ');
INSERT INTO Resident (account, building, unit, room) VALUES ('45371519960803389X', 18, 8, 2001);
INSERT INTO User (account, username, name, sex, age, tel, type, auth_key) VALUES ('312679194807111421', '柳振奕', '柳振奕', false, '72', '18623315791', 0, '9f73XfLu6H7z02IMDU39Vfxs71MGhQcp');
INSERT INTO Resident (account, building, unit, room) VALUES ('312679194807111421', 32, 8, 2603);
INSERT INTO User (account, username, name, sex, age, tel, type, auth_key) VALUES ('822058197403207404', '昌音依', '昌音依', false, '46', '18270206102', 0, 'y87Eh3g3foKpna938ExCXcQm149az5U5');
INSERT INTO Resident (account, building, unit, room) VALUES ('822058197403207404', 84, 2, 1706);
INSERT INTO User (account, username, name, sex, age, tel, type, auth_key) VALUES ('372237196802067451', '陈英杰', '陈英杰', false, '52', '19781922748', 0, '3cD8ZgPVQ5e2kR12EgKZFy5F8Z37ti0R');
INSERT INTO Resident (account, building, unit, room) VALUES ('372237196802067451', 29, 9, 1806);
INSERT INTO User (account, username, name, sex, age, tel, type, auth_key) VALUES ('424784198803199427', '楚宜阳', '楚宜阳', false, '32', '17873476692', 0, 'fCj1FAqRX761IIC11NDVE1829cDTWWPZ');
INSERT INTO Resident (account, building, unit, room) VALUES ('424784198803199427', 90, 10, 903);
INSERT INTO User (account, username, name, sex, age, tel, type, auth_key) VALUES ('422721201102080742', '董哲圆', '董哲圆', true, '9', '18766866534', 0, 'pIhCtOK4tYw8g26piVgy2CnqM86LHqPY');
INSERT INTO Resident (account, building, unit, room) VALUES ('422721201102080742', 53, 9, 1305);
INSERT INTO User (account, username, name, sex, age, tel, type, auth_key) VALUES ('644349193609040029', '杜柏', '杜柏', false, '84', '14515207670', 0, '5Y72S897jYj4OC6o9ZoKiVstFh3zdSl6');
INSERT INTO Resident (account, building, unit, room) VALUES ('644349193609040029', 74, 6, 1605);
INSERT INTO User (account, username, name, sex, age, tel, type, auth_key) VALUES ('464231196604032585', '於萌翔', '於萌翔', false, '54', '18638615081', 0, '3Jg455ZB2JNz4x7Ap0D8wKdOLgA8v319');
INSERT INTO Resident (account, building, unit, room) VALUES ('464231196604032585', 85, 4, 1001);
INSERT INTO User (account, username, name, sex, age, tel, type, auth_key) VALUES ('232292193612029554', '宫佳', '宫佳', false, '84', '16611905352', 0, 'ttjj3w4K91HVKnofxHm9Z1691008t5h5');
INSERT INTO Resident (account, building, unit, room) VALUES ('232292193612029554', 23, 9, 1206);
INSERT INTO User (account, username, name, sex, age, tel, type, auth_key) VALUES ('532671195608083508', '寻露锐', '寻露锐', true, '64', '19134590748', 0, 'z8s3YL914eTAFKPcMT8nkR2aJh03RqCN');
INSERT INTO Resident (account, building, unit, room) VALUES ('532671195608083508', 4, 8, 301);
INSERT INTO User (account, username, name, sex, age, tel, type, auth_key) VALUES ('623903197703143217', '裴毅霄', '裴毅霄', true, '43', '19567664817', 0, 's51yjunHK2t9JgZ1v188a0Qp8N33Cc8G');
INSERT INTO Resident (account, building, unit, room) VALUES ('623903197703143217', 35, 1, 1805);
INSERT INTO User (account, username, name, sex, age, tel, type, auth_key) VALUES ('433782198407199712', '牛雅', '牛雅', true, '36', '13966164259', 0, '4jSP4JLM25f823Zj2F3sA89NeCl5v7t9');
INSERT INTO Resident (account, building, unit, room) VALUES ('433782198407199712', 69, 8, 2102);
INSERT INTO User (account, username, name, sex, age, tel, type, auth_key) VALUES ('632126199707022908', '张铭', '张铭', true, '23', '19574012027', 0, '1tvAkJLfbB9K5f0bwfSs136RPgt6y2Hk');
INSERT INTO Resident (account, building, unit, room) VALUES ('632126199707022908', 10, 3, 1802);
INSERT INTO User (account, username, name, sex, age, tel, type, auth_key) VALUES ('500541195602208498', '陈琦泽', '陈琦泽', true, '64', '18445051772', 0, 'AEHC6UTi3s48r2b8SS9ESm34punjR134');
INSERT INTO Resident (account, building, unit, room) VALUES ('500541195602208498', 37, 8, 1103);
INSERT INTO User (account, username, name, sex, age, tel, type, auth_key) VALUES ('321789197303173443', '黄锐晓', '黄锐晓', false, '47', '17214611794', 0, 'B68CG34V00ijeB0zjINmEfT31Xw0u7bT');
INSERT INTO Resident (account, building, unit, room) VALUES ('321789197303173443', 80, 4, 2504);
INSERT INTO User (account, username, name, sex, age, tel, type, auth_key) VALUES ('364143196202111362', '欧辰炎', '欧辰炎', false, '58', '13213573042', 0, 'P21ppddiUEmMEX3xJd6w33suic537Wl1');
INSERT INTO Resident (account, building, unit, room) VALUES ('364143196202111362', 40, 4, 1304);
INSERT INTO User (account, username, name, sex, age, tel, type, auth_key) VALUES ('633009195406047747', '陆迅', '陆迅', true, '66', '19365021462', 0, 'ly8pcmofl5qx7s21i2z1SN3du990hpTR');
INSERT INTO Resident (account, building, unit, room) VALUES ('633009195406047747', 48, 6, 2203);
INSERT INTO User (account, username, name, sex, age, tel, type, auth_key) VALUES ('633323197901228745', '龚源', '龚源', false, '41', '19917461329', 0, 'EAYh687pe6bAT8rOXWS1k8qUCeGs5hbQ');
INSERT INTO Resident (account, building, unit, room) VALUES ('633323197901228745', 9, 1, 2903);
INSERT INTO User (account, username, name, sex, age, tel, type, auth_key) VALUES ('140584199202223193', '许民', '许民', false, '28', '18542960165', 0, 'b8k4566lHIXl5amWJRBN7vhLITLTj45m');
INSERT INTO Resident (account, building, unit, room) VALUES ('140584199202223193', 19, 8, 1005);
INSERT INTO User (account, username, name, sex, age, tel, type, auth_key) VALUES ('36161619630816455X', '许正柏', '许正柏', false, '57', '18306975027', 0, 'BDJMzYV3jC25ww1KsFt4wmtow8ZDMPia');
INSERT INTO Resident (account, building, unit, room) VALUES ('36161619630816455X', 69, 6, 2901);
INSERT INTO User (account, username, name, sex, age, tel, type, auth_key) VALUES ('114831199405154509', '孙冠润', '孙冠润', false, '26', '19983628571', 0, 'u9jK4M60gp5rCvuy46tfGi0uN8u8r31R');
INSERT INTO Resident (account, building, unit, room) VALUES ('114831199405154509', 79, 10, 1703);
INSERT INTO User (account, username, name, sex, age, tel, type, auth_key) VALUES ('714192200501092821', '毛洁霄', '毛洁霄', true, '15', '18748759430', 0, '39zvaSgM3NoaCp1YPyHElmnkS5zHnvi6');
INSERT INTO Resident (account, building, unit, room) VALUES ('714192200501092821', 74, 10, 2806);
INSERT INTO User (account, username, name, sex, age, tel, type, auth_key) VALUES ('114831194404176420', '牛诺倨', '牛诺倨', true, '76', '19944523966', 0, 'hhehOd3YoTWE86Pf4Uq5V0F0ydY5NMT5');
INSERT INTO Resident (account, building, unit, room) VALUES ('114831194404176420', 36, 10, 1403);
INSERT INTO User (account, username, name, sex, age, tel, type, auth_key) VALUES ('620475194402132506', '柳豪瀚', '柳豪瀚', true, '76', '19765223117', 0, 'N145L1T6cPh85A18NDI1A2H8Qbnnf66q');
INSERT INTO Resident (account, building, unit, room) VALUES ('620475194402132506', 90, 8, 2504);
INSERT INTO User (account, username, name, sex, age, tel, type, auth_key) VALUES ('441166196206173842', '侯力', '侯力', true, '58', '14972541161', 0, '5py38bY487dHDHjDcG90cxZ18uuN20Pm');
INSERT INTO Resident (account, building, unit, room) VALUES ('441166196206173842', 41, 5, 2303);
INSERT INTO User (account, username, name, sex, age, tel, type, auth_key) VALUES ('462228197705176248', '肖润萱', '肖润萱', true, '43', '13635741151', 0, 'kZnvHQ4B2291ku8965664P4dCo97BnZ6');
INSERT INTO Resident (account, building, unit, room) VALUES ('462228197705176248', 3, 9, 2406);
INSERT INTO User (account, username, name, sex, age, tel, type, auth_key) VALUES ('440524193504214332', '肖铭冠', '肖铭冠', true, '85', '13841776861', 0, 'K9ftX3E9SxDkHjg2jtT43ZP19VryAF86');
INSERT INTO Resident (account, building, unit, room) VALUES ('440524193504214332', 44, 6, 2905);
INSERT INTO User (account, username, name, sex, age, tel, type, auth_key) VALUES ('63453119580729234X', '仲敏灯', '仲敏灯', true, '62', '19087814160', 0, 'Rzhcp0gpdcj3P9lMnQ1cKzUBNQ4EH6wD');
INSERT INTO Resident (account, building, unit, room) VALUES ('63453119580729234X', 92, 4, 202);
INSERT INTO User (account, username, name, sex, age, tel, type, auth_key) VALUES ('341776201202253257', '邵航', '邵航', false, '8', '19792640601', 0, 'cs79JJIfeeg0n5H7U57e5T7T26Bl2G1E');
INSERT INTO Resident (account, building, unit, room) VALUES ('341776201202253257', 82, 1, 303);
INSERT INTO User (account, username, name, sex, age, tel, type, auth_key) VALUES ('623830195906278181', '毕言', '毕言', true, '61', '18494129161', 0, 'JIpDxtkP6pL8xAjgG08I0SZOrv69AQ6g');
INSERT INTO Resident (account, building, unit, room) VALUES ('623830195906278181', 30, 10, 206);
INSERT INTO User (account, username, name, sex, age, tel, type, auth_key) VALUES ('544876201201234675', '龚雨哲', '龚雨哲', false, '8', '15174423349', 0, 'pI6x3TzdBHQcd60e8t4Lcmto4RZH5u1W');
INSERT INTO Resident (account, building, unit, room) VALUES ('544876201201234675', 100, 4, 2206);
INSERT INTO User (account, username, name, sex, age, tel, type, auth_key) VALUES ('131064193405304308', '任旭', '任旭', true, '86', '18654843410', 0, 'w6fny93m5fVD74foaEPo4d86n9hbX9Jj');
INSERT INTO Resident (account, building, unit, room) VALUES ('131064193405304308', 94, 3, 2502);
INSERT INTO User (account, username, name, sex, age, tel, type, auth_key) VALUES ('44364219450707790X', '曲夫敏', '曲夫敏', false, '75', '19524108214', 0, '4XB8Qkx7K0V05je9iM07O9C3h03VYzH3');
INSERT INTO Resident (account, building, unit, room) VALUES ('44364219450707790X', 94, 5, 302);
INSERT INTO User (account, username, name, sex, age, tel, type, auth_key) VALUES ('153298197704031005', '夏霄敏', '夏霄敏', true, '43', '19081722058', 0, 'w9358a1XFA0WaILdJ0Vq8MhJb3P22m0y');
INSERT INTO Resident (account, building, unit, room) VALUES ('153298197704031005', 87, 5, 1802);
INSERT INTO User (account, username, name, sex, age, tel, type, auth_key) VALUES ('504950200401092690', '盛飞一', '盛飞一', true, '16', '13074757555', 0, 'mjk5l1tHh1WhbY9372DCEtQVE0471Dcs');
INSERT INTO Resident (account, building, unit, room) VALUES ('504950200401092690', 56, 4, 404);
INSERT INTO User (account, username, name, sex, age, tel, type, auth_key) VALUES ('340872195209210815', '周薪嘉', '周薪嘉', true, '68', '15971753445', 0, '0uwO6MVT4IQ4PIZJTwLKqx9eq8ijm0o5');
INSERT INTO Resident (account, building, unit, room) VALUES ('340872195209210815', 79, 4, 1005);
INSERT INTO User (account, username, name, sex, age, tel, type, auth_key) VALUES ('414973193906084005', '柳翔', '柳翔', true, '81', '17832110739', 0, '0Ovx9552v98VF9RZJr9wGMw0F5dE831O');
INSERT INTO Resident (account, building, unit, room) VALUES ('414973193906084005', 57, 1, 2303);
INSERT INTO User (account, username, name, sex, age, tel, type, auth_key) VALUES ('362170194909025346', '耿毅', '耿毅', false, '71', '13124222138', 0, 'bEPl8wZCmip8ZSpZBl90UzsJhejN9nKe');
INSERT INTO Resident (account, building, unit, room) VALUES ('362170194909025346', 7, 6, 1303);
INSERT INTO User (account, username, name, sex, age, tel, type, auth_key) VALUES ('514677194205131173', '姚正可', '姚正可', false, '78', '19538192158', 0, 'IE5L3qcZwckqwxv56lk7f7EL09N07qWe');
INSERT INTO Resident (account, building, unit, room) VALUES ('514677194205131173', 16, 8, 2101);
INSERT INTO User (account, username, name, sex, age, tel, type, auth_key) VALUES ('375086199302276213', '孙灯', '孙灯', false, '27', '15357463519', 0, 'o31E8HK86pn99Vz2323Mat0l60QkFW3E');
INSERT INTO Resident (account, building, unit, room) VALUES ('375086199302276213', 88, 2, 301);
INSERT INTO User (account, username, name, sex, age, tel, type, auth_key) VALUES ('611923199705055150', '楚炎', '楚炎', false, '23', '18377756724', 0, 'u7Ok3HIaw1L34Y38PX6PtU7OL30m16iU');
INSERT INTO Resident (account, building, unit, room) VALUES ('611923199705055150', 99, 8, 604);
INSERT INTO User (account, username, name, sex, age, tel, type, auth_key) VALUES ('654002200201140469', '臧宜萱', '臧宜萱', true, '18', '15519650331', 0, '4Lar1HZ4Gz44H1MvT5Dq4qlXi2liuVr4');
INSERT INTO Resident (account, building, unit, room) VALUES ('654002200201140469', 28, 2, 2804);
INSERT INTO User (account, username, name, sex, age, tel, type, auth_key) VALUES ('231018198501190687', '颜炜有', '颜炜有', true, '35', '15818118585', 0, '21rqz81O5NVh7cFlYPt3G8UBQXCPU6EB');
INSERT INTO Resident (account, building, unit, room) VALUES ('231018198501190687', 67, 6, 404);
INSERT INTO User (account, username, name, sex, age, tel, type, auth_key) VALUES ('341154199110293870', '宫豪令', '宫豪令', false, '29', '18616508205', 0, 'O5YrNIUiJZt3Fya5GBqtEm88bU19618H');
INSERT INTO Resident (account, building, unit, room) VALUES ('341154199110293870', 91, 8, 205);
INSERT INTO User (account, username, name, sex, age, tel, type, auth_key) VALUES ('141493192605078137', '黄馨兰', '黄馨兰', true, '94', '18235650940', 0, 'agYEk7mm12515K48h5M0fJ1gS28OkXFf');
INSERT INTO Resident (account, building, unit, room) VALUES ('141493192605078137', 2, 5, 1502);
INSERT INTO User (account, username, name, sex, age, tel, type, auth_key) VALUES ('362657196205215750', '吴桐灯', '吴桐灯', false, '58', '13531519763', 0, 'Kx1djwG0W4Ya0Q9aysn0EaaJT6y6CJ54');
INSERT INTO Resident (account, building, unit, room) VALUES ('362657196205215750', 47, 7, 1403);
INSERT INTO User (account, username, name, sex, age, tel, type, auth_key) VALUES ('234059196411242805', '管桐宜', '管桐宜', false, '56', '18074640019', 0, '29g1399oteBL5EIdp83Q1e7cx3910K64');
INSERT INTO Resident (account, building, unit, room) VALUES ('234059196411242805', 23, 3, 1206);
INSERT INTO User (account, username, name, sex, age, tel, type, auth_key) VALUES ('820576196305036200', '王樱义', '王樱义', true, '57', '14757205203', 0, 'Y38Vj2bP39bca0R98qXLoNSU88e41N2z');
INSERT INTO Resident (account, building, unit, room) VALUES ('820576196305036200', 96, 7, 2903);
INSERT INTO User (account, username, name, sex, age, tel, type, auth_key) VALUES ('454112194211078462', '赵淘', '赵淘', true, '78', '18254571848', 0, 'XfMza24Rx0ZT28Hhd07iGQNuSYrdzd04');
INSERT INTO Resident (account, building, unit, room) VALUES ('454112194211078462', 23, 3, 2501);
INSERT INTO User (account, username, name, sex, age, tel, type, auth_key) VALUES ('522690195712196573', '江力', '江力', false, '63', '13950397036', 0, 'VL0fF8FnbbBFP673i8l3Qs0L5QOcPx49');
INSERT INTO Resident (account, building, unit, room) VALUES ('522690195712196573', 87, 4, 306);
INSERT INTO User (account, username, name, sex, age, tel, type, auth_key) VALUES ('514642200708097125', '山腾', '山腾', false, '13', '18181163337', 0, 'WvEFE4PLwmsRoyS1JU0NPrOy2pYtC67j');
INSERT INTO Resident (account, building, unit, room) VALUES ('514642200708097125', 93, 3, 206);
INSERT INTO User (account, username, name, sex, age, tel, type, auth_key) VALUES ('654225198711084424', '冯冠飞', '冯冠飞', true, '33', '13376536217', 0, 'pnT4eUutNydqKy6h1xJ5Y5NR2K6E2Q62');
INSERT INTO Resident (account, building, unit, room) VALUES ('654225198711084424', 43, 3, 1304);
INSERT INTO User (account, username, name, sex, age, tel, type, auth_key) VALUES ('44175319470820504X', '代炜', '代炜', false, '73', '15056190059', 0, '0n83Mihy1OSGa946809b3hR0e6ZggOk8');
INSERT INTO Resident (account, building, unit, room) VALUES ('44175319470820504X', 36, 2, 2704);
INSERT INTO User (account, username, name, sex, age, tel, type, auth_key) VALUES ('432675192609262606', '百里伟', '百里伟', false, '94', '18414419232', 0, 'q3Hc5tbZMj19bYj46ky6mfwMkDrGPPfr');
INSERT INTO Resident (account, building, unit, room) VALUES ('432675192609262606', 95, 7, 205);
INSERT INTO User (account, username, name, sex, age, tel, type, auth_key) VALUES ('431644193211153252', '郭航舒', '郭航舒', false, '88', '19958897281', 0, 'Jm2re5yI72PNPzd40m8K4P9IbGmo12hA');
INSERT INTO Resident (account, building, unit, room) VALUES ('431644193211153252', 50, 10, 1705);
INSERT INTO User (account, username, name, sex, age, tel, type, auth_key) VALUES ('504321193202116877', '童云迅', '童云迅', true, '88', '13655924033', 0, '9cC8972Iq7vuya34PFH7WX6LHHBxqCkH');
INSERT INTO Resident (account, building, unit, room) VALUES ('504321193202116877', 48, 5, 902);
INSERT INTO User (account, username, name, sex, age, tel, type, auth_key) VALUES ('522080195407143285', '陈宇霖', '陈宇霖', false, '66', '15800626827', 0, '360oPB97S35j1260B9PJ7NI2f7Mq80fE');
INSERT INTO Resident (account, building, unit, room) VALUES ('522080195407143285', 91, 2, 1103);
INSERT INTO User (account, username, name, sex, age, tel, type, auth_key) VALUES ('630535199310169416', '司马宇', '司马宇', true, '27', '18937519327', 0, 'NDU7UEk0g4ZE40iJ63s4E7AbSZ088Wo7');
INSERT INTO Resident (account, building, unit, room) VALUES ('630535199310169416', 12, 6, 204);
INSERT INTO User (account, username, name, sex, age, tel, type, auth_key) VALUES ('210989198109251869', '任本一', '任本一', true, '39', '17388832074', 0, '02NG68kt376fZJn2RVcVg1yCoHJhoE9M');
INSERT INTO Resident (account, building, unit, room) VALUES ('210989198109251869', 4, 6, 2601);
INSERT INTO User (account, username, name, sex, age, tel, type, auth_key) VALUES ('640812200212131325', '燕舒云', '燕舒云', false, '18', '19504463158', 0, 'd6Y983K612B36I573lN894i54B4D6PCR');
INSERT INTO Resident (account, building, unit, room) VALUES ('640812200212131325', 72, 10, 1904);
INSERT INTO User (account, username, name, sex, age, tel, type, auth_key) VALUES ('314762192404177357', '赵圆', '赵圆', false, '96', '15562113207', 0, 'DAnuIf3w42V5sT7uYPr6N7C996XxThOG');
INSERT INTO Resident (account, building, unit, room) VALUES ('314762192404177357', 98, 5, 2202);
INSERT INTO User (account, username, name, sex, age, tel, type, auth_key) VALUES ('365056199401173306', '田润依', '田润依', false, '26', '18839712829', 0, 'ur5t6jqpEVwY8C3L8GgGQzeH7xiUrHJK');
INSERT INTO Resident (account, building, unit, room) VALUES ('365056199401173306', 19, 4, 1402);
INSERT INTO User (account, username, name, sex, age, tel, type, auth_key) VALUES ('651970197909269144', '陆辰良', '陆辰良', false, '41', '19858197834', 0, 'WcRT62tT7qLroO18B9KdWLHr7hZK7Q65');
INSERT INTO Resident (account, building, unit, room) VALUES ('651970197909269144', 54, 9, 2505);
INSERT INTO User (account, username, name, sex, age, tel, type, auth_key) VALUES ('511207198705124224', '巩露凌', '巩露凌', true, '33', '18160897445', 0, '5vPi8E1g4R1rYFLW9xd5v5rKwMIC2C3c');
INSERT INTO Resident (account, building, unit, room) VALUES ('511207198705124224', 72, 6, 704);
INSERT INTO User (account, username, name, sex, age, tel, type, auth_key) VALUES ('223901192504282247', '吉一航', '吉一航', false, '95', '18186020657', 0, 'KLOGu0jQP5rsl5lASh6NnMnqeGfrzwIx');
INSERT INTO Resident (account, building, unit, room) VALUES ('223901192504282247', 71, 6, 304);
INSERT INTO User (account, username, name, sex, age, tel, type, auth_key) VALUES ('422519200007122470', '郑腾洁', '郑腾洁', true, '20', '18301060464', 0, 'N9P5lxm1HP9a3K3cD47n134twxysDp7l');
INSERT INTO Resident (account, building, unit, room) VALUES ('422519200007122470', 17, 1, 2003);
INSERT INTO User (account, username, name, sex, age, tel, type, auth_key) VALUES ('713639201209191638', '宫铭颖', '宫铭颖', false, '8', '19707647110', 0, 'DY73iiyU9Jjt5jjt6ogdoan0XUc3L7tR');
INSERT INTO Resident (account, building, unit, room) VALUES ('713639201209191638', 17, 10, 2001);
INSERT INTO User (account, username, name, sex, age, tel, type, auth_key) VALUES ('314834197403259113', '晁萱轩', '晁萱轩', true, '46', '18555857104', 0, 'LE5F55hNY8XbK1FDuw0CkUMQa9p9W851');
INSERT INTO Resident (account, building, unit, room) VALUES ('314834197403259113', 98, 6, 401);
INSERT INTO User (account, username, name, sex, age, tel, type, auth_key) VALUES ('330551194404132668', '沈柏琦', '沈柏琦', true, '76', '13504417538', 0, 'oN7ZF41t0TxsIk65K21GNJP73g3p1w8k');
INSERT INTO Resident (account, building, unit, room) VALUES ('330551194404132668', 63, 4, 2506);
INSERT INTO User (account, username, name, sex, age, tel, type, auth_key) VALUES ('440880201401165653', '王辰', '王辰', false, '6', '18263269372', 0, 'KWDIt8od6tL7KU3dpEQX0HdtU6Ri7Flj');
INSERT INTO Resident (account, building, unit, room) VALUES ('440880201401165653', 46, 7, 2303);
INSERT INTO User (account, username, name, sex, age, tel, type, auth_key) VALUES ('23122419380918757X', '杨翔睿', '杨翔睿', false, '82', '18027895986', 1, '6C867Z7HRXXRLch55d1134Dw1eVdlGWx');
INSERT INTO Committee (account, in_date, is_admin) VALUES ('23122419380918757X', '19660102', false);
INSERT INTO User (account, username, name, sex, age, tel, type, auth_key) VALUES ('123647195303079456', '余凌煜', '余凌煜', true, '67', '15366036273', 0, 'fgbnUg5P72P0Fdb3Kz8D9LFP0Avn2i63');
INSERT INTO Resident (account, building, unit, room) VALUES ('123647195303079456', 30, 1, 2005);
INSERT INTO User (account, username, name, sex, age, tel, type, auth_key) VALUES ('453339194410314504', '王丹', '王丹', false, '76', '15079377416', 0, 'nvZKDw913KP4cZx18JdJ19u5B939XvJv');
INSERT INTO Resident (account, building, unit, room) VALUES ('453339194410314504', 40, 9, 802);
INSERT INTO User (account, username, name, sex, age, tel, type, auth_key) VALUES ('454549197702080344', '崔振兮', '崔振兮', false, '43', '18262529152', 0, '46Z8395yaw7JK8gLd3Ar2mmqg3zezf8Q');
INSERT INTO Resident (account, building, unit, room) VALUES ('454549197702080344', 97, 7, 1806);
INSERT INTO User (account, username, name, sex, age, tel, type, auth_key) VALUES ('44256319500619679X', '付杰', '付杰', true, '70', '14927948506', 0, 'QBvEksn0Efq696763P8CT76vyZ2Bv4ej');
INSERT INTO Resident (account, building, unit, room) VALUES ('44256319500619679X', 24, 3, 2205);
INSERT INTO User (account, username, name, sex, age, tel, type, auth_key) VALUES ('35435119900703840X', '侯航建', '侯航建', false, '30', '17275993391', 0, 'hg2CSKjnP4aF3h6G70n53hLWXWfe6W92');
INSERT INTO Resident (account, building, unit, room) VALUES ('35435119900703840X', 9, 10, 2902);
INSERT INTO User (account, username, name, sex, age, tel, type, auth_key) VALUES ('411560194105209988', '邱毅振', '邱毅振', true, '79', '15621398423', 0, '82264ATmbWDE8xkzuICbUlGn9C1SP69D');
INSERT INTO Resident (account, building, unit, room) VALUES ('411560194105209988', 27, 2, 1004);
INSERT INTO User (account, username, name, sex, age, tel, type, auth_key) VALUES ('324852197102086967', '陆义煜', '陆义煜', false, '49', '13097720277', 0, 'P4hK5q2ALB6vSII2z9od175k5BWmvoib');
INSERT INTO Resident (account, building, unit, room) VALUES ('324852197102086967', 21, 6, 1906);
INSERT INTO User (account, username, name, sex, age, tel, type, auth_key) VALUES ('321675199407163915', '宫宜立', '宫宜立', false, '26', '13746251508', 0, '4LLB944adu141YRznpCi5hw0XZuP32S2');
INSERT INTO Resident (account, building, unit, room) VALUES ('321675199407163915', 36, 5, 301);
INSERT INTO User (account, username, name, sex, age, tel, type, auth_key) VALUES ('454792199508214456', '崔静凌', '崔静凌', false, '25', '19185296631', 0, '1sBM0AcvgYNt9jxfd1pB8HHprdilbHX0');
INSERT INTO Resident (account, building, unit, room) VALUES ('454792199508214456', 21, 2, 901);
INSERT INTO User (account, username, name, sex, age, tel, type, auth_key) VALUES ('433838200704011719', '米阳', '米阳', false, '13', '17831131311', 0, 'q138TkMBun3DAG8c044lgtvW34oOHcdk');
INSERT INTO Resident (account, building, unit, room) VALUES ('433838200704011719', 72, 5, 2905);
INSERT INTO User (account, username, name, sex, age, tel, type, auth_key) VALUES ('14116319840103710X', '靳可锐', '靳可锐', true, '36', '19220956903', 0, '3ixK0WH4R4Updhu8x6s21Z5yIPQMv1Eq');
INSERT INTO Resident (account, building, unit, room) VALUES ('14116319840103710X', 22, 3, 901);
INSERT INTO User (account, username, name, sex, age, tel, type, auth_key) VALUES ('513397196207119857', '林宇杰', '林宇杰', false, '58', '15372049998', 0, 'IajF83n2nah4804HGnh92m49L3ln4ycR');
INSERT INTO Resident (account, building, unit, room) VALUES ('513397196207119857', 22, 3, 2105);
INSERT INTO User (account, username, name, sex, age, tel, type, auth_key) VALUES ('823161197604266891', '武依静', '武依静', false, '44', '13125953830', 0, 'OW97PFV9Oaz69IM9ibIty6663kw18t9B');
INSERT INTO Resident (account, building, unit, room) VALUES ('823161197604266891', 79, 10, 201);
INSERT INTO User (account, username, name, sex, age, tel, type, auth_key) VALUES ('82122119570307221X', '符霄依', '符霄依', false, '63', '15918870691', 0, 'U2vmuUlP4SfcXs14644aSXUc1fuTkF8D');
INSERT INTO Resident (account, building, unit, room) VALUES ('82122119570307221X', 19, 10, 1103);
INSERT INTO User (account, username, name, sex, age, tel, type, auth_key) VALUES ('503431195211145080', '严思雅', '严思雅', true, '68', '15296790511', 0, 'STmshb99El353GhCRGnfwz9WJWXRDZ5w');
INSERT INTO Resident (account, building, unit, room) VALUES ('503431195211145080', 89, 3, 905);
INSERT INTO User (account, username, name, sex, age, tel, type, auth_key) VALUES ('312865197212203053', '康萱', '康萱', true, '48', '13610820318', 0, 'XQ42Btgt4R1Y3S5c20vf7ru20foV4Ho0');
INSERT INTO Resident (account, building, unit, room) VALUES ('312865197212203053', 86, 10, 2602);
INSERT INTO User (account, username, name, sex, age, tel, type, auth_key) VALUES ('544396194710284326', '山宜', '山宜', false, '73', '13405271707', 0, 'Zg0N1OcXwWKg9ob8P6piw4SrptcPq8ij');
INSERT INTO Resident (account, building, unit, room) VALUES ('544396194710284326', 68, 8, 2104);
INSERT INTO User (account, username, name, sex, age, tel, type, auth_key) VALUES ('623512201112238393', '岳雯宜', '岳雯宜', true, '9', '15913386334', 0, '1Fm3fbBgN61gP2Bj0a12snTXCUzB344q');
INSERT INTO Resident (account, building, unit, room) VALUES ('623512201112238393', 64, 8, 2502);
INSERT INTO User (account, username, name, sex, age, tel, type, auth_key) VALUES ('624669195304286018', '徐凌', '徐凌', false, '67', '13707301729', 0, 'Z7NcOkBF4SHRKX5FfeFmE0yNT08KLz6f');
INSERT INTO Resident (account, building, unit, room) VALUES ('624669195304286018', 74, 8, 1602);
INSERT INTO User (account, username, name, sex, age, tel, type, auth_key) VALUES ('310426195308232475', '盛炜飞', '盛炜飞', true, '67', '19197571854', 0, '5xRnu9ex8o6bZOb1LC4t8sfdRVXvFjP5');
INSERT INTO Resident (account, building, unit, room) VALUES ('310426195308232475', 50, 4, 1604);
INSERT INTO User (account, username, name, sex, age, tel, type, auth_key) VALUES ('451756199108208208', '靳龙', '靳龙', true, '29', '13011721542', 0, 'M1m56667Fw7f2Ak2gu1GC47p12GYpS0u');
INSERT INTO Resident (account, building, unit, room) VALUES ('451756199108208208', 97, 8, 2005);
INSERT INTO User (account, username, name, sex, age, tel, type, auth_key) VALUES ('320808198701216577', '姚本夫', '姚本夫', true, '33', '14912166168', 0, '6S3s9T9QWA4AcMWPMUFK6NhVaZ6V5nq2');
INSERT INTO Resident (account, building, unit, room) VALUES ('320808198701216577', 29, 9, 1304);
INSERT INTO User (account, username, name, sex, age, tel, type, auth_key) VALUES ('132936196608141925', '柳翔天', '柳翔天', true, '54', '15392023910', 0, 'u2h5d5BkMpyzbWb495DS32bB5Jtb8N6h');
INSERT INTO Resident (account, building, unit, room) VALUES ('132936196608141925', 69, 4, 1604);
INSERT INTO User (account, username, name, sex, age, tel, type, auth_key) VALUES ('140287196903112735', '部圆牧', '部圆牧', true, '51', '13412349115', 0, 'X0cwSkeLoGkKAdH253P1O9Cex1ALwW10');
INSERT INTO Resident (account, building, unit, room) VALUES ('140287196903112735', 83, 6, 1401);
INSERT INTO User (account, username, name, sex, age, tel, type, auth_key) VALUES ('414792192505034915', '审夫', '审夫', true, '95', '18665500913', 0, '0pJZ5Q7LYZDBLK3o7byN9k5IEJKraTJY');
INSERT INTO Resident (account, building, unit, room) VALUES ('414792192505034915', 68, 7, 1203);
INSERT INTO User (account, username, name, sex, age, tel, type, auth_key) VALUES ('453160193804099693', '葛盈', '葛盈', true, '82', '19591497406', 0, '30V8H5Cr9DU4SY0jtW3sxngwBU79Os2T');
INSERT INTO Resident (account, building, unit, room) VALUES ('453160193804099693', 95, 7, 2603);
INSERT INTO User (account, username, name, sex, age, tel, type, auth_key) VALUES ('143380197202047242', '付睿义', '付睿义', true, '48', '18237013160', 0, '7JLXNl8V19oRj3dxr0SxN1n36t1Z7Ote');
INSERT INTO Resident (account, building, unit, room) VALUES ('143380197202047242', 89, 2, 2304);
INSERT INTO User (account, username, name, sex, age, tel, type, auth_key) VALUES ('714581198812064472', '文帆伟', '文帆伟', true, '32', '15040927834', 0, '99dSy2uV4m749nr7jkWswqm43b2IOPQs');
INSERT INTO Resident (account, building, unit, room) VALUES ('714581198812064472', 41, 4, 806);
INSERT INTO User (account, username, name, sex, age, tel, type, auth_key) VALUES ('811010197703312516', '岳倨菲', '岳倨菲', false, '43', '15745255637', 0, '85q5ys5v5vZwznL3qn70x7P4E6d9IN32');
INSERT INTO Resident (account, building, unit, room) VALUES ('811010197703312516', 98, 10, 1303);
INSERT INTO User (account, username, name, sex, age, tel, type, auth_key) VALUES ('330136199206100007', '高帆', '高帆', true, '28', '17358094148', 0, 'n5QLRMHyjTWc7P1ArlV4P0JOx7NDoae7');
INSERT INTO Resident (account, building, unit, room) VALUES ('330136199206100007', 23, 4, 1101);
INSERT INTO User (account, username, name, sex, age, tel, type, auth_key) VALUES ('323837192802219788', '范宜', '范宜', false, '92', '17686494126', 0, 'C1a1D83f46f45HAl3WqvbK68il8PZ587');
INSERT INTO Resident (account, building, unit, room) VALUES ('323837192802219788', 22, 8, 2905);
INSERT INTO User (account, username, name, sex, age, tel, type, auth_key) VALUES ('334343200704188595', '边建中', '边建中', false, '13', '18009222891', 0, '0r2w20824X252c40EZ2iS3Ec262gvWNW');
INSERT INTO Resident (account, building, unit, room) VALUES ('334343200704188595', 68, 10, 2403);
INSERT INTO User (account, username, name, sex, age, tel, type, auth_key) VALUES ('623255201010277101', '吉广', '吉广', false, '10', '18536852807', 0, '6gkQ588eU4o5PM8mS1ayGG8W1rT6w6K8');
INSERT INTO Resident (account, building, unit, room) VALUES ('623255201010277101', 29, 7, 1902);
INSERT INTO User (account, username, name, sex, age, tel, type, auth_key) VALUES ('450997197103300499', '韩馨毅', '韩馨毅', false, '49', '18521152272', 0, '11sC3xz2gQwdMuPNxGDjBLWAXRThT5y0');
INSERT INTO Resident (account, building, unit, room) VALUES ('450997197103300499', 97, 4, 503);
INSERT INTO User (account, username, name, sex, age, tel, type, auth_key) VALUES ('152087199905263996', '邵琦诺', '邵琦诺', true, '21', '18384439466', 0, '4OSL2x21H2qP1R6fBdmw5bTIXP7O58tY');
INSERT INTO Resident (account, building, unit, room) VALUES ('152087199905263996', 99, 9, 2902);
INSERT INTO User (account, username, name, sex, age, tel, type, auth_key) VALUES ('340979198102138510', '商航', '商航', false, '39', '19141504776', 0, '309WM0xb4Kq9rrTY9RPasGho1grd7v0l');
INSERT INTO Resident (account, building, unit, room) VALUES ('340979198102138510', 85, 1, 706);
INSERT INTO User (account, username, name, sex, age, tel, type, auth_key) VALUES ('710111197302165250', '文云', '文云', false, '47', '18785317350', 0, 'z68W8840DUUif2aVtO30uWF1Ltb4P2hq');
INSERT INTO Resident (account, building, unit, room) VALUES ('710111197302165250', 42, 8, 206);
INSERT INTO User (account, username, name, sex, age, tel, type, auth_key) VALUES ('532353197104122798', '臧奇霄', '臧奇霄', true, '49', '13094021579', 0, 'rk3aU456C0cwG4HS5p2Jg7gt4e9gOQ60');
INSERT INTO Resident (account, building, unit, room) VALUES ('532353197104122798', 2, 7, 601);
INSERT INTO User (account, username, name, sex, age, tel, type, auth_key) VALUES ('15217219261007260X', '吉盈伟', '吉盈伟', false, '94', '18318233558', 0, 'N1W3DKh876lv7Q06NMXTCi3dXjQK73W5');
INSERT INTO Resident (account, building, unit, room) VALUES ('15217219261007260X', 71, 3, 2702);
INSERT INTO User (account, username, name, sex, age, tel, type, auth_key) VALUES ('133345196311298334', '管赛', '管赛', false, '57', '14533693929', 0, 'f83l9NR8rvocBc0Nu855enOJiH72Nm5K');
INSERT INTO Resident (account, building, unit, room) VALUES ('133345196311298334', 3, 10, 2402);
INSERT INTO User (account, username, name, sex, age, tel, type, auth_key) VALUES ('533407197904147774', '武盈英', '武盈英', true, '41', '17286260347', 0, 'FX18pBdnOp75c14iP34H56LznHLIA8Kv');
INSERT INTO Resident (account, building, unit, room) VALUES ('533407197904147774', 17, 2, 1403);
INSERT INTO User (account, username, name, sex, age, tel, type, auth_key) VALUES ('520361194705093776', '代灯', '代灯', false, '73', '15980948682', 0, 'Q0mNH85xo9MzB6dhGz4oK2t1jwTA518u');
INSERT INTO Resident (account, building, unit, room) VALUES ('520361194705093776', 7, 6, 1401);
INSERT INTO User (account, username, name, sex, age, tel, type, auth_key) VALUES ('542141198304193949', '颜圣柏', '颜圣柏', false, '37', '18878016890', 0, 'OC9y8U2V349e7pX34cx32bv69mMJ3263');
INSERT INTO Resident (account, building, unit, room) VALUES ('542141198304193949', 44, 6, 2905);
INSERT INTO User (account, username, name, sex, age, tel, type, auth_key) VALUES ('341544199702017596', '商舒天', '商舒天', true, '23', '15193121384', 0, 'Ev6SWl8Ld9XQV8v3R7715P6Kwf75pkej');
INSERT INTO Resident (account, building, unit, room) VALUES ('341544199702017596', 50, 10, 504);
INSERT INTO User (account, username, name, sex, age, tel, type, auth_key) VALUES ('460970201108182202', '崔立', '崔立', false, '9', '14794397994', 0, '9o89J937pmr1GL2A1P4cSuw2xZRy053K');
INSERT INTO Resident (account, building, unit, room) VALUES ('460970201108182202', 62, 7, 1106);
INSERT INTO User (account, username, name, sex, age, tel, type, auth_key) VALUES ('324524199209306352', '颜迅', '颜迅', false, '28', '15249651299', 0, 'xRmDlSVikd1yhl29KcK4h54AEbxZ42d0');
INSERT INTO Resident (account, building, unit, room) VALUES ('324524199209306352', 60, 9, 601);
INSERT INTO User (account, username, name, sex, age, tel, type, auth_key) VALUES ('541827201002078413', '牛杰千', '牛杰千', true, '10', '19819273894', 0, 'xM8KX4mJ24lbreb60rnYt5WMOjF1pi4d');
INSERT INTO Resident (account, building, unit, room) VALUES ('541827201002078413', 40, 3, 2301);
INSERT INTO User (account, username, name, sex, age, tel, type, auth_key) VALUES ('541707197404188356', '部倨', '部倨', false, '46', '15250633348', 0, 'VW38f5l6bMque499XXyeO9aHGiX37w8G');
INSERT INTO Resident (account, building, unit, room) VALUES ('541707197404188356', 76, 4, 2605);
INSERT INTO User (account, username, name, sex, age, tel, type, auth_key) VALUES ('463127198706081505', '柳牧', '柳牧', true, '33', '18508519029', 0, 'VOBHDn8T5v8nLC37cNjRu5mnSV6C73p9');
INSERT INTO Resident (account, building, unit, room) VALUES ('463127198706081505', 1, 4, 1803);
INSERT INTO User (account, username, name, sex, age, tel, type, auth_key) VALUES ('12254219280415218X', '葛雯睿', '葛雯睿', false, '92', '19932381073', 0, '40L749WKbH47cHshnF2J1I0Jf72N49o2');
INSERT INTO Resident (account, building, unit, room) VALUES ('12254219280415218X', 69, 8, 1303);
INSERT INTO User (account, username, name, sex, age, tel, type, auth_key) VALUES ('212447196608060794', '商建依', '商建依', true, '54', '15035418896', 0, '2f42kaXl6txuVTpB96sS4u60Si0sOfNu');
INSERT INTO Resident (account, building, unit, room) VALUES ('212447196608060794', 67, 9, 606);
INSERT INTO User (account, username, name, sex, age, tel, type, auth_key) VALUES ('334970192709013343', '殷宜硕', '殷宜硕', false, '93', '18751039009', 0, 'o7DX6hjqy25DVXZ8y8fJSd75w23m1RLr');
INSERT INTO Resident (account, building, unit, room) VALUES ('334970192709013343', 89, 3, 2104);
INSERT INTO User (account, username, name, sex, age, tel, type, auth_key) VALUES ('231373195512241098', '尹雅', '尹雅', false, '65', '15066511034', 0, 'myTB07c9X580yc8cxR5vxnNoI04xIy4b');
INSERT INTO Resident (account, building, unit, room) VALUES ('231373195512241098', 35, 2, 505);
INSERT INTO User (account, username, name, sex, age, tel, type, auth_key) VALUES ('541683197301257098', '张帆', '张帆', false, '47', '17593356365', 0, '8U47v8Cl2VoiJ2Tn8u8EZX554zeO73g3');
INSERT INTO Resident (account, building, unit, room) VALUES ('541683197301257098', 20, 3, 804);
INSERT INTO User (account, username, name, sex, age, tel, type, auth_key) VALUES ('462083192611152526', '江杰', '江杰', false, '94', '17542968109', 0, 'y73q3n8H8v2Sn91bp38s8x7lp36x75tc');
INSERT INTO Resident (account, building, unit, room) VALUES ('462083192611152526', 53, 4, 1605);
INSERT INTO User (account, username, name, sex, age, tel, type, auth_key) VALUES ('212576192502281144', '武赛畅', '武赛畅', false, '95', '17511131346', 1, 'MWQlF959b6IiV6xh501g8iVmde08RMRX');
INSERT INTO Committee (account, in_date, is_admin) VALUES ('212576192502281144', '19550323', false);
INSERT INTO User (account, username, name, sex, age, tel, type, auth_key) VALUES ('32021219400217285X', '江菲霄', '江菲霄', true, '80', '19979174706', 0, 'PAIrQRAT5K87MM6lTVuYPGz0oT3cq8OA');
INSERT INTO Resident (account, building, unit, room) VALUES ('32021219400217285X', 32, 2, 1303);
INSERT INTO User (account, username, name, sex, age, tel, type, auth_key) VALUES ('11302619230331787X', '武广英', '武广英', true, '97', '13223406059', 0, 'V7h6bz604m75kq82X9i3tWj30BsdIC5H');
INSERT INTO Resident (account, building, unit, room) VALUES ('11302619230331787X', 69, 1, 2704);
INSERT INTO User (account, username, name, sex, age, tel, type, auth_key) VALUES ('221465199510168915', '寻毅菲', '寻毅菲', true, '25', '13933233495', 0, 'hMqV805sCkIOiXgq5Xl5aiC7Tnx3AClJ');
INSERT INTO Resident (account, building, unit, room) VALUES ('221465199510168915', 32, 6, 1602);
INSERT INTO User (account, username, name, sex, age, tel, type, auth_key) VALUES ('113546198908181836', '吕家', '吕家', true, '31', '18869038868', 0, 'ls9wQ5y7x63LGfwGRCS0ZCpIa6o0L0A4');
INSERT INTO Resident (account, building, unit, room) VALUES ('113546198908181836', 73, 6, 1501);
INSERT INTO User (account, username, name, sex, age, tel, type, auth_key) VALUES ('410575198802228030', '付淘力', '付淘力', true, '32', '17377355030', 0, 'Wf6k6gRqVt2F158UwxXH1KRVoqgWv0J0');
INSERT INTO Resident (account, building, unit, room) VALUES ('410575198802228030', 86, 8, 2904);
INSERT INTO User (account, username, name, sex, age, tel, type, auth_key) VALUES ('352718192906185018', '秦雨广', '秦雨广', true, '91', '13987153780', 0, '90Cb24sN25aZV3fe587niuKiTKSpRk61');
INSERT INTO Resident (account, building, unit, room) VALUES ('352718192906185018', 51, 1, 2901);
INSERT INTO User (account, username, name, sex, age, tel, type, auth_key) VALUES ('521937194205228613', '邵盈馨', '邵盈馨', true, '78', '15389967545', 0, '7c31NN9qyr1sQmdrXEgpS90aMe19NMS3');
INSERT INTO Resident (account, building, unit, room) VALUES ('521937194205228613', 25, 8, 304);
INSERT INTO User (account, username, name, sex, age, tel, type, auth_key) VALUES ('810330198102207896', '鲁民', '鲁民', false, '39', '19745573776', 0, '4uwX8Kl428vq7W7z55x535UeJ50a34ZL');
INSERT INTO Resident (account, building, unit, room) VALUES ('810330198102207896', 100, 2, 1501);
INSERT INTO User (account, username, name, sex, age, tel, type, auth_key) VALUES ('413467194301246653', '孟牧凡', '孟牧凡', true, '77', '18780414122', 0, 'BySl5FT113e1gq2I6DKe5Vaa8lI4Cma1');
INSERT INTO Resident (account, building, unit, room) VALUES ('413467194301246653', 24, 6, 2801);
INSERT INTO User (account, username, name, sex, age, tel, type, auth_key) VALUES ('312949201212134005', '黄民', '黄民', true, '8', '16636086433', 0, 'dcQafi0g8JhZV6S0E39U9LC5b40fM5cU');
INSERT INTO Resident (account, building, unit, room) VALUES ('312949201212134005', 48, 4, 304);
INSERT INTO User (account, username, name, sex, age, tel, type, auth_key) VALUES ('112846192806279510', '宫有正', '宫有正', false, '92', '18933704044', 0, '5B0FY49wYQHErzyw8p2Pc2xp38Itinm2');
INSERT INTO Resident (account, building, unit, room) VALUES ('112846192806279510', 5, 2, 2002);
INSERT INTO User (account, username, name, sex, age, tel, type, auth_key) VALUES ('334979200811199923', '裴睿霄', '裴睿霄', false, '12', '15874237329', 0, '9QjmL88Biy9uiIJcHRaIw25R9bFWk6R3');
INSERT INTO Resident (account, building, unit, room) VALUES ('334979200811199923', 53, 4, 1001);
INSERT INTO User (account, username, name, sex, age, tel, type, auth_key) VALUES ('224809194504076595', '陆雨琦', '陆雨琦', false, '75', '17310627807', 0, 'dD42HOnXR0EC4Vz32f7DcPrFjAl09H27');
INSERT INTO Resident (account, building, unit, room) VALUES ('224809194504076595', 96, 6, 1302);
INSERT INTO User (account, username, name, sex, age, tel, type, auth_key) VALUES ('313938193405089642', '郭立睿', '郭立睿', true, '86', '17208116960', 0, '829ShM03Q83KgiUd43z2tX3tf6Z18sPx');
INSERT INTO Resident (account, building, unit, room) VALUES ('313938193405089642', 2, 9, 1004);
INSERT INTO User (account, username, name, sex, age, tel, type, auth_key) VALUES ('133147194011050475', '文圣', '文圣', true, '80', '14589675621', 0, '471cGX0qHBdLp2V44if355eR213h8H7s');
INSERT INTO Resident (account, building, unit, room) VALUES ('133147194011050475', 87, 8, 503);
INSERT INTO User (account, username, name, sex, age, tel, type, auth_key) VALUES ('122229201305231636', '寻兮旭', '寻兮旭', true, '7', '18638414200', 0, '69ixq8WKu0UJ8Z1BqgW3pEd3P1YE9719');
INSERT INTO Resident (account, building, unit, room) VALUES ('122229201305231636', 41, 4, 1905);
INSERT INTO User (account, username, name, sex, age, tel, type, auth_key) VALUES ('820421194402217366', '文龙冠', '文龙冠', false, '76', '15194149430', 0, '6RF0wdP134DbZ2JACKpur9Z656HCiv90');
INSERT INTO Resident (account, building, unit, room) VALUES ('820421194402217366', 58, 5, 1104);
INSERT INTO User (account, username, name, sex, age, tel, type, auth_key) VALUES ('132979196912250521', '林煜倨', '林煜倨', false, '51', '17376891297', 0, '8OX7aGuu3BWg6iSlzO9VS2WHNfto2UIL');
INSERT INTO Resident (account, building, unit, room) VALUES ('132979196912250521', 69, 8, 1604);
INSERT INTO User (account, username, name, sex, age, tel, type, auth_key) VALUES ('630507199401027419', '戚炜令', '戚炜令', true, '26', '13427325595', 0, '1GUU91D846v67QL6Y8LMsE5Ysojs36vn');
INSERT INTO Resident (account, building, unit, room) VALUES ('630507199401027419', 8, 1, 1401);
INSERT INTO User (account, username, name, sex, age, tel, type, auth_key) VALUES ('331893194209070422', '牛轩赛', '牛轩赛', true, '78', '18157820221', 0, 'QyuExWF1g95q8TBwjbvxX39d644tLp1a');
INSERT INTO Resident (account, building, unit, room) VALUES ('331893194209070422', 16, 1, 903);
INSERT INTO User (account, username, name, sex, age, tel, type, auth_key) VALUES ('150975198301232812', '崔佳', '崔佳', false, '37', '18669936943', 0, 'YI3lD7j929jfWn0v1Bbq3BqzZoCq5iY8');
INSERT INTO Resident (account, building, unit, room) VALUES ('150975198301232812', 53, 1, 2802);
INSERT INTO User (account, username, name, sex, age, tel, type, auth_key) VALUES ('130322194304173791', '权思薪', '权思薪', false, '77', '18237589526', 0, '45xvLDWNKKdZguPhZ7A23mslDnjpl5fN');
INSERT INTO Resident (account, building, unit, room) VALUES ('130322194304173791', 51, 4, 1505);
INSERT INTO User (account, username, name, sex, age, tel, type, auth_key) VALUES ('640282199604255753', '隽嘉', '隽嘉', true, '24', '18964272819', 0, 'tr7Dmt7E58KEK1U02OFg6S0X1CY3Yulb');
INSERT INTO Resident (account, building, unit, room) VALUES ('640282199604255753', 59, 3, 2502);
INSERT INTO User (account, username, name, sex, age, tel, type, auth_key) VALUES ('341310195710083947', '百里倨煜', '百里倨煜', true, '63', '17665239946', 0, '7UJmS2XC20T6aWSTCFhi03aiS1wy5A0V');
INSERT INTO Resident (account, building, unit, room) VALUES ('341310195710083947', 76, 6, 1504);
INSERT INTO User (account, username, name, sex, age, tel, type, auth_key) VALUES ('223687193107163051', '龚宇航', '龚宇航', false, '89', '18657481144', 0, '1ol9JT5xsz9ST7BV61HM092foAe1I6zQ');
INSERT INTO Resident (account, building, unit, room) VALUES ('223687193107163051', 93, 9, 2403);
INSERT INTO User (account, username, name, sex, age, tel, type, auth_key) VALUES ('143389196702213884', '颜兮硕', '颜兮硕', false, '53', '13425850644', 0, 'YVF1gdKwhF567Vy7nBrMgRPp6TKu36VA');
INSERT INTO Resident (account, building, unit, room) VALUES ('143389196702213884', 99, 8, 2103);
INSERT INTO User (account, username, name, sex, age, tel, type, auth_key) VALUES ('641912192806201314', '牛炜建', '牛炜建', false, '92', '13511334249', 0, '9oaHn23QB5I6L04K4ECas7O586e1I17I');
INSERT INTO Resident (account, building, unit, room) VALUES ('641912192806201314', 49, 2, 1701);
INSERT INTO User (account, username, name, sex, age, tel, type, auth_key) VALUES ('353833195003189481', '钟琦', '钟琦', false, '70', '19645691899', 0, 'f18QqinaQAfzg1Gc3f5mNo1H31vH1D5U');
INSERT INTO Resident (account, building, unit, room) VALUES ('353833195003189481', 18, 2, 1703);
INSERT INTO User (account, username, name, sex, age, tel, type, auth_key) VALUES ('504418197306181144', '崔盈宇', '崔盈宇', true, '47', '18790378222', 0, '4RVcym21rl5prSuq404vh889rlN4w46j');
INSERT INTO Resident (account, building, unit, room) VALUES ('504418197306181144', 3, 5, 1006);
INSERT INTO User (account, username, name, sex, age, tel, type, auth_key) VALUES ('220182198812127195', '商正畅', '商正畅', true, '32', '13089569799', 0, 'V4k427O7yuZJ9q13i2JzMoD7ebwQhc7t');
INSERT INTO Resident (account, building, unit, room) VALUES ('220182198812127195', 3, 9, 602);
INSERT INTO User (account, username, name, sex, age, tel, type, auth_key) VALUES ('152899197003214598', '吴颖立', '吴颖立', false, '50', '19016953660', 0, 'Naz3NQFB7Rq91aYuz91CrmN750h996wd');
INSERT INTO Resident (account, building, unit, room) VALUES ('152899197003214598', 26, 5, 2601);
INSERT INTO User (account, username, name, sex, age, tel, type, auth_key) VALUES ('822397197102082878', '肖雯', '肖雯', true, '49', '15058405409', 0, 'cbwqsE96mO6djzC4a5S2PLur9E84Allk');
INSERT INTO Resident (account, building, unit, room) VALUES ('822397197102082878', 69, 5, 502);
INSERT INTO User (account, username, name, sex, age, tel, type, auth_key) VALUES ('813702194608142917', '邱硕煜', '邱硕煜', true, '74', '18694777132', 0, '5jZEtCJny38U4e293YR28fyEbbRR9cfb');
INSERT INTO Resident (account, building, unit, room) VALUES ('813702194608142917', 66, 6, 2706);
INSERT INTO User (account, username, name, sex, age, tel, type, auth_key) VALUES ('444252198408253956', '安建源', '安建源', false, '36', '18339551174', 0, '24zKvE44AhWQ9m2i31v6PCE1UEoW5x68');
INSERT INTO Resident (account, building, unit, room) VALUES ('444252198408253956', 36, 5, 1701);
INSERT INTO User (account, username, name, sex, age, tel, type, auth_key) VALUES ('542769194301163552', '牛炜炜', '牛炜炜', false, '77', '19640700859', 0, 'fd71txV0qD3Dg1ZLxpy32gcS75F6Lyy9');
INSERT INTO Resident (account, building, unit, room) VALUES ('542769194301163552', 97, 4, 1602);
INSERT INTO User (account, username, name, sex, age, tel, type, auth_key) VALUES ('813754195903130540', '靳言毅', '靳言毅', false, '61', '15881766971', 0, '8w676h5610MdAhZNEeN946n15M93N09E');
INSERT INTO Resident (account, building, unit, room) VALUES ('813754195903130540', 6, 1, 1903);
INSERT INTO User (account, username, name, sex, age, tel, type, auth_key) VALUES ('533629199201308984', '王琦', '王琦', true, '28', '18052983947', 0, '7pZ62WAsfRwYLYr7NAC97h6cY4JaYr36');
INSERT INTO Resident (account, building, unit, room) VALUES ('533629199201308984', 17, 9, 204);
INSERT INTO User (account, username, name, sex, age, tel, type, auth_key) VALUES ('120614196910068421', '仲有', '仲有', false, '51', '14541216137', 0, 'RL4fuHw8r8912mW4XP6q974REhs9G2P0');
INSERT INTO Resident (account, building, unit, room) VALUES ('120614196910068421', 84, 10, 2206);
INSERT INTO User (account, username, name, sex, age, tel, type, auth_key) VALUES ('234980193111197179', '崔英', '崔英', true, '89', '13247371240', 0, 'f2414ANTrtXMGLp754Lz3nqcKnTXg18c');
INSERT INTO Resident (account, building, unit, room) VALUES ('234980193111197179', 72, 3, 1304);
INSERT INTO User (account, username, name, sex, age, tel, type, auth_key) VALUES ('812797194603238391', '吴牧露', '吴牧露', false, '74', '13429410268', 0, '061oOV21a4B3FR7g421O2N67Ay1L4ZL2');
INSERT INTO Resident (account, building, unit, room) VALUES ('812797194603238391', 13, 1, 1806);
INSERT INTO User (account, username, name, sex, age, tel, type, auth_key) VALUES ('54474619300219368X', '肖家千', '肖家千', true, '90', '18183552577', 0, '1Xe6fpL9Jtvd9O6KnTEd39926E9TWAX4');
INSERT INTO Resident (account, building, unit, room) VALUES ('54474619300219368X', 98, 6, 905);
INSERT INTO User (account, username, name, sex, age, tel, type, auth_key) VALUES ('444688200412215522', '曹宜', '曹宜', true, '16', '18697423088', 0, 't7B69UJ1Pj1nMd6Yx55Q935EO6vP1gi4');
INSERT INTO Resident (account, building, unit, room) VALUES ('444688200412215522', 5, 5, 2105);
INSERT INTO User (account, username, name, sex, age, tel, type, auth_key) VALUES ('820693199404306995', '武迅静', '武迅静', false, '26', '13706871960', 0, '1YmuMUx8n59ws59nLnWss42hD5MZZHuN');
INSERT INTO Resident (account, building, unit, room) VALUES ('820693199404306995', 33, 9, 1505);
INSERT INTO User (account, username, name, sex, age, tel, type, auth_key) VALUES ('234848193409017693', '颜龙兰', '颜龙兰', true, '86', '18182756189', 0, '8zsk4wXPfCAf4dNotG3b2Uf5TxWct3Pp');
INSERT INTO Resident (account, building, unit, room) VALUES ('234848193409017693', 41, 2, 2006);
INSERT INTO User (account, username, name, sex, age, tel, type, auth_key) VALUES ('530935197302015482', '代桐', '代桐', false, '47', '15892983053', 0, 'DTdmr3VC3d35I2hr0vp56Ne802ZtRpO6');
INSERT INTO Resident (account, building, unit, room) VALUES ('530935197302015482', 71, 6, 1206);
INSERT INTO User (account, username, name, sex, age, tel, type, auth_key) VALUES ('110918198411012357', '崔力琦', '崔力琦', true, '36', '16634731058', 0, 'vNNy06gXE7GUU0K7WZZNr79s6E7Mb50N');
INSERT INTO Resident (account, building, unit, room) VALUES ('110918198411012357', 63, 5, 1704);
INSERT INTO User (account, username, name, sex, age, tel, type, auth_key) VALUES ('654701197602184264', '韩雅音', '韩雅音', true, '44', '19652403383', 0, 'W350GpFDr86il40B1o53GN06L4tMofm2');
INSERT INTO Resident (account, building, unit, room) VALUES ('654701197602184264', 36, 3, 2506);
INSERT INTO User (account, username, name, sex, age, tel, type, auth_key) VALUES ('640496198912232807', '东方泽源', '东方泽源', true, '31', '15805705764', 0, 'BP2m04QM3ui2W315F4u2517a8KtPnrVQ');
INSERT INTO Resident (account, building, unit, room) VALUES ('640496198912232807', 94, 3, 2005);
INSERT INTO User (account, username, name, sex, age, tel, type, auth_key) VALUES ('453127199901259717', '靳颖可', '靳颖可', true, '21', '15073623092', 0, 'p1nf54O7MWE042P7aF3xF1kcOlSQcmyR');
INSERT INTO Resident (account, building, unit, room) VALUES ('453127199901259717', 90, 3, 601);
INSERT INTO User (account, username, name, sex, age, tel, type, auth_key) VALUES ('644079196104146072', '郑思', '郑思', false, '59', '13856215617', 0, 'DqeOaU6e7xte89OQ4xhGQTivLBg3GIS6');
INSERT INTO Resident (account, building, unit, room) VALUES ('644079196104146072', 97, 9, 204);
INSERT INTO User (account, username, name, sex, age, tel, type, auth_key) VALUES ('221232196507128259', '徐音奕', '徐音奕', false, '55', '18051962135', 0, '578tvtQ9oGWKoZ3bn4x9z7yoV34qW9aS');
INSERT INTO Resident (account, building, unit, room) VALUES ('221232196507128259', 40, 9, 2306);
INSERT INTO User (account, username, name, sex, age, tel, type, auth_key) VALUES ('414194192805231564', '寻本言', '寻本言', false, '92', '14742025746', 0, 'YloqFEu2OWR5mUN888pCagK58zn07CE0');
INSERT INTO Resident (account, building, unit, room) VALUES ('414194192805231564', 51, 6, 802);
INSERT INTO User (account, username, name, sex, age, tel, type, auth_key) VALUES ('613777199504029594', '尹凡正', '尹凡正', false, '25', '15052416902', 0, '8L6FDV8Hhxll6eDfSwmvQ3U70tX823xj');
INSERT INTO Resident (account, building, unit, room) VALUES ('613777199504029594', 57, 4, 2506);
INSERT INTO User (account, username, name, sex, age, tel, type, auth_key) VALUES ('234454192410039053', '欧飞馨', '欧飞馨', false, '96', '13495844611', 0, 'RXOE0IZABYYBnjLgE8Hdm1nCh794x8AP');
INSERT INTO Resident (account, building, unit, room) VALUES ('234454192410039053', 26, 4, 401);
INSERT INTO User (account, username, name, sex, age, tel, type, auth_key) VALUES ('333049200205193431', '山杰冠', '山杰冠', false, '18', '17894206532', 0, 'tCBN30tqu9Y2Pu3GJ1LD5dWcL7ANnp03');
INSERT INTO Resident (account, building, unit, room) VALUES ('333049200205193431', 19, 6, 1704);
INSERT INTO User (account, username, name, sex, age, tel, type, auth_key) VALUES ('421279199306309039', '陆敏颖', '陆敏颖', false, '27', '18484071741', 0, 'h1q0V4rrMRIz9u632xhQMM2o242317x1');
INSERT INTO Resident (account, building, unit, room) VALUES ('421279199306309039', 51, 9, 2203);
INSERT INTO User (account, username, name, sex, age, tel, type, auth_key) VALUES ('313529193404253828', '欧阳有露', '欧阳有露', true, '86', '17620565507', 0, '63a54Ba6kK5HT3Y4TwQp0z2TvY2C8Ieu');
INSERT INTO Resident (account, building, unit, room) VALUES ('313529193404253828', 49, 3, 2805);
INSERT INTO User (account, username, name, sex, age, tel, type, auth_key) VALUES ('522483194505026145', '上官中义', '上官中义', false, '75', '15227439470', 0, '971r6GXq24XkTg1yTngC0eBucMIm73UG');
INSERT INTO Resident (account, building, unit, room) VALUES ('522483194505026145', 54, 9, 2102);
INSERT INTO User (account, username, name, sex, age, tel, type, auth_key) VALUES ('353415197108258563', '巩依思', '巩依思', false, '49', '13890445628', 0, 'FYd35rpCw4BAg94YgBliZX70bnfH3UaP');
INSERT INTO Resident (account, building, unit, room) VALUES ('353415197108258563', 90, 10, 2606);
INSERT INTO User (account, username, name, sex, age, tel, type, auth_key) VALUES ('143643195903207537', '史瀚露', '史瀚露', true, '61', '15604663341', 0, 'oC3gq85OHdJ8qA30YL40AD0y08iIlh3o');
INSERT INTO Resident (account, building, unit, room) VALUES ('143643195903207537', 49, 3, 1105);
INSERT INTO User (account, username, name, sex, age, tel, type, auth_key) VALUES ('54141519511014767X', '边一义', '边一义', true, '69', '18581966873', 0, 'rG63J9DOv19G2mAG6fQAk88y9Q5tNzRf');
INSERT INTO Resident (account, building, unit, room) VALUES ('54141519511014767X', 3, 5, 2706);
INSERT INTO User (account, username, name, sex, age, tel, type, auth_key) VALUES ('420527193602095625', '范静丹', '范静丹', true, '84', '18892614439', 0, 'kPBBQkfqEyCdro2Me6Hb29EbZ0yBa8cN');
INSERT INTO Resident (account, building, unit, room) VALUES ('420527193602095625', 43, 9, 705);
INSERT INTO User (account, username, name, sex, age, tel, type, auth_key) VALUES ('524932201309159315', '康中润', '康中润', false, '7', '19317040011', 0, 'GAjKs8HnsLY75B3VddCITeV2UPs45myk');
INSERT INTO Resident (account, building, unit, room) VALUES ('524932201309159315', 26, 10, 506);
INSERT INTO User (account, username, name, sex, age, tel, type, auth_key) VALUES ('430975200501078817', '耿英翔', '耿英翔', true, '15', '13773955343', 0, 'lNNu4u46Kg6HIi307wFQ6k5E2B227ld3');
INSERT INTO Resident (account, building, unit, room) VALUES ('430975200501078817', 11, 8, 2502);
INSERT INTO User (account, username, name, sex, age, tel, type, auth_key) VALUES ('652731192705280533', '边辰', '边辰', true, '93', '18068837923', 0, 'ZGi1f8q48wU0PFg8A3vgi56qtIC27QgU');
INSERT INTO Resident (account, building, unit, room) VALUES ('652731192705280533', 8, 1, 2802);
INSERT INTO User (account, username, name, sex, age, tel, type, auth_key) VALUES ('503950199812226702', '尚赛舒', '尚赛舒', true, '22', '18860674152', 0, 'EJg0Cm0Zq1kCo80w7Pb0rLCG902r2l8G');
INSERT INTO Resident (account, building, unit, room) VALUES ('503950199812226702', 58, 1, 2101);
INSERT INTO User (account, username, name, sex, age, tel, type, auth_key) VALUES ('210379197506226450', '刘旭', '刘旭', false, '45', '17838742660', 0, '72ff2C3Xr13448Y3P35lLEZ4F22JmV9G');
INSERT INTO Resident (account, building, unit, room) VALUES ('210379197506226450', 27, 3, 2302);
INSERT INTO User (account, username, name, sex, age, tel, type, auth_key) VALUES ('310908198407078904', '耿振民', '耿振民', true, '36', '19728728736', 0, '30mhNsbsGfXK3jXVW2r32Dp3RrKfoKiF');
INSERT INTO Resident (account, building, unit, room) VALUES ('310908198407078904', 47, 4, 2104);
INSERT INTO User (account, username, name, sex, age, tel, type, auth_key) VALUES ('224946195708054960', '季铭睿', '季铭睿', true, '63', '15989349991', 0, 'OOEb2Srp6zU4AC0MNs0z63880GRwH5N0');
INSERT INTO Resident (account, building, unit, room) VALUES ('224946195708054960', 47, 6, 2903);
INSERT INTO User (account, username, name, sex, age, tel, type, auth_key) VALUES ('434319197010253997', '裴千', '裴千', false, '50', '17216016241', 0, 'EEz4KwHn64L79483Vtn0BhEwO5jepZX9');
INSERT INTO Resident (account, building, unit, room) VALUES ('434319197010253997', 91, 9, 905);
INSERT INTO User (account, username, name, sex, age, tel, type, auth_key) VALUES ('712998193506147238', '颜桐子', '颜桐子', true, '85', '13520740133', 0, 'h0eQ4TDE4q7STptvsc8JYFa3bPa2R6N6');
INSERT INTO Resident (account, building, unit, room) VALUES ('712998193506147238', 60, 3, 2601);
INSERT INTO User (account, username, name, sex, age, tel, type, auth_key) VALUES ('712836195510038830', '邱振雨', '邱振雨', false, '65', '15000818780', 0, 'V1lOeMu6AYfMOVW4eMd7CEH0XT2sCN1d');
INSERT INTO Resident (account, building, unit, room) VALUES ('712836195510038830', 45, 9, 1404);
INSERT INTO User (account, username, name, sex, age, tel, type, auth_key) VALUES ('232283192309053605', '张亚', '张亚', false, '97', '19700371991', 0, '79UT4e51Vq7j80jolDW00MiS61XltIbb');
INSERT INTO Resident (account, building, unit, room) VALUES ('232283192309053605', 59, 5, 1801);
INSERT INTO User (account, username, name, sex, age, tel, type, auth_key) VALUES ('211136193306084112', '陆毅辰', '陆毅辰', true, '87', '18906400854', 0, '4VdHCjL51s2N1u104hHTVG03Zrb0523q');
INSERT INTO Resident (account, building, unit, room) VALUES ('211136193306084112', 79, 8, 2705);
INSERT INTO User (account, username, name, sex, age, tel, type, auth_key) VALUES ('633120198203139496', '安炎令', '安炎令', false, '38', '19128071094', 0, 'lDm8gukVjwF16PuD1MsegKgZsH3qITk5');
INSERT INTO Resident (account, building, unit, room) VALUES ('633120198203139496', 24, 9, 1205);
INSERT INTO User (account, username, name, sex, age, tel, type, auth_key) VALUES ('714223200908163069', '田萌', '田萌', false, '11', '13083893123', 0, 'x9Jmp0sVRDt32DSe052g4DLDR28h3oG8');
INSERT INTO Resident (account, building, unit, room) VALUES ('714223200908163069', 58, 2, 1806);
INSERT INTO User (account, username, name, sex, age, tel, type, auth_key) VALUES ('124269194111123317', '代畅言', '代畅言', false, '79', '18674543993', 0, 'ywdSV0eVk9jXm0jVdUt5QuQ045gPaQ0u');
INSERT INTO Resident (account, building, unit, room) VALUES ('124269194111123317', 31, 3, 2905);
INSERT INTO User (account, username, name, sex, age, tel, type, auth_key) VALUES ('650601196504010038', '李毅', '李毅', false, '55', '15793291861', 0, '989w5c3w837r6j3w0H7oKmLMn40EBKjp');
INSERT INTO Resident (account, building, unit, room) VALUES ('650601196504010038', 19, 6, 2502);
INSERT INTO User (account, username, name, sex, age, tel, type, auth_key) VALUES ('140561193508154176', '许力倨', '许力倨', true, '85', '15231754425', 0, 'MLed37KSAN3H0r9Z3b65m86Y76ptiykL');
INSERT INTO Resident (account, building, unit, room) VALUES ('140561193508154176', 64, 2, 2603);
INSERT INTO User (account, username, name, sex, age, tel, type, auth_key) VALUES ('540727192902249978', '审天', '审天', false, '91', '19533399524', 0, '0nU22Avx8272opoLD2867701J6176x4k');
INSERT INTO Resident (account, building, unit, room) VALUES ('540727192902249978', 32, 10, 2001);
INSERT INTO User (account, username, name, sex, age, tel, type, auth_key) VALUES ('414031200006168111', '田正淘', '田正淘', true, '20', '18225210774', 0, '49iOR0XAF8uM2I4q1f5Iwpms21cZNlL5');
INSERT INTO Resident (account, building, unit, room) VALUES ('414031200006168111', 99, 4, 2506);
INSERT INTO User (account, username, name, sex, age, tel, type, auth_key) VALUES ('361759196610065649', '燕云', '燕云', false, '54', '18554077011', 0, 'K30Qv38p4FQi2c7997q7ela7RYCO0ayA');
INSERT INTO Resident (account, building, unit, room) VALUES ('361759196610065649', 58, 5, 2406);
INSERT INTO User (account, username, name, sex, age, tel, type, auth_key) VALUES ('334616195001143137', '姚天毅', '姚天毅', false, '70', '18308886415', 0, '9yIn0Rb7B58Bzcq45lFkdNbd4K45nZkK');
INSERT INTO Resident (account, building, unit, room) VALUES ('334616195001143137', 5, 5, 703);
INSERT INTO User (account, username, name, sex, age, tel, type, auth_key) VALUES ('113019192803145944', '牛云兮', '牛云兮', true, '92', '15282099488', 0, '0tuWl7x98YiG84ul5J843r1YM44tVx1F');
INSERT INTO Resident (account, building, unit, room) VALUES ('113019192803145944', 16, 9, 2106);
INSERT INTO User (account, username, name, sex, age, tel, type, auth_key) VALUES ('350672198712040304', '颜萌', '颜萌', true, '33', '18005059901', 0, '9ZGF6yVu3wQRPlTJ932Q8m83vXcygM6h');
INSERT INTO Resident (account, building, unit, room) VALUES ('350672198712040304', 45, 9, 1102);
INSERT INTO User (account, username, name, sex, age, tel, type, auth_key) VALUES ('542560193905201042', '仲桐', '仲桐', false, '81', '19785874417', 0, 'UHSL1PGhWzYv75Agucp5QoEVYFo71GOh');
INSERT INTO Resident (account, building, unit, room) VALUES ('542560193905201042', 86, 7, 1502);
INSERT INTO User (account, username, name, sex, age, tel, type, auth_key) VALUES ('231268193408238227', '安锐', '安锐', false, '86', '18056686410', 0, '94Pnwv06a535LYh7NxY5K7eZcdjEy08R');
INSERT INTO Resident (account, building, unit, room) VALUES ('231268193408238227', 91, 5, 1103);
INSERT INTO User (account, username, name, sex, age, tel, type, auth_key) VALUES ('142218195009144990', '孙晓', '孙晓', true, '70', '16647488974', 0, 'OE1WbtV70HuOct7mr1m3RgtUJp9RRs6W');
INSERT INTO Resident (account, building, unit, room) VALUES ('142218195009144990', 8, 3, 1604);
INSERT INTO User (account, username, name, sex, age, tel, type, auth_key) VALUES ('372402192304209409', '陆正', '陆正', true, '97', '14755950410', 0, 'm7wQusmVsQxIOJmfwON9eM0i6XHglSSD');
INSERT INTO Resident (account, building, unit, room) VALUES ('372402192304209409', 95, 9, 703);
INSERT INTO User (account, username, name, sex, age, tel, type, auth_key) VALUES ('51276219331008674X', '杨洁', '杨洁', false, '87', '17622690950', 0, 'H8U3gtOWdg8J6D5C1104eBkin34IRg65');
INSERT INTO Resident (account, building, unit, room) VALUES ('51276219331008674X', 45, 6, 1603);
INSERT INTO User (account, username, name, sex, age, tel, type, auth_key) VALUES ('232279201012054371', '康腾', '康腾', true, '10', '19251869203', 0, 'rperc2d1m2yzTlS9U4jB0QU9d9t38fXq');
INSERT INTO Resident (account, building, unit, room) VALUES ('232279201012054371', 48, 6, 1504);
INSERT INTO User (account, username, name, sex, age, tel, type, auth_key) VALUES ('432325194711257513', '崔洁毅', '崔洁毅', false, '73', '18422186497', 0, 'd5G8kE1B8QkHEhYhcDEOp4iv61oKfqTB');
INSERT INTO Resident (account, building, unit, room) VALUES ('432325194711257513', 21, 4, 404);
INSERT INTO User (account, username, name, sex, age, tel, type, auth_key) VALUES ('232499197306128602', '孙朋', '孙朋', true, '47', '18071773479', 0, 'W9BzX5VB2yihpIA9kcTdhu8P19Nun4Jl');
INSERT INTO Resident (account, building, unit, room) VALUES ('232499197306128602', 58, 6, 304);
INSERT INTO User (account, username, name, sex, age, tel, type, auth_key) VALUES ('454778197812086951', '龚圆萱', '龚圆萱', false, '42', '17523596614', 0, 'qFLS4sz8vk8S4HGo3za6s5u0i5SIrOU5');
INSERT INTO Resident (account, building, unit, room) VALUES ('454778197812086951', 11, 9, 2203);
INSERT INTO User (account, username, name, sex, age, tel, type, auth_key) VALUES ('524769200911041841', '胡立', '胡立', false, '11', '15879163670', 0, 'Jqh7a00xn9n2CO54Z1v0YePv43MLR9Tb');
INSERT INTO Resident (account, building, unit, room) VALUES ('524769200911041841', 61, 6, 2102);
INSERT INTO User (account, username, name, sex, age, tel, type, auth_key) VALUES ('123376192303166570', '任宜馨', '任宜馨', true, '97', '15954288469', 0, 'frk8ocl49wog0Y7g25E9x7mi6nzuOD1z');
INSERT INTO Resident (account, building, unit, room) VALUES ('123376192303166570', 71, 6, 1203);
INSERT INTO User (account, username, name, sex, age, tel, type, auth_key) VALUES ('12497819661118174X', '范霄可', '范霄可', false, '54', '19678084613', 0, 'Z78aO4Gvvbyw3UhtZ5U3ptOhSE34HB1X');
INSERT INTO Resident (account, building, unit, room) VALUES ('12497819661118174X', 26, 5, 403);
INSERT INTO User (account, username, name, sex, age, tel, type, auth_key) VALUES ('363529199603167637', '付颖迅', '付颖迅', false, '24', '17876384386', 0, 'C9F0mcnQLs5f7d598no9N0o2F5a39n4P');
INSERT INTO Resident (account, building, unit, room) VALUES ('363529199603167637', 4, 4, 1902);
INSERT INTO User (account, username, name, sex, age, tel, type, auth_key) VALUES ('715029198210150213', '裴泽阳', '裴泽阳', false, '38', '18885113900', 0, '6qidwp17oP1Vq4JpLE0m3uqkUvkMAfjK');
INSERT INTO Resident (account, building, unit, room) VALUES ('715029198210150213', 34, 6, 1201);
INSERT INTO User (account, username, name, sex, age, tel, type, auth_key) VALUES ('343878192408015449', '尚伟', '尚伟', true, '96', '17359041731', 0, 'ad6A7tO6gU7763lPeGJA67i2Yf54h87s');
INSERT INTO Resident (account, building, unit, room) VALUES ('343878192408015449', 40, 4, 2503);
INSERT INTO User (account, username, name, sex, age, tel, type, auth_key) VALUES ('332336199005034516', '仲馨轩', '仲馨轩', false, '30', '13737898364', 0, '95a46eyS793tAc4tE4gZ3H2bW4Qg92Qh');
INSERT INTO Resident (account, building, unit, room) VALUES ('332336199005034516', 45, 7, 902);
INSERT INTO User (account, username, name, sex, age, tel, type, auth_key) VALUES ('334650197709155670', '欧阳颖', '欧阳颖', true, '43', '17517919081', 0, 'KdYSL7Bm89VbPt2mm36563RCo87yz55N');
INSERT INTO Resident (account, building, unit, room) VALUES ('334650197709155670', 58, 10, 401);
INSERT INTO User (account, username, name, sex, age, tel, type, auth_key) VALUES ('22295019810424947X', '崔萌', '崔萌', true, '39', '13152112808', 0, 'lx4fpg9b9tPcKwd5946IOJOup742HXFh');
INSERT INTO Resident (account, building, unit, room) VALUES ('22295019810424947X', 64, 3, 802);
INSERT INTO User (account, username, name, sex, age, tel, type, auth_key) VALUES ('37133719760525741X', '邵雯柏', '邵雯柏', true, '44', '18332513744', 0, 'l1MH3yXF8x9rLy0Id0vpOrTffT53KVg5');
INSERT INTO Resident (account, building, unit, room) VALUES ('37133719760525741X', 70, 9, 2303);
INSERT INTO User (account, username, name, sex, age, tel, type, auth_key) VALUES ('530749200605227738', '於旭宜', '於旭宜', true, '14', '17555384641', 0, 'hZKkPyLHZ0BXBAcvs61RLkHlGFJS7gMy');
INSERT INTO Resident (account, building, unit, room) VALUES ('530749200605227738', 78, 4, 1801);
INSERT INTO User (account, username, name, sex, age, tel, type, auth_key) VALUES ('111408195504050596', '许令家', '许令家', false, '65', '13385912393', 0, '3ZLDADcHFbW81dVQnuSeGj8D3xHU4LML');
INSERT INTO Resident (account, building, unit, room) VALUES ('111408195504050596', 93, 1, 2402);
INSERT INTO User (account, username, name, sex, age, tel, type, auth_key) VALUES ('43260119590201826X', '欧思', '欧思', false, '61', '18970914855', 0, '05l61urV401Fj81Kv01sI7104o9Vaq65');
INSERT INTO Resident (account, building, unit, room) VALUES ('43260119590201826X', 9, 7, 2004);
INSERT INTO User (account, username, name, sex, age, tel, type, auth_key) VALUES ('611322200103245066', '田正', '田正', false, '19', '13013360466', 0, 'wL45nR496a7tB6t2LDU4dZq1iUUSU58f');
INSERT INTO Resident (account, building, unit, room) VALUES ('611322200103245066', 92, 4, 301);
INSERT INTO User (account, username, name, sex, age, tel, type, auth_key) VALUES ('353651193902105411', '岳诺淘', '岳诺淘', true, '81', '19357872753', 0, 'NQke5u5vm3ADr7rRc6V9x00H2Y1SH1u0');
INSERT INTO Resident (account, building, unit, room) VALUES ('353651193902105411', 24, 10, 1206);
INSERT INTO User (account, username, name, sex, age, tel, type, auth_key) VALUES ('462543194103294353', '姚中', '姚中', true, '79', '13514914068', 0, 'll2S1yKmtOaCghB687Jtq97lS275zJxZ');
INSERT INTO Resident (account, building, unit, room) VALUES ('462543194103294353', 96, 2, 301);
INSERT INTO User (account, username, name, sex, age, tel, type, auth_key) VALUES ('44203820111106129X', '尹盈霖', '尹盈霖', true, '9', '15025568859', 0, 'QoTja34S5hT148JWl5vTyGDfu6AuKaF5');
INSERT INTO Resident (account, building, unit, room) VALUES ('44203820111106129X', 95, 4, 704);
INSERT INTO User (account, username, name, sex, age, tel, type, auth_key) VALUES ('541926201201122322', '郑家千', '郑家千', true, '8', '14514682321', 0, '49AIz7wXo40l895GtYx1na7XjcR2o7tq');
INSERT INTO Resident (account, building, unit, room) VALUES ('541926201201122322', 48, 9, 801);
INSERT INTO User (account, username, name, sex, age, tel, type, auth_key) VALUES ('41502619740208171X', '汪依豪', '汪依豪', false, '46', '13766436710', 0, '3Onu3Eb7o8LLie0M4y8Bzg8OrzYD2vby');
INSERT INTO Resident (account, building, unit, room) VALUES ('41502619740208171X', 63, 5, 802);
INSERT INTO User (account, username, name, sex, age, tel, type, auth_key) VALUES ('534709196910297323', '齐中令', '齐中令', false, '51', '18944126788', 0, 'chcf06TA0ZjAfb61rhg7acm0v2bHUIr3');
INSERT INTO Resident (account, building, unit, room) VALUES ('534709196910297323', 46, 2, 1805);
INSERT INTO User (account, username, name, sex, age, tel, type, auth_key) VALUES ('820588199307114066', '孟颖倨', '孟颖倨', false, '27', '13569769458', 0, 'h50jk4Ylqru358VZt2OYdJ1bNhrqYC5N');
INSERT INTO Resident (account, building, unit, room) VALUES ('820588199307114066', 4, 5, 1602);
INSERT INTO User (account, username, name, sex, age, tel, type, auth_key) VALUES ('643191199005274067', '任辰', '任辰', false, '30', '19898050176', 0, 'eHo3NzG47D3Aw0nRcw6qBpB0y9H9Ry6k');
INSERT INTO Resident (account, building, unit, room) VALUES ('643191199005274067', 72, 6, 2003);
INSERT INTO User (account, username, name, sex, age, tel, type, auth_key) VALUES ('824975193209224623', '冯煜', '冯煜', false, '88', '17659818026', 0, '1b0T37rwlLczrVP21oV7NsfzL7VcpcT8');
INSERT INTO Resident (account, building, unit, room) VALUES ('824975193209224623', 29, 6, 2402);
INSERT INTO User (account, username, name, sex, age, tel, type, auth_key) VALUES ('451296194503157755', '盛炎', '盛炎', true, '75', '17656352790', 0, 's0gCHDIouV9YDEhe1F9T487Q2012ELfz');
INSERT INTO Resident (account, building, unit, room) VALUES ('451296194503157755', 68, 7, 705);
INSERT INTO User (account, username, name, sex, age, tel, type, auth_key) VALUES ('824024200010103010', '山圣晓', '山圣晓', false, '20', '19113815111', 0, '85d3HxxI901OLFUlCV9pWdVvCd95TW48');
INSERT INTO Resident (account, building, unit, room) VALUES ('824024200010103010', 67, 10, 1203);
INSERT INTO User (account, username, name, sex, age, tel, type, auth_key) VALUES ('640388200108224039', '任敏', '任敏', false, '19', '15016785013', 0, 'n5XyIwrobRnIWx11db6As55a5XI3aTMD');
INSERT INTO Resident (account, building, unit, room) VALUES ('640388200108224039', 72, 3, 2801);
INSERT INTO User (account, username, name, sex, age, tel, type, auth_key) VALUES ('633216199710054207', '郑盈', '郑盈', false, '23', '13599939628', 0, 'a6RShV32TLbYqtU8gd2jrz47YVXv3AXZ');
INSERT INTO Resident (account, building, unit, room) VALUES ('633216199710054207', 94, 7, 2803);
INSERT INTO User (account, username, name, sex, age, tel, type, auth_key) VALUES ('512308194709258151', '权润圣', '权润圣', false, '73', '15076381278', 0, 'HJ7OgwNyBQ04wO1nd55p4oD1img4o7l2');
INSERT INTO Resident (account, building, unit, room) VALUES ('512308194709258151', 99, 5, 1606);
INSERT INTO User (account, username, name, sex, age, tel, type, auth_key) VALUES ('122552194804051831', '楚子翔', '楚子翔', true, '72', '18414658458', 0, 'FoYEY3fBEepfjvvE7022nvj2DVg7tpdS');
INSERT INTO Resident (account, building, unit, room) VALUES ('122552194804051831', 29, 2, 701);
INSERT INTO User (account, username, name, sex, age, tel, type, auth_key) VALUES ('131061194701117285', '曲千', '曲千', true, '73', '19925326192', 0, 'nE62Ho095318eW3T9m3U9tT7p807V3Q3');
INSERT INTO Resident (account, building, unit, room) VALUES ('131061194701117285', 42, 7, 606);
INSERT INTO User (account, username, name, sex, age, tel, type, auth_key) VALUES ('43374019650622028X', '田翔柏', '田翔柏', true, '55', '13390842229', 0, '004n898S3nIj7x3Pa7QI4XB97X57528C');
INSERT INTO Resident (account, building, unit, room) VALUES ('43374019650622028X', 42, 1, 303);
INSERT INTO User (account, username, name, sex, age, tel, type, auth_key) VALUES ('110747193102096292', '冯夫一', '冯夫一', false, '89', '15639247810', 0, 'SAH0H78SbLk71VDSVHs1XFDz6b7kchUI');
INSERT INTO Resident (account, building, unit, room) VALUES ('110747193102096292', 34, 7, 305);
INSERT INTO User (account, username, name, sex, age, tel, type, auth_key) VALUES ('714256199603101090', '林亚', '林亚', false, '24', '18533328163', 0, 'Q1bPZpqy2W7Fv9rvoYKNaxkjS2VZAc99');
INSERT INTO Resident (account, building, unit, room) VALUES ('714256199603101090', 2, 6, 2101);
INSERT INTO User (account, username, name, sex, age, tel, type, auth_key) VALUES ('352590192903179665', '盛薪', '盛薪', false, '91', '18521133271', 1, '37V5gLb60yFYi2l9OF2pc4SIK7lFU6Cy');
INSERT INTO Committee (account, in_date, is_admin) VALUES ('352590192903179665', '19580224', false);
INSERT INTO User (account, username, name, sex, age, tel, type, auth_key) VALUES ('151103198905058315', '赵可', '赵可', false, '31', '19960886843', 0, 'r8sn7kZfQ2YV19wtrogy1XDR07ngoijW');
INSERT INTO Resident (account, building, unit, room) VALUES ('151103198905058315', 93, 9, 1301);
INSERT INTO User (account, username, name, sex, age, tel, type, auth_key) VALUES ('443075194003288876', '尹义', '尹义', true, '80', '15854340801', 0, 'm6s5bPOAxo5tE8uYXpvh866q9D1pJYe2');
INSERT INTO Resident (account, building, unit, room) VALUES ('443075194003288876', 13, 5, 2606);
INSERT INTO User (account, username, name, sex, age, tel, type, auth_key) VALUES ('152771199502265549', '黄诺淘', '黄诺淘', false, '25', '19848364886', 0, 'nfo2262Z7Sq10l9P8iaXKE8o22l5st39');
INSERT INTO Resident (account, building, unit, room) VALUES ('152771199502265549', 91, 8, 902);
INSERT INTO User (account, username, name, sex, age, tel, type, auth_key) VALUES ('523374200101121486', '姚迅桐', '姚迅桐', true, '19', '14529515756', 0, '5rhL98G3qydF4kIaqcV5Q137b1b5akK2');
INSERT INTO Resident (account, building, unit, room) VALUES ('523374200101121486', 70, 10, 402);
INSERT INTO User (account, username, name, sex, age, tel, type, auth_key) VALUES ('344623198507210950', '江本一', '江本一', true, '35', '17560910454', 0, 'tV7T34j1AaW91LWz82a6M535128g04Hn');
INSERT INTO Resident (account, building, unit, room) VALUES ('344623198507210950', 99, 10, 2702);
INSERT INTO User (account, username, name, sex, age, tel, type, auth_key) VALUES ('311132197907306066', '颜冠', '颜冠', false, '41', '19854404637', 0, 'I29fyKrSyUwsiHbn4T7BY30ctL2a87Q8');
INSERT INTO Resident (account, building, unit, room) VALUES ('311132197907306066', 97, 10, 2305);
INSERT INTO User (account, username, name, sex, age, tel, type, auth_key) VALUES ('123055197511244895', '沈奇迅', '沈奇迅', true, '45', '16659489905', 0, 'QfH31F95UF5UO1dRQgLHYCqG940Jv1B8');
INSERT INTO Resident (account, building, unit, room) VALUES ('123055197511244895', 72, 6, 805);
INSERT INTO User (account, username, name, sex, age, tel, type, auth_key) VALUES ('644230192503056768', '牛言民', '牛言民', false, '95', '15555638160', 0, '4u3atfi0Q2A5v8O7p652Q5W82txe40p9');
INSERT INTO Resident (account, building, unit, room) VALUES ('644230192503056768', 87, 6, 1805);
INSERT INTO User (account, username, name, sex, age, tel, type, auth_key) VALUES ('643880197611207575', '常昕', '常昕', true, '44', '13246804167', 0, 'tumZ6f5H9W6po1tiTAVkSWFCRMnZqaF0');
INSERT INTO Resident (account, building, unit, room) VALUES ('643880197611207575', 39, 3, 2701);
INSERT INTO User (account, username, name, sex, age, tel, type, auth_key) VALUES ('524903198911071373', '邱宜淘', '邱宜淘', true, '31', '18212856415', 0, 'f2JkO2BwpprV4lqb85Tn3Dng6D67wS1z');
INSERT INTO Resident (account, building, unit, room) VALUES ('524903198911071373', 58, 3, 1106);
INSERT INTO User (account, username, name, sex, age, tel, type, auth_key) VALUES ('350845200807015335', '燕夫力', '燕夫力', false, '12', '17241342316', 0, 'v3EDRA8axSFu3Ja031BlC9jSv89Xz064');
INSERT INTO Resident (account, building, unit, room) VALUES ('350845200807015335', 64, 7, 1802);
INSERT INTO User (account, username, name, sex, age, tel, type, auth_key) VALUES ('624220199808126997', '田亚依', '田亚依', false, '22', '15165818579', 0, 'Z4CA08m89DUjg7vhX3V9J1K92Uf78802');
INSERT INTO Resident (account, building, unit, room) VALUES ('624220199808126997', 69, 10, 1104);
INSERT INTO User (account, username, name, sex, age, tel, type, auth_key) VALUES ('232409196307019440', '傅静昕', '傅静昕', true, '57', '15502058427', 0, '6wTrnJTltzWfSKS4L91G8W3u0Gt6t37U');
INSERT INTO Resident (account, building, unit, room) VALUES ('232409196307019440', 58, 10, 204);
INSERT INTO User (account, username, name, sex, age, tel, type, auth_key) VALUES ('154363201408317410', '董萌', '董萌', false, '6', '18347504417', 0, 'wi1vZ7tg95skCowQdcSYzq900t40UcOU');
INSERT INTO Resident (account, building, unit, room) VALUES ('154363201408317410', 23, 4, 2802);
INSERT INTO User (account, username, name, sex, age, tel, type, auth_key) VALUES ('621520192612214469', '姚菲冠', '姚菲冠', true, '94', '13714862235', 0, 'IMx5o9Ygu4mVtqwHhU11Vp0QiBjcX33F');
INSERT INTO Resident (account, building, unit, room) VALUES ('621520192612214469', 52, 5, 2302);
INSERT INTO User (account, username, name, sex, age, tel, type, auth_key) VALUES ('813380197501264363', '范建亚', '范建亚', true, '45', '17226791571', 0, 'KbfAz4CtYLquuw1t3qY8LtoKs8CW0vSB');
INSERT INTO Resident (account, building, unit, room) VALUES ('813380197501264363', 98, 6, 1906);
INSERT INTO User (account, username, name, sex, age, tel, type, auth_key) VALUES ('44339919571021817X', '史敏雅', '史敏雅', false, '63', '13917133422', 0, 'XdZ1ihYSmtgtj96x93289m0vbghVNfcr');
INSERT INTO Resident (account, building, unit, room) VALUES ('44339919571021817X', 53, 2, 1201);
INSERT INTO User (account, username, name, sex, age, tel, type, auth_key) VALUES ('464776195510281046', '吉依', '吉依', true, '65', '13965345931', 0, '5PYbWH6hetm2Mz9AI95YBa034c3Xht5d');
INSERT INTO Resident (account, building, unit, room) VALUES ('464776195510281046', 26, 5, 406);
INSERT INTO User (account, username, name, sex, age, tel, type, auth_key) VALUES ('812798198904245710', '徐飞露', '徐飞露', false, '31', '13182233333', 0, 'ubT1zkwMf65LLudFn4jQFYq1bS73bwDt');
INSERT INTO Resident (account, building, unit, room) VALUES ('812798198904245710', 60, 6, 2101);
INSERT INTO User (account, username, name, sex, age, tel, type, auth_key) VALUES ('713331199608255413', '隽薪兮', '隽薪兮', true, '24', '19284560634', 0, 'cU13Wd923374mhRLBuNtMaF177VezbhA');
INSERT INTO Resident (account, building, unit, room) VALUES ('713331199608255413', 87, 4, 802);
INSERT INTO User (account, username, name, sex, age, tel, type, auth_key) VALUES ('533387199907041416', '寻宇', '寻宇', false, '21', '19822671720', 0, 'ij4V3OW6kOM19rmB652rc3za1vGF0U88');
INSERT INTO Resident (account, building, unit, room) VALUES ('533387199907041416', 41, 6, 2001);
INSERT INTO User (account, username, name, sex, age, tel, type, auth_key) VALUES ('352472194911286129', '陆昕振', '陆昕振', false, '71', '13455984686', 0, 'XJdi1jXPuny2w88O2UY3ADH9YsbO3QJ3');
INSERT INTO Resident (account, building, unit, room) VALUES ('352472194911286129', 35, 6, 504);
INSERT INTO User (account, username, name, sex, age, tel, type, auth_key) VALUES ('532543196405265098', '童雅', '童雅', true, '56', '18470046165', 0, 'fSS2866O6CKYHVAwbTEfAdufn7L80x1W');
INSERT INTO Resident (account, building, unit, room) VALUES ('532543196405265098', 37, 3, 1202);
INSERT INTO User (account, username, name, sex, age, tel, type, auth_key) VALUES ('710127196712213895', '季萌凡', '季萌凡', false, '53', '18926271676', 0, '4aJG4KO0tonAVd173g326aCx9C9LwE0B');
INSERT INTO Resident (account, building, unit, room) VALUES ('710127196712213895', 90, 4, 1102);
INSERT INTO User (account, username, name, sex, age, tel, type, auth_key) VALUES ('523356198306100642', '柳思', '柳思', true, '37', '15232763304', 0, 'zE3J8HZ056w720vMo0V68l145Guesg7S');
INSERT INTO Resident (account, building, unit, room) VALUES ('523356198306100642', 94, 10, 206);
INSERT INTO User (account, username, name, sex, age, tel, type, auth_key) VALUES ('642707200610039811', '赵子嘉', '赵子嘉', false, '14', '19948669978', 0, '31VYHCDwvby32ysXS818uA0sePyuYtso');
INSERT INTO Resident (account, building, unit, room) VALUES ('642707200610039811', 68, 9, 202);
INSERT INTO User (account, username, name, sex, age, tel, type, auth_key) VALUES ('641158200511059274', '姚旭', '姚旭', true, '15', '19211180472', 0, 'L5MrW3uPG1F2p5v76548fuTGOaw670TY');
INSERT INTO Resident (account, building, unit, room) VALUES ('641158200511059274', 32, 5, 2304);
INSERT INTO User (account, username, name, sex, age, tel, type, auth_key) VALUES ('312204192703047954', '王辰宜', '王辰宜', true, '93', '18542167757', 0, 'hB9giQOCph3SEy4ZCLp95y2534YR37J0');
INSERT INTO Resident (account, building, unit, room) VALUES ('312204192703047954', 67, 3, 1803);
INSERT INTO User (account, username, name, sex, age, tel, type, auth_key) VALUES ('362122199106138497', '金樱萌', '金樱萌', false, '29', '15259803139', 0, '65YukQ4xk3mwpm3bV4BUMh4Z4giSdj2N');
INSERT INTO Resident (account, building, unit, room) VALUES ('362122199106138497', 85, 5, 602);
INSERT INTO User (account, username, name, sex, age, tel, type, auth_key) VALUES ('361944196109187043', '邵薪', '邵薪', false, '59', '18689856387', 0, 'Cg80PrqJQ6M971f47exea6FrMA0wlS3E');
INSERT INTO Resident (account, building, unit, room) VALUES ('361944196109187043', 49, 1, 1304);
INSERT INTO User (account, username, name, sex, age, tel, type, auth_key) VALUES ('654214197803018456', '常子淘', '常子淘', false, '42', '19120690633', 0, 'Oqobz3232gKO1lV1bchjGmS4U5w3JyZw');
INSERT INTO Resident (account, building, unit, room) VALUES ('654214197803018456', 8, 4, 501);
INSERT INTO User (account, username, name, sex, age, tel, type, auth_key) VALUES ('433205192808281266', '安力雅', '安力雅', true, '92', '18415045676', 0, 'B9q4MyROV5iardV6im6naa48FE0zYTD4');
INSERT INTO Resident (account, building, unit, room) VALUES ('433205192808281266', 8, 5, 2404);
INSERT INTO User (account, username, name, sex, age, tel, type, auth_key) VALUES ('511331197810209457', '陈立凌', '陈立凌', false, '42', '13541956327', 0, 'Dy78pxvi93EU6j8Aj5AF0u2Tgaao17uY');
INSERT INTO Resident (account, building, unit, room) VALUES ('511331197810209457', 4, 9, 1303);
INSERT INTO User (account, username, name, sex, age, tel, type, auth_key) VALUES ('421295192704020568', '龚佳腾', '龚佳腾', true, '93', '17831973436', 0, 'ZWAyi0KGC3Tvh1kxVZAa2N8CnB30oS0P');
INSERT INTO Resident (account, building, unit, room) VALUES ('421295192704020568', 31, 7, 1705);
INSERT INTO User (account, username, name, sex, age, tel, type, auth_key) VALUES ('412037195012113563', '部晓奇', '部晓奇', false, '70', '18280529643', 0, '2DOsf500O8eV18Zv7931yJoEEV85WapR');
INSERT INTO Resident (account, building, unit, room) VALUES ('412037195012113563', 25, 3, 2106);
INSERT INTO User (account, username, name, sex, age, tel, type, auth_key) VALUES ('503935197805227198', '寻子菲', '寻子菲', false, '42', '19506857926', 0, '4d2ca3MLJZp4BX1ys703yD17bEKy8T9z');
INSERT INTO Resident (account, building, unit, room) VALUES ('503935197805227198', 4, 5, 2202);
INSERT INTO User (account, username, name, sex, age, tel, type, auth_key) VALUES ('11013919580323693X', '昌朋圣', '昌朋圣', true, '62', '18290836427', 0, 'tB6Lw975za94i14z77f47edNivykMlDo');
INSERT INTO Resident (account, building, unit, room) VALUES ('11013919580323693X', 52, 4, 203);
INSERT INTO User (account, username, name, sex, age, tel, type, auth_key) VALUES ('615049200912165588', '戚丹奕', '戚丹奕', false, '11', '19370681261', 0, '3jb748jt667QG4Nwi0mapJ8u1jDD5J7f');
INSERT INTO Resident (account, building, unit, room) VALUES ('615049200912165588', 2, 5, 1401);
INSERT INTO User (account, username, name, sex, age, tel, type, auth_key) VALUES ('121239198903281465', '符思牧', '符思牧', false, '31', '17251341574', 0, 'YwIn1GXZOA413c4si4Rk4O0cLV6yyBrG');
INSERT INTO Resident (account, building, unit, room) VALUES ('121239198903281465', 99, 6, 2302);
INSERT INTO User (account, username, name, sex, age, tel, type, auth_key) VALUES ('440421199902044555', '崔龙牧', '崔龙牧', false, '21', '18998141354', 0, 'BqD8Y5FN36appbQ7n18VjQPR7iu45RSd');
INSERT INTO Resident (account, building, unit, room) VALUES ('440421199902044555', 83, 5, 903);
INSERT INTO User (account, username, name, sex, age, tel, type, auth_key) VALUES ('344085193510172871', '季盈', '季盈', true, '85', '19814693258', 0, '49B7iZSBQLRm37Z2F76Gv92QmQ2hrGtd');
INSERT INTO Resident (account, building, unit, room) VALUES ('344085193510172871', 24, 10, 2906);
INSERT INTO User (account, username, name, sex, age, tel, type, auth_key) VALUES ('710610197701046400', '路赛', '路赛', true, '43', '15356449536', 0, 'H6aQUG94NSg2NiRfa83K9IYD31Bne40t');
INSERT INTO Resident (account, building, unit, room) VALUES ('710610197701046400', 71, 3, 2305);
INSERT INTO User (account, username, name, sex, age, tel, type, auth_key) VALUES ('65481419931126528X', '肖伟航', '肖伟航', true, '27', '14760885349', 0, 'X0zB00n1vKNUbjI21L6rcf8tHk84QQb9');
INSERT INTO Resident (account, building, unit, room) VALUES ('65481419931126528X', 79, 2, 1802);
INSERT INTO User (account, username, name, sex, age, tel, type, auth_key) VALUES ('331656196010286769', '柳铭盈', '柳铭盈', true, '60', '14940360190', 0, 'vvPn23GXvi9tPLckI7g1SOGFMq7G85BW');
INSERT INTO Resident (account, building, unit, room) VALUES ('331656196010286769', 29, 6, 1502);
INSERT INTO User (account, username, name, sex, age, tel, type, auth_key) VALUES ('211274192803133146', '尹依', '尹依', false, '92', '19608124618', 0, '14liuzmG7Jod2OWabbx8k4tEP14yOEa0');
INSERT INTO Resident (account, building, unit, room) VALUES ('211274192803133146', 17, 8, 1601);
INSERT INTO User (account, username, name, sex, age, tel, type, auth_key) VALUES ('520969193803058502', '麦家圆', '麦家圆', true, '82', '13176324874', 0, 'VhXyIx61AmzOACBXcF32G3AO3s16AEC8');
INSERT INTO Resident (account, building, unit, room) VALUES ('520969193803058502', 16, 2, 1806);
INSERT INTO User (account, username, name, sex, age, tel, type, auth_key) VALUES ('710146196507186621', '盛萌', '盛萌', true, '55', '19657289396', 0, 'dcoL897htB5wKYMGqOy8HAfTx6cEQF24');
INSERT INTO Resident (account, building, unit, room) VALUES ('710146196507186621', 30, 7, 601);
INSERT INTO User (account, username, name, sex, age, tel, type, auth_key) VALUES ('322298197005303222', '吉洁天', '吉洁天', true, '50', '17589491019', 0, 'ayWOa7JjW8xt9kilQQUwCg01LjKBtAth');
INSERT INTO Resident (account, building, unit, room) VALUES ('322298197005303222', 10, 1, 1403);
INSERT INTO User (account, username, name, sex, age, tel, type, auth_key) VALUES ('642125195010271643', '尹菲', '尹菲', true, '70', '15699311380', 0, '9TiJQGgJ9Y325m07CHf49BLniKhaL69w');
INSERT INTO Resident (account, building, unit, room) VALUES ('642125195010271643', 40, 2, 803);
INSERT INTO User (account, username, name, sex, age, tel, type, auth_key) VALUES ('652256197710313184', '柳兰', '柳兰', true, '43', '13373669492', 0, 'Sql4Lag7cec7ULr4f354mJ1Z7ZMFPrik');
INSERT INTO Resident (account, building, unit, room) VALUES ('652256197710313184', 37, 1, 1001);
INSERT INTO User (account, username, name, sex, age, tel, type, auth_key) VALUES ('651095198911132735', '麦依新', '麦依新', true, '31', '17807317850', 0, 'JkkYNt6qf1d4N8i0RI270sg7H4oITIj1');
INSERT INTO Resident (account, building, unit, room) VALUES ('651095198911132735', 28, 7, 1302);
INSERT INTO User (account, username, name, sex, age, tel, type, auth_key) VALUES ('423359193903126523', '夏冠力', '夏冠力', false, '81', '14988181235', 0, 'f5BDKvEjGKR12WHF50Zx1r6pMLB27eV1');
INSERT INTO Resident (account, building, unit, room) VALUES ('423359193903126523', 21, 10, 2201);
INSERT INTO User (account, username, name, sex, age, tel, type, auth_key) VALUES ('314961192803143168', '裴煜', '裴煜', false, '92', '17362062859', 0, 'KX1xTrpp5SC9s178aR8eiQaYq0cTz7G1');
INSERT INTO Resident (account, building, unit, room) VALUES ('314961192803143168', 70, 2, 2505);
INSERT INTO User (account, username, name, sex, age, tel, type, auth_key) VALUES ('370168192704112780', '张灯振', '张灯振', false, '93', '14514809804', 0, 'CkgG6yI3T0B30XlNzh054M97rwCmf141');
INSERT INTO Resident (account, building, unit, room) VALUES ('370168192704112780', 3, 5, 1804);
INSERT INTO User (account, username, name, sex, age, tel, type, auth_key) VALUES ('373526197510229659', '钱思', '钱思', true, '45', '17689110108', 0, 'KKO2LxzL9e0BY7JpqSN6OXcI8BnGAv6w');
INSERT INTO Resident (account, building, unit, room) VALUES ('373526197510229659', 72, 8, 2404);
INSERT INTO User (account, username, name, sex, age, tel, type, auth_key) VALUES ('35091619970402549X', '文本千', '文本千', true, '23', '13348404960', 0, '4tT3EhdiX63fJmc62gZOuq7TbQ8hOnhi');
INSERT INTO Resident (account, building, unit, room) VALUES ('35091619970402549X', 84, 7, 406);
INSERT INTO User (account, username, name, sex, age, tel, type, auth_key) VALUES ('644484199604023899', '陈亚家', '陈亚家', false, '24', '13588447196', 0, 'c3d8J6Yn4608CcMHG4b8bnM5r80kfakT');
INSERT INTO Resident (account, building, unit, room) VALUES ('644484199604023899', 87, 6, 1304);
INSERT INTO User (account, username, name, sex, age, tel, type, auth_key) VALUES ('41137920000312132X', '任天洁', '任天洁', true, '20', '15909285672', 0, 'PWVtBI3U1wI9TdItgCGD2Syh45DuHF64');
INSERT INTO Resident (account, building, unit, room) VALUES ('41137920000312132X', 20, 10, 2601);
INSERT INTO User (account, username, name, sex, age, tel, type, auth_key) VALUES ('812585199010232405', '陈煜嘉', '陈煜嘉', true, '30', '19733876760', 0, 'mAcpyXyhp72h7rV995xle14842EfWHFI');
INSERT INTO Resident (account, building, unit, room) VALUES ('812585199010232405', 58, 2, 1603);
INSERT INTO User (account, username, name, sex, age, tel, type, auth_key) VALUES ('142530195509014661', '冯嘉菲', '冯嘉菲', false, '65', '18063850188', 0, 'sjIMKpi15nCic2U4eT15l0y895PjS789');
INSERT INTO Resident (account, building, unit, room) VALUES ('142530195509014661', 61, 1, 603);
INSERT INTO User (account, username, name, sex, age, tel, type, auth_key) VALUES ('424417193701289226', '季奇', '季奇', false, '83', '15122064112', 0, 'w72kPr3nl05hqgkXkBIrT0298P4plFB5');
INSERT INTO Resident (account, building, unit, room) VALUES ('424417193701289226', 5, 8, 201);
INSERT INTO User (account, username, name, sex, age, tel, type, auth_key) VALUES ('514248199812296186', '武诺', '武诺', true, '22', '13071352301', 0, '6XAo0yW5BYK1i9UJdErWuUMpkVcshGH2');
INSERT INTO Resident (account, building, unit, room) VALUES ('514248199812296186', 8, 9, 2102);
INSERT INTO User (account, username, name, sex, age, tel, type, auth_key) VALUES ('512865194109015282', '管朋义', '管朋义', false, '79', '15173054915', 0, 'a2Z3HFu7fFs8yDZO9nl6219obZ22ph23');
INSERT INTO Resident (account, building, unit, room) VALUES ('512865194109015282', 58, 4, 901);
INSERT INTO User (account, username, name, sex, age, tel, type, auth_key) VALUES ('712467199808133795', '符杰奇', '符杰奇', true, '22', '15139250239', 0, 'PJ17lP0nzv648bkP69lVE9623ojz90V1');
INSERT INTO Resident (account, building, unit, room) VALUES ('712467199808133795', 42, 4, 1202);
INSERT INTO User (account, username, name, sex, age, tel, type, auth_key) VALUES ('222330201106298565', '李嘉丹', '李嘉丹', true, '9', '13790812982', 0, 'zoodDXO7PbB8c65r0LBb5or15b7V4018');
INSERT INTO Resident (account, building, unit, room) VALUES ('222330201106298565', 82, 2, 1504);
INSERT INTO User (account, username, name, sex, age, tel, type, auth_key) VALUES ('653485192907106595', '郭牧伟', '郭牧伟', false, '91', '19837338190', 0, 'R2zCez34mXH9fPfPVk6pM9YN589b9iQM');
INSERT INTO Resident (account, building, unit, room) VALUES ('653485192907106595', 28, 6, 406);
INSERT INTO User (account, username, name, sex, age, tel, type, auth_key) VALUES ('622129198707240650', '傅言令', '傅言令', true, '33', '18885445975', 0, 'k02gaaIr5p492w3Fv8lnOk25Jp9gXQ76');
INSERT INTO Resident (account, building, unit, room) VALUES ('622129198707240650', 93, 8, 1205);
INSERT INTO User (account, username, name, sex, age, tel, type, auth_key) VALUES ('374995195406250287', '崔丹', '崔丹', true, '66', '19849019985', 1, 'n6l15Y3L68gd4197V3L2EUXbDN3aX8WG');
INSERT INTO Committee (account, in_date, is_admin) VALUES ('374995195406250287', '19800724', false);
INSERT INTO User (account, username, name, sex, age, tel, type, auth_key) VALUES ('525002194709041458', '安柏润', '安柏润', false, '73', '13663647065', 0, '7aDL7Xp65N9O0Tr7WDn4pke4bqjtk13I');
INSERT INTO Resident (account, building, unit, room) VALUES ('525002194709041458', 29, 1, 702);
INSERT INTO User (account, username, name, sex, age, tel, type, auth_key) VALUES ('370805199112049572', '严良', '严良', false, '29', '14996560868', 0, '7kV75RCvxwvtV673q4Kq7pAqtHO2n2A8');
INSERT INTO Resident (account, building, unit, room) VALUES ('370805199112049572', 21, 6, 1002);
INSERT INTO User (account, username, name, sex, age, tel, type, auth_key) VALUES ('460263197001175490', '山飞润', '山飞润', false, '50', '15392054589', 0, 'NB24uDUurxvuRB5MhIiP3q2j3kOpSeR5');
INSERT INTO Resident (account, building, unit, room) VALUES ('460263197001175490', 40, 5, 801);
INSERT INTO User (account, username, name, sex, age, tel, type, auth_key) VALUES ('141040193805281362', '麦夫', '麦夫', true, '82', '15596342548', 0, 'nHm7H7Mf10ywK65BRr54r2S9ncyX3bBR');
INSERT INTO Resident (account, building, unit, room) VALUES ('141040193805281362', 35, 5, 705);
/* 共生成用户500个*/

/* 建立Health信息 */
INSERT INTO Health (id, account, last_date, last_time, temperature) VALUES (1, '222846193404029540', '20200324', '04:21:33', 36.6);
INSERT INTO Health (id, account, last_date, last_time, temperature) VALUES (2, '140197199308164933', '20200519', '13:25:58', 36.4);
INSERT INTO Health (id, account, last_date, last_time, temperature) VALUES (3, '51162119240405244X', '20200204', '08:25:33', 37);
INSERT INTO Health (id, account, last_date, last_time, temperature) VALUES (4, '541793198108294157', '20200518', '03:40:18', 37.2);
INSERT INTO Health (id, account, last_date, last_time, temperature) VALUES (5, '431954193610290753', '20200305', '09:26:37', 36.3);
INSERT INTO Health (id, account, last_date, last_time, temperature) VALUES (6, '463844197802280493', '20200420', '10:08:23', 35);
INSERT INTO Health (id, account, last_date, last_time, temperature) VALUES (7, '153877199911152736', '20200308', '16:17:51', 36.9);
INSERT INTO Health (id, account, last_date, last_time, temperature) VALUES (8, '342571201003304305', '20200317', '19:00:34', 36.2);
INSERT INTO Health (id, account, last_date, last_time, temperature) VALUES (9, '654791197912162346', '20200413', '14:23:16', 35.8);
INSERT INTO Health (id, account, last_date, last_time, temperature) VALUES (10, '650397199410027688', '20200221', '16:46:04', 35.5);
INSERT INTO Health (id, account, last_date, last_time, temperature) VALUES (11, '522026199312131343', '20200219', '12:54:04', 36.9);
INSERT INTO Health (id, account, last_date, last_time, temperature) VALUES (12, '414606193611230855', '20200316', '17:50:23', 35.7);
INSERT INTO Health (id, account, last_date, last_time, temperature) VALUES (13, '442881193209083257', '20200314', '11:53:41', 36.5);
INSERT INTO Health (id, account, last_date, last_time, temperature) VALUES (14, '441823198804297875', '20200306', '16:34:38', 37.1);
INSERT INTO Health (id, account, last_date, last_time, temperature) VALUES (15, '132358194808144506', '20200329', '12:11:59', 35.2);
INSERT INTO Health (id, account, last_date, last_time, temperature) VALUES (16, '531084194409122531', '20200327', '13:38:23', 36.9);
INSERT INTO Health (id, account, last_date, last_time, temperature) VALUES (17, '132893201306065426', '20200307', '07:19:16', 36.6);
INSERT INTO Health (id, account, last_date, last_time, temperature) VALUES (18, '634380194205205629', '20200403', '10:57:32', 37.1);
INSERT INTO Health (id, account, last_date, last_time, temperature) VALUES (19, '544780194203052139', '20200418', '15:24:24', 35.7);
INSERT INTO Health (id, account, last_date, last_time, temperature) VALUES (20, '41276619490704517X', '20200211', '23:37:53', 36.8);
INSERT INTO Health (id, account, last_date, last_time, temperature) VALUES (21, '324479193602119034', '20200417', '20:30:41', 35.5);
INSERT INTO Health (id, account, last_date, last_time, temperature) VALUES (22, '340594196504014860', '20200428', '21:18:06', 36.3);
INSERT INTO Health (id, account, last_date, last_time, temperature) VALUES (23, '711458199807150923', '20200314', '15:31:28', 36.4);
INSERT INTO Health (id, account, last_date, last_time, temperature) VALUES (24, '612673198403120277', '20200521', '22:15:06', 36.7);
INSERT INTO Health (id, account, last_date, last_time, temperature) VALUES (25, '340281195205319044', '20200313', '16:58:29', 37.4);
INSERT INTO Health (id, account, last_date, last_time, temperature) VALUES (26, '22334319320227409X', '20200312', '11:02:17', 35.2);
INSERT INTO Health (id, account, last_date, last_time, temperature) VALUES (27, '711564193509079091', '20200322', '18:10:42', 35.8);
INSERT INTO Health (id, account, last_date, last_time, temperature) VALUES (28, '150790197903304355', '20200309', '20:15:56', 35.3);
INSERT INTO Health (id, account, last_date, last_time, temperature) VALUES (29, '652270197610023542', '20200311', '20:46:31', 35.2);
INSERT INTO Health (id, account, last_date, last_time, temperature) VALUES (30, '454824192307162464', '20200523', '18:56:00', 35.1);
INSERT INTO Health (id, account, last_date, last_time, temperature) VALUES (31, '502286193704075517', '20200528', '01:01:06', 35);
INSERT INTO Health (id, account, last_date, last_time, temperature) VALUES (32, '353173197807213257', '20200424', '07:58:06', 36.4);
INSERT INTO Health (id, account, last_date, last_time, temperature) VALUES (33, '613324198604023119', '20200430', '00:27:04', 37.2);
INSERT INTO Health (id, account, last_date, last_time, temperature) VALUES (34, '122051199309243896', '20200313', '11:18:55', 35.4);
INSERT INTO Health (id, account, last_date, last_time, temperature) VALUES (35, '224849197110318891', '20200425', '12:09:33', 37.3);
INSERT INTO Health (id, account, last_date, last_time, temperature) VALUES (36, '441959195211184192', '20200408', '00:08:12', 35.2);
INSERT INTO Health (id, account, last_date, last_time, temperature) VALUES (37, '511941193304137218', '20200224', '20:04:42', 36.3);
INSERT INTO Health (id, account, last_date, last_time, temperature) VALUES (38, '141331197907183595', '20200404', '14:01:35', 36.6);
INSERT INTO Health (id, account, last_date, last_time, temperature) VALUES (39, '452478196307066021', '20200423', '02:29:46', 37.2);
INSERT INTO Health (id, account, last_date, last_time, temperature) VALUES (40, '510916200204019754', '20200429', '15:19:51', 36.4);
INSERT INTO Health (id, account, last_date, last_time, temperature) VALUES (41, '541384200502141548', '20200209', '00:42:11', 37);
INSERT INTO Health (id, account, last_date, last_time, temperature) VALUES (42, '821559195404098872', '20200520', '11:39:15', 35);
INSERT INTO Health (id, account, last_date, last_time, temperature) VALUES (43, '454619198907314906', '20200217', '21:51:13', 36.8);
INSERT INTO Health (id, account, last_date, last_time, temperature) VALUES (44, '512597198502190497', '20200302', '04:34:06', 35.5);
INSERT INTO Health (id, account, last_date, last_time, temperature) VALUES (45, '614096195505254874', '20200311', '03:00:51', 37.2);
INSERT INTO Health (id, account, last_date, last_time, temperature) VALUES (46, '534427194509141755', '20200424', '18:08:03', 36.3);
INSERT INTO Health (id, account, last_date, last_time, temperature) VALUES (47, '613792196407092725', '20200408', '11:24:14', 35.2);
INSERT INTO Health (id, account, last_date, last_time, temperature) VALUES (48, '611696197412176915', '20200525', '06:27:54', 35.9);
INSERT INTO Health (id, account, last_date, last_time, temperature) VALUES (49, '451459194109059319', '20200208', '22:27:00', 35.2);
INSERT INTO Health (id, account, last_date, last_time, temperature) VALUES (50, '350859194108309102', '20200326', '02:15:59', 37.4);
INSERT INTO Health (id, account, last_date, last_time, temperature) VALUES (51, '152334195608128985', '20200422', '05:22:02', 35.5);
INSERT INTO Health (id, account, last_date, last_time, temperature) VALUES (52, '414945198011278488', '20200331', '06:51:17', 36.1);
INSERT INTO Health (id, account, last_date, last_time, temperature) VALUES (53, '231413193211114540', '20200209', '01:59:36', 36.9);
INSERT INTO Health (id, account, last_date, last_time, temperature) VALUES (54, '21177520070918360X', '20200211', '20:57:48', 35);
INSERT INTO Health (id, account, last_date, last_time, temperature) VALUES (55, '410257196204265802', '20200210', '03:41:32', 36.2);
INSERT INTO Health (id, account, last_date, last_time, temperature) VALUES (56, '413078197703058068', '20200418', '13:53:49', 37.2);
INSERT INTO Health (id, account, last_date, last_time, temperature) VALUES (57, '620791199012080995', '20200308', '12:55:35', 35.8);
INSERT INTO Health (id, account, last_date, last_time, temperature) VALUES (58, '612863196810300144', '20200307', '16:10:05', 36.9);
INSERT INTO Health (id, account, last_date, last_time, temperature) VALUES (59, '360893197109241683', '20200527', '13:49:33', 35.1);
INSERT INTO Health (id, account, last_date, last_time, temperature) VALUES (60, '624048198508295700', '20200414', '01:34:53', 36.5);
INSERT INTO Health (id, account, last_date, last_time, temperature) VALUES (61, '53446019930827506X', '20200531', '07:27:35', 36.6);
INSERT INTO Health (id, account, last_date, last_time, temperature) VALUES (62, '424511201306277820', '20200418', '14:57:03', 36.6);
INSERT INTO Health (id, account, last_date, last_time, temperature) VALUES (63, '413302193912179623', '20200514', '18:56:28', 36.2);
INSERT INTO Health (id, account, last_date, last_time, temperature) VALUES (64, '111802197504283037', '20200417', '10:45:02', 36.1);
INSERT INTO Health (id, account, last_date, last_time, temperature) VALUES (65, '143282195511165769', '20200505', '01:57:02', 37.4);
INSERT INTO Health (id, account, last_date, last_time, temperature) VALUES (66, '411019193704277917', '20200518', '06:30:01', 36.3);
INSERT INTO Health (id, account, last_date, last_time, temperature) VALUES (67, '211699198804306816', '20200215', '04:33:57', 35.8);
INSERT INTO Health (id, account, last_date, last_time, temperature) VALUES (68, '423045193102198216', '20200329', '10:43:59', 35.3);
INSERT INTO Health (id, account, last_date, last_time, temperature) VALUES (69, '644980193903273758', '20200210', '19:50:20', 35.3);
INSERT INTO Health (id, account, last_date, last_time, temperature) VALUES (70, '71312319531224760X', '20200412', '15:55:03', 35.9);
INSERT INTO Health (id, account, last_date, last_time, temperature) VALUES (71, '132088194610166993', '20200525', '09:58:00', 35.7);
INSERT INTO Health (id, account, last_date, last_time, temperature) VALUES (72, '712954200612111535', '20200520', '07:35:00', 35.2);
INSERT INTO Health (id, account, last_date, last_time, temperature) VALUES (73, '524566199307199399', '20200425', '21:29:35', 35.7);
INSERT INTO Health (id, account, last_date, last_time, temperature) VALUES (74, '410355200312294742', '20200303', '11:13:49', 37.5);
INSERT INTO Health (id, account, last_date, last_time, temperature) VALUES (75, '220105199306076678', '20200519', '18:40:46', 38.3);
INSERT INTO Health (id, account, last_date, last_time, temperature) VALUES (76, '143622194508265363', '20200303', '02:46:34', 36);
INSERT INTO Health (id, account, last_date, last_time, temperature) VALUES (77, '544956199610278732', '20200401', '07:36:33', 35.5);
INSERT INTO Health (id, account, last_date, last_time, temperature) VALUES (78, '523999194112318210', '20200527', '08:03:00', 36.2);
INSERT INTO Health (id, account, last_date, last_time, temperature) VALUES (79, '233990196111132128', '20200204', '23:22:58', 36.1);
INSERT INTO Health (id, account, last_date, last_time, temperature) VALUES (80, '143649198407042515', '20200422', '19:24:16', 35.9);
INSERT INTO Health (id, account, last_date, last_time, temperature) VALUES (81, '463675199908200479', '20200515', '17:31:13', 37.4);
INSERT INTO Health (id, account, last_date, last_time, temperature) VALUES (82, '312384198101047137', '20200317', '14:34:59', 36.7);
INSERT INTO Health (id, account, last_date, last_time, temperature) VALUES (83, '823734193203274626', '20200531', '23:24:12', 36.2);
INSERT INTO Health (id, account, last_date, last_time, temperature) VALUES (84, '422349199002042843', '20200402', '02:00:34', 36.4);
INSERT INTO Health (id, account, last_date, last_time, temperature) VALUES (85, '622509200108094567', '20200319', '02:07:56', 36.3);
INSERT INTO Health (id, account, last_date, last_time, temperature) VALUES (86, '223506198212316564', '20200401', '07:17:02', 37.2);
INSERT INTO Health (id, account, last_date, last_time, temperature) VALUES (87, '373669196410307901', '20200511', '20:48:05', 36.2);
INSERT INTO Health (id, account, last_date, last_time, temperature) VALUES (88, '110162199208279426', '20200420', '07:58:24', 37.3);
INSERT INTO Health (id, account, last_date, last_time, temperature) VALUES (89, '81367219691223269X', '20200324', '12:00:17', 36.5);
INSERT INTO Health (id, account, last_date, last_time, temperature) VALUES (90, '712682199001101536', '20200409', '18:38:26', 36.7);
INSERT INTO Health (id, account, last_date, last_time, temperature) VALUES (91, '35165919320204062X', '20200218', '12:08:56', 35.1);
INSERT INTO Health (id, account, last_date, last_time, temperature) VALUES (92, '370914198308129112', '20200216', '17:52:59', 37.4);
INSERT INTO Health (id, account, last_date, last_time, temperature) VALUES (93, '460246192502066389', '20200325', '05:01:04', 36.3);
INSERT INTO Health (id, account, last_date, last_time, temperature) VALUES (94, '63371619770415267X', '20200318', '06:05:46', 36.1);
INSERT INTO Health (id, account, last_date, last_time, temperature) VALUES (95, '644763200606118904', '20200411', '16:08:33', 35.5);
INSERT INTO Health (id, account, last_date, last_time, temperature) VALUES (96, '810644194407074109', '20200410', '17:11:50', 35.6);
INSERT INTO Health (id, account, last_date, last_time, temperature) VALUES (97, '131325197804207578', '20200226', '06:54:37', 35.2);
INSERT INTO Health (id, account, last_date, last_time, temperature) VALUES (98, '332102194404099455', '20200223', '12:15:46', 36.4);
INSERT INTO Health (id, account, last_date, last_time, temperature) VALUES (99, '144190193706095007', '20200428', '08:41:01', 36);
INSERT INTO Health (id, account, last_date, last_time, temperature) VALUES (100, '434284200804061513', '20200222', '07:38:46', 36.9);
INSERT INTO Health (id, account, last_date, last_time, temperature) VALUES (101, '500470197504076710', '20200518', '15:41:37', 36.1);
INSERT INTO Health (id, account, last_date, last_time, temperature) VALUES (102, '120788195705123383', '20200417', '20:00:03', 35.4);
INSERT INTO Health (id, account, last_date, last_time, temperature) VALUES (103, '464591201309079906', '20200526', '11:54:59', 37.1);
INSERT INTO Health (id, account, last_date, last_time, temperature) VALUES (104, '811878195512170081', '20200322', '03:51:09', 35.1);
INSERT INTO Health (id, account, last_date, last_time, temperature) VALUES (105, '350385198806200952', '20200210', '07:11:35', 36.3);
INSERT INTO Health (id, account, last_date, last_time, temperature) VALUES (106, '151184195803242996', '20200222', '06:47:55', 36.4);
INSERT INTO Health (id, account, last_date, last_time, temperature) VALUES (107, '651530199909263997', '20200404', '19:41:59', 37.2);
INSERT INTO Health (id, account, last_date, last_time, temperature) VALUES (108, '630489196302055089', '20200311', '13:38:09', 35.2);
INSERT INTO Health (id, account, last_date, last_time, temperature) VALUES (109, '37388120001223456X', '20200408', '23:35:03', 36.7);
INSERT INTO Health (id, account, last_date, last_time, temperature) VALUES (110, '325002194606077631', '20200323', '09:37:21', 35.6);
INSERT INTO Health (id, account, last_date, last_time, temperature) VALUES (111, '641402197109159215', '20200425', '14:59:25', 36.1);
INSERT INTO Health (id, account, last_date, last_time, temperature) VALUES (112, '124680194709278994', '20200223', '04:40:46', 36.2);
INSERT INTO Health (id, account, last_date, last_time, temperature) VALUES (113, '112259196709302383', '20200418', '16:43:18', 35.1);
INSERT INTO Health (id, account, last_date, last_time, temperature) VALUES (114, '313856194906139078', '20200304', '07:05:30', 35);
INSERT INTO Health (id, account, last_date, last_time, temperature) VALUES (115, '361967192401164082', '20200530', '05:06:18', 35.2);
INSERT INTO Health (id, account, last_date, last_time, temperature) VALUES (116, '635031193710233550', '20200512', '02:09:59', 37.2);
INSERT INTO Health (id, account, last_date, last_time, temperature) VALUES (117, '504302193912133762', '20200430', '08:59:11', 36.5);
INSERT INTO Health (id, account, last_date, last_time, temperature) VALUES (118, '411805198705297141', '20200203', '22:28:56', 37.4);
INSERT INTO Health (id, account, last_date, last_time, temperature) VALUES (119, '362835196603254442', '20200324', '16:02:37', 35.7);
INSERT INTO Health (id, account, last_date, last_time, temperature) VALUES (120, '224233192305167330', '20200325', '21:44:16', 35.6);
INSERT INTO Health (id, account, last_date, last_time, temperature) VALUES (121, '421736192407062303', '20200319', '07:40:42', 37.4);
INSERT INTO Health (id, account, last_date, last_time, temperature) VALUES (122, '154198199408124048', '20200528', '15:30:26', 37.2);
INSERT INTO Health (id, account, last_date, last_time, temperature) VALUES (123, '614611194109215731', '20200326', '15:10:07', 37.1);
INSERT INTO Health (id, account, last_date, last_time, temperature) VALUES (124, '641933200312072904', '20200411', '14:30:13', 36.7);
INSERT INTO Health (id, account, last_date, last_time, temperature) VALUES (125, '363852200312072920', '20200208', '15:46:36', 36.9);
INSERT INTO Health (id, account, last_date, last_time, temperature) VALUES (126, '424829198410038822', '20200308', '18:18:01', 35.7);
INSERT INTO Health (id, account, last_date, last_time, temperature) VALUES (127, '113841198211034344', '20200428', '17:39:31', 35.4);
INSERT INTO Health (id, account, last_date, last_time, temperature) VALUES (128, '114701192301087639', '20200511', '05:38:02', 37);
INSERT INTO Health (id, account, last_date, last_time, temperature) VALUES (129, '363570195202264445', '20200327', '23:40:04', 35);
INSERT INTO Health (id, account, last_date, last_time, temperature) VALUES (130, '123320195308218673', '20200414', '15:52:11', 35.8);
INSERT INTO Health (id, account, last_date, last_time, temperature) VALUES (131, '531163193006304907', '20200315', '16:01:01', 37.4);
INSERT INTO Health (id, account, last_date, last_time, temperature) VALUES (132, '344047200211309102', '20200508', '09:13:56', 37.4);
INSERT INTO Health (id, account, last_date, last_time, temperature) VALUES (133, '640926192610166204', '20200527', '14:55:50', 35);
INSERT INTO Health (id, account, last_date, last_time, temperature) VALUES (134, '465032197304241986', '20200427', '05:29:50', 36.1);
INSERT INTO Health (id, account, last_date, last_time, temperature) VALUES (135, '121198201412169691', '20200203', '02:39:57', 35.7);
INSERT INTO Health (id, account, last_date, last_time, temperature) VALUES (136, '434430196003226550', '20200427', '03:26:43', 37.2);
INSERT INTO Health (id, account, last_date, last_time, temperature) VALUES (137, '331359192702022867', '20200428', '21:02:35', 36);
INSERT INTO Health (id, account, last_date, last_time, temperature) VALUES (138, '220386194104136190', '20200428', '05:25:50', 35.7);
INSERT INTO Health (id, account, last_date, last_time, temperature) VALUES (139, '110135195010150305', '20200323', '00:05:16', 35.1);
INSERT INTO Health (id, account, last_date, last_time, temperature) VALUES (140, '215058199308255235', '20200311', '20:22:09', 35.7);
INSERT INTO Health (id, account, last_date, last_time, temperature) VALUES (141, '36235819390617573X', '20200521', '04:18:30', 36.4);
INSERT INTO Health (id, account, last_date, last_time, temperature) VALUES (142, '460870199402169856', '20200403', '15:47:46', 36.6);
INSERT INTO Health (id, account, last_date, last_time, temperature) VALUES (143, '342177197912305142', '20200202', '02:45:45', 37);
INSERT INTO Health (id, account, last_date, last_time, temperature) VALUES (144, '714372201409064673', '20200406', '02:37:40', 37.2);
INSERT INTO Health (id, account, last_date, last_time, temperature) VALUES (145, '361509199908191824', '20200311', '18:22:15', 37.3);
INSERT INTO Health (id, account, last_date, last_time, temperature) VALUES (146, '642029195304247799', '20200209', '19:08:58', 35.9);
INSERT INTO Health (id, account, last_date, last_time, temperature) VALUES (147, '324267192605032307', '20200530', '07:24:12', 36.2);
INSERT INTO Health (id, account, last_date, last_time, temperature) VALUES (148, '502841198512045138', '20200201', '21:30:47', 36.5);
INSERT INTO Health (id, account, last_date, last_time, temperature) VALUES (149, '612175193605279303', '20200203', '17:03:22', 37);
INSERT INTO Health (id, account, last_date, last_time, temperature) VALUES (150, '612973192303269403', '20200430', '01:43:46', 35.5);
INSERT INTO Health (id, account, last_date, last_time, temperature) VALUES (151, '414402195703105442', '20200213', '09:37:02', 36.4);
INSERT INTO Health (id, account, last_date, last_time, temperature) VALUES (152, '321482193009264649', '20200224', '15:22:31', 35);
INSERT INTO Health (id, account, last_date, last_time, temperature) VALUES (153, '442851194707042364', '20200311', '07:53:16', 37.2);
INSERT INTO Health (id, account, last_date, last_time, temperature) VALUES (154, '113398194106208725', '20200531', '08:05:23', 36.4);
INSERT INTO Health (id, account, last_date, last_time, temperature) VALUES (155, '461152197506102552', '20200411', '14:17:22', 37.1);
INSERT INTO Health (id, account, last_date, last_time, temperature) VALUES (156, '230557196707239927', '20200205', '06:48:58', 35.6);
INSERT INTO Health (id, account, last_date, last_time, temperature) VALUES (157, '134497195106014838', '20200403', '21:47:04', 35.1);
INSERT INTO Health (id, account, last_date, last_time, temperature) VALUES (158, '151885195411126330', '20200208', '02:54:27', 36.8);
INSERT INTO Health (id, account, last_date, last_time, temperature) VALUES (159, '150559192806109786', '20200407', '15:59:28', 35.1);
INSERT INTO Health (id, account, last_date, last_time, temperature) VALUES (160, '360262198711288058', '20200526', '04:25:47', 36.4);
INSERT INTO Health (id, account, last_date, last_time, temperature) VALUES (161, '612149194803274476', '20200418', '03:34:47', 37.2);
INSERT INTO Health (id, account, last_date, last_time, temperature) VALUES (162, '111451199506282367', '20200523', '05:33:41', 35);
INSERT INTO Health (id, account, last_date, last_time, temperature) VALUES (163, '652761197709010835', '20200526', '04:45:05', 36.6);
INSERT INTO Health (id, account, last_date, last_time, temperature) VALUES (164, '641603199006160136', '20200415', '23:40:31', 36);
INSERT INTO Health (id, account, last_date, last_time, temperature) VALUES (165, '212884198404265945', '20200413', '09:01:07', 35.7);
INSERT INTO Health (id, account, last_date, last_time, temperature) VALUES (166, '612131199805278185', '20200529', '02:51:50', 36.9);
INSERT INTO Health (id, account, last_date, last_time, temperature) VALUES (167, '331230199708207842', '20200315', '20:31:04', 35.4);
INSERT INTO Health (id, account, last_date, last_time, temperature) VALUES (168, '210852200407052409', '20200528', '08:26:48', 35.1);
INSERT INTO Health (id, account, last_date, last_time, temperature) VALUES (169, '82243919531108660X', '20200226', '07:05:51', 36.9);
INSERT INTO Health (id, account, last_date, last_time, temperature) VALUES (170, '422988200103204528', '20200318', '17:27:56', 35.2);
INSERT INTO Health (id, account, last_date, last_time, temperature) VALUES (171, '525022199611113061', '20200211', '09:14:45', 35.8);
INSERT INTO Health (id, account, last_date, last_time, temperature) VALUES (172, '533549199201068641', '20200206', '14:26:41', 36.6);
INSERT INTO Health (id, account, last_date, last_time, temperature) VALUES (173, '651846198111202299', '20200522', '12:57:16', 36.5);
INSERT INTO Health (id, account, last_date, last_time, temperature) VALUES (174, '45371519960803389X', '20200518', '09:10:06', 36.3);
INSERT INTO Health (id, account, last_date, last_time, temperature) VALUES (175, '312679194807111421', '20200301', '01:58:28', 36.7);
INSERT INTO Health (id, account, last_date, last_time, temperature) VALUES (176, '822058197403207404', '20200321', '19:33:14', 37.1);
INSERT INTO Health (id, account, last_date, last_time, temperature) VALUES (177, '372237196802067451', '20200204', '09:42:36', 36.8);
INSERT INTO Health (id, account, last_date, last_time, temperature) VALUES (178, '424784198803199427', '20200211', '20:47:37', 35.6);
INSERT INTO Health (id, account, last_date, last_time, temperature) VALUES (179, '422721201102080742', '20200518', '13:46:34', 38.3);
INSERT INTO Health (id, account, last_date, last_time, temperature) VALUES (180, '644349193609040029', '20200315', '05:31:16', 35.5);
INSERT INTO Health (id, account, last_date, last_time, temperature) VALUES (181, '464231196604032585', '20200310', '14:24:54', 35.9);
INSERT INTO Health (id, account, last_date, last_time, temperature) VALUES (182, '232292193612029554', '20200222', '08:23:48', 35);
INSERT INTO Health (id, account, last_date, last_time, temperature) VALUES (183, '532671195608083508', '20200517', '05:59:50', 35.4);
INSERT INTO Health (id, account, last_date, last_time, temperature) VALUES (184, '623903197703143217', '20200202', '05:19:26', 35.1);
INSERT INTO Health (id, account, last_date, last_time, temperature) VALUES (185, '433782198407199712', '20200322', '03:14:14', 37.1);
INSERT INTO Health (id, account, last_date, last_time, temperature) VALUES (186, '632126199707022908', '20200224', '14:53:31', 35.5);
INSERT INTO Health (id, account, last_date, last_time, temperature) VALUES (187, '500541195602208498', '20200211', '09:40:05', 35.7);
INSERT INTO Health (id, account, last_date, last_time, temperature) VALUES (188, '321789197303173443', '20200402', '03:58:24', 37.1);
INSERT INTO Health (id, account, last_date, last_time, temperature) VALUES (189, '364143196202111362', '20200310', '16:32:01', 36.9);
INSERT INTO Health (id, account, last_date, last_time, temperature) VALUES (190, '633009195406047747', '20200504', '14:14:58', 35.4);
INSERT INTO Health (id, account, last_date, last_time, temperature) VALUES (191, '633323197901228745', '20200412', '16:10:50', 35.3);
INSERT INTO Health (id, account, last_date, last_time, temperature) VALUES (192, '140584199202223193', '20200203', '15:35:11', 35.3);
INSERT INTO Health (id, account, last_date, last_time, temperature) VALUES (193, '36161619630816455X', '20200531', '04:40:46', 35);
INSERT INTO Health (id, account, last_date, last_time, temperature) VALUES (194, '114831199405154509', '20200323', '07:30:30', 36.3);
INSERT INTO Health (id, account, last_date, last_time, temperature) VALUES (195, '714192200501092821', '20200319', '04:05:37', 38.1);
INSERT INTO Health (id, account, last_date, last_time, temperature) VALUES (196, '114831194404176420', '20200209', '00:19:02', 36.5);
INSERT INTO Health (id, account, last_date, last_time, temperature) VALUES (197, '620475194402132506', '20200426', '08:55:53', 35.6);
INSERT INTO Health (id, account, last_date, last_time, temperature) VALUES (198, '441166196206173842', '20200516', '11:08:02', 38.2);
INSERT INTO Health (id, account, last_date, last_time, temperature) VALUES (199, '462228197705176248', '20200409', '19:36:34', 35.8);
INSERT INTO Health (id, account, last_date, last_time, temperature) VALUES (200, '440524193504214332', '20200310', '08:26:41', 35.2);
INSERT INTO Health (id, account, last_date, last_time, temperature) VALUES (201, '63453119580729234X', '20200412', '20:48:30', 36.9);
INSERT INTO Health (id, account, last_date, last_time, temperature) VALUES (202, '341776201202253257', '20200202', '08:05:15', 36.8);
INSERT INTO Health (id, account, last_date, last_time, temperature) VALUES (203, '623830195906278181', '20200209', '22:11:34', 36.6);
INSERT INTO Health (id, account, last_date, last_time, temperature) VALUES (204, '544876201201234675', '20200210', '13:03:00', 37.4);
INSERT INTO Health (id, account, last_date, last_time, temperature) VALUES (205, '131064193405304308', '20200203', '08:00:22', 36.9);
INSERT INTO Health (id, account, last_date, last_time, temperature) VALUES (206, '44364219450707790X', '20200218', '07:40:55', 35);
INSERT INTO Health (id, account, last_date, last_time, temperature) VALUES (207, '153298197704031005', '20200505', '21:36:44', 35.9);
INSERT INTO Health (id, account, last_date, last_time, temperature) VALUES (208, '504950200401092690', '20200510', '08:26:36', 37);
INSERT INTO Health (id, account, last_date, last_time, temperature) VALUES (209, '340872195209210815', '20200526', '12:54:20', 36.5);
INSERT INTO Health (id, account, last_date, last_time, temperature) VALUES (210, '414973193906084005', '20200503', '16:30:36', 35.3);
INSERT INTO Health (id, account, last_date, last_time, temperature) VALUES (211, '362170194909025346', '20200222', '15:24:24', 35.8);
INSERT INTO Health (id, account, last_date, last_time, temperature) VALUES (212, '514677194205131173', '20200320', '17:08:41', 37.2);
INSERT INTO Health (id, account, last_date, last_time, temperature) VALUES (213, '375086199302276213', '20200506', '23:12:01', 36.7);
INSERT INTO Health (id, account, last_date, last_time, temperature) VALUES (214, '611923199705055150', '20200404', '19:38:18', 37.3);
INSERT INTO Health (id, account, last_date, last_time, temperature) VALUES (215, '654002200201140469', '20200409', '06:06:11', 36.6);
INSERT INTO Health (id, account, last_date, last_time, temperature) VALUES (216, '231018198501190687', '20200521', '07:33:25', 35.6);
INSERT INTO Health (id, account, last_date, last_time, temperature) VALUES (217, '341154199110293870', '20200226', '19:46:36', 35.7);
INSERT INTO Health (id, account, last_date, last_time, temperature) VALUES (218, '141493192605078137', '20200218', '15:49:07', 35);
INSERT INTO Health (id, account, last_date, last_time, temperature) VALUES (219, '362657196205215750', '20200307', '16:39:16', 37.3);
INSERT INTO Health (id, account, last_date, last_time, temperature) VALUES (220, '234059196411242805', '20200214', '04:12:46', 35.7);
INSERT INTO Health (id, account, last_date, last_time, temperature) VALUES (221, '820576196305036200', '20200528', '14:06:25', 36.8);
INSERT INTO Health (id, account, last_date, last_time, temperature) VALUES (222, '454112194211078462', '20200402', '06:23:05', 35.3);
INSERT INTO Health (id, account, last_date, last_time, temperature) VALUES (223, '522690195712196573', '20200317', '06:42:51', 37);
INSERT INTO Health (id, account, last_date, last_time, temperature) VALUES (224, '514642200708097125', '20200210', '22:38:39', 37.2);
INSERT INTO Health (id, account, last_date, last_time, temperature) VALUES (225, '654225198711084424', '20200202', '01:17:24', 36.3);
INSERT INTO Health (id, account, last_date, last_time, temperature) VALUES (226, '44175319470820504X', '20200509', '06:11:48', 37.3);
INSERT INTO Health (id, account, last_date, last_time, temperature) VALUES (227, '432675192609262606', '20200515', '16:13:53', 36.7);
INSERT INTO Health (id, account, last_date, last_time, temperature) VALUES (228, '431644193211153252', '20200518', '14:30:28', 36.2);
INSERT INTO Health (id, account, last_date, last_time, temperature) VALUES (229, '504321193202116877', '20200305', '12:06:22', 37.1);
INSERT INTO Health (id, account, last_date, last_time, temperature) VALUES (230, '522080195407143285', '20200519', '00:33:42', 37.4);
INSERT INTO Health (id, account, last_date, last_time, temperature) VALUES (231, '630535199310169416', '20200426', '13:12:45', 37.4);
INSERT INTO Health (id, account, last_date, last_time, temperature) VALUES (232, '210989198109251869', '20200424', '12:21:38', 37.2);
INSERT INTO Health (id, account, last_date, last_time, temperature) VALUES (233, '640812200212131325', '20200202', '14:30:50', 37.2);
INSERT INTO Health (id, account, last_date, last_time, temperature) VALUES (234, '314762192404177357', '20200402', '19:39:09', 35.3);
INSERT INTO Health (id, account, last_date, last_time, temperature) VALUES (235, '365056199401173306', '20200501', '07:24:15', 36.2);
INSERT INTO Health (id, account, last_date, last_time, temperature) VALUES (236, '651970197909269144', '20200215', '07:15:32', 36.6);
INSERT INTO Health (id, account, last_date, last_time, temperature) VALUES (237, '511207198705124224', '20200226', '09:32:13', 36.8);
INSERT INTO Health (id, account, last_date, last_time, temperature) VALUES (238, '223901192504282247', '20200315', '17:54:20', 36.6);
INSERT INTO Health (id, account, last_date, last_time, temperature) VALUES (239, '422519200007122470', '20200322', '12:13:40', 36.3);
INSERT INTO Health (id, account, last_date, last_time, temperature) VALUES (240, '713639201209191638', '20200405', '17:43:10', 35.5);
INSERT INTO Health (id, account, last_date, last_time, temperature) VALUES (241, '314834197403259113', '20200410', '11:18:53', 36.9);
INSERT INTO Health (id, account, last_date, last_time, temperature) VALUES (242, '330551194404132668', '20200508', '08:13:12', 37.3);
INSERT INTO Health (id, account, last_date, last_time, temperature) VALUES (243, '440880201401165653', '20200206', '13:22:58', 36.8);
INSERT INTO Health (id, account, last_date, last_time, temperature) VALUES (244, '23122419380918757X', '20200405', '16:57:17', 35.4);
INSERT INTO Health (id, account, last_date, last_time, temperature) VALUES (245, '123647195303079456', '20200222', '21:56:52', 35);
INSERT INTO Health (id, account, last_date, last_time, temperature) VALUES (246, '453339194410314504', '20200213', '18:42:24', 35.9);
INSERT INTO Health (id, account, last_date, last_time, temperature) VALUES (247, '454549197702080344', '20200209', '18:24:20', 37.1);
INSERT INTO Health (id, account, last_date, last_time, temperature) VALUES (248, '44256319500619679X', '20200408', '13:30:28', 35.8);
INSERT INTO Health (id, account, last_date, last_time, temperature) VALUES (249, '35435119900703840X', '20200226', '07:43:54', 36.2);
INSERT INTO Health (id, account, last_date, last_time, temperature) VALUES (250, '411560194105209988', '20200322', '13:13:28', 35.4);
INSERT INTO Health (id, account, last_date, last_time, temperature) VALUES (251, '324852197102086967', '20200426', '03:26:27', 36.7);
INSERT INTO Health (id, account, last_date, last_time, temperature) VALUES (252, '321675199407163915', '20200424', '16:42:27', 36);
INSERT INTO Health (id, account, last_date, last_time, temperature) VALUES (253, '454792199508214456', '20200427', '08:47:49', 35.4);
INSERT INTO Health (id, account, last_date, last_time, temperature) VALUES (254, '433838200704011719', '20200311', '01:47:56', 37.1);
INSERT INTO Health (id, account, last_date, last_time, temperature) VALUES (255, '14116319840103710X', '20200306', '15:37:49', 36.6);
INSERT INTO Health (id, account, last_date, last_time, temperature) VALUES (256, '513397196207119857', '20200221', '01:36:19', 36.1);
INSERT INTO Health (id, account, last_date, last_time, temperature) VALUES (257, '823161197604266891', '20200316', '18:39:59', 36.2);
INSERT INTO Health (id, account, last_date, last_time, temperature) VALUES (258, '82122119570307221X', '20200203', '16:32:49', 37.1);
INSERT INTO Health (id, account, last_date, last_time, temperature) VALUES (259, '503431195211145080', '20200302', '16:29:53', 35.4);
INSERT INTO Health (id, account, last_date, last_time, temperature) VALUES (260, '312865197212203053', '20200414', '00:09:07', 36.3);
INSERT INTO Health (id, account, last_date, last_time, temperature) VALUES (261, '544396194710284326', '20200314', '11:36:43', 35.8);
INSERT INTO Health (id, account, last_date, last_time, temperature) VALUES (262, '623512201112238393', '20200525', '17:35:14', 36.5);
INSERT INTO Health (id, account, last_date, last_time, temperature) VALUES (263, '624669195304286018', '20200507', '12:33:51', 35.3);
INSERT INTO Health (id, account, last_date, last_time, temperature) VALUES (264, '310426195308232475', '20200526', '12:41:55', 35.4);
INSERT INTO Health (id, account, last_date, last_time, temperature) VALUES (265, '451756199108208208', '20200408', '20:09:06', 35.8);
INSERT INTO Health (id, account, last_date, last_time, temperature) VALUES (266, '320808198701216577', '20200309', '19:20:03', 36.2);
INSERT INTO Health (id, account, last_date, last_time, temperature) VALUES (267, '132936196608141925', '20200406', '20:05:48', 36.5);
INSERT INTO Health (id, account, last_date, last_time, temperature) VALUES (268, '140287196903112735', '20200219', '14:23:24', 36.6);
INSERT INTO Health (id, account, last_date, last_time, temperature) VALUES (269, '414792192505034915', '20200308', '21:43:11', 36.8);
INSERT INTO Health (id, account, last_date, last_time, temperature) VALUES (270, '453160193804099693', '20200425', '23:49:37', 36.4);
INSERT INTO Health (id, account, last_date, last_time, temperature) VALUES (271, '143380197202047242', '20200409', '16:47:31', 35.4);
INSERT INTO Health (id, account, last_date, last_time, temperature) VALUES (272, '714581198812064472', '20200220', '06:43:05', 36.5);
INSERT INTO Health (id, account, last_date, last_time, temperature) VALUES (273, '811010197703312516', '20200330', '21:05:30', 36.7);
INSERT INTO Health (id, account, last_date, last_time, temperature) VALUES (274, '330136199206100007', '20200511', '13:32:47', 36.7);
INSERT INTO Health (id, account, last_date, last_time, temperature) VALUES (275, '323837192802219788', '20200205', '23:16:40', 35.7);
INSERT INTO Health (id, account, last_date, last_time, temperature) VALUES (276, '334343200704188595', '20200508', '20:54:14', 36.1);
INSERT INTO Health (id, account, last_date, last_time, temperature) VALUES (277, '623255201010277101', '20200430', '14:40:43', 36.4);
INSERT INTO Health (id, account, last_date, last_time, temperature) VALUES (278, '450997197103300499', '20200403', '04:53:22', 35.8);
INSERT INTO Health (id, account, last_date, last_time, temperature) VALUES (279, '152087199905263996', '20200506', '11:07:32', 35.5);
INSERT INTO Health (id, account, last_date, last_time, temperature) VALUES (280, '340979198102138510', '20200416', '08:32:59', 35.7);
INSERT INTO Health (id, account, last_date, last_time, temperature) VALUES (281, '710111197302165250', '20200223', '06:24:15', 36.5);
INSERT INTO Health (id, account, last_date, last_time, temperature) VALUES (282, '532353197104122798', '20200426', '06:25:48', 36.1);
INSERT INTO Health (id, account, last_date, last_time, temperature) VALUES (283, '15217219261007260X', '20200523', '18:13:38', 35.1);
INSERT INTO Health (id, account, last_date, last_time, temperature) VALUES (284, '133345196311298334', '20200525', '09:56:29', 36.8);
INSERT INTO Health (id, account, last_date, last_time, temperature) VALUES (285, '533407197904147774', '20200223', '14:56:13', 36.2);
INSERT INTO Health (id, account, last_date, last_time, temperature) VALUES (286, '520361194705093776', '20200203', '17:39:47', 36.1);
INSERT INTO Health (id, account, last_date, last_time, temperature) VALUES (287, '542141198304193949', '20200322', '05:17:50', 37);
INSERT INTO Health (id, account, last_date, last_time, temperature) VALUES (288, '341544199702017596', '20200326', '16:51:27', 36.3);
INSERT INTO Health (id, account, last_date, last_time, temperature) VALUES (289, '460970201108182202', '20200406', '22:05:38', 37);
INSERT INTO Health (id, account, last_date, last_time, temperature) VALUES (290, '324524199209306352', '20200422', '06:00:58', 35.7);
INSERT INTO Health (id, account, last_date, last_time, temperature) VALUES (291, '541827201002078413', '20200224', '20:13:09', 37.4);
INSERT INTO Health (id, account, last_date, last_time, temperature) VALUES (292, '541707197404188356', '20200309', '05:44:22', 35.5);
INSERT INTO Health (id, account, last_date, last_time, temperature) VALUES (293, '463127198706081505', '20200209', '14:54:13', 36.6);
INSERT INTO Health (id, account, last_date, last_time, temperature) VALUES (294, '12254219280415218X', '20200522', '05:24:54', 36.4);
INSERT INTO Health (id, account, last_date, last_time, temperature) VALUES (295, '212447196608060794', '20200220', '22:57:18', 36.1);
INSERT INTO Health (id, account, last_date, last_time, temperature) VALUES (296, '334970192709013343', '20200307', '08:36:48', 36.2);
INSERT INTO Health (id, account, last_date, last_time, temperature) VALUES (297, '231373195512241098', '20200222', '14:12:34', 36.3);
INSERT INTO Health (id, account, last_date, last_time, temperature) VALUES (298, '541683197301257098', '20200512', '14:22:50', 38);
INSERT INTO Health (id, account, last_date, last_time, temperature) VALUES (299, '462083192611152526', '20200328', '13:26:37', 37.3);
INSERT INTO Health (id, account, last_date, last_time, temperature) VALUES (300, '212576192502281144', '20200220', '17:55:51', 36.8);
INSERT INTO Health (id, account, last_date, last_time, temperature) VALUES (301, '32021219400217285X', '20200310', '13:02:17', 36.4);
INSERT INTO Health (id, account, last_date, last_time, temperature) VALUES (302, '11302619230331787X', '20200513', '17:51:02', 36.4);
INSERT INTO Health (id, account, last_date, last_time, temperature) VALUES (303, '221465199510168915', '20200228', '07:44:43', 37.4);
INSERT INTO Health (id, account, last_date, last_time, temperature) VALUES (304, '113546198908181836', '20200427', '07:32:35', 37.2);
INSERT INTO Health (id, account, last_date, last_time, temperature) VALUES (305, '410575198802228030', '20200204', '04:29:19', 37);
INSERT INTO Health (id, account, last_date, last_time, temperature) VALUES (306, '352718192906185018', '20200405', '13:30:23', 35.8);
INSERT INTO Health (id, account, last_date, last_time, temperature) VALUES (307, '521937194205228613', '20200204', '21:02:30', 36.2);
INSERT INTO Health (id, account, last_date, last_time, temperature) VALUES (308, '810330198102207896', '20200208', '04:28:54', 37.4);
INSERT INTO Health (id, account, last_date, last_time, temperature) VALUES (309, '413467194301246653', '20200515', '03:53:59', 35.1);
INSERT INTO Health (id, account, last_date, last_time, temperature) VALUES (310, '312949201212134005', '20200329', '03:32:35', 36.9);
INSERT INTO Health (id, account, last_date, last_time, temperature) VALUES (311, '112846192806279510', '20200404', '23:33:05', 36.5);
INSERT INTO Health (id, account, last_date, last_time, temperature) VALUES (312, '334979200811199923', '20200306', '22:34:14', 37.1);
INSERT INTO Health (id, account, last_date, last_time, temperature) VALUES (313, '224809194504076595', '20200211', '10:09:57', 35.3);
INSERT INTO Health (id, account, last_date, last_time, temperature) VALUES (314, '313938193405089642', '20200416', '03:37:17', 35.1);
INSERT INTO Health (id, account, last_date, last_time, temperature) VALUES (315, '133147194011050475', '20200221', '05:20:05', 36.9);
INSERT INTO Health (id, account, last_date, last_time, temperature) VALUES (316, '122229201305231636', '20200313', '22:58:23', 35);
INSERT INTO Health (id, account, last_date, last_time, temperature) VALUES (317, '820421194402217366', '20200528', '17:45:02', 36.6);
INSERT INTO Health (id, account, last_date, last_time, temperature) VALUES (318, '132979196912250521', '20200525', '13:04:46', 36.9);
INSERT INTO Health (id, account, last_date, last_time, temperature) VALUES (319, '630507199401027419', '20200205', '06:52:12', 36.1);
INSERT INTO Health (id, account, last_date, last_time, temperature) VALUES (320, '331893194209070422', '20200314', '19:34:27', 36);
INSERT INTO Health (id, account, last_date, last_time, temperature) VALUES (321, '150975198301232812', '20200513', '23:54:45', 37.3);
INSERT INTO Health (id, account, last_date, last_time, temperature) VALUES (322, '130322194304173791', '20200509', '17:49:16', 36.3);
INSERT INTO Health (id, account, last_date, last_time, temperature) VALUES (323, '640282199604255753', '20200403', '20:29:49', 35.7);
INSERT INTO Health (id, account, last_date, last_time, temperature) VALUES (324, '341310195710083947', '20200203', '07:36:28', 35.1);
INSERT INTO Health (id, account, last_date, last_time, temperature) VALUES (325, '223687193107163051', '20200219', '13:04:06', 36.2);
INSERT INTO Health (id, account, last_date, last_time, temperature) VALUES (326, '143389196702213884', '20200530', '14:05:42', 37.4);
INSERT INTO Health (id, account, last_date, last_time, temperature) VALUES (327, '641912192806201314', '20200308', '13:30:04', 36.7);
INSERT INTO Health (id, account, last_date, last_time, temperature) VALUES (328, '353833195003189481', '20200414', '08:12:26', 35);
INSERT INTO Health (id, account, last_date, last_time, temperature) VALUES (329, '504418197306181144', '20200424', '19:51:37', 35.1);
INSERT INTO Health (id, account, last_date, last_time, temperature) VALUES (330, '220182198812127195', '20200421', '06:04:08', 35.3);
INSERT INTO Health (id, account, last_date, last_time, temperature) VALUES (331, '152899197003214598', '20200324', '18:39:58', 37.3);
INSERT INTO Health (id, account, last_date, last_time, temperature) VALUES (332, '822397197102082878', '20200220', '15:47:11', 35.9);
INSERT INTO Health (id, account, last_date, last_time, temperature) VALUES (333, '813702194608142917', '20200404', '01:33:47', 37);
INSERT INTO Health (id, account, last_date, last_time, temperature) VALUES (334, '444252198408253956', '20200209', '15:05:51', 36.5);
INSERT INTO Health (id, account, last_date, last_time, temperature) VALUES (335, '542769194301163552', '20200413', '19:18:22', 35.5);
INSERT INTO Health (id, account, last_date, last_time, temperature) VALUES (336, '813754195903130540', '20200304', '04:29:57', 36.9);
INSERT INTO Health (id, account, last_date, last_time, temperature) VALUES (337, '533629199201308984', '20200524', '15:57:44', 35.3);
INSERT INTO Health (id, account, last_date, last_time, temperature) VALUES (338, '120614196910068421', '20200409', '02:29:30', 35.8);
INSERT INTO Health (id, account, last_date, last_time, temperature) VALUES (339, '234980193111197179', '20200228', '15:08:01', 37);
INSERT INTO Health (id, account, last_date, last_time, temperature) VALUES (340, '812797194603238391', '20200304', '23:49:27', 36.2);
INSERT INTO Health (id, account, last_date, last_time, temperature) VALUES (341, '54474619300219368X', '20200318', '12:29:46', 36.7);
INSERT INTO Health (id, account, last_date, last_time, temperature) VALUES (342, '444688200412215522', '20200523', '22:44:13', 35.9);
INSERT INTO Health (id, account, last_date, last_time, temperature) VALUES (343, '820693199404306995', '20200208', '00:48:13', 35.4);
INSERT INTO Health (id, account, last_date, last_time, temperature) VALUES (344, '234848193409017693', '20200208', '08:11:30', 36.1);
INSERT INTO Health (id, account, last_date, last_time, temperature) VALUES (345, '530935197302015482', '20200211', '02:01:15', 37);
INSERT INTO Health (id, account, last_date, last_time, temperature) VALUES (346, '110918198411012357', '20200507', '13:09:17', 35.3);
INSERT INTO Health (id, account, last_date, last_time, temperature) VALUES (347, '654701197602184264', '20200417', '04:59:12', 38.3);
INSERT INTO Health (id, account, last_date, last_time, temperature) VALUES (348, '640496198912232807', '20200512', '22:01:08', 35.4);
INSERT INTO Health (id, account, last_date, last_time, temperature) VALUES (349, '453127199901259717', '20200311', '07:19:30', 36.1);
INSERT INTO Health (id, account, last_date, last_time, temperature) VALUES (350, '644079196104146072', '20200429', '13:28:17', 38.2);
INSERT INTO Health (id, account, last_date, last_time, temperature) VALUES (351, '221232196507128259', '20200222', '20:44:17', 36);
INSERT INTO Health (id, account, last_date, last_time, temperature) VALUES (352, '414194192805231564', '20200311', '18:04:20', 37);
INSERT INTO Health (id, account, last_date, last_time, temperature) VALUES (353, '613777199504029594', '20200514', '12:12:27', 35.3);
INSERT INTO Health (id, account, last_date, last_time, temperature) VALUES (354, '234454192410039053', '20200305', '07:10:05', 36.8);
INSERT INTO Health (id, account, last_date, last_time, temperature) VALUES (355, '333049200205193431', '20200203', '00:37:09', 35.1);
INSERT INTO Health (id, account, last_date, last_time, temperature) VALUES (356, '421279199306309039', '20200515', '20:47:35', 35.4);
INSERT INTO Health (id, account, last_date, last_time, temperature) VALUES (357, '313529193404253828', '20200518', '01:34:47', 35.9);
INSERT INTO Health (id, account, last_date, last_time, temperature) VALUES (358, '522483194505026145', '20200506', '19:59:10', 36.3);
INSERT INTO Health (id, account, last_date, last_time, temperature) VALUES (359, '353415197108258563', '20200331', '15:46:27', 36);
INSERT INTO Health (id, account, last_date, last_time, temperature) VALUES (360, '143643195903207537', '20200512', '20:56:11', 37.2);
INSERT INTO Health (id, account, last_date, last_time, temperature) VALUES (361, '54141519511014767X', '20200202', '21:17:09', 35.1);
INSERT INTO Health (id, account, last_date, last_time, temperature) VALUES (362, '420527193602095625', '20200303', '01:38:51', 36.9);
INSERT INTO Health (id, account, last_date, last_time, temperature) VALUES (363, '524932201309159315', '20200217', '03:04:59', 35.9);
INSERT INTO Health (id, account, last_date, last_time, temperature) VALUES (364, '430975200501078817', '20200205', '18:19:31', 36.2);
INSERT INTO Health (id, account, last_date, last_time, temperature) VALUES (365, '652731192705280533', '20200420', '18:37:06', 35.6);
INSERT INTO Health (id, account, last_date, last_time, temperature) VALUES (366, '503950199812226702', '20200311', '09:52:12', 37.6);
INSERT INTO Health (id, account, last_date, last_time, temperature) VALUES (367, '210379197506226450', '20200206', '10:39:46', 35);
INSERT INTO Health (id, account, last_date, last_time, temperature) VALUES (368, '310908198407078904', '20200502', '05:45:35', 36.3);
INSERT INTO Health (id, account, last_date, last_time, temperature) VALUES (369, '224946195708054960', '20200330', '14:25:52', 36.6);
INSERT INTO Health (id, account, last_date, last_time, temperature) VALUES (370, '434319197010253997', '20200323', '18:40:09', 37.2);
INSERT INTO Health (id, account, last_date, last_time, temperature) VALUES (371, '712998193506147238', '20200320', '05:38:11', 36.8);
INSERT INTO Health (id, account, last_date, last_time, temperature) VALUES (372, '712836195510038830', '20200407', '23:10:08', 36.6);
INSERT INTO Health (id, account, last_date, last_time, temperature) VALUES (373, '232283192309053605', '20200405', '10:57:13', 37.4);
INSERT INTO Health (id, account, last_date, last_time, temperature) VALUES (374, '211136193306084112', '20200309', '13:39:39', 35.5);
INSERT INTO Health (id, account, last_date, last_time, temperature) VALUES (375, '633120198203139496', '20200504', '20:10:06', 36.8);
INSERT INTO Health (id, account, last_date, last_time, temperature) VALUES (376, '714223200908163069', '20200222', '06:21:53', 35.2);
INSERT INTO Health (id, account, last_date, last_time, temperature) VALUES (377, '124269194111123317', '20200227', '06:22:25', 36.3);
INSERT INTO Health (id, account, last_date, last_time, temperature) VALUES (378, '650601196504010038', '20200512', '18:12:57', 36.3);
INSERT INTO Health (id, account, last_date, last_time, temperature) VALUES (379, '140561193508154176', '20200513', '23:30:07', 36.3);
INSERT INTO Health (id, account, last_date, last_time, temperature) VALUES (380, '540727192902249978', '20200309', '03:31:18', 36.8);
INSERT INTO Health (id, account, last_date, last_time, temperature) VALUES (381, '414031200006168111', '20200201', '09:04:46', 35.7);
INSERT INTO Health (id, account, last_date, last_time, temperature) VALUES (382, '361759196610065649', '20200316', '17:04:36', 36.2);
INSERT INTO Health (id, account, last_date, last_time, temperature) VALUES (383, '334616195001143137', '20200203', '13:55:07', 37);
INSERT INTO Health (id, account, last_date, last_time, temperature) VALUES (384, '113019192803145944', '20200413', '06:27:36', 35.8);
INSERT INTO Health (id, account, last_date, last_time, temperature) VALUES (385, '350672198712040304', '20200227', '13:18:02', 35.3);
INSERT INTO Health (id, account, last_date, last_time, temperature) VALUES (386, '542560193905201042', '20200522', '02:23:43', 35.9);
INSERT INTO Health (id, account, last_date, last_time, temperature) VALUES (387, '231268193408238227', '20200406', '08:49:17', 35.7);
INSERT INTO Health (id, account, last_date, last_time, temperature) VALUES (388, '142218195009144990', '20200428', '06:38:58', 35.2);
INSERT INTO Health (id, account, last_date, last_time, temperature) VALUES (389, '372402192304209409', '20200410', '00:21:16', 36.3);
INSERT INTO Health (id, account, last_date, last_time, temperature) VALUES (390, '51276219331008674X', '20200501', '20:24:26', 35.5);
INSERT INTO Health (id, account, last_date, last_time, temperature) VALUES (391, '232279201012054371', '20200428', '14:43:57', 35);
INSERT INTO Health (id, account, last_date, last_time, temperature) VALUES (392, '432325194711257513', '20200312', '04:59:20', 36.7);
INSERT INTO Health (id, account, last_date, last_time, temperature) VALUES (393, '232499197306128602', '20200430', '19:52:49', 35);
INSERT INTO Health (id, account, last_date, last_time, temperature) VALUES (394, '454778197812086951', '20200530', '00:24:29', 35.1);
INSERT INTO Health (id, account, last_date, last_time, temperature) VALUES (395, '524769200911041841', '20200520', '16:53:56', 37.2);
INSERT INTO Health (id, account, last_date, last_time, temperature) VALUES (396, '123376192303166570', '20200520', '17:59:14', 37.2);
INSERT INTO Health (id, account, last_date, last_time, temperature) VALUES (397, '12497819661118174X', '20200413', '22:24:28', 36.7);
INSERT INTO Health (id, account, last_date, last_time, temperature) VALUES (398, '363529199603167637', '20200422', '06:30:29', 37.1);
INSERT INTO Health (id, account, last_date, last_time, temperature) VALUES (399, '715029198210150213', '20200301', '22:09:17', 35.5);
INSERT INTO Health (id, account, last_date, last_time, temperature) VALUES (400, '343878192408015449', '20200322', '03:42:29', 36.5);
INSERT INTO Health (id, account, last_date, last_time, temperature) VALUES (401, '332336199005034516', '20200209', '08:20:01', 35.7);
INSERT INTO Health (id, account, last_date, last_time, temperature) VALUES (402, '334650197709155670', '20200330', '14:15:53', 36.9);
INSERT INTO Health (id, account, last_date, last_time, temperature) VALUES (403, '22295019810424947X', '20200306', '15:52:25', 36.1);
INSERT INTO Health (id, account, last_date, last_time, temperature) VALUES (404, '37133719760525741X', '20200405', '18:51:12', 36.3);
INSERT INTO Health (id, account, last_date, last_time, temperature) VALUES (405, '530749200605227738', '20200212', '03:29:53', 35.3);
INSERT INTO Health (id, account, last_date, last_time, temperature) VALUES (406, '111408195504050596', '20200510', '16:54:53', 35.3);
INSERT INTO Health (id, account, last_date, last_time, temperature) VALUES (407, '43260119590201826X', '20200424', '21:01:58', 37.1);
INSERT INTO Health (id, account, last_date, last_time, temperature) VALUES (408, '611322200103245066', '20200507', '08:31:40', 36.2);
INSERT INTO Health (id, account, last_date, last_time, temperature) VALUES (409, '353651193902105411', '20200207', '05:31:34', 37.1);
INSERT INTO Health (id, account, last_date, last_time, temperature) VALUES (410, '462543194103294353', '20200223', '04:00:34', 36);
INSERT INTO Health (id, account, last_date, last_time, temperature) VALUES (411, '44203820111106129X', '20200206', '14:57:14', 36.3);
INSERT INTO Health (id, account, last_date, last_time, temperature) VALUES (412, '541926201201122322', '20200525', '19:33:44', 35.2);
INSERT INTO Health (id, account, last_date, last_time, temperature) VALUES (413, '41502619740208171X', '20200420', '07:13:15', 35.3);
INSERT INTO Health (id, account, last_date, last_time, temperature) VALUES (414, '534709196910297323', '20200202', '09:05:51', 36.4);
INSERT INTO Health (id, account, last_date, last_time, temperature) VALUES (415, '820588199307114066', '20200208', '19:55:13', 35.5);
INSERT INTO Health (id, account, last_date, last_time, temperature) VALUES (416, '643191199005274067', '20200402', '21:10:16', 35.2);
INSERT INTO Health (id, account, last_date, last_time, temperature) VALUES (417, '824975193209224623', '20200326', '01:24:45', 35.3);
INSERT INTO Health (id, account, last_date, last_time, temperature) VALUES (418, '451296194503157755', '20200211', '16:40:24', 36.6);
INSERT INTO Health (id, account, last_date, last_time, temperature) VALUES (419, '824024200010103010', '20200308', '20:25:37', 37.3);
INSERT INTO Health (id, account, last_date, last_time, temperature) VALUES (420, '640388200108224039', '20200217', '04:21:52', 35.7);
INSERT INTO Health (id, account, last_date, last_time, temperature) VALUES (421, '633216199710054207', '20200427', '11:59:58', 35.2);
INSERT INTO Health (id, account, last_date, last_time, temperature) VALUES (422, '512308194709258151', '20200503', '17:34:46', 37.1);
INSERT INTO Health (id, account, last_date, last_time, temperature) VALUES (423, '122552194804051831', '20200502', '08:39:28', 35.1);
INSERT INTO Health (id, account, last_date, last_time, temperature) VALUES (424, '131061194701117285', '20200410', '09:35:53', 38);
INSERT INTO Health (id, account, last_date, last_time, temperature) VALUES (425, '43374019650622028X', '20200226', '21:55:37', 35.3);
INSERT INTO Health (id, account, last_date, last_time, temperature) VALUES (426, '110747193102096292', '20200430', '12:34:12', 36.7);
INSERT INTO Health (id, account, last_date, last_time, temperature) VALUES (427, '714256199603101090', '20200401', '09:26:05', 36.3);
INSERT INTO Health (id, account, last_date, last_time, temperature) VALUES (428, '352590192903179665', '20200524', '03:43:38', 36.7);
INSERT INTO Health (id, account, last_date, last_time, temperature) VALUES (429, '151103198905058315', '20200509', '14:07:02', 36.7);
INSERT INTO Health (id, account, last_date, last_time, temperature) VALUES (430, '443075194003288876', '20200207', '08:13:50', 36.8);
INSERT INTO Health (id, account, last_date, last_time, temperature) VALUES (431, '152771199502265549', '20200510', '21:58:57', 37.4);
INSERT INTO Health (id, account, last_date, last_time, temperature) VALUES (432, '523374200101121486', '20200217', '12:30:03', 36.1);
INSERT INTO Health (id, account, last_date, last_time, temperature) VALUES (433, '344623198507210950', '20200503', '15:56:18', 37);
INSERT INTO Health (id, account, last_date, last_time, temperature) VALUES (434, '311132197907306066', '20200308', '15:34:32', 35.4);
INSERT INTO Health (id, account, last_date, last_time, temperature) VALUES (435, '123055197511244895', '20200313', '13:10:59', 36.1);
INSERT INTO Health (id, account, last_date, last_time, temperature) VALUES (436, '644230192503056768', '20200514', '02:56:57', 35.6);
INSERT INTO Health (id, account, last_date, last_time, temperature) VALUES (437, '643880197611207575', '20200315', '08:26:44', 36.4);
INSERT INTO Health (id, account, last_date, last_time, temperature) VALUES (438, '524903198911071373', '20200311', '15:18:19', 37.4);
INSERT INTO Health (id, account, last_date, last_time, temperature) VALUES (439, '350845200807015335', '20200312', '01:23:15', 36.6);
INSERT INTO Health (id, account, last_date, last_time, temperature) VALUES (440, '624220199808126997', '20200420', '14:52:07', 37.1);
INSERT INTO Health (id, account, last_date, last_time, temperature) VALUES (441, '232409196307019440', '20200211', '17:40:00', 35.5);
INSERT INTO Health (id, account, last_date, last_time, temperature) VALUES (442, '154363201408317410', '20200312', '17:44:22', 35.6);
INSERT INTO Health (id, account, last_date, last_time, temperature) VALUES (443, '621520192612214469', '20200323', '17:48:33', 37.4);
INSERT INTO Health (id, account, last_date, last_time, temperature) VALUES (444, '813380197501264363', '20200317', '00:19:57', 36.9);
INSERT INTO Health (id, account, last_date, last_time, temperature) VALUES (445, '44339919571021817X', '20200326', '18:58:55', 36.8);
INSERT INTO Health (id, account, last_date, last_time, temperature) VALUES (446, '464776195510281046', '20200213', '21:41:26', 36);
INSERT INTO Health (id, account, last_date, last_time, temperature) VALUES (447, '812798198904245710', '20200509', '04:46:34', 36.8);
INSERT INTO Health (id, account, last_date, last_time, temperature) VALUES (448, '713331199608255413', '20200413', '08:24:44', 35.6);
INSERT INTO Health (id, account, last_date, last_time, temperature) VALUES (449, '533387199907041416', '20200418', '02:49:52', 35.1);
INSERT INTO Health (id, account, last_date, last_time, temperature) VALUES (450, '352472194911286129', '20200402', '02:21:25', 35.8);
INSERT INTO Health (id, account, last_date, last_time, temperature) VALUES (451, '532543196405265098', '20200505', '20:45:25', 36.1);
INSERT INTO Health (id, account, last_date, last_time, temperature) VALUES (452, '710127196712213895', '20200529', '13:16:35', 36.7);
INSERT INTO Health (id, account, last_date, last_time, temperature) VALUES (453, '523356198306100642', '20200325', '10:25:07', 36.4);
INSERT INTO Health (id, account, last_date, last_time, temperature) VALUES (454, '642707200610039811', '20200531', '10:47:26', 37.4);
INSERT INTO Health (id, account, last_date, last_time, temperature) VALUES (455, '641158200511059274', '20200520', '23:56:31', 36);
INSERT INTO Health (id, account, last_date, last_time, temperature) VALUES (456, '312204192703047954', '20200204', '09:02:22', 37);
INSERT INTO Health (id, account, last_date, last_time, temperature) VALUES (457, '362122199106138497', '20200418', '02:22:49', 37.1);
INSERT INTO Health (id, account, last_date, last_time, temperature) VALUES (458, '361944196109187043', '20200208', '03:20:14', 37.2);
INSERT INTO Health (id, account, last_date, last_time, temperature) VALUES (459, '654214197803018456', '20200313', '06:55:42', 36.3);
INSERT INTO Health (id, account, last_date, last_time, temperature) VALUES (460, '433205192808281266', '20200531', '02:59:50', 36);
INSERT INTO Health (id, account, last_date, last_time, temperature) VALUES (461, '511331197810209457', '20200509', '18:14:56', 35.1);
INSERT INTO Health (id, account, last_date, last_time, temperature) VALUES (462, '421295192704020568', '20200306', '22:11:31', 35.7);
INSERT INTO Health (id, account, last_date, last_time, temperature) VALUES (463, '412037195012113563', '20200313', '17:20:00', 36.8);
INSERT INTO Health (id, account, last_date, last_time, temperature) VALUES (464, '503935197805227198', '20200426', '01:31:26', 35.1);
INSERT INTO Health (id, account, last_date, last_time, temperature) VALUES (465, '11013919580323693X', '20200426', '10:32:15', 35.2);
INSERT INTO Health (id, account, last_date, last_time, temperature) VALUES (466, '615049200912165588', '20200225', '19:41:48', 35.7);
INSERT INTO Health (id, account, last_date, last_time, temperature) VALUES (467, '121239198903281465', '20200328', '15:44:01', 37.3);
INSERT INTO Health (id, account, last_date, last_time, temperature) VALUES (468, '440421199902044555', '20200212', '06:53:38', 35.1);
INSERT INTO Health (id, account, last_date, last_time, temperature) VALUES (469, '344085193510172871', '20200523', '17:50:11', 37);
INSERT INTO Health (id, account, last_date, last_time, temperature) VALUES (470, '710610197701046400', '20200501', '18:25:05', 36.4);
INSERT INTO Health (id, account, last_date, last_time, temperature) VALUES (471, '65481419931126528X', '20200509', '02:46:03', 37.4);
INSERT INTO Health (id, account, last_date, last_time, temperature) VALUES (472, '331656196010286769', '20200430', '08:38:38', 36.5);
INSERT INTO Health (id, account, last_date, last_time, temperature) VALUES (473, '211274192803133146', '20200203', '09:52:06', 37);
INSERT INTO Health (id, account, last_date, last_time, temperature) VALUES (474, '520969193803058502', '20200316', '02:44:39', 37.4);
INSERT INTO Health (id, account, last_date, last_time, temperature) VALUES (475, '710146196507186621', '20200510', '08:15:36', 36.5);
INSERT INTO Health (id, account, last_date, last_time, temperature) VALUES (476, '322298197005303222', '20200504', '09:17:15', 37.4);
INSERT INTO Health (id, account, last_date, last_time, temperature) VALUES (477, '642125195010271643', '20200504', '08:39:19', 36.5);
INSERT INTO Health (id, account, last_date, last_time, temperature) VALUES (478, '652256197710313184', '20200503', '13:14:21', 35.2);
INSERT INTO Health (id, account, last_date, last_time, temperature) VALUES (479, '651095198911132735', '20200506', '10:58:36', 36.6);
INSERT INTO Health (id, account, last_date, last_time, temperature) VALUES (480, '423359193903126523', '20200514', '07:23:16', 37.4);
INSERT INTO Health (id, account, last_date, last_time, temperature) VALUES (481, '314961192803143168', '20200503', '07:39:39', 37.2);
INSERT INTO Health (id, account, last_date, last_time, temperature) VALUES (482, '370168192704112780', '20200514', '17:30:47', 36.5);
INSERT INTO Health (id, account, last_date, last_time, temperature) VALUES (483, '373526197510229659', '20200303', '16:45:49', 35.8);
INSERT INTO Health (id, account, last_date, last_time, temperature) VALUES (484, '35091619970402549X', '20200404', '19:35:22', 35.8);
INSERT INTO Health (id, account, last_date, last_time, temperature) VALUES (485, '644484199604023899', '20200326', '14:07:52', 36.8);
INSERT INTO Health (id, account, last_date, last_time, temperature) VALUES (486, '41137920000312132X', '20200226', '07:08:33', 37);
INSERT INTO Health (id, account, last_date, last_time, temperature) VALUES (487, '812585199010232405', '20200227', '09:36:13', 37);
INSERT INTO Health (id, account, last_date, last_time, temperature) VALUES (488, '142530195509014661', '20200319', '21:26:55', 38.3);
INSERT INTO Health (id, account, last_date, last_time, temperature) VALUES (489, '424417193701289226', '20200211', '04:48:48', 36.8);
INSERT INTO Health (id, account, last_date, last_time, temperature) VALUES (490, '514248199812296186', '20200507', '06:53:52', 37.1);
INSERT INTO Health (id, account, last_date, last_time, temperature) VALUES (491, '512865194109015282', '20200330', '23:32:11', 35);
INSERT INTO Health (id, account, last_date, last_time, temperature) VALUES (492, '712467199808133795', '20200527', '13:00:05', 35.6);
INSERT INTO Health (id, account, last_date, last_time, temperature) VALUES (493, '222330201106298565', '20200223', '19:50:43', 35.6);
INSERT INTO Health (id, account, last_date, last_time, temperature) VALUES (494, '653485192907106595', '20200416', '00:37:56', 37.3);
INSERT INTO Health (id, account, last_date, last_time, temperature) VALUES (495, '622129198707240650', '20200415', '08:33:00', 36.9);
INSERT INTO Health (id, account, last_date, last_time, temperature) VALUES (496, '374995195406250287', '20200227', '02:48:00', 36);
INSERT INTO Health (id, account, last_date, last_time, temperature) VALUES (497, '525002194709041458', '20200311', '01:12:59', 36.7);
INSERT INTO Health (id, account, last_date, last_time, temperature) VALUES (498, '370805199112049572', '20200223', '19:12:31', 37.1);
INSERT INTO Health (id, account, last_date, last_time, temperature) VALUES (499, '460263197001175490', '20200406', '21:38:55', 35.9);
INSERT INTO Health (id, account, last_date, last_time, temperature) VALUES (500, '141040193805281362', '20200310', '05:54:30', 36);
/* 共生成病人13个 */

/* 建立News信息 */
INSERT INTO News (account, date, time, title, abstract, content, cnt, visible) VALUES('212576192502281144', '20200503', '22:34:21', 'title 0', 'abstract 0', 'content 0', 418, true);
INSERT INTO News (account, date, time, title, abstract, content, cnt, visible) VALUES('374995195406250287', '20200307', '07:06:22', 'title 1', 'abstract 1', 'content 1', 189, true);
INSERT INTO News (account, date, time, title, abstract, content, cnt, visible) VALUES('650397199410027688', '20200413', '00:52:04', 'title 2', 'abstract 2', 'content 2', 189, true);
INSERT INTO News (account, date, time, title, abstract, content, cnt, visible) VALUES('212576192502281144', '20200408', '01:44:04', 'title 3', 'abstract 3', 'content 3', 147, true);
INSERT INTO News (account, date, time, title, abstract, content, cnt, visible) VALUES('212576192502281144', '20200301', '00:22:02', 'title 4', 'abstract 4', 'content 4', 491, true);
INSERT INTO News (account, date, time, title, abstract, content, cnt, visible) VALUES('650397199410027688', '20200209', '03:50:17', 'title 5', 'abstract 5', 'content 5', 294, false);
INSERT INTO News (account, date, time, title, abstract, content, cnt, visible) VALUES('374995195406250287', '20200525', '23:34:36', 'title 6', 'abstract 6', 'content 6', 147, true);
INSERT INTO News (account, date, time, title, abstract, content, cnt, visible) VALUES('352590192903179665', '20200331', '13:43:02', 'title 7', 'abstract 7', 'content 7', 136, true);
INSERT INTO News (account, date, time, title, abstract, content, cnt, visible) VALUES('212576192502281144', '20200422', '15:56:32', 'title 8', 'abstract 8', 'content 8', 430, true);
INSERT INTO News (account, date, time, title, abstract, content, cnt, visible) VALUES('374995195406250287', '20200223', '08:01:54', 'title 9', 'abstract 9', 'content 9', 302, true);
/* 共生成新闻10个 */

/* 建立Comments信息 */
INSERT INTO Comments (id, New_id, content, author, visible) VALUES(1, 1, 'content 0.1', '郭牧伟', true);
INSERT INTO Comments (id, New_id, content, author, visible) VALUES(2, 1, 'content 0.2', '代灯', true);
INSERT INTO Comments (id, New_id, content, author, visible) VALUES(3, 1, 'content 0.3', '裴泽阳', true);
INSERT INTO Comments (id, New_id, content, author, visible) VALUES(4, 1, 'content 0.4', '余宜', true);
INSERT INTO Comments (id, New_id, content, author, visible) VALUES(5, 1, 'content 0.5', '仲桐', true);
INSERT INTO Comments (id, New_id, content, author, visible) VALUES(6, 1, 'content 0.6', '路炜馨', true);
INSERT INTO Comments (id, New_id, content, author, visible) VALUES(7, 1, 'content 0.7', '崔力琦', true);
INSERT INTO Comments (id, New_id, content, author, visible) VALUES(8, 1, 'content 0.8', '鲁民', true);
INSERT INTO Comments (id, New_id, content, author, visible) VALUES(9, 1, 'content 0.9', '路赛', true);
INSERT INTO Comments (id, New_id, content, author, visible) VALUES(10, 1, 'content 0.10', '昌音依', false);
INSERT INTO Comments (id, New_id, content, author, visible) VALUES(11, 2, 'content 1.1', '曹本琦', true);
INSERT INTO Comments (id, New_id, content, author, visible) VALUES(12, 2, 'content 1.2', '李嘉丹', true);
INSERT INTO Comments (id, New_id, content, author, visible) VALUES(13, 2, 'content 1.3', '安锐', true);
INSERT INTO Comments (id, New_id, content, author, visible) VALUES(14, 2, 'content 1.4', '商泽宇', true);
INSERT INTO Comments (id, New_id, content, author, visible) VALUES(15, 2, 'content 1.5', '部迅', true);
INSERT INTO Comments (id, New_id, content, author, visible) VALUES(16, 2, 'content 1.6', '尚子牧', true);
INSERT INTO Comments (id, New_id, content, author, visible) VALUES(17, 2, 'content 1.7', '金琦', true);
INSERT INTO Comments (id, New_id, content, author, visible) VALUES(18, 2, 'content 1.8', '杨洁', true);
INSERT INTO Comments (id, New_id, content, author, visible) VALUES(19, 2, 'content 1.9', '葛盈', true);
INSERT INTO Comments (id, New_id, content, author, visible) VALUES(20, 2, 'content 1.10', '武中伟', true);
INSERT INTO Comments (id, New_id, content, author, visible) VALUES(21, 3, 'content 2.1', '金淘力', false);
INSERT INTO Comments (id, New_id, content, author, visible) VALUES(22, 3, 'content 2.2', '李毅', true);
INSERT INTO Comments (id, New_id, content, author, visible) VALUES(23, 3, 'content 2.3', '陈宇霖', true);
INSERT INTO Comments (id, New_id, content, author, visible) VALUES(24, 3, 'content 2.4', '孙霖宇', true);
INSERT INTO Comments (id, New_id, content, author, visible) VALUES(25, 3, 'content 2.5', '张兮帆', true);
INSERT INTO Comments (id, New_id, content, author, visible) VALUES(26, 3, 'content 2.6', '山圣晓', true);
INSERT INTO Comments (id, New_id, content, author, visible) VALUES(27, 3, 'content 2.7', '耿英翔', true);
INSERT INTO Comments (id, New_id, content, author, visible) VALUES(28, 3, 'content 2.8', '孙朋', true);
INSERT INTO Comments (id, New_id, content, author, visible) VALUES(29, 3, 'content 2.9', '吴桐灯', true);
INSERT INTO Comments (id, New_id, content, author, visible) VALUES(30, 3, 'content 2.10', '尹雅', false);
INSERT INTO Comments (id, New_id, content, author, visible) VALUES(31, 4, 'content 3.1', '孙灯', true);
INSERT INTO Comments (id, New_id, content, author, visible) VALUES(32, 4, 'content 3.2', '柳晓中', false);
INSERT INTO Comments (id, New_id, content, author, visible) VALUES(33, 4, 'content 3.3', '尹义', true);
INSERT INTO Comments (id, New_id, content, author, visible) VALUES(34, 4, 'content 3.4', '牛诺倨', true);
INSERT INTO Comments (id, New_id, content, author, visible) VALUES(35, 4, 'content 3.5', '郑腾洁', true);
INSERT INTO Comments (id, New_id, content, author, visible) VALUES(36, 4, 'content 3.6', '寻兮旭', true);
INSERT INTO Comments (id, New_id, content, author, visible) VALUES(37, 4, 'content 3.7', '山杰冠', true);
INSERT INTO Comments (id, New_id, content, author, visible) VALUES(38, 4, 'content 3.8', '任天洁', true);
INSERT INTO Comments (id, New_id, content, author, visible) VALUES(39, 4, 'content 3.9', '童云迅', false);
INSERT INTO Comments (id, New_id, content, author, visible) VALUES(40, 4, 'content 3.10', '冯煜', true);
INSERT INTO Comments (id, New_id, content, author, visible) VALUES(41, 5, 'content 4.1', '审天', true);
INSERT INTO Comments (id, New_id, content, author, visible) VALUES(42, 5, 'content 4.2', '崔龙牧', true);
INSERT INTO Comments (id, New_id, content, author, visible) VALUES(43, 5, 'content 4.3', '陆盈飞', true);
INSERT INTO Comments (id, New_id, content, author, visible) VALUES(44, 5, 'content 4.4', '肖铭冠', true);
INSERT INTO Comments (id, New_id, content, author, visible) VALUES(45, 5, 'content 4.5', '陆盈飞', true);
INSERT INTO Comments (id, New_id, content, author, visible) VALUES(46, 5, 'content 4.6', '韩馨毅', true);
INSERT INTO Comments (id, New_id, content, author, visible) VALUES(47, 5, 'content 4.7', '吉广', true);
INSERT INTO Comments (id, New_id, content, author, visible) VALUES(48, 5, 'content 4.8', '沈可新', true);
INSERT INTO Comments (id, New_id, content, author, visible) VALUES(49, 5, 'content 4.9', '林煜倨', true);
INSERT INTO Comments (id, New_id, content, author, visible) VALUES(50, 5, 'content 4.10', '代雅洁', true);
INSERT INTO Comments (id, New_id, content, author, visible) VALUES(51, 6, 'content 5.1', '史雯', true);
INSERT INTO Comments (id, New_id, content, author, visible) VALUES(52, 6, 'content 5.2', '昌有昕', false);
INSERT INTO Comments (id, New_id, content, author, visible) VALUES(53, 6, 'content 5.3', '颜一倨', true);
INSERT INTO Comments (id, New_id, content, author, visible) VALUES(54, 6, 'content 5.4', '史雯', true);
INSERT INTO Comments (id, New_id, content, author, visible) VALUES(55, 6, 'content 5.5', '上官薪', false);
INSERT INTO Comments (id, New_id, content, author, visible) VALUES(56, 6, 'content 5.6', '邱硕煜', true);
INSERT INTO Comments (id, New_id, content, author, visible) VALUES(57, 6, 'content 5.7', '戚丹奕', true);
INSERT INTO Comments (id, New_id, content, author, visible) VALUES(58, 6, 'content 5.8', '杨洁', true);
INSERT INTO Comments (id, New_id, content, author, visible) VALUES(59, 6, 'content 5.9', '楚炎', true);
INSERT INTO Comments (id, New_id, content, author, visible) VALUES(60, 6, 'content 5.10', '江菲霄', true);
INSERT INTO Comments (id, New_id, content, author, visible) VALUES(61, 7, 'content 6.1', '江立正', true);
INSERT INTO Comments (id, New_id, content, author, visible) VALUES(62, 7, 'content 6.2', '寻宇', true);
INSERT INTO Comments (id, New_id, content, author, visible) VALUES(63, 7, 'content 6.3', '隽薪兮', true);
INSERT INTO Comments (id, New_id, content, author, visible) VALUES(64, 7, 'content 6.4', '麦夫', true);
INSERT INTO Comments (id, New_id, content, author, visible) VALUES(65, 7, 'content 6.5', '商奇炜', true);
INSERT INTO Comments (id, New_id, content, author, visible) VALUES(66, 7, 'content 6.6', '冯冠飞', true);
INSERT INTO Comments (id, New_id, content, author, visible) VALUES(67, 7, 'content 6.7', '王辰宜', true);
INSERT INTO Comments (id, New_id, content, author, visible) VALUES(68, 7, 'content 6.8', '王辰宜', true);
INSERT INTO Comments (id, New_id, content, author, visible) VALUES(69, 7, 'content 6.9', '江立正', true);
INSERT INTO Comments (id, New_id, content, author, visible) VALUES(70, 7, 'content 6.10', '上官薪', true);
INSERT INTO Comments (id, New_id, content, author, visible) VALUES(71, 8, 'content 7.1', '於佳', true);
INSERT INTO Comments (id, New_id, content, author, visible) VALUES(72, 8, 'content 7.2', '张铭', true);
INSERT INTO Comments (id, New_id, content, author, visible) VALUES(73, 8, 'content 7.3', '吉可', true);
INSERT INTO Comments (id, New_id, content, author, visible) VALUES(74, 8, 'content 7.4', '陆正', true);
INSERT INTO Comments (id, New_id, content, author, visible) VALUES(75, 8, 'content 7.5', '周薪嘉', true);
INSERT INTO Comments (id, New_id, content, author, visible) VALUES(76, 8, 'content 7.6', '柳轩', true);
INSERT INTO Comments (id, New_id, content, author, visible) VALUES(77, 8, 'content 7.7', '姚天毅', true);
INSERT INTO Comments (id, New_id, content, author, visible) VALUES(78, 8, 'content 7.8', '史瀚露', true);
INSERT INTO Comments (id, New_id, content, author, visible) VALUES(79, 8, 'content 7.9', '韩雅音', true);
INSERT INTO Comments (id, New_id, content, author, visible) VALUES(80, 8, 'content 7.10', '管力嘉', true);
INSERT INTO Comments (id, New_id, content, author, visible) VALUES(81, 9, 'content 8.1', '赵可', true);
INSERT INTO Comments (id, New_id, content, author, visible) VALUES(82, 9, 'content 8.2', '上官中义', true);
INSERT INTO Comments (id, New_id, content, author, visible) VALUES(83, 9, 'content 8.3', '欧阳有露', false);
INSERT INTO Comments (id, New_id, content, author, visible) VALUES(84, 9, 'content 8.4', '陈琦泽', true);
INSERT INTO Comments (id, New_id, content, author, visible) VALUES(85, 9, 'content 8.5', '符杰奇', false);
INSERT INTO Comments (id, New_id, content, author, visible) VALUES(86, 9, 'content 8.6', '陆盈飞', true);
INSERT INTO Comments (id, New_id, content, author, visible) VALUES(87, 9, 'content 8.7', '付睿义', true);
INSERT INTO Comments (id, New_id, content, author, visible) VALUES(88, 9, 'content 8.8', '权振', true);
INSERT INTO Comments (id, New_id, content, author, visible) VALUES(89, 9, 'content 8.9', '仲本露', true);
INSERT INTO Comments (id, New_id, content, author, visible) VALUES(90, 9, 'content 8.10', '江立正', true);
INSERT INTO Comments (id, New_id, content, author, visible) VALUES(91, 10, 'content 9.1', '金英馨', true);
INSERT INTO Comments (id, New_id, content, author, visible) VALUES(92, 10, 'content 9.2', '柳豪瀚', true);
INSERT INTO Comments (id, New_id, content, author, visible) VALUES(93, 10, 'content 9.3', '崔静凌', true);
INSERT INTO Comments (id, New_id, content, author, visible) VALUES(94, 10, 'content 9.4', '田翔柏', true);
INSERT INTO Comments (id, New_id, content, author, visible) VALUES(95, 10, 'content 9.5', '高萱炎', true);
INSERT INTO Comments (id, New_id, content, author, visible) VALUES(96, 10, 'content 9.6', '秦义', true);
INSERT INTO Comments (id, New_id, content, author, visible) VALUES(97, 10, 'content 9.7', '郑家千', false);
INSERT INTO Comments (id, New_id, content, author, visible) VALUES(98, 10, 'content 9.8', '沈奇迅', true);
INSERT INTO Comments (id, New_id, content, author, visible) VALUES(99, 10, 'content 9.9', '寻子菲', true);
INSERT INTO Comments (id, New_id, content, author, visible) VALUES(100, 10, 'content 9.10', '徐源依', true);
/* 共生成评论100条 */

/* 建立Team信息 */
INSERT INTO Team (name, abstract, gitCnt, memCnt, days, files) VALUES ('NoCov','两个扒数据能手，一个制造惊喜的DBA，一个全能高手，一个查缺补漏的多面手。五个人，运用过硬的信息检索能力，熟练的ctrl+c，ctrl+v能力，深入了解没有生态的yii框架，在这个信息碎片化的世界，努力为平安社区的居民们抚平疫情带来的伤痛与不安，为平安社区的职员们的高效工作提供便捷服务，让居民们第一时间掌握信息，让职员们第一时间了解社区动态。NoCov出动，使命必达！', 193, 5, 30, 6666);

/* 建立Transaction信息 */
INSERT INTO Transactions (id, account, start_time, end_time, info, is_finished) VALUES (1, '412037195012113563', '20200317,16:06:14', '20200321,20:40:58', 'info 0', true);
INSERT INTO Transactions (id, account, start_time, end_time, info, is_finished) VALUES (2, '524769200911041841', '20200414,08:21:15', '20200502,15:48:41', 'info 1', false);
INSERT INTO Transactions (id, account, start_time, end_time, info, is_finished) VALUES (3, '524903198911071373', '20200330,23:42:29', '20200409,22:58:34', 'info 2', false);
INSERT INTO Transactions (id, account, start_time, end_time, info, is_finished) VALUES (4, '36161619630816455X', '20200217,06:51:51', '20200224,08:18:53', 'info 3', false);
INSERT INTO Transactions (id, account, start_time, end_time, info, is_finished) VALUES (5, '414945198011278488', '20200417,09:26:53', '20200421,15:01:27', 'info 4', false);
/* 共生产代办事务5条 */

/* 批量生成password_hash，初值为1234 */
UPDATE User SET password_hash = '$2y$13$dg4FlrrcXjMmvWznC3XUhehaTTZ/xfKXNpEYbSt8o3Q/9b9xonHLC' WHERE account = '222846193404029540';
UPDATE User SET password_hash = '$2y$13$dg4FlrrcXjMmvWznC3XUhehaTTZ/xfKXNpEYbSt8o3Q/9b9xonHLC' WHERE account = '140197199308164933';
UPDATE User SET password_hash = '$2y$13$dg4FlrrcXjMmvWznC3XUhehaTTZ/xfKXNpEYbSt8o3Q/9b9xonHLC' WHERE account = '51162119240405244X';
UPDATE User SET password_hash = '$2y$13$dg4FlrrcXjMmvWznC3XUhehaTTZ/xfKXNpEYbSt8o3Q/9b9xonHLC' WHERE account = '541793198108294157';
UPDATE User SET password_hash = '$2y$13$dg4FlrrcXjMmvWznC3XUhehaTTZ/xfKXNpEYbSt8o3Q/9b9xonHLC' WHERE account = '431954193610290753';
UPDATE User SET password_hash = '$2y$13$dg4FlrrcXjMmvWznC3XUhehaTTZ/xfKXNpEYbSt8o3Q/9b9xonHLC' WHERE account = '463844197802280493';
UPDATE User SET password_hash = '$2y$13$dg4FlrrcXjMmvWznC3XUhehaTTZ/xfKXNpEYbSt8o3Q/9b9xonHLC' WHERE account = '153877199911152736';
UPDATE User SET password_hash = '$2y$13$dg4FlrrcXjMmvWznC3XUhehaTTZ/xfKXNpEYbSt8o3Q/9b9xonHLC' WHERE account = '342571201003304305';
UPDATE User SET password_hash = '$2y$13$dg4FlrrcXjMmvWznC3XUhehaTTZ/xfKXNpEYbSt8o3Q/9b9xonHLC' WHERE account = '654791197912162346';
UPDATE User SET password_hash = '$2y$13$dg4FlrrcXjMmvWznC3XUhehaTTZ/xfKXNpEYbSt8o3Q/9b9xonHLC' WHERE account = '650397199410027688';
UPDATE User SET password_hash = '$2y$13$dg4FlrrcXjMmvWznC3XUhehaTTZ/xfKXNpEYbSt8o3Q/9b9xonHLC' WHERE account = '522026199312131343';
UPDATE User SET password_hash = '$2y$13$dg4FlrrcXjMmvWznC3XUhehaTTZ/xfKXNpEYbSt8o3Q/9b9xonHLC' WHERE account = '414606193611230855';
UPDATE User SET password_hash = '$2y$13$dg4FlrrcXjMmvWznC3XUhehaTTZ/xfKXNpEYbSt8o3Q/9b9xonHLC' WHERE account = '442881193209083257';
UPDATE User SET password_hash = '$2y$13$dg4FlrrcXjMmvWznC3XUhehaTTZ/xfKXNpEYbSt8o3Q/9b9xonHLC' WHERE account = '441823198804297875';
UPDATE User SET password_hash = '$2y$13$dg4FlrrcXjMmvWznC3XUhehaTTZ/xfKXNpEYbSt8o3Q/9b9xonHLC' WHERE account = '132358194808144506';
UPDATE User SET password_hash = '$2y$13$dg4FlrrcXjMmvWznC3XUhehaTTZ/xfKXNpEYbSt8o3Q/9b9xonHLC' WHERE account = '531084194409122531';
UPDATE User SET password_hash = '$2y$13$dg4FlrrcXjMmvWznC3XUhehaTTZ/xfKXNpEYbSt8o3Q/9b9xonHLC' WHERE account = '132893201306065426';
UPDATE User SET password_hash = '$2y$13$dg4FlrrcXjMmvWznC3XUhehaTTZ/xfKXNpEYbSt8o3Q/9b9xonHLC' WHERE account = '634380194205205629';
UPDATE User SET password_hash = '$2y$13$dg4FlrrcXjMmvWznC3XUhehaTTZ/xfKXNpEYbSt8o3Q/9b9xonHLC' WHERE account = '544780194203052139';
UPDATE User SET password_hash = '$2y$13$dg4FlrrcXjMmvWznC3XUhehaTTZ/xfKXNpEYbSt8o3Q/9b9xonHLC' WHERE account = '41276619490704517X';
UPDATE User SET password_hash = '$2y$13$dg4FlrrcXjMmvWznC3XUhehaTTZ/xfKXNpEYbSt8o3Q/9b9xonHLC' WHERE account = '324479193602119034';
UPDATE User SET password_hash = '$2y$13$dg4FlrrcXjMmvWznC3XUhehaTTZ/xfKXNpEYbSt8o3Q/9b9xonHLC' WHERE account = '340594196504014860';
UPDATE User SET password_hash = '$2y$13$dg4FlrrcXjMmvWznC3XUhehaTTZ/xfKXNpEYbSt8o3Q/9b9xonHLC' WHERE account = '711458199807150923';
UPDATE User SET password_hash = '$2y$13$dg4FlrrcXjMmvWznC3XUhehaTTZ/xfKXNpEYbSt8o3Q/9b9xonHLC' WHERE account = '612673198403120277';
UPDATE User SET password_hash = '$2y$13$dg4FlrrcXjMmvWznC3XUhehaTTZ/xfKXNpEYbSt8o3Q/9b9xonHLC' WHERE account = '340281195205319044';
UPDATE User SET password_hash = '$2y$13$dg4FlrrcXjMmvWznC3XUhehaTTZ/xfKXNpEYbSt8o3Q/9b9xonHLC' WHERE account = '22334319320227409X';
UPDATE User SET password_hash = '$2y$13$dg4FlrrcXjMmvWznC3XUhehaTTZ/xfKXNpEYbSt8o3Q/9b9xonHLC' WHERE account = '711564193509079091';
UPDATE User SET password_hash = '$2y$13$dg4FlrrcXjMmvWznC3XUhehaTTZ/xfKXNpEYbSt8o3Q/9b9xonHLC' WHERE account = '150790197903304355';
UPDATE User SET password_hash = '$2y$13$dg4FlrrcXjMmvWznC3XUhehaTTZ/xfKXNpEYbSt8o3Q/9b9xonHLC' WHERE account = '652270197610023542';
UPDATE User SET password_hash = '$2y$13$dg4FlrrcXjMmvWznC3XUhehaTTZ/xfKXNpEYbSt8o3Q/9b9xonHLC' WHERE account = '454824192307162464';
UPDATE User SET password_hash = '$2y$13$dg4FlrrcXjMmvWznC3XUhehaTTZ/xfKXNpEYbSt8o3Q/9b9xonHLC' WHERE account = '502286193704075517';
UPDATE User SET password_hash = '$2y$13$dg4FlrrcXjMmvWznC3XUhehaTTZ/xfKXNpEYbSt8o3Q/9b9xonHLC' WHERE account = '353173197807213257';
UPDATE User SET password_hash = '$2y$13$dg4FlrrcXjMmvWznC3XUhehaTTZ/xfKXNpEYbSt8o3Q/9b9xonHLC' WHERE account = '613324198604023119';
UPDATE User SET password_hash = '$2y$13$dg4FlrrcXjMmvWznC3XUhehaTTZ/xfKXNpEYbSt8o3Q/9b9xonHLC' WHERE account = '122051199309243896';
UPDATE User SET password_hash = '$2y$13$dg4FlrrcXjMmvWznC3XUhehaTTZ/xfKXNpEYbSt8o3Q/9b9xonHLC' WHERE account = '224849197110318891';
UPDATE User SET password_hash = '$2y$13$dg4FlrrcXjMmvWznC3XUhehaTTZ/xfKXNpEYbSt8o3Q/9b9xonHLC' WHERE account = '441959195211184192';
UPDATE User SET password_hash = '$2y$13$dg4FlrrcXjMmvWznC3XUhehaTTZ/xfKXNpEYbSt8o3Q/9b9xonHLC' WHERE account = '511941193304137218';
UPDATE User SET password_hash = '$2y$13$dg4FlrrcXjMmvWznC3XUhehaTTZ/xfKXNpEYbSt8o3Q/9b9xonHLC' WHERE account = '141331197907183595';
UPDATE User SET password_hash = '$2y$13$dg4FlrrcXjMmvWznC3XUhehaTTZ/xfKXNpEYbSt8o3Q/9b9xonHLC' WHERE account = '452478196307066021';
UPDATE User SET password_hash = '$2y$13$dg4FlrrcXjMmvWznC3XUhehaTTZ/xfKXNpEYbSt8o3Q/9b9xonHLC' WHERE account = '510916200204019754';
UPDATE User SET password_hash = '$2y$13$dg4FlrrcXjMmvWznC3XUhehaTTZ/xfKXNpEYbSt8o3Q/9b9xonHLC' WHERE account = '541384200502141548';
UPDATE User SET password_hash = '$2y$13$dg4FlrrcXjMmvWznC3XUhehaTTZ/xfKXNpEYbSt8o3Q/9b9xonHLC' WHERE account = '821559195404098872';
UPDATE User SET password_hash = '$2y$13$dg4FlrrcXjMmvWznC3XUhehaTTZ/xfKXNpEYbSt8o3Q/9b9xonHLC' WHERE account = '454619198907314906';
UPDATE User SET password_hash = '$2y$13$dg4FlrrcXjMmvWznC3XUhehaTTZ/xfKXNpEYbSt8o3Q/9b9xonHLC' WHERE account = '512597198502190497';
UPDATE User SET password_hash = '$2y$13$dg4FlrrcXjMmvWznC3XUhehaTTZ/xfKXNpEYbSt8o3Q/9b9xonHLC' WHERE account = '614096195505254874';
UPDATE User SET password_hash = '$2y$13$dg4FlrrcXjMmvWznC3XUhehaTTZ/xfKXNpEYbSt8o3Q/9b9xonHLC' WHERE account = '534427194509141755';
UPDATE User SET password_hash = '$2y$13$dg4FlrrcXjMmvWznC3XUhehaTTZ/xfKXNpEYbSt8o3Q/9b9xonHLC' WHERE account = '613792196407092725';
UPDATE User SET password_hash = '$2y$13$dg4FlrrcXjMmvWznC3XUhehaTTZ/xfKXNpEYbSt8o3Q/9b9xonHLC' WHERE account = '611696197412176915';
UPDATE User SET password_hash = '$2y$13$dg4FlrrcXjMmvWznC3XUhehaTTZ/xfKXNpEYbSt8o3Q/9b9xonHLC' WHERE account = '451459194109059319';
UPDATE User SET password_hash = '$2y$13$dg4FlrrcXjMmvWznC3XUhehaTTZ/xfKXNpEYbSt8o3Q/9b9xonHLC' WHERE account = '350859194108309102';
UPDATE User SET password_hash = '$2y$13$dg4FlrrcXjMmvWznC3XUhehaTTZ/xfKXNpEYbSt8o3Q/9b9xonHLC' WHERE account = '152334195608128985';
UPDATE User SET password_hash = '$2y$13$dg4FlrrcXjMmvWznC3XUhehaTTZ/xfKXNpEYbSt8o3Q/9b9xonHLC' WHERE account = '414945198011278488';
UPDATE User SET password_hash = '$2y$13$dg4FlrrcXjMmvWznC3XUhehaTTZ/xfKXNpEYbSt8o3Q/9b9xonHLC' WHERE account = '231413193211114540';
UPDATE User SET password_hash = '$2y$13$dg4FlrrcXjMmvWznC3XUhehaTTZ/xfKXNpEYbSt8o3Q/9b9xonHLC' WHERE account = '21177520070918360X';
UPDATE User SET password_hash = '$2y$13$dg4FlrrcXjMmvWznC3XUhehaTTZ/xfKXNpEYbSt8o3Q/9b9xonHLC' WHERE account = '410257196204265802';
UPDATE User SET password_hash = '$2y$13$dg4FlrrcXjMmvWznC3XUhehaTTZ/xfKXNpEYbSt8o3Q/9b9xonHLC' WHERE account = '413078197703058068';
UPDATE User SET password_hash = '$2y$13$dg4FlrrcXjMmvWznC3XUhehaTTZ/xfKXNpEYbSt8o3Q/9b9xonHLC' WHERE account = '620791199012080995';
UPDATE User SET password_hash = '$2y$13$dg4FlrrcXjMmvWznC3XUhehaTTZ/xfKXNpEYbSt8o3Q/9b9xonHLC' WHERE account = '612863196810300144';
UPDATE User SET password_hash = '$2y$13$dg4FlrrcXjMmvWznC3XUhehaTTZ/xfKXNpEYbSt8o3Q/9b9xonHLC' WHERE account = '360893197109241683';
UPDATE User SET password_hash = '$2y$13$dg4FlrrcXjMmvWznC3XUhehaTTZ/xfKXNpEYbSt8o3Q/9b9xonHLC' WHERE account = '624048198508295700';
UPDATE User SET password_hash = '$2y$13$dg4FlrrcXjMmvWznC3XUhehaTTZ/xfKXNpEYbSt8o3Q/9b9xonHLC' WHERE account = '53446019930827506X';
UPDATE User SET password_hash = '$2y$13$dg4FlrrcXjMmvWznC3XUhehaTTZ/xfKXNpEYbSt8o3Q/9b9xonHLC' WHERE account = '424511201306277820';
UPDATE User SET password_hash = '$2y$13$dg4FlrrcXjMmvWznC3XUhehaTTZ/xfKXNpEYbSt8o3Q/9b9xonHLC' WHERE account = '413302193912179623';
UPDATE User SET password_hash = '$2y$13$dg4FlrrcXjMmvWznC3XUhehaTTZ/xfKXNpEYbSt8o3Q/9b9xonHLC' WHERE account = '111802197504283037';
UPDATE User SET password_hash = '$2y$13$dg4FlrrcXjMmvWznC3XUhehaTTZ/xfKXNpEYbSt8o3Q/9b9xonHLC' WHERE account = '143282195511165769';
UPDATE User SET password_hash = '$2y$13$dg4FlrrcXjMmvWznC3XUhehaTTZ/xfKXNpEYbSt8o3Q/9b9xonHLC' WHERE account = '411019193704277917';
UPDATE User SET password_hash = '$2y$13$dg4FlrrcXjMmvWznC3XUhehaTTZ/xfKXNpEYbSt8o3Q/9b9xonHLC' WHERE account = '211699198804306816';
UPDATE User SET password_hash = '$2y$13$dg4FlrrcXjMmvWznC3XUhehaTTZ/xfKXNpEYbSt8o3Q/9b9xonHLC' WHERE account = '423045193102198216';
UPDATE User SET password_hash = '$2y$13$dg4FlrrcXjMmvWznC3XUhehaTTZ/xfKXNpEYbSt8o3Q/9b9xonHLC' WHERE account = '644980193903273758';
UPDATE User SET password_hash = '$2y$13$dg4FlrrcXjMmvWznC3XUhehaTTZ/xfKXNpEYbSt8o3Q/9b9xonHLC' WHERE account = '71312319531224760X';
UPDATE User SET password_hash = '$2y$13$dg4FlrrcXjMmvWznC3XUhehaTTZ/xfKXNpEYbSt8o3Q/9b9xonHLC' WHERE account = '132088194610166993';
UPDATE User SET password_hash = '$2y$13$dg4FlrrcXjMmvWznC3XUhehaTTZ/xfKXNpEYbSt8o3Q/9b9xonHLC' WHERE account = '712954200612111535';
UPDATE User SET password_hash = '$2y$13$dg4FlrrcXjMmvWznC3XUhehaTTZ/xfKXNpEYbSt8o3Q/9b9xonHLC' WHERE account = '524566199307199399';
UPDATE User SET password_hash = '$2y$13$dg4FlrrcXjMmvWznC3XUhehaTTZ/xfKXNpEYbSt8o3Q/9b9xonHLC' WHERE account = '410355200312294742';
UPDATE User SET password_hash = '$2y$13$dg4FlrrcXjMmvWznC3XUhehaTTZ/xfKXNpEYbSt8o3Q/9b9xonHLC' WHERE account = '220105199306076678';
UPDATE User SET password_hash = '$2y$13$dg4FlrrcXjMmvWznC3XUhehaTTZ/xfKXNpEYbSt8o3Q/9b9xonHLC' WHERE account = '143622194508265363';
UPDATE User SET password_hash = '$2y$13$dg4FlrrcXjMmvWznC3XUhehaTTZ/xfKXNpEYbSt8o3Q/9b9xonHLC' WHERE account = '544956199610278732';
UPDATE User SET password_hash = '$2y$13$dg4FlrrcXjMmvWznC3XUhehaTTZ/xfKXNpEYbSt8o3Q/9b9xonHLC' WHERE account = '523999194112318210';
UPDATE User SET password_hash = '$2y$13$dg4FlrrcXjMmvWznC3XUhehaTTZ/xfKXNpEYbSt8o3Q/9b9xonHLC' WHERE account = '233990196111132128';
UPDATE User SET password_hash = '$2y$13$dg4FlrrcXjMmvWznC3XUhehaTTZ/xfKXNpEYbSt8o3Q/9b9xonHLC' WHERE account = '143649198407042515';
UPDATE User SET password_hash = '$2y$13$dg4FlrrcXjMmvWznC3XUhehaTTZ/xfKXNpEYbSt8o3Q/9b9xonHLC' WHERE account = '463675199908200479';
UPDATE User SET password_hash = '$2y$13$dg4FlrrcXjMmvWznC3XUhehaTTZ/xfKXNpEYbSt8o3Q/9b9xonHLC' WHERE account = '312384198101047137';
UPDATE User SET password_hash = '$2y$13$dg4FlrrcXjMmvWznC3XUhehaTTZ/xfKXNpEYbSt8o3Q/9b9xonHLC' WHERE account = '823734193203274626';
UPDATE User SET password_hash = '$2y$13$dg4FlrrcXjMmvWznC3XUhehaTTZ/xfKXNpEYbSt8o3Q/9b9xonHLC' WHERE account = '422349199002042843';
UPDATE User SET password_hash = '$2y$13$dg4FlrrcXjMmvWznC3XUhehaTTZ/xfKXNpEYbSt8o3Q/9b9xonHLC' WHERE account = '622509200108094567';
UPDATE User SET password_hash = '$2y$13$dg4FlrrcXjMmvWznC3XUhehaTTZ/xfKXNpEYbSt8o3Q/9b9xonHLC' WHERE account = '223506198212316564';
UPDATE User SET password_hash = '$2y$13$dg4FlrrcXjMmvWznC3XUhehaTTZ/xfKXNpEYbSt8o3Q/9b9xonHLC' WHERE account = '373669196410307901';
UPDATE User SET password_hash = '$2y$13$dg4FlrrcXjMmvWznC3XUhehaTTZ/xfKXNpEYbSt8o3Q/9b9xonHLC' WHERE account = '110162199208279426';
UPDATE User SET password_hash = '$2y$13$dg4FlrrcXjMmvWznC3XUhehaTTZ/xfKXNpEYbSt8o3Q/9b9xonHLC' WHERE account = '81367219691223269X';
UPDATE User SET password_hash = '$2y$13$dg4FlrrcXjMmvWznC3XUhehaTTZ/xfKXNpEYbSt8o3Q/9b9xonHLC' WHERE account = '712682199001101536';
UPDATE User SET password_hash = '$2y$13$dg4FlrrcXjMmvWznC3XUhehaTTZ/xfKXNpEYbSt8o3Q/9b9xonHLC' WHERE account = '35165919320204062X';
UPDATE User SET password_hash = '$2y$13$dg4FlrrcXjMmvWznC3XUhehaTTZ/xfKXNpEYbSt8o3Q/9b9xonHLC' WHERE account = '370914198308129112';
UPDATE User SET password_hash = '$2y$13$dg4FlrrcXjMmvWznC3XUhehaTTZ/xfKXNpEYbSt8o3Q/9b9xonHLC' WHERE account = '460246192502066389';
UPDATE User SET password_hash = '$2y$13$dg4FlrrcXjMmvWznC3XUhehaTTZ/xfKXNpEYbSt8o3Q/9b9xonHLC' WHERE account = '63371619770415267X';
UPDATE User SET password_hash = '$2y$13$dg4FlrrcXjMmvWznC3XUhehaTTZ/xfKXNpEYbSt8o3Q/9b9xonHLC' WHERE account = '644763200606118904';
UPDATE User SET password_hash = '$2y$13$dg4FlrrcXjMmvWznC3XUhehaTTZ/xfKXNpEYbSt8o3Q/9b9xonHLC' WHERE account = '810644194407074109';
UPDATE User SET password_hash = '$2y$13$dg4FlrrcXjMmvWznC3XUhehaTTZ/xfKXNpEYbSt8o3Q/9b9xonHLC' WHERE account = '131325197804207578';
UPDATE User SET password_hash = '$2y$13$dg4FlrrcXjMmvWznC3XUhehaTTZ/xfKXNpEYbSt8o3Q/9b9xonHLC' WHERE account = '332102194404099455';
UPDATE User SET password_hash = '$2y$13$dg4FlrrcXjMmvWznC3XUhehaTTZ/xfKXNpEYbSt8o3Q/9b9xonHLC' WHERE account = '144190193706095007';
UPDATE User SET password_hash = '$2y$13$dg4FlrrcXjMmvWznC3XUhehaTTZ/xfKXNpEYbSt8o3Q/9b9xonHLC' WHERE account = '434284200804061513';
UPDATE User SET password_hash = '$2y$13$dg4FlrrcXjMmvWznC3XUhehaTTZ/xfKXNpEYbSt8o3Q/9b9xonHLC' WHERE account = '500470197504076710';
UPDATE User SET password_hash = '$2y$13$dg4FlrrcXjMmvWznC3XUhehaTTZ/xfKXNpEYbSt8o3Q/9b9xonHLC' WHERE account = '120788195705123383';
UPDATE User SET password_hash = '$2y$13$dg4FlrrcXjMmvWznC3XUhehaTTZ/xfKXNpEYbSt8o3Q/9b9xonHLC' WHERE account = '464591201309079906';
UPDATE User SET password_hash = '$2y$13$dg4FlrrcXjMmvWznC3XUhehaTTZ/xfKXNpEYbSt8o3Q/9b9xonHLC' WHERE account = '811878195512170081';
UPDATE User SET password_hash = '$2y$13$dg4FlrrcXjMmvWznC3XUhehaTTZ/xfKXNpEYbSt8o3Q/9b9xonHLC' WHERE account = '350385198806200952';
UPDATE User SET password_hash = '$2y$13$dg4FlrrcXjMmvWznC3XUhehaTTZ/xfKXNpEYbSt8o3Q/9b9xonHLC' WHERE account = '151184195803242996';
UPDATE User SET password_hash = '$2y$13$dg4FlrrcXjMmvWznC3XUhehaTTZ/xfKXNpEYbSt8o3Q/9b9xonHLC' WHERE account = '651530199909263997';
UPDATE User SET password_hash = '$2y$13$dg4FlrrcXjMmvWznC3XUhehaTTZ/xfKXNpEYbSt8o3Q/9b9xonHLC' WHERE account = '630489196302055089';
UPDATE User SET password_hash = '$2y$13$dg4FlrrcXjMmvWznC3XUhehaTTZ/xfKXNpEYbSt8o3Q/9b9xonHLC' WHERE account = '37388120001223456X';
UPDATE User SET password_hash = '$2y$13$dg4FlrrcXjMmvWznC3XUhehaTTZ/xfKXNpEYbSt8o3Q/9b9xonHLC' WHERE account = '325002194606077631';
UPDATE User SET password_hash = '$2y$13$dg4FlrrcXjMmvWznC3XUhehaTTZ/xfKXNpEYbSt8o3Q/9b9xonHLC' WHERE account = '641402197109159215';
UPDATE User SET password_hash = '$2y$13$dg4FlrrcXjMmvWznC3XUhehaTTZ/xfKXNpEYbSt8o3Q/9b9xonHLC' WHERE account = '124680194709278994';
UPDATE User SET password_hash = '$2y$13$dg4FlrrcXjMmvWznC3XUhehaTTZ/xfKXNpEYbSt8o3Q/9b9xonHLC' WHERE account = '112259196709302383';
UPDATE User SET password_hash = '$2y$13$dg4FlrrcXjMmvWznC3XUhehaTTZ/xfKXNpEYbSt8o3Q/9b9xonHLC' WHERE account = '313856194906139078';
UPDATE User SET password_hash = '$2y$13$dg4FlrrcXjMmvWznC3XUhehaTTZ/xfKXNpEYbSt8o3Q/9b9xonHLC' WHERE account = '361967192401164082';
UPDATE User SET password_hash = '$2y$13$dg4FlrrcXjMmvWznC3XUhehaTTZ/xfKXNpEYbSt8o3Q/9b9xonHLC' WHERE account = '635031193710233550';
UPDATE User SET password_hash = '$2y$13$dg4FlrrcXjMmvWznC3XUhehaTTZ/xfKXNpEYbSt8o3Q/9b9xonHLC' WHERE account = '504302193912133762';
UPDATE User SET password_hash = '$2y$13$dg4FlrrcXjMmvWznC3XUhehaTTZ/xfKXNpEYbSt8o3Q/9b9xonHLC' WHERE account = '411805198705297141';
UPDATE User SET password_hash = '$2y$13$dg4FlrrcXjMmvWznC3XUhehaTTZ/xfKXNpEYbSt8o3Q/9b9xonHLC' WHERE account = '362835196603254442';
UPDATE User SET password_hash = '$2y$13$dg4FlrrcXjMmvWznC3XUhehaTTZ/xfKXNpEYbSt8o3Q/9b9xonHLC' WHERE account = '224233192305167330';
UPDATE User SET password_hash = '$2y$13$dg4FlrrcXjMmvWznC3XUhehaTTZ/xfKXNpEYbSt8o3Q/9b9xonHLC' WHERE account = '421736192407062303';
UPDATE User SET password_hash = '$2y$13$dg4FlrrcXjMmvWznC3XUhehaTTZ/xfKXNpEYbSt8o3Q/9b9xonHLC' WHERE account = '154198199408124048';
UPDATE User SET password_hash = '$2y$13$dg4FlrrcXjMmvWznC3XUhehaTTZ/xfKXNpEYbSt8o3Q/9b9xonHLC' WHERE account = '614611194109215731';
UPDATE User SET password_hash = '$2y$13$dg4FlrrcXjMmvWznC3XUhehaTTZ/xfKXNpEYbSt8o3Q/9b9xonHLC' WHERE account = '641933200312072904';
UPDATE User SET password_hash = '$2y$13$dg4FlrrcXjMmvWznC3XUhehaTTZ/xfKXNpEYbSt8o3Q/9b9xonHLC' WHERE account = '363852200312072920';
UPDATE User SET password_hash = '$2y$13$dg4FlrrcXjMmvWznC3XUhehaTTZ/xfKXNpEYbSt8o3Q/9b9xonHLC' WHERE account = '424829198410038822';
UPDATE User SET password_hash = '$2y$13$dg4FlrrcXjMmvWznC3XUhehaTTZ/xfKXNpEYbSt8o3Q/9b9xonHLC' WHERE account = '113841198211034344';
UPDATE User SET password_hash = '$2y$13$dg4FlrrcXjMmvWznC3XUhehaTTZ/xfKXNpEYbSt8o3Q/9b9xonHLC' WHERE account = '114701192301087639';
UPDATE User SET password_hash = '$2y$13$dg4FlrrcXjMmvWznC3XUhehaTTZ/xfKXNpEYbSt8o3Q/9b9xonHLC' WHERE account = '363570195202264445';
UPDATE User SET password_hash = '$2y$13$dg4FlrrcXjMmvWznC3XUhehaTTZ/xfKXNpEYbSt8o3Q/9b9xonHLC' WHERE account = '123320195308218673';
UPDATE User SET password_hash = '$2y$13$dg4FlrrcXjMmvWznC3XUhehaTTZ/xfKXNpEYbSt8o3Q/9b9xonHLC' WHERE account = '531163193006304907';
UPDATE User SET password_hash = '$2y$13$dg4FlrrcXjMmvWznC3XUhehaTTZ/xfKXNpEYbSt8o3Q/9b9xonHLC' WHERE account = '344047200211309102';
UPDATE User SET password_hash = '$2y$13$dg4FlrrcXjMmvWznC3XUhehaTTZ/xfKXNpEYbSt8o3Q/9b9xonHLC' WHERE account = '640926192610166204';
UPDATE User SET password_hash = '$2y$13$dg4FlrrcXjMmvWznC3XUhehaTTZ/xfKXNpEYbSt8o3Q/9b9xonHLC' WHERE account = '465032197304241986';
UPDATE User SET password_hash = '$2y$13$dg4FlrrcXjMmvWznC3XUhehaTTZ/xfKXNpEYbSt8o3Q/9b9xonHLC' WHERE account = '121198201412169691';
UPDATE User SET password_hash = '$2y$13$dg4FlrrcXjMmvWznC3XUhehaTTZ/xfKXNpEYbSt8o3Q/9b9xonHLC' WHERE account = '434430196003226550';
UPDATE User SET password_hash = '$2y$13$dg4FlrrcXjMmvWznC3XUhehaTTZ/xfKXNpEYbSt8o3Q/9b9xonHLC' WHERE account = '331359192702022867';
UPDATE User SET password_hash = '$2y$13$dg4FlrrcXjMmvWznC3XUhehaTTZ/xfKXNpEYbSt8o3Q/9b9xonHLC' WHERE account = '220386194104136190';
UPDATE User SET password_hash = '$2y$13$dg4FlrrcXjMmvWznC3XUhehaTTZ/xfKXNpEYbSt8o3Q/9b9xonHLC' WHERE account = '110135195010150305';
UPDATE User SET password_hash = '$2y$13$dg4FlrrcXjMmvWznC3XUhehaTTZ/xfKXNpEYbSt8o3Q/9b9xonHLC' WHERE account = '215058199308255235';
UPDATE User SET password_hash = '$2y$13$dg4FlrrcXjMmvWznC3XUhehaTTZ/xfKXNpEYbSt8o3Q/9b9xonHLC' WHERE account = '36235819390617573X';
UPDATE User SET password_hash = '$2y$13$dg4FlrrcXjMmvWznC3XUhehaTTZ/xfKXNpEYbSt8o3Q/9b9xonHLC' WHERE account = '460870199402169856';
UPDATE User SET password_hash = '$2y$13$dg4FlrrcXjMmvWznC3XUhehaTTZ/xfKXNpEYbSt8o3Q/9b9xonHLC' WHERE account = '342177197912305142';
UPDATE User SET password_hash = '$2y$13$dg4FlrrcXjMmvWznC3XUhehaTTZ/xfKXNpEYbSt8o3Q/9b9xonHLC' WHERE account = '714372201409064673';
UPDATE User SET password_hash = '$2y$13$dg4FlrrcXjMmvWznC3XUhehaTTZ/xfKXNpEYbSt8o3Q/9b9xonHLC' WHERE account = '361509199908191824';
UPDATE User SET password_hash = '$2y$13$dg4FlrrcXjMmvWznC3XUhehaTTZ/xfKXNpEYbSt8o3Q/9b9xonHLC' WHERE account = '642029195304247799';
UPDATE User SET password_hash = '$2y$13$dg4FlrrcXjMmvWznC3XUhehaTTZ/xfKXNpEYbSt8o3Q/9b9xonHLC' WHERE account = '324267192605032307';
UPDATE User SET password_hash = '$2y$13$dg4FlrrcXjMmvWznC3XUhehaTTZ/xfKXNpEYbSt8o3Q/9b9xonHLC' WHERE account = '502841198512045138';
UPDATE User SET password_hash = '$2y$13$dg4FlrrcXjMmvWznC3XUhehaTTZ/xfKXNpEYbSt8o3Q/9b9xonHLC' WHERE account = '612175193605279303';
UPDATE User SET password_hash = '$2y$13$dg4FlrrcXjMmvWznC3XUhehaTTZ/xfKXNpEYbSt8o3Q/9b9xonHLC' WHERE account = '612973192303269403';
UPDATE User SET password_hash = '$2y$13$dg4FlrrcXjMmvWznC3XUhehaTTZ/xfKXNpEYbSt8o3Q/9b9xonHLC' WHERE account = '414402195703105442';
UPDATE User SET password_hash = '$2y$13$dg4FlrrcXjMmvWznC3XUhehaTTZ/xfKXNpEYbSt8o3Q/9b9xonHLC' WHERE account = '321482193009264649';
UPDATE User SET password_hash = '$2y$13$dg4FlrrcXjMmvWznC3XUhehaTTZ/xfKXNpEYbSt8o3Q/9b9xonHLC' WHERE account = '442851194707042364';
UPDATE User SET password_hash = '$2y$13$dg4FlrrcXjMmvWznC3XUhehaTTZ/xfKXNpEYbSt8o3Q/9b9xonHLC' WHERE account = '113398194106208725';
UPDATE User SET password_hash = '$2y$13$dg4FlrrcXjMmvWznC3XUhehaTTZ/xfKXNpEYbSt8o3Q/9b9xonHLC' WHERE account = '461152197506102552';
UPDATE User SET password_hash = '$2y$13$dg4FlrrcXjMmvWznC3XUhehaTTZ/xfKXNpEYbSt8o3Q/9b9xonHLC' WHERE account = '230557196707239927';
UPDATE User SET password_hash = '$2y$13$dg4FlrrcXjMmvWznC3XUhehaTTZ/xfKXNpEYbSt8o3Q/9b9xonHLC' WHERE account = '134497195106014838';
UPDATE User SET password_hash = '$2y$13$dg4FlrrcXjMmvWznC3XUhehaTTZ/xfKXNpEYbSt8o3Q/9b9xonHLC' WHERE account = '151885195411126330';
UPDATE User SET password_hash = '$2y$13$dg4FlrrcXjMmvWznC3XUhehaTTZ/xfKXNpEYbSt8o3Q/9b9xonHLC' WHERE account = '150559192806109786';
UPDATE User SET password_hash = '$2y$13$dg4FlrrcXjMmvWznC3XUhehaTTZ/xfKXNpEYbSt8o3Q/9b9xonHLC' WHERE account = '360262198711288058';
UPDATE User SET password_hash = '$2y$13$dg4FlrrcXjMmvWznC3XUhehaTTZ/xfKXNpEYbSt8o3Q/9b9xonHLC' WHERE account = '612149194803274476';
UPDATE User SET password_hash = '$2y$13$dg4FlrrcXjMmvWznC3XUhehaTTZ/xfKXNpEYbSt8o3Q/9b9xonHLC' WHERE account = '111451199506282367';
UPDATE User SET password_hash = '$2y$13$dg4FlrrcXjMmvWznC3XUhehaTTZ/xfKXNpEYbSt8o3Q/9b9xonHLC' WHERE account = '652761197709010835';
UPDATE User SET password_hash = '$2y$13$dg4FlrrcXjMmvWznC3XUhehaTTZ/xfKXNpEYbSt8o3Q/9b9xonHLC' WHERE account = '641603199006160136';
UPDATE User SET password_hash = '$2y$13$dg4FlrrcXjMmvWznC3XUhehaTTZ/xfKXNpEYbSt8o3Q/9b9xonHLC' WHERE account = '212884198404265945';
UPDATE User SET password_hash = '$2y$13$dg4FlrrcXjMmvWznC3XUhehaTTZ/xfKXNpEYbSt8o3Q/9b9xonHLC' WHERE account = '612131199805278185';
UPDATE User SET password_hash = '$2y$13$dg4FlrrcXjMmvWznC3XUhehaTTZ/xfKXNpEYbSt8o3Q/9b9xonHLC' WHERE account = '331230199708207842';
UPDATE User SET password_hash = '$2y$13$dg4FlrrcXjMmvWznC3XUhehaTTZ/xfKXNpEYbSt8o3Q/9b9xonHLC' WHERE account = '210852200407052409';
UPDATE User SET password_hash = '$2y$13$dg4FlrrcXjMmvWznC3XUhehaTTZ/xfKXNpEYbSt8o3Q/9b9xonHLC' WHERE account = '82243919531108660X';
UPDATE User SET password_hash = '$2y$13$dg4FlrrcXjMmvWznC3XUhehaTTZ/xfKXNpEYbSt8o3Q/9b9xonHLC' WHERE account = '422988200103204528';
UPDATE User SET password_hash = '$2y$13$dg4FlrrcXjMmvWznC3XUhehaTTZ/xfKXNpEYbSt8o3Q/9b9xonHLC' WHERE account = '525022199611113061';
UPDATE User SET password_hash = '$2y$13$dg4FlrrcXjMmvWznC3XUhehaTTZ/xfKXNpEYbSt8o3Q/9b9xonHLC' WHERE account = '533549199201068641';
UPDATE User SET password_hash = '$2y$13$dg4FlrrcXjMmvWznC3XUhehaTTZ/xfKXNpEYbSt8o3Q/9b9xonHLC' WHERE account = '651846198111202299';
UPDATE User SET password_hash = '$2y$13$dg4FlrrcXjMmvWznC3XUhehaTTZ/xfKXNpEYbSt8o3Q/9b9xonHLC' WHERE account = '45371519960803389X';
UPDATE User SET password_hash = '$2y$13$dg4FlrrcXjMmvWznC3XUhehaTTZ/xfKXNpEYbSt8o3Q/9b9xonHLC' WHERE account = '312679194807111421';
UPDATE User SET password_hash = '$2y$13$dg4FlrrcXjMmvWznC3XUhehaTTZ/xfKXNpEYbSt8o3Q/9b9xonHLC' WHERE account = '822058197403207404';
UPDATE User SET password_hash = '$2y$13$dg4FlrrcXjMmvWznC3XUhehaTTZ/xfKXNpEYbSt8o3Q/9b9xonHLC' WHERE account = '372237196802067451';
UPDATE User SET password_hash = '$2y$13$dg4FlrrcXjMmvWznC3XUhehaTTZ/xfKXNpEYbSt8o3Q/9b9xonHLC' WHERE account = '424784198803199427';
UPDATE User SET password_hash = '$2y$13$dg4FlrrcXjMmvWznC3XUhehaTTZ/xfKXNpEYbSt8o3Q/9b9xonHLC' WHERE account = '422721201102080742';
UPDATE User SET password_hash = '$2y$13$dg4FlrrcXjMmvWznC3XUhehaTTZ/xfKXNpEYbSt8o3Q/9b9xonHLC' WHERE account = '644349193609040029';
UPDATE User SET password_hash = '$2y$13$dg4FlrrcXjMmvWznC3XUhehaTTZ/xfKXNpEYbSt8o3Q/9b9xonHLC' WHERE account = '464231196604032585';
UPDATE User SET password_hash = '$2y$13$dg4FlrrcXjMmvWznC3XUhehaTTZ/xfKXNpEYbSt8o3Q/9b9xonHLC' WHERE account = '232292193612029554';
UPDATE User SET password_hash = '$2y$13$dg4FlrrcXjMmvWznC3XUhehaTTZ/xfKXNpEYbSt8o3Q/9b9xonHLC' WHERE account = '532671195608083508';
UPDATE User SET password_hash = '$2y$13$dg4FlrrcXjMmvWznC3XUhehaTTZ/xfKXNpEYbSt8o3Q/9b9xonHLC' WHERE account = '623903197703143217';
UPDATE User SET password_hash = '$2y$13$dg4FlrrcXjMmvWznC3XUhehaTTZ/xfKXNpEYbSt8o3Q/9b9xonHLC' WHERE account = '433782198407199712';
UPDATE User SET password_hash = '$2y$13$dg4FlrrcXjMmvWznC3XUhehaTTZ/xfKXNpEYbSt8o3Q/9b9xonHLC' WHERE account = '632126199707022908';
UPDATE User SET password_hash = '$2y$13$dg4FlrrcXjMmvWznC3XUhehaTTZ/xfKXNpEYbSt8o3Q/9b9xonHLC' WHERE account = '500541195602208498';
UPDATE User SET password_hash = '$2y$13$dg4FlrrcXjMmvWznC3XUhehaTTZ/xfKXNpEYbSt8o3Q/9b9xonHLC' WHERE account = '321789197303173443';
UPDATE User SET password_hash = '$2y$13$dg4FlrrcXjMmvWznC3XUhehaTTZ/xfKXNpEYbSt8o3Q/9b9xonHLC' WHERE account = '364143196202111362';
UPDATE User SET password_hash = '$2y$13$dg4FlrrcXjMmvWznC3XUhehaTTZ/xfKXNpEYbSt8o3Q/9b9xonHLC' WHERE account = '633009195406047747';
UPDATE User SET password_hash = '$2y$13$dg4FlrrcXjMmvWznC3XUhehaTTZ/xfKXNpEYbSt8o3Q/9b9xonHLC' WHERE account = '633323197901228745';
UPDATE User SET password_hash = '$2y$13$dg4FlrrcXjMmvWznC3XUhehaTTZ/xfKXNpEYbSt8o3Q/9b9xonHLC' WHERE account = '140584199202223193';
UPDATE User SET password_hash = '$2y$13$dg4FlrrcXjMmvWznC3XUhehaTTZ/xfKXNpEYbSt8o3Q/9b9xonHLC' WHERE account = '36161619630816455X';
UPDATE User SET password_hash = '$2y$13$dg4FlrrcXjMmvWznC3XUhehaTTZ/xfKXNpEYbSt8o3Q/9b9xonHLC' WHERE account = '114831199405154509';
UPDATE User SET password_hash = '$2y$13$dg4FlrrcXjMmvWznC3XUhehaTTZ/xfKXNpEYbSt8o3Q/9b9xonHLC' WHERE account = '714192200501092821';
UPDATE User SET password_hash = '$2y$13$dg4FlrrcXjMmvWznC3XUhehaTTZ/xfKXNpEYbSt8o3Q/9b9xonHLC' WHERE account = '114831194404176420';
UPDATE User SET password_hash = '$2y$13$dg4FlrrcXjMmvWznC3XUhehaTTZ/xfKXNpEYbSt8o3Q/9b9xonHLC' WHERE account = '620475194402132506';
UPDATE User SET password_hash = '$2y$13$dg4FlrrcXjMmvWznC3XUhehaTTZ/xfKXNpEYbSt8o3Q/9b9xonHLC' WHERE account = '441166196206173842';
UPDATE User SET password_hash = '$2y$13$dg4FlrrcXjMmvWznC3XUhehaTTZ/xfKXNpEYbSt8o3Q/9b9xonHLC' WHERE account = '462228197705176248';
UPDATE User SET password_hash = '$2y$13$dg4FlrrcXjMmvWznC3XUhehaTTZ/xfKXNpEYbSt8o3Q/9b9xonHLC' WHERE account = '440524193504214332';
UPDATE User SET password_hash = '$2y$13$dg4FlrrcXjMmvWznC3XUhehaTTZ/xfKXNpEYbSt8o3Q/9b9xonHLC' WHERE account = '63453119580729234X';
UPDATE User SET password_hash = '$2y$13$dg4FlrrcXjMmvWznC3XUhehaTTZ/xfKXNpEYbSt8o3Q/9b9xonHLC' WHERE account = '341776201202253257';
UPDATE User SET password_hash = '$2y$13$dg4FlrrcXjMmvWznC3XUhehaTTZ/xfKXNpEYbSt8o3Q/9b9xonHLC' WHERE account = '623830195906278181';
UPDATE User SET password_hash = '$2y$13$dg4FlrrcXjMmvWznC3XUhehaTTZ/xfKXNpEYbSt8o3Q/9b9xonHLC' WHERE account = '544876201201234675';
UPDATE User SET password_hash = '$2y$13$dg4FlrrcXjMmvWznC3XUhehaTTZ/xfKXNpEYbSt8o3Q/9b9xonHLC' WHERE account = '131064193405304308';
UPDATE User SET password_hash = '$2y$13$dg4FlrrcXjMmvWznC3XUhehaTTZ/xfKXNpEYbSt8o3Q/9b9xonHLC' WHERE account = '44364219450707790X';
UPDATE User SET password_hash = '$2y$13$dg4FlrrcXjMmvWznC3XUhehaTTZ/xfKXNpEYbSt8o3Q/9b9xonHLC' WHERE account = '153298197704031005';
UPDATE User SET password_hash = '$2y$13$dg4FlrrcXjMmvWznC3XUhehaTTZ/xfKXNpEYbSt8o3Q/9b9xonHLC' WHERE account = '504950200401092690';
UPDATE User SET password_hash = '$2y$13$dg4FlrrcXjMmvWznC3XUhehaTTZ/xfKXNpEYbSt8o3Q/9b9xonHLC' WHERE account = '340872195209210815';
UPDATE User SET password_hash = '$2y$13$dg4FlrrcXjMmvWznC3XUhehaTTZ/xfKXNpEYbSt8o3Q/9b9xonHLC' WHERE account = '414973193906084005';
UPDATE User SET password_hash = '$2y$13$dg4FlrrcXjMmvWznC3XUhehaTTZ/xfKXNpEYbSt8o3Q/9b9xonHLC' WHERE account = '362170194909025346';
UPDATE User SET password_hash = '$2y$13$dg4FlrrcXjMmvWznC3XUhehaTTZ/xfKXNpEYbSt8o3Q/9b9xonHLC' WHERE account = '514677194205131173';
UPDATE User SET password_hash = '$2y$13$dg4FlrrcXjMmvWznC3XUhehaTTZ/xfKXNpEYbSt8o3Q/9b9xonHLC' WHERE account = '375086199302276213';
UPDATE User SET password_hash = '$2y$13$dg4FlrrcXjMmvWznC3XUhehaTTZ/xfKXNpEYbSt8o3Q/9b9xonHLC' WHERE account = '611923199705055150';
UPDATE User SET password_hash = '$2y$13$dg4FlrrcXjMmvWznC3XUhehaTTZ/xfKXNpEYbSt8o3Q/9b9xonHLC' WHERE account = '654002200201140469';
UPDATE User SET password_hash = '$2y$13$dg4FlrrcXjMmvWznC3XUhehaTTZ/xfKXNpEYbSt8o3Q/9b9xonHLC' WHERE account = '231018198501190687';
UPDATE User SET password_hash = '$2y$13$dg4FlrrcXjMmvWznC3XUhehaTTZ/xfKXNpEYbSt8o3Q/9b9xonHLC' WHERE account = '341154199110293870';
UPDATE User SET password_hash = '$2y$13$dg4FlrrcXjMmvWznC3XUhehaTTZ/xfKXNpEYbSt8o3Q/9b9xonHLC' WHERE account = '141493192605078137';
UPDATE User SET password_hash = '$2y$13$dg4FlrrcXjMmvWznC3XUhehaTTZ/xfKXNpEYbSt8o3Q/9b9xonHLC' WHERE account = '362657196205215750';
UPDATE User SET password_hash = '$2y$13$dg4FlrrcXjMmvWznC3XUhehaTTZ/xfKXNpEYbSt8o3Q/9b9xonHLC' WHERE account = '234059196411242805';
UPDATE User SET password_hash = '$2y$13$dg4FlrrcXjMmvWznC3XUhehaTTZ/xfKXNpEYbSt8o3Q/9b9xonHLC' WHERE account = '820576196305036200';
UPDATE User SET password_hash = '$2y$13$dg4FlrrcXjMmvWznC3XUhehaTTZ/xfKXNpEYbSt8o3Q/9b9xonHLC' WHERE account = '454112194211078462';
UPDATE User SET password_hash = '$2y$13$dg4FlrrcXjMmvWznC3XUhehaTTZ/xfKXNpEYbSt8o3Q/9b9xonHLC' WHERE account = '522690195712196573';
UPDATE User SET password_hash = '$2y$13$dg4FlrrcXjMmvWznC3XUhehaTTZ/xfKXNpEYbSt8o3Q/9b9xonHLC' WHERE account = '514642200708097125';
UPDATE User SET password_hash = '$2y$13$dg4FlrrcXjMmvWznC3XUhehaTTZ/xfKXNpEYbSt8o3Q/9b9xonHLC' WHERE account = '654225198711084424';
UPDATE User SET password_hash = '$2y$13$dg4FlrrcXjMmvWznC3XUhehaTTZ/xfKXNpEYbSt8o3Q/9b9xonHLC' WHERE account = '44175319470820504X';
UPDATE User SET password_hash = '$2y$13$dg4FlrrcXjMmvWznC3XUhehaTTZ/xfKXNpEYbSt8o3Q/9b9xonHLC' WHERE account = '432675192609262606';
UPDATE User SET password_hash = '$2y$13$dg4FlrrcXjMmvWznC3XUhehaTTZ/xfKXNpEYbSt8o3Q/9b9xonHLC' WHERE account = '431644193211153252';
UPDATE User SET password_hash = '$2y$13$dg4FlrrcXjMmvWznC3XUhehaTTZ/xfKXNpEYbSt8o3Q/9b9xonHLC' WHERE account = '504321193202116877';
UPDATE User SET password_hash = '$2y$13$dg4FlrrcXjMmvWznC3XUhehaTTZ/xfKXNpEYbSt8o3Q/9b9xonHLC' WHERE account = '522080195407143285';
UPDATE User SET password_hash = '$2y$13$dg4FlrrcXjMmvWznC3XUhehaTTZ/xfKXNpEYbSt8o3Q/9b9xonHLC' WHERE account = '630535199310169416';
UPDATE User SET password_hash = '$2y$13$dg4FlrrcXjMmvWznC3XUhehaTTZ/xfKXNpEYbSt8o3Q/9b9xonHLC' WHERE account = '210989198109251869';
UPDATE User SET password_hash = '$2y$13$dg4FlrrcXjMmvWznC3XUhehaTTZ/xfKXNpEYbSt8o3Q/9b9xonHLC' WHERE account = '640812200212131325';
UPDATE User SET password_hash = '$2y$13$dg4FlrrcXjMmvWznC3XUhehaTTZ/xfKXNpEYbSt8o3Q/9b9xonHLC' WHERE account = '314762192404177357';
UPDATE User SET password_hash = '$2y$13$dg4FlrrcXjMmvWznC3XUhehaTTZ/xfKXNpEYbSt8o3Q/9b9xonHLC' WHERE account = '365056199401173306';
UPDATE User SET password_hash = '$2y$13$dg4FlrrcXjMmvWznC3XUhehaTTZ/xfKXNpEYbSt8o3Q/9b9xonHLC' WHERE account = '651970197909269144';
UPDATE User SET password_hash = '$2y$13$dg4FlrrcXjMmvWznC3XUhehaTTZ/xfKXNpEYbSt8o3Q/9b9xonHLC' WHERE account = '511207198705124224';
UPDATE User SET password_hash = '$2y$13$dg4FlrrcXjMmvWznC3XUhehaTTZ/xfKXNpEYbSt8o3Q/9b9xonHLC' WHERE account = '223901192504282247';
UPDATE User SET password_hash = '$2y$13$dg4FlrrcXjMmvWznC3XUhehaTTZ/xfKXNpEYbSt8o3Q/9b9xonHLC' WHERE account = '422519200007122470';
UPDATE User SET password_hash = '$2y$13$dg4FlrrcXjMmvWznC3XUhehaTTZ/xfKXNpEYbSt8o3Q/9b9xonHLC' WHERE account = '713639201209191638';
UPDATE User SET password_hash = '$2y$13$dg4FlrrcXjMmvWznC3XUhehaTTZ/xfKXNpEYbSt8o3Q/9b9xonHLC' WHERE account = '314834197403259113';
UPDATE User SET password_hash = '$2y$13$dg4FlrrcXjMmvWznC3XUhehaTTZ/xfKXNpEYbSt8o3Q/9b9xonHLC' WHERE account = '330551194404132668';
UPDATE User SET password_hash = '$2y$13$dg4FlrrcXjMmvWznC3XUhehaTTZ/xfKXNpEYbSt8o3Q/9b9xonHLC' WHERE account = '440880201401165653';
UPDATE User SET password_hash = '$2y$13$dg4FlrrcXjMmvWznC3XUhehaTTZ/xfKXNpEYbSt8o3Q/9b9xonHLC' WHERE account = '23122419380918757X';
UPDATE User SET password_hash = '$2y$13$dg4FlrrcXjMmvWznC3XUhehaTTZ/xfKXNpEYbSt8o3Q/9b9xonHLC' WHERE account = '123647195303079456';
UPDATE User SET password_hash = '$2y$13$dg4FlrrcXjMmvWznC3XUhehaTTZ/xfKXNpEYbSt8o3Q/9b9xonHLC' WHERE account = '453339194410314504';
UPDATE User SET password_hash = '$2y$13$dg4FlrrcXjMmvWznC3XUhehaTTZ/xfKXNpEYbSt8o3Q/9b9xonHLC' WHERE account = '454549197702080344';
UPDATE User SET password_hash = '$2y$13$dg4FlrrcXjMmvWznC3XUhehaTTZ/xfKXNpEYbSt8o3Q/9b9xonHLC' WHERE account = '44256319500619679X';
UPDATE User SET password_hash = '$2y$13$dg4FlrrcXjMmvWznC3XUhehaTTZ/xfKXNpEYbSt8o3Q/9b9xonHLC' WHERE account = '35435119900703840X';
UPDATE User SET password_hash = '$2y$13$dg4FlrrcXjMmvWznC3XUhehaTTZ/xfKXNpEYbSt8o3Q/9b9xonHLC' WHERE account = '411560194105209988';
UPDATE User SET password_hash = '$2y$13$dg4FlrrcXjMmvWznC3XUhehaTTZ/xfKXNpEYbSt8o3Q/9b9xonHLC' WHERE account = '324852197102086967';
UPDATE User SET password_hash = '$2y$13$dg4FlrrcXjMmvWznC3XUhehaTTZ/xfKXNpEYbSt8o3Q/9b9xonHLC' WHERE account = '321675199407163915';
UPDATE User SET password_hash = '$2y$13$dg4FlrrcXjMmvWznC3XUhehaTTZ/xfKXNpEYbSt8o3Q/9b9xonHLC' WHERE account = '454792199508214456';
UPDATE User SET password_hash = '$2y$13$dg4FlrrcXjMmvWznC3XUhehaTTZ/xfKXNpEYbSt8o3Q/9b9xonHLC' WHERE account = '433838200704011719';
UPDATE User SET password_hash = '$2y$13$dg4FlrrcXjMmvWznC3XUhehaTTZ/xfKXNpEYbSt8o3Q/9b9xonHLC' WHERE account = '14116319840103710X';
UPDATE User SET password_hash = '$2y$13$dg4FlrrcXjMmvWznC3XUhehaTTZ/xfKXNpEYbSt8o3Q/9b9xonHLC' WHERE account = '513397196207119857';
UPDATE User SET password_hash = '$2y$13$dg4FlrrcXjMmvWznC3XUhehaTTZ/xfKXNpEYbSt8o3Q/9b9xonHLC' WHERE account = '823161197604266891';
UPDATE User SET password_hash = '$2y$13$dg4FlrrcXjMmvWznC3XUhehaTTZ/xfKXNpEYbSt8o3Q/9b9xonHLC' WHERE account = '82122119570307221X';
UPDATE User SET password_hash = '$2y$13$dg4FlrrcXjMmvWznC3XUhehaTTZ/xfKXNpEYbSt8o3Q/9b9xonHLC' WHERE account = '503431195211145080';
UPDATE User SET password_hash = '$2y$13$dg4FlrrcXjMmvWznC3XUhehaTTZ/xfKXNpEYbSt8o3Q/9b9xonHLC' WHERE account = '312865197212203053';
UPDATE User SET password_hash = '$2y$13$dg4FlrrcXjMmvWznC3XUhehaTTZ/xfKXNpEYbSt8o3Q/9b9xonHLC' WHERE account = '544396194710284326';
UPDATE User SET password_hash = '$2y$13$dg4FlrrcXjMmvWznC3XUhehaTTZ/xfKXNpEYbSt8o3Q/9b9xonHLC' WHERE account = '623512201112238393';
UPDATE User SET password_hash = '$2y$13$dg4FlrrcXjMmvWznC3XUhehaTTZ/xfKXNpEYbSt8o3Q/9b9xonHLC' WHERE account = '624669195304286018';
UPDATE User SET password_hash = '$2y$13$dg4FlrrcXjMmvWznC3XUhehaTTZ/xfKXNpEYbSt8o3Q/9b9xonHLC' WHERE account = '310426195308232475';
UPDATE User SET password_hash = '$2y$13$dg4FlrrcXjMmvWznC3XUhehaTTZ/xfKXNpEYbSt8o3Q/9b9xonHLC' WHERE account = '451756199108208208';
UPDATE User SET password_hash = '$2y$13$dg4FlrrcXjMmvWznC3XUhehaTTZ/xfKXNpEYbSt8o3Q/9b9xonHLC' WHERE account = '320808198701216577';
UPDATE User SET password_hash = '$2y$13$dg4FlrrcXjMmvWznC3XUhehaTTZ/xfKXNpEYbSt8o3Q/9b9xonHLC' WHERE account = '132936196608141925';
UPDATE User SET password_hash = '$2y$13$dg4FlrrcXjMmvWznC3XUhehaTTZ/xfKXNpEYbSt8o3Q/9b9xonHLC' WHERE account = '140287196903112735';
UPDATE User SET password_hash = '$2y$13$dg4FlrrcXjMmvWznC3XUhehaTTZ/xfKXNpEYbSt8o3Q/9b9xonHLC' WHERE account = '414792192505034915';
UPDATE User SET password_hash = '$2y$13$dg4FlrrcXjMmvWznC3XUhehaTTZ/xfKXNpEYbSt8o3Q/9b9xonHLC' WHERE account = '453160193804099693';
UPDATE User SET password_hash = '$2y$13$dg4FlrrcXjMmvWznC3XUhehaTTZ/xfKXNpEYbSt8o3Q/9b9xonHLC' WHERE account = '143380197202047242';
UPDATE User SET password_hash = '$2y$13$dg4FlrrcXjMmvWznC3XUhehaTTZ/xfKXNpEYbSt8o3Q/9b9xonHLC' WHERE account = '714581198812064472';
UPDATE User SET password_hash = '$2y$13$dg4FlrrcXjMmvWznC3XUhehaTTZ/xfKXNpEYbSt8o3Q/9b9xonHLC' WHERE account = '811010197703312516';
UPDATE User SET password_hash = '$2y$13$dg4FlrrcXjMmvWznC3XUhehaTTZ/xfKXNpEYbSt8o3Q/9b9xonHLC' WHERE account = '330136199206100007';
UPDATE User SET password_hash = '$2y$13$dg4FlrrcXjMmvWznC3XUhehaTTZ/xfKXNpEYbSt8o3Q/9b9xonHLC' WHERE account = '323837192802219788';
UPDATE User SET password_hash = '$2y$13$dg4FlrrcXjMmvWznC3XUhehaTTZ/xfKXNpEYbSt8o3Q/9b9xonHLC' WHERE account = '334343200704188595';
UPDATE User SET password_hash = '$2y$13$dg4FlrrcXjMmvWznC3XUhehaTTZ/xfKXNpEYbSt8o3Q/9b9xonHLC' WHERE account = '623255201010277101';
UPDATE User SET password_hash = '$2y$13$dg4FlrrcXjMmvWznC3XUhehaTTZ/xfKXNpEYbSt8o3Q/9b9xonHLC' WHERE account = '450997197103300499';
UPDATE User SET password_hash = '$2y$13$dg4FlrrcXjMmvWznC3XUhehaTTZ/xfKXNpEYbSt8o3Q/9b9xonHLC' WHERE account = '152087199905263996';
UPDATE User SET password_hash = '$2y$13$dg4FlrrcXjMmvWznC3XUhehaTTZ/xfKXNpEYbSt8o3Q/9b9xonHLC' WHERE account = '340979198102138510';
UPDATE User SET password_hash = '$2y$13$dg4FlrrcXjMmvWznC3XUhehaTTZ/xfKXNpEYbSt8o3Q/9b9xonHLC' WHERE account = '710111197302165250';
UPDATE User SET password_hash = '$2y$13$dg4FlrrcXjMmvWznC3XUhehaTTZ/xfKXNpEYbSt8o3Q/9b9xonHLC' WHERE account = '532353197104122798';
UPDATE User SET password_hash = '$2y$13$dg4FlrrcXjMmvWznC3XUhehaTTZ/xfKXNpEYbSt8o3Q/9b9xonHLC' WHERE account = '15217219261007260X';
UPDATE User SET password_hash = '$2y$13$dg4FlrrcXjMmvWznC3XUhehaTTZ/xfKXNpEYbSt8o3Q/9b9xonHLC' WHERE account = '133345196311298334';
UPDATE User SET password_hash = '$2y$13$dg4FlrrcXjMmvWznC3XUhehaTTZ/xfKXNpEYbSt8o3Q/9b9xonHLC' WHERE account = '533407197904147774';
UPDATE User SET password_hash = '$2y$13$dg4FlrrcXjMmvWznC3XUhehaTTZ/xfKXNpEYbSt8o3Q/9b9xonHLC' WHERE account = '520361194705093776';
UPDATE User SET password_hash = '$2y$13$dg4FlrrcXjMmvWznC3XUhehaTTZ/xfKXNpEYbSt8o3Q/9b9xonHLC' WHERE account = '542141198304193949';
UPDATE User SET password_hash = '$2y$13$dg4FlrrcXjMmvWznC3XUhehaTTZ/xfKXNpEYbSt8o3Q/9b9xonHLC' WHERE account = '341544199702017596';
UPDATE User SET password_hash = '$2y$13$dg4FlrrcXjMmvWznC3XUhehaTTZ/xfKXNpEYbSt8o3Q/9b9xonHLC' WHERE account = '460970201108182202';
UPDATE User SET password_hash = '$2y$13$dg4FlrrcXjMmvWznC3XUhehaTTZ/xfKXNpEYbSt8o3Q/9b9xonHLC' WHERE account = '324524199209306352';
UPDATE User SET password_hash = '$2y$13$dg4FlrrcXjMmvWznC3XUhehaTTZ/xfKXNpEYbSt8o3Q/9b9xonHLC' WHERE account = '541827201002078413';
UPDATE User SET password_hash = '$2y$13$dg4FlrrcXjMmvWznC3XUhehaTTZ/xfKXNpEYbSt8o3Q/9b9xonHLC' WHERE account = '541707197404188356';
UPDATE User SET password_hash = '$2y$13$dg4FlrrcXjMmvWznC3XUhehaTTZ/xfKXNpEYbSt8o3Q/9b9xonHLC' WHERE account = '463127198706081505';
UPDATE User SET password_hash = '$2y$13$dg4FlrrcXjMmvWznC3XUhehaTTZ/xfKXNpEYbSt8o3Q/9b9xonHLC' WHERE account = '12254219280415218X';
UPDATE User SET password_hash = '$2y$13$dg4FlrrcXjMmvWznC3XUhehaTTZ/xfKXNpEYbSt8o3Q/9b9xonHLC' WHERE account = '212447196608060794';
UPDATE User SET password_hash = '$2y$13$dg4FlrrcXjMmvWznC3XUhehaTTZ/xfKXNpEYbSt8o3Q/9b9xonHLC' WHERE account = '334970192709013343';
UPDATE User SET password_hash = '$2y$13$dg4FlrrcXjMmvWznC3XUhehaTTZ/xfKXNpEYbSt8o3Q/9b9xonHLC' WHERE account = '231373195512241098';
UPDATE User SET password_hash = '$2y$13$dg4FlrrcXjMmvWznC3XUhehaTTZ/xfKXNpEYbSt8o3Q/9b9xonHLC' WHERE account = '541683197301257098';
UPDATE User SET password_hash = '$2y$13$dg4FlrrcXjMmvWznC3XUhehaTTZ/xfKXNpEYbSt8o3Q/9b9xonHLC' WHERE account = '462083192611152526';
UPDATE User SET password_hash = '$2y$13$dg4FlrrcXjMmvWznC3XUhehaTTZ/xfKXNpEYbSt8o3Q/9b9xonHLC' WHERE account = '212576192502281144';
UPDATE User SET password_hash = '$2y$13$dg4FlrrcXjMmvWznC3XUhehaTTZ/xfKXNpEYbSt8o3Q/9b9xonHLC' WHERE account = '32021219400217285X';
UPDATE User SET password_hash = '$2y$13$dg4FlrrcXjMmvWznC3XUhehaTTZ/xfKXNpEYbSt8o3Q/9b9xonHLC' WHERE account = '11302619230331787X';
UPDATE User SET password_hash = '$2y$13$dg4FlrrcXjMmvWznC3XUhehaTTZ/xfKXNpEYbSt8o3Q/9b9xonHLC' WHERE account = '221465199510168915';
UPDATE User SET password_hash = '$2y$13$dg4FlrrcXjMmvWznC3XUhehaTTZ/xfKXNpEYbSt8o3Q/9b9xonHLC' WHERE account = '113546198908181836';
UPDATE User SET password_hash = '$2y$13$dg4FlrrcXjMmvWznC3XUhehaTTZ/xfKXNpEYbSt8o3Q/9b9xonHLC' WHERE account = '410575198802228030';
UPDATE User SET password_hash = '$2y$13$dg4FlrrcXjMmvWznC3XUhehaTTZ/xfKXNpEYbSt8o3Q/9b9xonHLC' WHERE account = '352718192906185018';
UPDATE User SET password_hash = '$2y$13$dg4FlrrcXjMmvWznC3XUhehaTTZ/xfKXNpEYbSt8o3Q/9b9xonHLC' WHERE account = '521937194205228613';
UPDATE User SET password_hash = '$2y$13$dg4FlrrcXjMmvWznC3XUhehaTTZ/xfKXNpEYbSt8o3Q/9b9xonHLC' WHERE account = '810330198102207896';
UPDATE User SET password_hash = '$2y$13$dg4FlrrcXjMmvWznC3XUhehaTTZ/xfKXNpEYbSt8o3Q/9b9xonHLC' WHERE account = '413467194301246653';
UPDATE User SET password_hash = '$2y$13$dg4FlrrcXjMmvWznC3XUhehaTTZ/xfKXNpEYbSt8o3Q/9b9xonHLC' WHERE account = '312949201212134005';
UPDATE User SET password_hash = '$2y$13$dg4FlrrcXjMmvWznC3XUhehaTTZ/xfKXNpEYbSt8o3Q/9b9xonHLC' WHERE account = '112846192806279510';
UPDATE User SET password_hash = '$2y$13$dg4FlrrcXjMmvWznC3XUhehaTTZ/xfKXNpEYbSt8o3Q/9b9xonHLC' WHERE account = '334979200811199923';
UPDATE User SET password_hash = '$2y$13$dg4FlrrcXjMmvWznC3XUhehaTTZ/xfKXNpEYbSt8o3Q/9b9xonHLC' WHERE account = '224809194504076595';
UPDATE User SET password_hash = '$2y$13$dg4FlrrcXjMmvWznC3XUhehaTTZ/xfKXNpEYbSt8o3Q/9b9xonHLC' WHERE account = '313938193405089642';
UPDATE User SET password_hash = '$2y$13$dg4FlrrcXjMmvWznC3XUhehaTTZ/xfKXNpEYbSt8o3Q/9b9xonHLC' WHERE account = '133147194011050475';
UPDATE User SET password_hash = '$2y$13$dg4FlrrcXjMmvWznC3XUhehaTTZ/xfKXNpEYbSt8o3Q/9b9xonHLC' WHERE account = '122229201305231636';
UPDATE User SET password_hash = '$2y$13$dg4FlrrcXjMmvWznC3XUhehaTTZ/xfKXNpEYbSt8o3Q/9b9xonHLC' WHERE account = '820421194402217366';
UPDATE User SET password_hash = '$2y$13$dg4FlrrcXjMmvWznC3XUhehaTTZ/xfKXNpEYbSt8o3Q/9b9xonHLC' WHERE account = '132979196912250521';
UPDATE User SET password_hash = '$2y$13$dg4FlrrcXjMmvWznC3XUhehaTTZ/xfKXNpEYbSt8o3Q/9b9xonHLC' WHERE account = '630507199401027419';
UPDATE User SET password_hash = '$2y$13$dg4FlrrcXjMmvWznC3XUhehaTTZ/xfKXNpEYbSt8o3Q/9b9xonHLC' WHERE account = '331893194209070422';
UPDATE User SET password_hash = '$2y$13$dg4FlrrcXjMmvWznC3XUhehaTTZ/xfKXNpEYbSt8o3Q/9b9xonHLC' WHERE account = '150975198301232812';
UPDATE User SET password_hash = '$2y$13$dg4FlrrcXjMmvWznC3XUhehaTTZ/xfKXNpEYbSt8o3Q/9b9xonHLC' WHERE account = '130322194304173791';
UPDATE User SET password_hash = '$2y$13$dg4FlrrcXjMmvWznC3XUhehaTTZ/xfKXNpEYbSt8o3Q/9b9xonHLC' WHERE account = '640282199604255753';
UPDATE User SET password_hash = '$2y$13$dg4FlrrcXjMmvWznC3XUhehaTTZ/xfKXNpEYbSt8o3Q/9b9xonHLC' WHERE account = '341310195710083947';
UPDATE User SET password_hash = '$2y$13$dg4FlrrcXjMmvWznC3XUhehaTTZ/xfKXNpEYbSt8o3Q/9b9xonHLC' WHERE account = '223687193107163051';
UPDATE User SET password_hash = '$2y$13$dg4FlrrcXjMmvWznC3XUhehaTTZ/xfKXNpEYbSt8o3Q/9b9xonHLC' WHERE account = '143389196702213884';
UPDATE User SET password_hash = '$2y$13$dg4FlrrcXjMmvWznC3XUhehaTTZ/xfKXNpEYbSt8o3Q/9b9xonHLC' WHERE account = '641912192806201314';
UPDATE User SET password_hash = '$2y$13$dg4FlrrcXjMmvWznC3XUhehaTTZ/xfKXNpEYbSt8o3Q/9b9xonHLC' WHERE account = '353833195003189481';
UPDATE User SET password_hash = '$2y$13$dg4FlrrcXjMmvWznC3XUhehaTTZ/xfKXNpEYbSt8o3Q/9b9xonHLC' WHERE account = '504418197306181144';
UPDATE User SET password_hash = '$2y$13$dg4FlrrcXjMmvWznC3XUhehaTTZ/xfKXNpEYbSt8o3Q/9b9xonHLC' WHERE account = '220182198812127195';
UPDATE User SET password_hash = '$2y$13$dg4FlrrcXjMmvWznC3XUhehaTTZ/xfKXNpEYbSt8o3Q/9b9xonHLC' WHERE account = '152899197003214598';
UPDATE User SET password_hash = '$2y$13$dg4FlrrcXjMmvWznC3XUhehaTTZ/xfKXNpEYbSt8o3Q/9b9xonHLC' WHERE account = '822397197102082878';
UPDATE User SET password_hash = '$2y$13$dg4FlrrcXjMmvWznC3XUhehaTTZ/xfKXNpEYbSt8o3Q/9b9xonHLC' WHERE account = '813702194608142917';
UPDATE User SET password_hash = '$2y$13$dg4FlrrcXjMmvWznC3XUhehaTTZ/xfKXNpEYbSt8o3Q/9b9xonHLC' WHERE account = '444252198408253956';
UPDATE User SET password_hash = '$2y$13$dg4FlrrcXjMmvWznC3XUhehaTTZ/xfKXNpEYbSt8o3Q/9b9xonHLC' WHERE account = '542769194301163552';
UPDATE User SET password_hash = '$2y$13$dg4FlrrcXjMmvWznC3XUhehaTTZ/xfKXNpEYbSt8o3Q/9b9xonHLC' WHERE account = '813754195903130540';
UPDATE User SET password_hash = '$2y$13$dg4FlrrcXjMmvWznC3XUhehaTTZ/xfKXNpEYbSt8o3Q/9b9xonHLC' WHERE account = '533629199201308984';
UPDATE User SET password_hash = '$2y$13$dg4FlrrcXjMmvWznC3XUhehaTTZ/xfKXNpEYbSt8o3Q/9b9xonHLC' WHERE account = '120614196910068421';
UPDATE User SET password_hash = '$2y$13$dg4FlrrcXjMmvWznC3XUhehaTTZ/xfKXNpEYbSt8o3Q/9b9xonHLC' WHERE account = '234980193111197179';
UPDATE User SET password_hash = '$2y$13$dg4FlrrcXjMmvWznC3XUhehaTTZ/xfKXNpEYbSt8o3Q/9b9xonHLC' WHERE account = '812797194603238391';
UPDATE User SET password_hash = '$2y$13$dg4FlrrcXjMmvWznC3XUhehaTTZ/xfKXNpEYbSt8o3Q/9b9xonHLC' WHERE account = '54474619300219368X';
UPDATE User SET password_hash = '$2y$13$dg4FlrrcXjMmvWznC3XUhehaTTZ/xfKXNpEYbSt8o3Q/9b9xonHLC' WHERE account = '444688200412215522';
UPDATE User SET password_hash = '$2y$13$dg4FlrrcXjMmvWznC3XUhehaTTZ/xfKXNpEYbSt8o3Q/9b9xonHLC' WHERE account = '820693199404306995';
UPDATE User SET password_hash = '$2y$13$dg4FlrrcXjMmvWznC3XUhehaTTZ/xfKXNpEYbSt8o3Q/9b9xonHLC' WHERE account = '234848193409017693';
UPDATE User SET password_hash = '$2y$13$dg4FlrrcXjMmvWznC3XUhehaTTZ/xfKXNpEYbSt8o3Q/9b9xonHLC' WHERE account = '530935197302015482';
UPDATE User SET password_hash = '$2y$13$dg4FlrrcXjMmvWznC3XUhehaTTZ/xfKXNpEYbSt8o3Q/9b9xonHLC' WHERE account = '110918198411012357';
UPDATE User SET password_hash = '$2y$13$dg4FlrrcXjMmvWznC3XUhehaTTZ/xfKXNpEYbSt8o3Q/9b9xonHLC' WHERE account = '654701197602184264';
UPDATE User SET password_hash = '$2y$13$dg4FlrrcXjMmvWznC3XUhehaTTZ/xfKXNpEYbSt8o3Q/9b9xonHLC' WHERE account = '640496198912232807';
UPDATE User SET password_hash = '$2y$13$dg4FlrrcXjMmvWznC3XUhehaTTZ/xfKXNpEYbSt8o3Q/9b9xonHLC' WHERE account = '453127199901259717';
UPDATE User SET password_hash = '$2y$13$dg4FlrrcXjMmvWznC3XUhehaTTZ/xfKXNpEYbSt8o3Q/9b9xonHLC' WHERE account = '644079196104146072';
UPDATE User SET password_hash = '$2y$13$dg4FlrrcXjMmvWznC3XUhehaTTZ/xfKXNpEYbSt8o3Q/9b9xonHLC' WHERE account = '221232196507128259';
UPDATE User SET password_hash = '$2y$13$dg4FlrrcXjMmvWznC3XUhehaTTZ/xfKXNpEYbSt8o3Q/9b9xonHLC' WHERE account = '414194192805231564';
UPDATE User SET password_hash = '$2y$13$dg4FlrrcXjMmvWznC3XUhehaTTZ/xfKXNpEYbSt8o3Q/9b9xonHLC' WHERE account = '613777199504029594';
UPDATE User SET password_hash = '$2y$13$dg4FlrrcXjMmvWznC3XUhehaTTZ/xfKXNpEYbSt8o3Q/9b9xonHLC' WHERE account = '234454192410039053';
UPDATE User SET password_hash = '$2y$13$dg4FlrrcXjMmvWznC3XUhehaTTZ/xfKXNpEYbSt8o3Q/9b9xonHLC' WHERE account = '333049200205193431';
UPDATE User SET password_hash = '$2y$13$dg4FlrrcXjMmvWznC3XUhehaTTZ/xfKXNpEYbSt8o3Q/9b9xonHLC' WHERE account = '421279199306309039';
UPDATE User SET password_hash = '$2y$13$dg4FlrrcXjMmvWznC3XUhehaTTZ/xfKXNpEYbSt8o3Q/9b9xonHLC' WHERE account = '313529193404253828';
UPDATE User SET password_hash = '$2y$13$dg4FlrrcXjMmvWznC3XUhehaTTZ/xfKXNpEYbSt8o3Q/9b9xonHLC' WHERE account = '522483194505026145';
UPDATE User SET password_hash = '$2y$13$dg4FlrrcXjMmvWznC3XUhehaTTZ/xfKXNpEYbSt8o3Q/9b9xonHLC' WHERE account = '353415197108258563';
UPDATE User SET password_hash = '$2y$13$dg4FlrrcXjMmvWznC3XUhehaTTZ/xfKXNpEYbSt8o3Q/9b9xonHLC' WHERE account = '143643195903207537';
UPDATE User SET password_hash = '$2y$13$dg4FlrrcXjMmvWznC3XUhehaTTZ/xfKXNpEYbSt8o3Q/9b9xonHLC' WHERE account = '54141519511014767X';
UPDATE User SET password_hash = '$2y$13$dg4FlrrcXjMmvWznC3XUhehaTTZ/xfKXNpEYbSt8o3Q/9b9xonHLC' WHERE account = '420527193602095625';
UPDATE User SET password_hash = '$2y$13$dg4FlrrcXjMmvWznC3XUhehaTTZ/xfKXNpEYbSt8o3Q/9b9xonHLC' WHERE account = '524932201309159315';
UPDATE User SET password_hash = '$2y$13$dg4FlrrcXjMmvWznC3XUhehaTTZ/xfKXNpEYbSt8o3Q/9b9xonHLC' WHERE account = '430975200501078817';
UPDATE User SET password_hash = '$2y$13$dg4FlrrcXjMmvWznC3XUhehaTTZ/xfKXNpEYbSt8o3Q/9b9xonHLC' WHERE account = '652731192705280533';
UPDATE User SET password_hash = '$2y$13$dg4FlrrcXjMmvWznC3XUhehaTTZ/xfKXNpEYbSt8o3Q/9b9xonHLC' WHERE account = '503950199812226702';
UPDATE User SET password_hash = '$2y$13$dg4FlrrcXjMmvWznC3XUhehaTTZ/xfKXNpEYbSt8o3Q/9b9xonHLC' WHERE account = '210379197506226450';
UPDATE User SET password_hash = '$2y$13$dg4FlrrcXjMmvWznC3XUhehaTTZ/xfKXNpEYbSt8o3Q/9b9xonHLC' WHERE account = '310908198407078904';
UPDATE User SET password_hash = '$2y$13$dg4FlrrcXjMmvWznC3XUhehaTTZ/xfKXNpEYbSt8o3Q/9b9xonHLC' WHERE account = '224946195708054960';
UPDATE User SET password_hash = '$2y$13$dg4FlrrcXjMmvWznC3XUhehaTTZ/xfKXNpEYbSt8o3Q/9b9xonHLC' WHERE account = '434319197010253997';
UPDATE User SET password_hash = '$2y$13$dg4FlrrcXjMmvWznC3XUhehaTTZ/xfKXNpEYbSt8o3Q/9b9xonHLC' WHERE account = '712998193506147238';
UPDATE User SET password_hash = '$2y$13$dg4FlrrcXjMmvWznC3XUhehaTTZ/xfKXNpEYbSt8o3Q/9b9xonHLC' WHERE account = '712836195510038830';
UPDATE User SET password_hash = '$2y$13$dg4FlrrcXjMmvWznC3XUhehaTTZ/xfKXNpEYbSt8o3Q/9b9xonHLC' WHERE account = '232283192309053605';
UPDATE User SET password_hash = '$2y$13$dg4FlrrcXjMmvWznC3XUhehaTTZ/xfKXNpEYbSt8o3Q/9b9xonHLC' WHERE account = '211136193306084112';
UPDATE User SET password_hash = '$2y$13$dg4FlrrcXjMmvWznC3XUhehaTTZ/xfKXNpEYbSt8o3Q/9b9xonHLC' WHERE account = '633120198203139496';
UPDATE User SET password_hash = '$2y$13$dg4FlrrcXjMmvWznC3XUhehaTTZ/xfKXNpEYbSt8o3Q/9b9xonHLC' WHERE account = '714223200908163069';
UPDATE User SET password_hash = '$2y$13$dg4FlrrcXjMmvWznC3XUhehaTTZ/xfKXNpEYbSt8o3Q/9b9xonHLC' WHERE account = '124269194111123317';
UPDATE User SET password_hash = '$2y$13$dg4FlrrcXjMmvWznC3XUhehaTTZ/xfKXNpEYbSt8o3Q/9b9xonHLC' WHERE account = '650601196504010038';
UPDATE User SET password_hash = '$2y$13$dg4FlrrcXjMmvWznC3XUhehaTTZ/xfKXNpEYbSt8o3Q/9b9xonHLC' WHERE account = '140561193508154176';
UPDATE User SET password_hash = '$2y$13$dg4FlrrcXjMmvWznC3XUhehaTTZ/xfKXNpEYbSt8o3Q/9b9xonHLC' WHERE account = '540727192902249978';
UPDATE User SET password_hash = '$2y$13$dg4FlrrcXjMmvWznC3XUhehaTTZ/xfKXNpEYbSt8o3Q/9b9xonHLC' WHERE account = '414031200006168111';
UPDATE User SET password_hash = '$2y$13$dg4FlrrcXjMmvWznC3XUhehaTTZ/xfKXNpEYbSt8o3Q/9b9xonHLC' WHERE account = '361759196610065649';
UPDATE User SET password_hash = '$2y$13$dg4FlrrcXjMmvWznC3XUhehaTTZ/xfKXNpEYbSt8o3Q/9b9xonHLC' WHERE account = '334616195001143137';
UPDATE User SET password_hash = '$2y$13$dg4FlrrcXjMmvWznC3XUhehaTTZ/xfKXNpEYbSt8o3Q/9b9xonHLC' WHERE account = '113019192803145944';
UPDATE User SET password_hash = '$2y$13$dg4FlrrcXjMmvWznC3XUhehaTTZ/xfKXNpEYbSt8o3Q/9b9xonHLC' WHERE account = '350672198712040304';
UPDATE User SET password_hash = '$2y$13$dg4FlrrcXjMmvWznC3XUhehaTTZ/xfKXNpEYbSt8o3Q/9b9xonHLC' WHERE account = '542560193905201042';
UPDATE User SET password_hash = '$2y$13$dg4FlrrcXjMmvWznC3XUhehaTTZ/xfKXNpEYbSt8o3Q/9b9xonHLC' WHERE account = '231268193408238227';
UPDATE User SET password_hash = '$2y$13$dg4FlrrcXjMmvWznC3XUhehaTTZ/xfKXNpEYbSt8o3Q/9b9xonHLC' WHERE account = '142218195009144990';
UPDATE User SET password_hash = '$2y$13$dg4FlrrcXjMmvWznC3XUhehaTTZ/xfKXNpEYbSt8o3Q/9b9xonHLC' WHERE account = '372402192304209409';
UPDATE User SET password_hash = '$2y$13$dg4FlrrcXjMmvWznC3XUhehaTTZ/xfKXNpEYbSt8o3Q/9b9xonHLC' WHERE account = '51276219331008674X';
UPDATE User SET password_hash = '$2y$13$dg4FlrrcXjMmvWznC3XUhehaTTZ/xfKXNpEYbSt8o3Q/9b9xonHLC' WHERE account = '232279201012054371';
UPDATE User SET password_hash = '$2y$13$dg4FlrrcXjMmvWznC3XUhehaTTZ/xfKXNpEYbSt8o3Q/9b9xonHLC' WHERE account = '432325194711257513';
UPDATE User SET password_hash = '$2y$13$dg4FlrrcXjMmvWznC3XUhehaTTZ/xfKXNpEYbSt8o3Q/9b9xonHLC' WHERE account = '232499197306128602';
UPDATE User SET password_hash = '$2y$13$dg4FlrrcXjMmvWznC3XUhehaTTZ/xfKXNpEYbSt8o3Q/9b9xonHLC' WHERE account = '454778197812086951';
UPDATE User SET password_hash = '$2y$13$dg4FlrrcXjMmvWznC3XUhehaTTZ/xfKXNpEYbSt8o3Q/9b9xonHLC' WHERE account = '524769200911041841';
UPDATE User SET password_hash = '$2y$13$dg4FlrrcXjMmvWznC3XUhehaTTZ/xfKXNpEYbSt8o3Q/9b9xonHLC' WHERE account = '123376192303166570';
UPDATE User SET password_hash = '$2y$13$dg4FlrrcXjMmvWznC3XUhehaTTZ/xfKXNpEYbSt8o3Q/9b9xonHLC' WHERE account = '12497819661118174X';
UPDATE User SET password_hash = '$2y$13$dg4FlrrcXjMmvWznC3XUhehaTTZ/xfKXNpEYbSt8o3Q/9b9xonHLC' WHERE account = '363529199603167637';
UPDATE User SET password_hash = '$2y$13$dg4FlrrcXjMmvWznC3XUhehaTTZ/xfKXNpEYbSt8o3Q/9b9xonHLC' WHERE account = '715029198210150213';
UPDATE User SET password_hash = '$2y$13$dg4FlrrcXjMmvWznC3XUhehaTTZ/xfKXNpEYbSt8o3Q/9b9xonHLC' WHERE account = '343878192408015449';
UPDATE User SET password_hash = '$2y$13$dg4FlrrcXjMmvWznC3XUhehaTTZ/xfKXNpEYbSt8o3Q/9b9xonHLC' WHERE account = '332336199005034516';
UPDATE User SET password_hash = '$2y$13$dg4FlrrcXjMmvWznC3XUhehaTTZ/xfKXNpEYbSt8o3Q/9b9xonHLC' WHERE account = '334650197709155670';
UPDATE User SET password_hash = '$2y$13$dg4FlrrcXjMmvWznC3XUhehaTTZ/xfKXNpEYbSt8o3Q/9b9xonHLC' WHERE account = '22295019810424947X';
UPDATE User SET password_hash = '$2y$13$dg4FlrrcXjMmvWznC3XUhehaTTZ/xfKXNpEYbSt8o3Q/9b9xonHLC' WHERE account = '37133719760525741X';
UPDATE User SET password_hash = '$2y$13$dg4FlrrcXjMmvWznC3XUhehaTTZ/xfKXNpEYbSt8o3Q/9b9xonHLC' WHERE account = '530749200605227738';
UPDATE User SET password_hash = '$2y$13$dg4FlrrcXjMmvWznC3XUhehaTTZ/xfKXNpEYbSt8o3Q/9b9xonHLC' WHERE account = '111408195504050596';
UPDATE User SET password_hash = '$2y$13$dg4FlrrcXjMmvWznC3XUhehaTTZ/xfKXNpEYbSt8o3Q/9b9xonHLC' WHERE account = '43260119590201826X';
UPDATE User SET password_hash = '$2y$13$dg4FlrrcXjMmvWznC3XUhehaTTZ/xfKXNpEYbSt8o3Q/9b9xonHLC' WHERE account = '611322200103245066';
UPDATE User SET password_hash = '$2y$13$dg4FlrrcXjMmvWznC3XUhehaTTZ/xfKXNpEYbSt8o3Q/9b9xonHLC' WHERE account = '353651193902105411';
UPDATE User SET password_hash = '$2y$13$dg4FlrrcXjMmvWznC3XUhehaTTZ/xfKXNpEYbSt8o3Q/9b9xonHLC' WHERE account = '462543194103294353';
UPDATE User SET password_hash = '$2y$13$dg4FlrrcXjMmvWznC3XUhehaTTZ/xfKXNpEYbSt8o3Q/9b9xonHLC' WHERE account = '44203820111106129X';
UPDATE User SET password_hash = '$2y$13$dg4FlrrcXjMmvWznC3XUhehaTTZ/xfKXNpEYbSt8o3Q/9b9xonHLC' WHERE account = '541926201201122322';
UPDATE User SET password_hash = '$2y$13$dg4FlrrcXjMmvWznC3XUhehaTTZ/xfKXNpEYbSt8o3Q/9b9xonHLC' WHERE account = '41502619740208171X';
UPDATE User SET password_hash = '$2y$13$dg4FlrrcXjMmvWznC3XUhehaTTZ/xfKXNpEYbSt8o3Q/9b9xonHLC' WHERE account = '534709196910297323';
UPDATE User SET password_hash = '$2y$13$dg4FlrrcXjMmvWznC3XUhehaTTZ/xfKXNpEYbSt8o3Q/9b9xonHLC' WHERE account = '820588199307114066';
UPDATE User SET password_hash = '$2y$13$dg4FlrrcXjMmvWznC3XUhehaTTZ/xfKXNpEYbSt8o3Q/9b9xonHLC' WHERE account = '643191199005274067';
UPDATE User SET password_hash = '$2y$13$dg4FlrrcXjMmvWznC3XUhehaTTZ/xfKXNpEYbSt8o3Q/9b9xonHLC' WHERE account = '824975193209224623';
UPDATE User SET password_hash = '$2y$13$dg4FlrrcXjMmvWznC3XUhehaTTZ/xfKXNpEYbSt8o3Q/9b9xonHLC' WHERE account = '451296194503157755';
UPDATE User SET password_hash = '$2y$13$dg4FlrrcXjMmvWznC3XUhehaTTZ/xfKXNpEYbSt8o3Q/9b9xonHLC' WHERE account = '824024200010103010';
UPDATE User SET password_hash = '$2y$13$dg4FlrrcXjMmvWznC3XUhehaTTZ/xfKXNpEYbSt8o3Q/9b9xonHLC' WHERE account = '640388200108224039';
UPDATE User SET password_hash = '$2y$13$dg4FlrrcXjMmvWznC3XUhehaTTZ/xfKXNpEYbSt8o3Q/9b9xonHLC' WHERE account = '633216199710054207';
UPDATE User SET password_hash = '$2y$13$dg4FlrrcXjMmvWznC3XUhehaTTZ/xfKXNpEYbSt8o3Q/9b9xonHLC' WHERE account = '512308194709258151';
UPDATE User SET password_hash = '$2y$13$dg4FlrrcXjMmvWznC3XUhehaTTZ/xfKXNpEYbSt8o3Q/9b9xonHLC' WHERE account = '122552194804051831';
UPDATE User SET password_hash = '$2y$13$dg4FlrrcXjMmvWznC3XUhehaTTZ/xfKXNpEYbSt8o3Q/9b9xonHLC' WHERE account = '131061194701117285';
UPDATE User SET password_hash = '$2y$13$dg4FlrrcXjMmvWznC3XUhehaTTZ/xfKXNpEYbSt8o3Q/9b9xonHLC' WHERE account = '43374019650622028X';
UPDATE User SET password_hash = '$2y$13$dg4FlrrcXjMmvWznC3XUhehaTTZ/xfKXNpEYbSt8o3Q/9b9xonHLC' WHERE account = '110747193102096292';
UPDATE User SET password_hash = '$2y$13$dg4FlrrcXjMmvWznC3XUhehaTTZ/xfKXNpEYbSt8o3Q/9b9xonHLC' WHERE account = '714256199603101090';
UPDATE User SET password_hash = '$2y$13$dg4FlrrcXjMmvWznC3XUhehaTTZ/xfKXNpEYbSt8o3Q/9b9xonHLC' WHERE account = '352590192903179665';
UPDATE User SET password_hash = '$2y$13$dg4FlrrcXjMmvWznC3XUhehaTTZ/xfKXNpEYbSt8o3Q/9b9xonHLC' WHERE account = '151103198905058315';
UPDATE User SET password_hash = '$2y$13$dg4FlrrcXjMmvWznC3XUhehaTTZ/xfKXNpEYbSt8o3Q/9b9xonHLC' WHERE account = '443075194003288876';
UPDATE User SET password_hash = '$2y$13$dg4FlrrcXjMmvWznC3XUhehaTTZ/xfKXNpEYbSt8o3Q/9b9xonHLC' WHERE account = '152771199502265549';
UPDATE User SET password_hash = '$2y$13$dg4FlrrcXjMmvWznC3XUhehaTTZ/xfKXNpEYbSt8o3Q/9b9xonHLC' WHERE account = '523374200101121486';
UPDATE User SET password_hash = '$2y$13$dg4FlrrcXjMmvWznC3XUhehaTTZ/xfKXNpEYbSt8o3Q/9b9xonHLC' WHERE account = '344623198507210950';
UPDATE User SET password_hash = '$2y$13$dg4FlrrcXjMmvWznC3XUhehaTTZ/xfKXNpEYbSt8o3Q/9b9xonHLC' WHERE account = '311132197907306066';
UPDATE User SET password_hash = '$2y$13$dg4FlrrcXjMmvWznC3XUhehaTTZ/xfKXNpEYbSt8o3Q/9b9xonHLC' WHERE account = '123055197511244895';
UPDATE User SET password_hash = '$2y$13$dg4FlrrcXjMmvWznC3XUhehaTTZ/xfKXNpEYbSt8o3Q/9b9xonHLC' WHERE account = '644230192503056768';
UPDATE User SET password_hash = '$2y$13$dg4FlrrcXjMmvWznC3XUhehaTTZ/xfKXNpEYbSt8o3Q/9b9xonHLC' WHERE account = '643880197611207575';
UPDATE User SET password_hash = '$2y$13$dg4FlrrcXjMmvWznC3XUhehaTTZ/xfKXNpEYbSt8o3Q/9b9xonHLC' WHERE account = '524903198911071373';
UPDATE User SET password_hash = '$2y$13$dg4FlrrcXjMmvWznC3XUhehaTTZ/xfKXNpEYbSt8o3Q/9b9xonHLC' WHERE account = '350845200807015335';
UPDATE User SET password_hash = '$2y$13$dg4FlrrcXjMmvWznC3XUhehaTTZ/xfKXNpEYbSt8o3Q/9b9xonHLC' WHERE account = '624220199808126997';
UPDATE User SET password_hash = '$2y$13$dg4FlrrcXjMmvWznC3XUhehaTTZ/xfKXNpEYbSt8o3Q/9b9xonHLC' WHERE account = '232409196307019440';
UPDATE User SET password_hash = '$2y$13$dg4FlrrcXjMmvWznC3XUhehaTTZ/xfKXNpEYbSt8o3Q/9b9xonHLC' WHERE account = '154363201408317410';
UPDATE User SET password_hash = '$2y$13$dg4FlrrcXjMmvWznC3XUhehaTTZ/xfKXNpEYbSt8o3Q/9b9xonHLC' WHERE account = '621520192612214469';
UPDATE User SET password_hash = '$2y$13$dg4FlrrcXjMmvWznC3XUhehaTTZ/xfKXNpEYbSt8o3Q/9b9xonHLC' WHERE account = '813380197501264363';
UPDATE User SET password_hash = '$2y$13$dg4FlrrcXjMmvWznC3XUhehaTTZ/xfKXNpEYbSt8o3Q/9b9xonHLC' WHERE account = '44339919571021817X';
UPDATE User SET password_hash = '$2y$13$dg4FlrrcXjMmvWznC3XUhehaTTZ/xfKXNpEYbSt8o3Q/9b9xonHLC' WHERE account = '464776195510281046';
UPDATE User SET password_hash = '$2y$13$dg4FlrrcXjMmvWznC3XUhehaTTZ/xfKXNpEYbSt8o3Q/9b9xonHLC' WHERE account = '812798198904245710';
UPDATE User SET password_hash = '$2y$13$dg4FlrrcXjMmvWznC3XUhehaTTZ/xfKXNpEYbSt8o3Q/9b9xonHLC' WHERE account = '713331199608255413';
UPDATE User SET password_hash = '$2y$13$dg4FlrrcXjMmvWznC3XUhehaTTZ/xfKXNpEYbSt8o3Q/9b9xonHLC' WHERE account = '533387199907041416';
UPDATE User SET password_hash = '$2y$13$dg4FlrrcXjMmvWznC3XUhehaTTZ/xfKXNpEYbSt8o3Q/9b9xonHLC' WHERE account = '352472194911286129';
UPDATE User SET password_hash = '$2y$13$dg4FlrrcXjMmvWznC3XUhehaTTZ/xfKXNpEYbSt8o3Q/9b9xonHLC' WHERE account = '532543196405265098';
UPDATE User SET password_hash = '$2y$13$dg4FlrrcXjMmvWznC3XUhehaTTZ/xfKXNpEYbSt8o3Q/9b9xonHLC' WHERE account = '710127196712213895';
UPDATE User SET password_hash = '$2y$13$dg4FlrrcXjMmvWznC3XUhehaTTZ/xfKXNpEYbSt8o3Q/9b9xonHLC' WHERE account = '523356198306100642';
UPDATE User SET password_hash = '$2y$13$dg4FlrrcXjMmvWznC3XUhehaTTZ/xfKXNpEYbSt8o3Q/9b9xonHLC' WHERE account = '642707200610039811';
UPDATE User SET password_hash = '$2y$13$dg4FlrrcXjMmvWznC3XUhehaTTZ/xfKXNpEYbSt8o3Q/9b9xonHLC' WHERE account = '641158200511059274';
UPDATE User SET password_hash = '$2y$13$dg4FlrrcXjMmvWznC3XUhehaTTZ/xfKXNpEYbSt8o3Q/9b9xonHLC' WHERE account = '312204192703047954';
UPDATE User SET password_hash = '$2y$13$dg4FlrrcXjMmvWznC3XUhehaTTZ/xfKXNpEYbSt8o3Q/9b9xonHLC' WHERE account = '362122199106138497';
UPDATE User SET password_hash = '$2y$13$dg4FlrrcXjMmvWznC3XUhehaTTZ/xfKXNpEYbSt8o3Q/9b9xonHLC' WHERE account = '361944196109187043';
UPDATE User SET password_hash = '$2y$13$dg4FlrrcXjMmvWznC3XUhehaTTZ/xfKXNpEYbSt8o3Q/9b9xonHLC' WHERE account = '654214197803018456';
UPDATE User SET password_hash = '$2y$13$dg4FlrrcXjMmvWznC3XUhehaTTZ/xfKXNpEYbSt8o3Q/9b9xonHLC' WHERE account = '433205192808281266';
UPDATE User SET password_hash = '$2y$13$dg4FlrrcXjMmvWznC3XUhehaTTZ/xfKXNpEYbSt8o3Q/9b9xonHLC' WHERE account = '511331197810209457';
UPDATE User SET password_hash = '$2y$13$dg4FlrrcXjMmvWznC3XUhehaTTZ/xfKXNpEYbSt8o3Q/9b9xonHLC' WHERE account = '421295192704020568';
UPDATE User SET password_hash = '$2y$13$dg4FlrrcXjMmvWznC3XUhehaTTZ/xfKXNpEYbSt8o3Q/9b9xonHLC' WHERE account = '412037195012113563';
UPDATE User SET password_hash = '$2y$13$dg4FlrrcXjMmvWznC3XUhehaTTZ/xfKXNpEYbSt8o3Q/9b9xonHLC' WHERE account = '503935197805227198';
UPDATE User SET password_hash = '$2y$13$dg4FlrrcXjMmvWznC3XUhehaTTZ/xfKXNpEYbSt8o3Q/9b9xonHLC' WHERE account = '11013919580323693X';
UPDATE User SET password_hash = '$2y$13$dg4FlrrcXjMmvWznC3XUhehaTTZ/xfKXNpEYbSt8o3Q/9b9xonHLC' WHERE account = '615049200912165588';
UPDATE User SET password_hash = '$2y$13$dg4FlrrcXjMmvWznC3XUhehaTTZ/xfKXNpEYbSt8o3Q/9b9xonHLC' WHERE account = '121239198903281465';
UPDATE User SET password_hash = '$2y$13$dg4FlrrcXjMmvWznC3XUhehaTTZ/xfKXNpEYbSt8o3Q/9b9xonHLC' WHERE account = '440421199902044555';
UPDATE User SET password_hash = '$2y$13$dg4FlrrcXjMmvWznC3XUhehaTTZ/xfKXNpEYbSt8o3Q/9b9xonHLC' WHERE account = '344085193510172871';
UPDATE User SET password_hash = '$2y$13$dg4FlrrcXjMmvWznC3XUhehaTTZ/xfKXNpEYbSt8o3Q/9b9xonHLC' WHERE account = '710610197701046400';
UPDATE User SET password_hash = '$2y$13$dg4FlrrcXjMmvWznC3XUhehaTTZ/xfKXNpEYbSt8o3Q/9b9xonHLC' WHERE account = '65481419931126528X';
UPDATE User SET password_hash = '$2y$13$dg4FlrrcXjMmvWznC3XUhehaTTZ/xfKXNpEYbSt8o3Q/9b9xonHLC' WHERE account = '331656196010286769';
UPDATE User SET password_hash = '$2y$13$dg4FlrrcXjMmvWznC3XUhehaTTZ/xfKXNpEYbSt8o3Q/9b9xonHLC' WHERE account = '211274192803133146';
UPDATE User SET password_hash = '$2y$13$dg4FlrrcXjMmvWznC3XUhehaTTZ/xfKXNpEYbSt8o3Q/9b9xonHLC' WHERE account = '520969193803058502';
UPDATE User SET password_hash = '$2y$13$dg4FlrrcXjMmvWznC3XUhehaTTZ/xfKXNpEYbSt8o3Q/9b9xonHLC' WHERE account = '710146196507186621';
UPDATE User SET password_hash = '$2y$13$dg4FlrrcXjMmvWznC3XUhehaTTZ/xfKXNpEYbSt8o3Q/9b9xonHLC' WHERE account = '322298197005303222';
UPDATE User SET password_hash = '$2y$13$dg4FlrrcXjMmvWznC3XUhehaTTZ/xfKXNpEYbSt8o3Q/9b9xonHLC' WHERE account = '642125195010271643';
UPDATE User SET password_hash = '$2y$13$dg4FlrrcXjMmvWznC3XUhehaTTZ/xfKXNpEYbSt8o3Q/9b9xonHLC' WHERE account = '652256197710313184';
UPDATE User SET password_hash = '$2y$13$dg4FlrrcXjMmvWznC3XUhehaTTZ/xfKXNpEYbSt8o3Q/9b9xonHLC' WHERE account = '651095198911132735';
UPDATE User SET password_hash = '$2y$13$dg4FlrrcXjMmvWznC3XUhehaTTZ/xfKXNpEYbSt8o3Q/9b9xonHLC' WHERE account = '423359193903126523';
UPDATE User SET password_hash = '$2y$13$dg4FlrrcXjMmvWznC3XUhehaTTZ/xfKXNpEYbSt8o3Q/9b9xonHLC' WHERE account = '314961192803143168';
UPDATE User SET password_hash = '$2y$13$dg4FlrrcXjMmvWznC3XUhehaTTZ/xfKXNpEYbSt8o3Q/9b9xonHLC' WHERE account = '370168192704112780';
UPDATE User SET password_hash = '$2y$13$dg4FlrrcXjMmvWznC3XUhehaTTZ/xfKXNpEYbSt8o3Q/9b9xonHLC' WHERE account = '373526197510229659';
UPDATE User SET password_hash = '$2y$13$dg4FlrrcXjMmvWznC3XUhehaTTZ/xfKXNpEYbSt8o3Q/9b9xonHLC' WHERE account = '35091619970402549X';
UPDATE User SET password_hash = '$2y$13$dg4FlrrcXjMmvWznC3XUhehaTTZ/xfKXNpEYbSt8o3Q/9b9xonHLC' WHERE account = '644484199604023899';
UPDATE User SET password_hash = '$2y$13$dg4FlrrcXjMmvWznC3XUhehaTTZ/xfKXNpEYbSt8o3Q/9b9xonHLC' WHERE account = '41137920000312132X';
UPDATE User SET password_hash = '$2y$13$dg4FlrrcXjMmvWznC3XUhehaTTZ/xfKXNpEYbSt8o3Q/9b9xonHLC' WHERE account = '812585199010232405';
UPDATE User SET password_hash = '$2y$13$dg4FlrrcXjMmvWznC3XUhehaTTZ/xfKXNpEYbSt8o3Q/9b9xonHLC' WHERE account = '142530195509014661';
UPDATE User SET password_hash = '$2y$13$dg4FlrrcXjMmvWznC3XUhehaTTZ/xfKXNpEYbSt8o3Q/9b9xonHLC' WHERE account = '424417193701289226';
UPDATE User SET password_hash = '$2y$13$dg4FlrrcXjMmvWznC3XUhehaTTZ/xfKXNpEYbSt8o3Q/9b9xonHLC' WHERE account = '514248199812296186';
UPDATE User SET password_hash = '$2y$13$dg4FlrrcXjMmvWznC3XUhehaTTZ/xfKXNpEYbSt8o3Q/9b9xonHLC' WHERE account = '512865194109015282';
UPDATE User SET password_hash = '$2y$13$dg4FlrrcXjMmvWznC3XUhehaTTZ/xfKXNpEYbSt8o3Q/9b9xonHLC' WHERE account = '712467199808133795';
UPDATE User SET password_hash = '$2y$13$dg4FlrrcXjMmvWznC3XUhehaTTZ/xfKXNpEYbSt8o3Q/9b9xonHLC' WHERE account = '222330201106298565';
UPDATE User SET password_hash = '$2y$13$dg4FlrrcXjMmvWznC3XUhehaTTZ/xfKXNpEYbSt8o3Q/9b9xonHLC' WHERE account = '653485192907106595';
UPDATE User SET password_hash = '$2y$13$dg4FlrrcXjMmvWznC3XUhehaTTZ/xfKXNpEYbSt8o3Q/9b9xonHLC' WHERE account = '622129198707240650';
UPDATE User SET password_hash = '$2y$13$dg4FlrrcXjMmvWznC3XUhehaTTZ/xfKXNpEYbSt8o3Q/9b9xonHLC' WHERE account = '374995195406250287';
UPDATE User SET password_hash = '$2y$13$dg4FlrrcXjMmvWznC3XUhehaTTZ/xfKXNpEYbSt8o3Q/9b9xonHLC' WHERE account = '525002194709041458';
UPDATE User SET password_hash = '$2y$13$dg4FlrrcXjMmvWznC3XUhehaTTZ/xfKXNpEYbSt8o3Q/9b9xonHLC' WHERE account = '370805199112049572';
UPDATE User SET password_hash = '$2y$13$dg4FlrrcXjMmvWznC3XUhehaTTZ/xfKXNpEYbSt8o3Q/9b9xonHLC' WHERE account = '460263197001175490';
UPDATE User SET password_hash = '$2y$13$dg4FlrrcXjMmvWznC3XUhehaTTZ/xfKXNpEYbSt8o3Q/9b9xonHLC' WHERE account = '141040193805281362';

/* 建立PriorityType信息 */
INSERT INTO `prioritytype` (`name`, `information`) VALUES ('访问居民数据库', '允许访问居民数据库，新增、修改和删除居民信息'), ('访问职员数据库', '允许访问职员数据库，并对职员信息进行增加、删除和修改'), ('分配权限', '给职员分配权限'), ('发布公告', '查看公告，经审核后进行发布，允许删除公告'), ('编辑公告', '新增要发布的公告'), ('审核评论', '对前台在各新闻和公告中的评论进行审核，审核通过的评论才可以在前台显示'), ('追踪体温异常病例', '查看体温异常者的信息，及时与疑似病例进行联系');

/* 建立TeamMember信息 */
INSERT INTO User (account, username, name, sex, type, password_hash, auth_key) VALUES ('000000000000000001', '冯杰康', '冯杰康', 1, 2, '$2y$13$dg4FlrrcXjMmvWznC3XUhehaTTZ/xfKXNpEYbSt8o3Q/9b9xonHLC', '00000000000000000000000000000001');
INSERT INTO TeamMember (account, Team_id, id, link, info, is_Leader, icon) VALUES ('000000000000000001', 1, '1813402', 'https://github.com/fengjk12138', '账号逻辑设计，部署程序程序设计', false, 'https://avatars1.githubusercontent.com/u/50436440?s=460&u=8fe7623df7c62e5e2262fb68a98e7ffa5bcd23f2&v=4');
INSERT INTO User (account, username, name, sex, type, password_hash, auth_key) VALUES ('000000000000000002', '戚晓睿', '戚晓睿', 1, 2, '$2y$13$dg4FlrrcXjMmvWznC3XUhehaTTZ/xfKXNpEYbSt8o3Q/9b9xonHLC', '00000000000000000000000000000002');
INSERT INTO TeamMember (account, Team_id, id, link, info, is_Leader, icon) VALUES ('000000000000000002', 1, '1811412', 'https://github.com/NickSkyyy', 'DBA（Damaged Base Architect）', false, 'https://avatars2.githubusercontent.com/u/50016779?s=400&u=43bee48724946843fb27c6f0982c5cdcebd5dbee&v=4');
INSERT INTO User (account, username, name, sex, type, password_hash, auth_key) VALUES ('000000000000000003', '文静静', '文静静', 0, 2, '$2y$13$dg4FlrrcXjMmvWznC3XUhehaTTZ/xfKXNpEYbSt8o3Q/9b9xonHLC', '00000000000000000000000000000003');
INSERT INTO TeamMember (account, Team_id, id, link, info, is_Leader, icon) VALUES ('000000000000000003', 1, '1811507', 'https://github.com/king-wk', '前后台页面设计，体温异常人员显示页面设计', false, 'https://avatars1.githubusercontent.com/u/54944075?s=460&u=899581f4be61a8c6a2a4a95871a35a0f32368a54&v=4');
INSERT INTO User (account, username, name, sex, type, password_hash, auth_key) VALUES ('000000000000000004', '肖中遥', '肖中遥', 1, 2, '$2y$13$dg4FlrrcXjMmvWznC3XUhehaTTZ/xfKXNpEYbSt8o3Q/9b9xonHLC', '00000000000000000000000000000004');
INSERT INTO TeamMember (account, Team_id, id, link, info, is_Leader, icon) VALUES ('000000000000000004', 1, '1811444', 'https://github.com/Pixie-King', '爬取全国、世界、天津市数据并显示，实现疫情地图，后台体温分布与任务', false, 'https://avatars0.githubusercontent.com/u/54949930?s=400&u=5e28c9dd44b39bce687bba72f20a8858f0fdb98b&v=4');
INSERT INTO User (account, username, name, sex, type, password_hash, auth_key) VALUES ('000000000000000005', '麦隽韵', '麦隽韵', 0, 2, '$2y$13$dg4FlrrcXjMmvWznC3XUhehaTTZ/xfKXNpEYbSt8o3Q/9b9xonHLC', '00000000000000000000000000000005');
INSERT INTO TeamMember (account, Team_id, id, link, info, is_Leader, icon) VALUES ('000000000000000005', 1, '1811499', 'https://github.com/VitalC-3026', '社区数据库模块，新闻公告模块，个人简介', false, 'https://avatars0.githubusercontent.com/u/50989602?s=400&u=9568eeac1dee2a54e82f4882cce6b502927c79cb&v=4');
